name,capacity_kw,distance_m,flow_rate_m^3/s,diameter_mm,final_diameter_mm
Air-to-air heat pump,2697.7361703394263,,,,
Geothermal heat supply,2936.26559801824,,,,
HQ to LQ heat conversion substation,2466.142829205647,,,,
Heat transmission main_DN240,2936.26559801824,69.33570375591154,0.02803117516007866,239.92741072682983,240.0
Heat transmission main_DN240,2931.703308711101,154.82801488885883,0.0279876210855475,239.74094193653556,240.0
Heat transmission main_DN240,2921.515625331414,237.0817192109121,0.0278903639649777,239.32402895300822,240.0
Heat transmission main_DN240,2905.915648207336,481.7624435399594,0.02774143816904378,238.68421608372677,240.0
Heat transmission main_DN240,2874.2156794224065,172.14734518840646,0.027438813168710326,237.37877037384084,240.0
Heat transmission main_DN240,2862.8883841090096,163.60029736688804,0.02733067669793804,236.91055327256697,240.0
Heat transmission main_DN240,2852.123484542268,36.50527946716264,0.02722790916030805,236.46472376670923,240.0
Heat transmission main_DN240,2849.721437153329,94.31119024231013,0.027204977920318178,236.3651279537113,240.0
Heat transmission main_DN240,2843.515760835385,50.73942853091202,0.02714573518697265,236.10762824283208,240.0
LQ heat distribution main_DN135,918.4213664462592,4.935866094318253,0.008767745741730398,134.1847582599507,135.0
LQ heat distribution main_DN135,918.1647014093546,4.9486326825368785,0.008765295478848254,134.1660070942322,135.0
LQ heat distribution main_DN135,917.9073725098627,4.938127024207201,0.008762838878375779,134.14720479751003,135.0
LQ heat distribution main_DN135,917.650589904604,4.837703974183316,0.00876038749312271,134.12843978962354,135.0
LQ heat distribution main_DN135,917.3990292979464,4.835514533321702,0.00875798595988493,134.110053845778,135.0
LQ heat distribution main_DN135,917.1475825422137,4.8377048181796924,0.008755585513529486,134.091673703743,135.0
LQ heat distribution main_DN135,916.8960218916684,4.837705241062861,0.00875318397987273,134.0732827148253,135.0
LQ heat distribution main_DN135,916.6444612191332,4.835515789964158,0.008750782446006045,134.0548892012401,135.0
LQ heat distribution main_DN135,916.393014398055,4.837706085062586,0.008748381999026777,134.03650148981532,135.0
LQ heat distribution main_DN135,916.1414536816318,4.835516627608424,0.008745980464741114,134.01810292492627,135.0
LQ heat distribution main_DN135,915.8900068169961,4.837706931885955,0.008743580017346025,133.99971016242802,135.0
LQ heat distribution main_DN135,915.638446056538,4.835517465250544,0.00874117848263998,133.9813065420631,135.0
LQ heat distribution main_DN135,915.386999148345,4.837707775884325,0.00873877803482907,133.96290872432903,135.0
LQ heat distribution main_DN135,915.135438343999,4.749677306964556,0.008736376499704048,133.94450004433205,135.0
LQ heat distribution main_DN135,914.8884551240368,4.736909324827877,0.00873401866466861,133.92642388044624,135.0
LQ heat distribution main_DN135,914.6421358391458,4.739175092337813,0.008731667167915473,133.9083938782686,135.0
LQ heat distribution main_DN135,914.3956987343443,4.736910185395811,0.008729314546389921,133.89035282223946,135.0
LQ heat distribution main_DN135,914.1493794047037,4.749679042102601,0.008726963049209582,133.872317958714,135.0
LQ heat distribution main_DN135,913.9023960945144,4.739176395700904,0.008724605213312787,133.85423204048885,135.0
LQ heat distribution main_DN135,913.655958921938,4.736911479578896,0.00872225259114022,133.8361836785051,135.0
LQ heat distribution main_DN135,913.4096395249999,4.739177265806993,0.008719901093317422,133.81814150959673,135.0
LQ heat distribution main_DN135,913.1632023071779,4.747420428544329,0.008717548470712915,133.80008827602822,135.0
LQ heat distribution main_DN135,912.9163364448937,4.739178135886029,0.008715191756037171,133.78200119872682,135.0
LQ heat distribution main_DN135,912.6698991818275,4.736913202458042,0.00871283913300074,133.76394308422442,135.0
LQ heat distribution main_DN135,912.4235796952997,4.949758298665816,0.00871048763432267,133.74589116357606,135.0
LQ heat distribution main_DN135,912.1661922637691,4.9497587316126035,0.00870803047507178,133.72702550718952,135.0
LQ heat distribution main_DN135,911.9088048097252,4.949759166682326,0.008705573315605968,133.70815718728804,135.0
LQ heat distribution main_DN135,911.6514173330577,4.949759599981903,0.008703116155924178,133.6892862027358,135.0
LQ heat distribution main_DN135,911.3940298338587,4.949760032928599,0.00870065899602729,133.67041255241097,135.0
LQ heat distribution main_DN135,911.1366423121464,4.949760467288582,0.008698201835915478,133.6515362351856,135.0
LQ heat distribution main_DN135,910.8792547678473,4.949760900235314,0.008695744675588042,133.63265724992414,135.0
LQ heat distribution main_DN135,910.6218672010351,4.949761334950158,0.00869328751504568,133.613775595501,135.0
LQ heat distribution main_DN135,910.3644796116178,4.949761767894903,0.00869083035428752,133.59489127077774,135.0
LQ heat distribution main_DN135,910.1070919996872,4.949762200840851,0.008688373193314437,133.57600427462856,135.0
LQ heat distribution main_DN135,909.8497043652435,4.9497626376778925,0.00868591603212643,133.55711460592013,135.0
LQ heat distribution main_DN135,909.5923167080842,4.949763068503705,0.008683458870721568,133.53822226350343,135.0
LQ heat distribution main_DN135,909.3349290285221,4.949763503924169,0.008681001709102836,133.51932724626644,135.0
LQ heat distribution main_DN135,909.077541326318,4.949763936870884,0.008678544547267953,133.50042955305594,135.0
LQ heat distribution main_DN135,908.8201536016007,4.94976436981695,0.008676087385218146,133.48152918274477,135.0
LQ heat distribution main_DN135,908.5627658543702,4.9497648045310845,0.008673630222953416,133.46262613419555,135.0
LQ heat distribution main_DN135,908.3053780845346,4.268453425458191,0.008671173060472884,133.44372040626342,135.0
LQ heat distribution main_DN135,908.0834185064108,4.255704398434715,0.008669054114619674,133.42741480998407,135.0
LQ heat distribution main_DN135,907.8621218776922,4.266237290800027,0.008666941497639066,133.4111559313384,135.0
LQ heat distribution main_DN135,907.6402775385706,4.2557050665147695,0.008664823651919527,133.39485482279417,135.0
LQ heat distribution main_DN135,907.4189808751117,4.25792769846057,0.008662711034607272,133.3785919725261,135.0
LQ heat distribution main_DN135,907.1975686347918,4.266238289861244,0.00866059731393596,133.36231864391561,135.0
LQ heat distribution main_DN135,906.975724243719,4.796239625070499,0.008658479467720468,133.3460115613558,135.0
LQ heat distribution main_DN135,906.7263197832153,4.798507020851087,0.008656098518216852,133.32767624333292,135.0
LQ heat distribution main_DN135,906.4767974181311,4.785736141336462,0.008653716443132517,133.30932973376812,135.0
LQ heat distribution main_DN135,906.2279391387816,4.671771283913691,0.008651340707768799,133.29102953692507,135.0
LQ heat distribution main_DN135,905.9850070320181,4.643838954565579,0.008649021546845041,133.27316270697077,135.0
LQ heat distribution main_DN135,905.7435274063806,4.633374547918762,0.008646716252089553,133.25540032792617,135.0
LQ heat distribution main_DN135,905.5025919298888,4.64383622889758,0.008644416152075311,133.23767561458308,135.0
LQ heat distribution main_DN135,905.2611124459861,4.6374448362118486,0.008642110858672898,133.21990851442857,135.0
LQ heat distribution main_DN135,905.0199653145031,4.639766085801339,0.008639808738085949,133.20216350247856,135.0
LQ heat distribution main_DN135,904.9497718404533,4.039376046645271,0.00863913863332175,133.19699781317448,135.0
LQ heat distribution main_DN135,904.7786974780414,2.9075910903373545,0.008637505465184166,133.1844072422953,135.0
LQ heat distribution main_DN135,904.7397242860278,4.028162541797997,0.008637133406071865,133.18153876330226,135.0
LQ heat distribution main_DN135,904.6275027413438,5.010608600506794,0.008636062078676314,133.17327876261277,135.0
LQ heat distribution main_DN135,904.5302598338543,3.971535467663244,0.00863513374543059,133.16612084135488,135.0
LQ heat distribution main_DN135,904.3669510941174,5.010607020647309,0.00863357471211568,133.15409903621844,135.0
LQ heat distribution main_DN135,904.3237399895359,3.984129600929041,0.008633162195604161,133.15091791354322,135.0
LQ heat distribution main_DN135,904.1165652502875,3.971535045427716,0.008631184393797495,133.13566503143036,135.0
LQ heat distribution main_DN135,904.1063995290438,5.004202929477607,0.00863108734633932,133.13491655279677,135.0
LQ heat distribution main_DN135,903.9100454279253,4.839077086593991,0.00862921284418067,133.1204586270513,135.0
LQ heat distribution main_DN135,903.8461809767109,5.010603863401191,0.008628603159682205,133.1157558276676,135.0
LQ heat distribution main_DN135,903.6584134194225,4.839076626530331,0.008626810629302362,133.10192818802437,135.0
LQ heat distribution main_DN135,903.5856295758141,5.010602284955108,0.008626115795473165,133.09656783013972,135.0
LQ heat distribution main_DN135,903.4067814348429,4.839076162929801,0.008624408414652437,133.08339517059423,135.0
LQ heat distribution main_DN135,903.3250782569964,5.004198199072987,0.0086236284320477,133.07737707200238,135.0
LQ heat distribution main_DN135,903.1551494743705,4.8390757028655145,0.008622006200232655,133.06485957369702,135.0
LQ heat distribution main_DN135,903.0648599506446,5.010599125588741,0.008621144247738851,133.05820807916132,135.0
LQ heat distribution main_DN135,902.9035175378216,4.656532028455364,0.008619603986041256,133.04632139624107,135.0
LQ heat distribution main_DN135,902.804308796114,5.010597545727936,0.008618656885881757,133.03901179976924,135.0
LQ heat distribution main_DN135,902.6613778723419,4.653166342542111,0.008617292390189421,133.02848009242572,135.0
LQ heat distribution main_DN135,902.5437577237361,5.010595966574547,0.008616169524808938,133.0198127561886,135.0
LQ heat distribution main_DN135,902.4194132225297,4.653165156702207,0.008614982465131548,133.0106492935537,135.0
LQ heat distribution main_DN135,902.2832067334742,5.0041918944592645,0.008613682164520041,133.00061094721968,135.0
LQ heat distribution main_DN135,902.1774486343811,4.653163967856143,0.00861267254066235,132.99281610859097,135.0
LQ heat distribution main_DN135,902.0229887549624,5.010592809683336,0.00861119798334093,132.98143091287014,135.0
LQ heat distribution main_DN135,901.9354841080526,4.653162781484695,0.008610362616783319,132.974980536589,135.0
LQ heat distribution main_DN135,901.7624379288588,4.1902289198706075,0.008608710624619178,132.9622235730697,135.0
LQ heat distribution main_DN135,901.6935196434154,4.653161595644446,0.008608052693493226,132.95714257657764,135.0
LQ heat distribution main_DN135,901.5445460250256,4.183889305427112,0.008606630510978765,132.94615884187954,135.0
LQ heat distribution main_DN135,901.4515552404418,4.6565249035521665,0.008605742770791808,132.93930222759366,135.0
LQ heat distribution main_DN135,901.3269837811434,4.190226618446981,0.008604553544450057,132.93011647881926,135.0
LQ heat distribution main_DN135,901.2094159454572,4.653159213558104,0.008603431178476919,132.921446586516,135.0
LQ heat distribution main_DN135,901.1090919969841,4.190225466320572,0.008602473431952116,132.9140478758131,135.0
LQ heat distribution main_DN135,900.9674516663522,4.6531580261256,0.008601121256958015,132.90360145500773,135.0
LQ heat distribution main_DN135,900.8912002727354,4.183885859286556,0.008600393320026115,132.89797733438223,135.0
LQ heat distribution main_DN135,900.7254874489937,4.653156838693799,0.00859881133602858,132.88575393164456,135.0
LQ heat distribution main_DN135,900.6736382080526,4.916974119664272,0.008598316355208139,132.8819291677591,135.0
LQ heat distribution main_DN135,900.4835232933816,4.653155652499642,0.008596501415688608,132.86790401546256,135.0
LQ heat distribution main_DN135,900.41795555383,4.910582572830026,0.008595875470680955,132.86306661061747,135.0
LQ heat distribution main_DN135,900.2415591994517,4.6565189657235,0.008594191495937487,132.85005170549246,135.0
LQ heat distribution main_DN135,900.1626052600428,4.916971051297315,0.008593437759045756,132.84422589973187,135.0
LQ heat distribution main_DN135,899.9069227653754,4.921059385282227,0.00859099687604177,132.82535800011638,135.0
LQ heat distribution main_DN135,899.6510276773407,4.910577969406788,0.008588553963506832,132.8064717284128,135.0
LQ heat distribution main_DN135,899.3956776229315,4.916966438698984,0.008586116254156865,132.78762300517434,135.0
LQ heat distribution main_DN135,899.1399953681192,4.910574907039276,0.008583675373442666,132.76874707937378,135.0
LQ heat distribution main_DN135,898.8846454729531,4.916963371039229,0.008581237665612917,132.74989301149458,135.0
LQ heat distribution main_DN135,898.6289633776591,4.916961837032845,0.008578796786421566,132.7310117318218,135.0
LQ heat distribution main_DN135,898.3732813621334,4.910570312428484,0.008576355907991728,132.71212777175504,135.0
LQ heat distribution main_DN135,898.1179317058871,4.916958767958763,0.008573918202442837,132.69326567662418,135.0
LQ heat distribution main_DN135,897.8622498499533,4.914662445513091,0.008571477325536547,132.67437635583426,135.0
LQ heat distribution main_DN135,897.6066874027866,4.8445601797521185,0.008569037588570756,132.65549316891338,135.0
LQ heat distribution main_DN135,897.3547702734395,4.84456134156457,0.00856663265177508,132.63687669882205,135.0
LQ heat distribution main_DN135,897.1028530836782,4.844562503732834,0.008564227714402656,132.61825761095267,135.0
LQ heat distribution main_DN135,896.8509358334841,4.84456366483771,0.008561822776453308,132.59963590420114,135.0
LQ heat distribution main_DN160,1270.4648672336664,4.157662965912265,0.012128542885285597,157.8205413138092,160.0
LQ heat distribution main_DN160,1270.248668759439,4.168621387496474,0.012126478938037604,157.80711236632922,160.0
LQ heat distribution main_DN160,1270.0319004472892,4.168621311031795,0.012124409550809444,157.79364687656243,160.0
LQ heat distribution main_DN160,1269.8151321391156,3.565044185417408,0.012122340163619242,157.78018023785265,160.0
LQ heat distribution main_DN160,1269.6297498414738,3.5650439730798937,0.012120570404214546,157.768662529793,160.0
LQ heat distribution main_DN160,1269.4443675548737,3.565043763568096,0.012118800644915263,157.7571439815219,160.0
LQ heat distribution main_DN160,1269.2589852791682,4.791325906801826,0.012117030885719983,157.74562459284607,160.0
LQ heat distribution main_DN160,1269.0098363320144,4.79132543871003,0.012114652375484624,157.73014150955385,160.0
LQ heat distribution main_DN160,1268.7606874092014,4.791324966730014,0.012112273865481636,157.71465690777703,160.0
LQ heat distribution main_DN160,1268.5115385109314,4.793662387399351,0.012109895355712948,157.69917078708096,160.0
LQ heat distribution main_DN160,1268.2622680667866,4.791324028073474,0.012107515685601781,157.68367558956317,160.0
LQ heat distribution main_DN160,1268.013119217327,4.791323559981813,0.012105137176299064,157.66818642892622,160.0
LQ heat distribution main_DN160,1267.7639703922077,4.793660964049669,0.012102758667228713,157.65269574801397,160.0
LQ heat distribution main_DN160,1267.5147000220772,4.791322620262871,0.012100378997824127,157.63719598676124,160.0
LQ heat distribution main_DN160,1267.2655512458236,4.791322150405123,0.012098000489220273,157.62170226322198,160.0
LQ heat distribution main_DN160,1267.0164024940025,4.7936595431744005,0.012095621980849666,157.60620701806775,160.0
LQ heat distribution main_DN160,1266.7671321977575,4.791321211395903,0.01209324231215043,157.59070268903318,160.0
LQ heat distribution main_DN160,1266.5179834947648,4.791320741181799,0.012090863804245965,157.5752043985562,160.0
LQ heat distribution main_DN160,1266.2688348162235,4.793658121944885,0.012088485296574926,157.5597045851179,160.0
LQ heat distribution main_DN160,1266.0195645938823,4.077509594327361,0.012086105628581215,157.54419568425786,160.0
LQ heat distribution main_DN160,1265.8075340949772,4.285331788436091,0.012084081471073769,157.53100253382067,160.0
LQ heat distribution main_DN160,1265.5846968419785,4.295791340744712,0.012081954146462803,157.51713576497724,160.0
LQ heat distribution main_DN160,1265.3613156922597,4.285331030662341,0.01207982162952038,157.50323392508125,160.0
LQ heat distribution main_DN160,1265.1384784786653,4.295790582307094,0.012077694305285588,157.4893647136944,160.0
LQ heat distribution main_DN160,1264.9150973683854,4.2853302693527215,0.01207556178871967,157.47546042464154,160.0
LQ heat distribution main_DN160,1264.692260194379,4.285329890276675,0.012073434464862807,157.46158876943016,160.0
LQ heat distribution main_DN180,1630.4388655786208,2.5974597227289498,0.015565048836072752,178.78639125982897,180.0
LQ heat distribution main_DN180,1630.3037976730388,2.6003048009318297,0.01556375940499321,178.77898564528417,180.0
LQ heat distribution main_DN180,1630.1685818233905,4.3806045697480505,0.015562468561559814,178.77157161185812,180.0
LQ heat distribution main_DN180,1629.9407903857636,4.3704538086287466,0.015560293941630202,178.75908086198996,180.0
LQ heat distribution main_DN180,1629.713526787715,4.380602320197471,0.015558124360741908,178.74661818593881,180.0
LQ heat distribution main_DN180,1629.4857354670646,4.380601190308488,0.015555949741929018,178.73412569862774,180.0
LQ heat distribution main_DN180,1629.2579442051685,4.38060006201041,0.015553775123677026,178.72163234132515,180.0
LQ heat distribution main_DN180,1629.030153001944,2.138698969094218,0.015551600505985145,178.70913811384403,180.0
LQ heat distribution main_DN180,1628.918940655551,4.759057029609333,0.015550538812940821,178.7030378578873,180.0
LQ heat distribution main_DN180,1628.6714696900115,4.759055683768371,0.015548176321623022,178.68946275233546,180.0
LQ heat distribution main_DN180,1628.4239987944554,4.76552822361218,0.015545813830973322,178.67588661923878,180.0
LQ heat distribution main_DN180,1628.1761913268276,4.759052992792256,0.015543448127225084,178.6622909882374,180.0
LQ heat distribution main_DN180,1627.9287205712023,4.759051648012953,0.015541085637911239,178.6487127979425,180.0
LQ heat distribution main_DN180,1627.6812498855056,4.759050303232157,0.015538723149264971,178.63513357939647,180.0
LQ heat distribution main_DN180,1627.4337792697374,4.765522833196502,0.015536360661286277,178.62155333236473,180.0
LQ heat distribution main_DN180,1627.1859720824111,4.759047611373573,0.015533994960213949,178.6079535808992,180.0
LQ heat distribution main_DN180,1626.9385016066196,4.759046266239391,0.015531632473571548,178.5943712747938,180.0
LQ heat distribution main_DN180,1626.6910312007751,4.765518790914464,0.015529269987596898,178.58078793949932,180.0
LQ heat distribution main_DN180,1626.4432242236476,4.759043575087277,0.015526904288531242,178.5671850948633,180.0
LQ heat distribution main_DN180,1626.1957539577431,4.759042230483018,0.015524541803892535,178.55359969908258,180.0
LQ heat distribution main_DN180,1625.948283761758,4.082623619893145,0.015522179319921317,178.5400132734061,180.0
LQ heat distribution main_DN180,1625.7359873335236,4.078906172625194,0.015520152623709055,178.52835710795023,180.0
LQ heat distribution main_DN180,1625.523884212547,4.072428790246807,0.015518127772912144,178.51671079601203,180.0
LQ heat distribution main_DN180,1625.312117915454,4.078904203399273,0.0155161061376177,178.50508222060571,180.0
LQ heat distribution main_DN180,1625.1000148968774,4.078903218079497,0.015514081287798352,178.49343439565484,180.0
LQ heat distribution main_DN180,1624.8879119295373,4.664939462956719,0.015512056438468137,178.48178581337416,180.0
LQ heat distribution main_DN180,1624.6453350774634,4.664938206466045,0.015509740668997265,178.46846268953334,180.0
LQ heat distribution main_DN180,1624.4027582907272,4.66493695085805,0.01550742490015014,178.4551385746022,180.0
LQ heat distribution main_DN180,1624.1601815692825,4.664935694720851,0.015505109131926324,178.4418134683562,180.0
LQ heat distribution main_DN180,1623.917604913157,4.6649344373456305,0.01550279336432608,178.42848737057477,180.0
LQ heat distribution main_DN180,1623.675028322415,4.664933181562129,0.015500477597350024,178.41516028103928,180.0
LQ heat distribution main_DN180,1623.4324517969737,4.664931924717154,0.015498161830997363,178.40183219952286,180.0
LQ heat distribution main_DN180,1623.1898753368885,4.6649306684026675,0.015495846065268624,178.38850312580627,180.0
LQ heat distribution main_DN180,1622.9472989421315,4.664929411734318,0.015493530300163547,178.3751730596655,180.0
LQ heat distribution main_DN180,1622.7047226127213,4.664928154183198,0.015491214535682304,178.36184200087914,180.0
LQ heat distribution main_DN180,1622.4621463487038,4.664926899283409,0.015488898771825334,178.348509949227,180.0
LQ heat distribution main_DN180,1622.219570149941,4.664925643322782,0.015486583008591324,178.33517690447897,180.0
LQ heat distribution main_DN180,1621.9769940164883,4.664924386478143,0.015484267245980796,178.32184286641524,180.0
LQ heat distribution main_DN225,2556.1593957942464,1.8925815558402408,0.024402476332164642,223.85982745392943,225.0
LQ heat distribution main_DN225,2556.0609815533426,4.446236925522427,0.024401536816738355,223.8555180186335,225.0
LQ heat distribution main_DN225,2555.8297772332153,4.437627394316247,0.024399329615591554,223.8453935471007,225.0
LQ heat distribution main_DN225,2555.599020608711,4.448258320907594,0.024397126688388646,223.83528822360705,225.0
LQ heat distribution main_DN225,2555.3677111760235,2.6518907365811923,0.024394918483780653,223.82515823358818,225.0
LQ heat distribution main_DN225,2555.2298128577213,2.651890832488276,0.02439360203205462,223.8191188817577,225.0
LQ heat distribution main_DN225,2555.091914534432,4.201437484718076,0.024392285580280972,223.8130793667435,225.0
LQ heat distribution main_DN225,2554.8734397852268,4.201437737375406,0.024390199902484266,223.80351052278078,225.0
LQ heat distribution main_DN225,2554.654965022883,4.639632807106768,0.024388114224562128,223.79394126910378,225.0
LQ heat distribution main_DN225,2554.4137041169133,4.6287999779813855,0.024385811017822563,223.78337350073878,225.0
LQ heat distribution main_DN225,2554.173006518058,4.62880016745065,0.024383513188716545,223.77282990916686,225.0
LQ heat distribution main_DN225,2553.932308909351,4.639633369757247,0.024381215359516477,223.76228582035344,225.0
LQ heat distribution main_DN225,2553.6910479741236,4.627235815266878,0.0243789121524976,223.75171655562337,225.0
LQ heat distribution main_DN225,2553.45043171173,4.628800731590625,0.024376615099873315,223.7411750357232,225.0
LQ heat distribution main_DN225,2553.2097340736873,4.63963393028548,0.024374317270393197,223.7306294537778,225.0
LQ heat distribution main_DN225,2552.9684731093125,4.628801106968258,0.024372014063096064,223.7200586922207,225.0
LQ heat distribution main_DN225,2552.7277754517504,4.365946615038184,0.024369716233429598,223.70951211400356,225.0
LQ heat distribution main_DN225,2552.5007462277686,4.7626054628324255,0.024367548890002564,223.69956398582787,225.0
LQ heat distribution main_DN225,2552.2530907437013,4.762605753289952,0.024365184637171373,223.68871153695918,225.0
LQ heat distribution main_DN225,2552.00543524453,4.762606043747432,0.02436282038419599,223.67785856088722,225.0
LQ heat distribution main_DN225,2551.757779730255,4.762606334556402,0.024360456131076423,223.66700505753522,225.0
LQ heat distribution main_DN225,2551.510124200858,4.76260662359925,0.024358091877812488,223.65615102682568,225.0
LQ heat distribution main_DN225,2551.262468656431,4.870946694208479,0.024355727624405066,223.64529646868576,225.0
LQ heat distribution main_DN225,2551.009179428332,4.870947024854127,0.024353309588814626,223.63419444542222,225.0
LQ heat distribution main_DN225,2550.75589018304,4.860273300674415,0.024350891553060045,223.6230918702324,225.0
LQ heat distribution main_DN225,2550.503155971405,4.872889239856691,0.024348478815956132,223.61201307471248,225.0
LQ heat distribution main_DN225,2550.2497657309323,3.8045339658091546,0.024346059816047087,223.6009049706095,225.0
LQ heat distribution main_DN225,2550.0519299647103,3.8067346602433827,0.02434417116911418,223.59223187613497,225.0
LQ heat distribution main_DN225,2549.8539797623775,3.806734924792273,0.024342281429712436,223.58355342806362,225.0
LQ heat distribution main_DN225,2549.656029546288,3.815079746489401,0.02434039169017936,223.57487464252006,225.0
LQ heat distribution main_DN225,2549.457645399471,3.8328537015191526,0.024338497808109507,223.56617649401574,225.0
LQ heat distribution main_DN225,2549.258337006992,3.826292854662165,0.02433659510269205,223.55743748118562,225.0
LQ heat distribution main_DN225,2549.0593697785494,3.8295721859441216,0.024334695654210495,223.5487130865178,225.0
LQ heat distribution main_DN85,360.2601704297531,4.844564826651272,0.0034392379038639914,84.04082823968614,85.0
LQ heat distribution main_DN85,360.0082530587672,4.844565988462901,0.0034368329647615006,84.01143969130645,85.0
LQ heat distribution main_DN85,359.75633562736715,4.835268906261965,0.003434428025082264,83.98204085169164,85.0
LQ heat distribution main_DN85,359.51965119963126,4.687790210643809,0.0034321685078723746,83.95441032832684,85.0
LQ heat distribution main_DN85,359.50490164424156,4.844568308580417,0.0034320277006610173,83.95268816526577,85.0
LQ heat distribution main_DN85,359.27588610867775,4.6942501105716845,0.0034298413948322458,83.92594369990363,85.0
LQ heat distribution main_DN85,359.2529840921954,4.8445694703939,0.0034296227598300277,83.92326873053912,85.0
LQ heat distribution main_DN85,359.03178510292804,4.687787568880156,0.0034275110749682866,83.89742816492812,85.0
LQ heat distribution main_DN85,359.0010664797349,4.844570630438394,0.00342721781842229,83.89383897210686,85.0
LQ heat distribution main_DN85,358.78802014934627,4.698030544827245,0.0034251839632395823,83.86894221179108,85.0
LQ heat distribution main_DN85,358.7491488069521,4.844571794372101,0.003424812876438684,83.86439887911138,85.0
LQ heat distribution main_DN85,358.5437225610153,4.687784919187157,0.0034228517666922698,83.84038430562482,85.0
LQ heat distribution main_DN85,358.4972310736448,4.844572955477717,0.0034224079338772773,83.83494844064151,85.0
LQ heat distribution main_DN85,358.2999577452175,4.694244812064487,0.003420524656278926,83.81187898055728,85.0
LQ heat distribution main_DN85,358.24531327995993,4.844574116938339,0.003420002990739474,83.80548764580783,85.0
LQ heat distribution main_DN85,358.0558570149902,4.687782279722204,0.003418194339045252,83.78332465606175,85.0
LQ heat distribution main_DN85,357.99339542587916,4.548535967332854,0.0034175980470250995,83.7760164836824,85.0
LQ heat distribution main_DN85,357.8120923364446,4.694242166068277,0.003415867229942192,83.7547999272315,85.0
LQ heat distribution main_DN85,357.75687155557785,4.558908447828376,0.003415340062583082,83.74833678077941,85.0
LQ heat distribution main_DN85,357.56799174380905,4.687779640257236,0.0034135369140220434,83.7262261523802,85.0
LQ heat distribution main_DN85,357.5198083162908,4.548536930602218,0.0034130769290338023,83.72058477429634,85.0
LQ heat distribution main_DN85,357.32422720251566,4.69423952307798,0.0034112098062292666,83.69768198007554,85.0
LQ heat distribution main_DN85,357.28328439589944,4.558909408930585,0.0034108189441135984,83.6928867326295,85.0
LQ heat distribution main_DN85,357.0801267473156,4.694238199814163,0.0034088794916211514,83.66908871501593,85.0
LQ heat distribution main_DN85,357.0462211066351,4.548537895639768,0.0034085558100872084,83.66511632732153,85.0
LQ heat distribution main_DN85,356.83602636092525,4.6877756782305715,0.003406549177669931,83.64048568315202,85.0
LQ heat distribution main_DN85,356.8096971360618,4.54853837728745,0.0034062978246879407,83.63739991039323,85.0
LQ heat distribution main_DN85,356.59226202565725,3.3315792372244277,0.003404222071843983,83.6119122641685,85.0
LQ heat distribution main_DN85,356.57317314044286,3.928428494655214,0.003404039839049574,83.60967430259988,85.0
LQ heat distribution main_DN85,356.4190199053216,3.335125566982441,0.003402568209120015,83.5915993378242,85.0
LQ heat distribution main_DN85,356.3688948587208,3.9260440141059023,0.0034020896883887428,83.5857211720908,85.0
LQ heat distribution main_DN85,356.2455933758385,4.671855585320406,0.003400912585926859,83.57125984403196,85.0
LQ heat distribution main_DN85,356.1647405699873,3.917999647438598,0.00340014072143186,83.56177572071464,85.0
LQ heat distribution main_DN85,356.00265688540185,4.671856245277231,0.0033985933831541942,83.54275988308355,85.0
LQ heat distribution main_DN85,355.9610045883205,4.252410620725296,0.003398195747859862,83.5378724902862,85.0
LQ heat distribution main_DN85,355.7597203606474,4.671856906207159,0.003396274180053913,83.51425019224922,85.0
LQ heat distribution main_DN85,355.7398792360428,4.5687440984448955,0.003396084765976542,83.51192131737447,85.0
LQ heat distribution main_DN85,355.51678380152464,4.671857565722269,0.0033939549766255337,83.48573076155506,85.0
LQ heat distribution main_DN85,355.50230454292364,3.719951431523974,0.0033938167498131135,83.48403066770797,85.0
LQ heat distribution main_DN85,355.3088670684844,3.7174051589486456,0.0033919700913459133,83.46131472860172,85.0
LQ heat distribution main_DN85,355.2738472081071,4.671858225944526,0.0033916357728697574,83.4572015810246,85.0
LQ heat distribution main_DN85,355.1155620002191,4.84416931071484,0.003390124696899466,83.43860816034153,85.0
LQ heat distribution main_DN85,355.030910580358,4.670149320600055,0.003389316568786234,83.42866264065142,85.0
LQ heat distribution main_DN85,354.8636651960619,4.844463335444271,0.0033877199541390156,83.40900984149741,85.0
LQ heat distribution main_DN85,354.7880628156868,4.665074095993228,0.0033869982130375832,83.40012437898575,85.0
LQ heat distribution main_DN85,354.6117531026188,4.851036338619281,0.0033853150654187952,83.37939921826164,85.0
LQ heat distribution main_DN85,354.5454789626952,4.671860195853243,0.0033846823767321736,83.3716073781252,85.0
LQ heat distribution main_DN85,354.3594992130106,4.844463583549881,0.003382906913728025,83.34973787830084,85.0
LQ heat distribution main_DN85,354.3025422325108,4.6718608568715005,0.0033823631716707477,83.34303911590864,85.0
LQ heat distribution main_DN85,354.107587106666,4.844169807456585,0.00338050202488464,83.32010618924922,85.0
LQ heat distribution main_DN85,354.0596054679535,4.671861517182061,0.003380043966281179,83.31446105368273,85.0
LQ heat distribution main_DN85,353.8556902766783,4.844169926075382,0.003378097281877597,83.2904657562038,85.0
LQ heat distribution main_DN85,353.81666866906,4.881412230028684,0.0033777247605638184,83.2858731813637,85.0
LQ heat distribution main_DN85,353.60379344052234,4.8513303140757005,0.003375692538811669,83.26081477058716,85.0
LQ heat distribution main_DN85,353.5628352330985,4.890645841367136,0.0033753015296715846,83.25599254788682,85.0
LQ heat distribution main_DN85,353.3515242641904,4.844170174092634,0.0033732842411855887,83.23110936993875,85.0
LQ heat distribution main_DN85,353.3085216493474,4.883962557650803,0.0033728737150295696,83.22604463412304,85.0
LQ heat distribution main_DN85,353.0996274151376,4.844464198136821,0.0033708794979965405,83.20143722962081,85.0
LQ heat distribution main_DN85,353.0545555963496,4.88141534274287,0.003370449218103576,83.19612688731546,85.0
LQ heat distribution main_DN85,352.8477152768345,4.8441704221982445,0.003368474608848062,83.17175270158911,85.0
LQ heat distribution main_DN85,352.80072199852697,4.883964627731693,0.0033680259856661288,83.16621398998882,85.0
LQ heat distribution main_DN85,352.59581841488017,4.627153559943697,0.003366069865535849,83.14205937625785,85.0
LQ heat distribution main_DN85,352.5467558378849,4.888105228897844,0.003365601487712505,83.13627469960096,85.0
LQ heat distribution main_DN85,352.3552064297631,4.626685486475213,0.003363772853744755,83.11368639375121,85.0
LQ heat distribution main_DN85,352.2925743659822,4.883966698342525,0.003363174934281453,83.1062992273928,85.0
LQ heat distribution main_DN85,352.11461878446636,4.626685661946467,0.0033614760743147145,83.085306593717,85.0
LQ heat distribution main_DN85,352.0386080976684,4.881419486093272,0.0033607504352999367,83.07633833204828,85.0
LQ heat distribution main_DN85,351.8740311300451,4.6202915708303145,0.003359179294797567,83.05691709548455,85.0
LQ heat distribution main_DN85,351.7847742843915,4.89065310287571,0.0033583272008056468,83.0463822620547,85.0
LQ heat distribution main_DN85,351.63377596836193,4.626686022100892,0.0033568856894354362,83.02855714465838,85.0
LQ heat distribution main_DN85,351.530460323042,4.883969808401028,0.0033558993825588738,83.01635868742856,85.0
LQ heat distribution main_DN85,351.39318829521267,4.626686196953461,0.0033545889097395002,83.00014823354765,85.0
LQ heat distribution main_DN85,351.2764938930052,4.881422599338008,0.0033534748820334623,82.986365301399,85.0
LQ heat distribution main_DN85,351.269550714725,4.589663369062305,0.0033534085987085922,82.98554516115858,85.0
LQ heat distribution main_DN85,351.15260061297107,4.627154629957188,0.0033522921299567643,82.9717295943607,85.0
LQ heat distribution main_DN85,351.0308882195338,4.5896643393807235,0.003351130197799845,82.95734900455047,85.0
LQ heat distribution main_DN85,351.02265991783963,4.800745087161062,0.003351051645993696,82.95637672245451,85.0
LQ heat distribution main_DN85,350.9119885722133,4.6266865571077505,0.0033499951176344947,82.94329833942294,85.0
LQ heat distribution main_DN85,350.792225673886,4.589665309348132,0.0033488517964094127,82.9291432552013,85.0
LQ heat distribution main_DN85,350.77302117330726,4.803029668985921,0.0033486684598883747,82.92687320121918,85.0
LQ heat distribution main_DN85,350.6714008712437,4.619823511062387,0.003347698337672971,82.91486021301722,85.0
LQ heat distribution main_DN85,350.5535630777999,4.589666278606792,0.003346573394537469,82.90092790332184,85.0
LQ heat distribution main_DN85,350.52326363052,4.800745989243184,0.003346284139670835,82.8973451319023,85.0
LQ heat distribution main_DN85,350.43117004866843,4.62715516487561,0.0033454049646650923,82.8864545352696,85.0
LQ heat distribution main_DN85,350.3149004313123,4.589667251046704,0.0033442949921843657,82.87270293910849,85.0
LQ heat distribution main_DN85,350.27362483907933,4.803030575299432,0.0033439009531177023,82.8678205880388,85.0
LQ heat distribution main_DN85,350.1905579800949,4.626687092203048,0.0033431079520772787,82.85799401641823,85.0
LQ heat distribution main_DN85,350.07623773425786,4.844462633869898,0.0033420165893485237,82.84446835271692,85.0
LQ heat distribution main_DN85,350.02386724916374,4.80074688849614,0.0033415166324502507,82.83827146358188,85.0
LQ heat distribution main_DN85,349.9499702513004,4.003328368210659,0.003340811171850123,82.82952659891858,85.0
LQ heat distribution main_DN85,349.8243256772966,4.844463614606222,0.0033396117009765786,82.81465588057935,85.0
LQ heat distribution main_DN85,349.77422841096194,4.790252840715561,0.003339133445450711,82.80872585211655,85.0
LQ heat distribution main_DN85,349.74179717615345,3.996469164379562,0.0033388238393904862,82.80488673066432,85.0
LQ heat distribution main_DN85,349.5724135693371,4.834807667678564,0.0033372068121177764,82.78483266633702,85.0
LQ heat distribution main_DN85,349.5339807796057,4.398797648450071,0.003336839911977143,82.78028176443854,85.0
LQ heat distribution main_DN85,349.52513526324475,4.803031937275853,0.003336755467906871,82.7792343141052,85.0
LQ heat distribution main_DN85,349.3210035706178,4.844465573273353,0.003334806716664609,82.75505817993368,85.0
LQ heat distribution main_DN85,349.3052433018863,4.398080142662248,0.003334656260638533,82.75319133446257,85.0
LQ heat distribution main_DN85,349.2753776025064,4.800748235989463,0.003334371146563307,82.74965354793792,85.0
LQ heat distribution main_DN85,349.0765431344679,4.398080386157309,0.0033324729654841804,82.726096454147,85.0
LQ heat distribution main_DN85,349.0690913608076,4.834809629925686,0.0033324018268334854,82.72521346809619,85.0
LQ heat distribution main_DN85,348.8478429543877,3.820462656328315,0.003330289670208952,82.69899269516685,85.0
LQ heat distribution main_DN85,348.8176812600515,4.844467534063777,0.0033300017304062194,82.69541750370723,85.0
LQ heat distribution main_DN85,348.64917889625866,3.813904359053014,0.0033283931159547365,82.67544137106117,85.0
LQ heat distribution main_DN85,348.56576894828015,4.844468514798241,0.0033275968396017197,82.6655512477319,85.0
LQ heat distribution main_DN85,348.4508558695879,3.820462494723582,0.0033264998173707675,82.65192378213781,85.0
LQ heat distribution main_DN85,348.3138565855106,4.834812577167716,0.0033251919483103637,82.63567419141995,85.0
LQ heat distribution main_DN85,348.2521918198623,3.813904197757024,0.0033246032631967758,82.62835904311291,85.0
LQ heat distribution main_DN85,348.0624463314979,4.844470474525364,0.0033227918504200277,82.60584591199523,85.0
LQ heat distribution main_DN85,348.0538688015789,4.789697383653128,0.0033227099646928773,82.6048280508504,85.0
LQ heat distribution main_DN85,347.81053386682254,4.844471455614567,0.0033203869581558236,82.57594724141873,85.0
LQ heat distribution main_DN85,347.80480453762897,4.776694345209392,0.0033203322628890595,82.57526712007754,85.0
LQ heat distribution main_DN85,347.55862135113057,4.9924329664286144,0.0033179820654045877,82.54603773530663,85.0
LQ heat distribution main_DN85,347.5564164316781,4.779672306115552,0.003317961016054206,82.54577589796206,85.0
LQ heat distribution main_DN85,347.3078734717601,4.786728649980187,0.003315588290899858,82.51625573998182,85.0
LQ heat distribution main_DN85,347.29901483687627,5.0028256142659675,0.003315503721593091,82.51520337967172,85.0
LQ heat distribution main_DN85,347.0589635819611,4.779673808719015,0.003313212062834951,82.48668141267318,85.0
LQ heat distribution main_DN85,347.0388679049344,5.000378418934955,0.0033130202186628585,82.48429327423189,85.0
LQ heat distribution main_DN85,346.8104205439077,4.77669733172723,0.0033108393369346797,82.4571400892216,85.0
LQ heat distribution main_DN85,346.7788482271498,4.992434665796496,0.0033105379305694493,82.45338670978947,85.0
LQ heat distribution main_DN85,346.5192416245284,4.057446597750385,0.003308059585914352,82.42251768280062,85.0
LQ heat distribution main_DN85,346.30825440144537,4.044672471235659,0.003306045388080624,82.39742131881077,85.0
LQ heat distribution main_DN85,346.0979314329411,4.046952526009607,0.00330403753157939,82.37239635609258,85.0
LQ heat distribution main_DN85,345.8874899015886,3.8937599369602336,0.0033020285432132563,82.34734967495486,85.0
LQ heat distribution main_DN85,345.6850143848667,3.885478489593277,0.003300095602719491,82.32324391306189,85.0
LQ heat distribution main_DN85,345.48296950340784,3.8937605011619465,0.003298166773302223,82.29918238236873,85.0
LQ heat distribution main_DN85,345.2804939573474,2.988492151218616,0.003296233832528376,82.27506250445151,85.0
LQ heat distribution main_DN85,345.125092365484,2.9884922776633895,0.0032947502851120194,82.2565455090596,85.0
LQ heat distribution main_DN85,344.9696907670455,4.371943488643546,0.0032932667376328927,82.23802434353392,85.0
LQ heat distribution main_DN85,344.74234970563606,4.379573674896592,0.003291096417237576,82.21092172913147,85.0
LQ heat distribution main_DN85,344.51461187454146,4.371944021839075,0.003288922309064835,82.1837628522403,85.0
LQ heat distribution main_DN85,344.28727078540584,4.37879675092299,0.003286751988404829,82.15664233423497,85.0
LQ heat distribution main_DN85,344.05957335435784,4.3787970132004155,0.003284578265912724,82.12947032992331,85.0
LQ heat distribution main_DN85,343.8318759096714,4.372723483042332,0.003282404543290419,82.10228933132566,85.0
LQ heat distribution main_DN85,343.6044942885532,4.3787975470566876,0.0032802338356902453,82.07513705076474,85.0
LQ heat distribution main_DN85,343.37679681610626,4.933369179712917,0.003278060112802924,82.04793804921934,85.0
LQ heat distribution main_DN85,343.1202616187612,4.933369561994825,0.003275611089439248,82.01728350748336,85.0
LQ heat distribution main_DN85,342.86372640153746,4.933369944188498,0.003273162065885799,81.98661750173346,85.0
LQ heat distribution main_DN85,342.60719116443966,4.93337032642651,0.003270713042142622,81.95594001910152,85.0
LQ heat distribution main_DN85,342.35065590746547,4.933370708796897,0.003268264018209694,81.92525104669444,85.0
LQ heat distribution main_DN85,342.094120630608,4.933371091034736,0.00326581499408695,81.89455057159448,85.0
LQ heat distribution main_DN85,341.8375853338742,4.933371473184432,0.0032633659697744555,81.86383858086126,85.0
LQ heat distribution main_DN85,341.5810500172686,4.933371855289628,0.0032609169452722537,81.83311506152985,85.0
LQ heat distribution main_DN85,341.3245146807935,4.933372237792655,0.0032584679205803677,81.80238000061075,85.0
LQ heat distribution main_DN85,341.06797932442834,4.933372619898021,0.0032560188956985998,81.77163338508726,85.0
LQ heat distribution main_DN85,340.81144394819364,4.9333730021359425,0.0032535698706271468,81.74087520192313,85.0
LQ heat distribution main_DN85,340.55490855208257,4.9333733843296255,0.003251120845365943,81.71010543805431,85.0
LQ heat distribution main_DN85,340.29837313609744,3.801364624591332,0.003248671819915011,81.67932408039323,85.0
LQ heat distribution main_DN85,340.10070217561866,3.80136494201492,0.003246784746306622,81.65559787855366,85.0
LQ heat distribution main_DN85,339.90303119863387,3.801365259703292,0.0032448976725406573,81.6318647787407,85.0
LQ heat distribution main_DN85,339.7053602051293,4.0620611326594185,0.003243010598616986,81.60812477493457,85.0
LQ heat distribution main_DN85,339.494133026231,4.062838480202856,0.0032409941100356183,81.58274905758012,85.0
LQ heat distribution main_DN85,339.28286542526047,4.0552090554367055,0.003238977235563346,81.55736058647699,85.0
LQ heat distribution main_DN85,339.07199455437774,4.807482991461206,0.0032369641484904796,81.5320119077328,85.0
LQ heat distribution main_DN85,338.82200543882175,4.800720763582137,0.003234577617554384,81.50195063156951,85.0
LQ heat distribution main_DN85,338.57236795911547,4.809451061939805,0.0032321944435237753,81.47192057120577,85.0
LQ heat distribution main_DN85,338.3222765038946,4.800719179009905,0.003229806935598039,81.44182479679074,85.0
LQ heat distribution main_DN85,338.0726391065861,4.807479828136326,0.003227423762354044,81.4117725679562,85.0
LQ heat distribution main_DN85,337.82265015552304,4.750241521697209,0.0032250372329882867,81.38166689684849,85.0
LQ heat distribution main_DN85,337.57563759639476,4.747803119655319,0.0032226791178653438,81.35190872375028,85.0
LQ heat distribution main_DN85,337.3287518341727,4.7502425351266195,0.003220322213214059,81.32215494515941,85.0
LQ heat distribution main_DN85,337.08173922234613,4.750243039896013,0.00321796409758803,81.292374980555,85.0
LQ heat distribution main_DN85,336.83472658427155,4.750243547492554,0.003215605981711423,81.2625840994441,85.0
LQ heat distribution main_DN85,336.58771391980196,4.747805128498097,0.003213247865582835,81.23278228979856,85.0
LQ heat distribution secondary_DN105,536.3388480931594,22.645957017230682,0.005120179934063575,102.54201002365953,105.0
LQ heat distribution secondary_DN135,899.9994202132341,11.535464657003537,0.008591879906570253,132.83218408991817,135.0
LQ heat distribution secondary_DN85,349.025738694235,11.420612189334,0.003331987958894845,82.72007627599821,85.0
LQ heat distribution secondary_DN85,346.56203228265787,14.901790120663447,0.0033084680886172587,82.42760658476813,85.0
LQ heat distribution secondary_DN85,336.34082805312005,12.738870179875605,0.00321089095993432,81.20298484920986,85.0
LV electricity distribution main,140.49708472613978,16.28583451602901,,,
LV electricity distribution main,129.19208932342485,4.4396684965474025,,,
LV electricity distribution main,128.44622373518575,25.235250955960705,,,
LV electricity distribution main,127.28859068799012,4.439668801273862,,,
LV electricity distribution main,125.56825431132644,4.448264307512997,,,
LV electricity distribution main,123.64198406055023,4.439669415653148,,,
LV electricity distribution main,121.84309723340482,4.701289342540543,,,
LV electricity distribution main,121.69789973800545,4.448264911247601,,,
LV electricity distribution main,120.10590836090832,4.697270294791781,,,
LV electricity distribution main,120.0014854570408,4.701286569943835,,,
LV electricity distribution main,119.2809059045584,4.439670029326303,,,
LV electricity distribution main,118.12894217537767,4.7012851780001625,,,
LV electricity distribution main,116.2336213734282,4.697266129178837,,,
LV electricity distribution main,114.24096012135197,4.701282406816654,,,
LV electricity distribution main,114.14639788538139,4.697263353746526,,,
LV electricity distribution main,111.90970739471891,4.701279633866589,,,
LV electricity distribution main,111.81896213071548,4.70127824404508,,,
LV electricity distribution main,111.72836388165017,4.697259188134227,,,
LV electricity distribution main,100.79058711475429,5.009501648365162,,,
LV electricity distribution main,100.71214754407137,5.002664018527285,,,
LV electricity distribution main,100.63393665352297,5.008450253591385,,,
LV electricity distribution main,100.55575691493048,5.0026630798245275,,,
LV electricity distribution main,98.60983957690779,5.002662605095126,,,
LV electricity distribution main,96.63518775892155,5.009499281327392,,,
LV electricity distribution main,96.5630780916863,5.002661655636225,,,
LV electricity distribution main,94.38928967577338,5.002661181171718,,,
LV electricity distribution main,94.3205842515984,3.777793939098035,,,
LV electricity distribution main,92.41830321429565,3.7700144569616,,,
LV electricity distribution main,90.7024444832549,3.7709500182372717,,,
LV electricity distribution main,90.65460268840346,3.7700139813468985,,,
LV electricity distribution main,81.97156270948446,5.0642493796839885,,,
LV electricity distribution main,81.91909859055227,4.107582147419258,,,
LV electricity distribution main,81.87658941170999,4.097215464661272,,,
LV electricity distribution main,81.83423137823348,4.097215072025747,,,
LV electricity distribution main,81.79191714184145,4.618902837388305,,,
LV electricity distribution main,81.74427070323715,4.614892600267837,,,
LV electricity distribution main,81.69672099890025,4.625305641142985,,,
LV electricity distribution main,81.64911952298512,4.614889924252382,,,
LV electricity distribution main,81.60168041419415,4.614888592595398,,,
LV electricity distribution main,81.55429639644528,4.618896162201938,,,
LV electricity distribution main,81.50692630738499,4.6148859197613525,,,
LV electricity distribution main,81.45965223197477,4.618893489728963,,,
LV electricity distribution main,81.4123919891997,4.614883244098196,,,
LV electricity distribution main,81.36522747403508,4.614881911381383,,,
LV electricity distribution main,81.31811757251738,4.618889487370834,,,
LV electricity distribution main,81.27102136055875,4.614879238900954,,,
LV electricity distribution main,81.22402044946622,4.401172092047098,,,
LV electricity distribution main,81.17924547551267,4.41146911231433,,,
LV electricity distribution main,81.13441530044231,4.403780710905112,,,
LV electricity distribution main,81.08971255695519,4.401170613573801,,,
LV electricity distribution main,81.04508546946026,4.401170120975179,,,
LV electricity distribution main,81.0005074667797,4.1902289198706075,,,
LV electricity distribution main,80.95811043556616,4.183889305427112,,,
LV electricity distribution main,80.9158217628469,4.190226618446981,,,
LV electricity distribution main,80.87351331407343,4.190225466320572,,,
LV electricity distribution main,80.83124908587432,4.183885859286556,,,
LV electricity distribution main,77.21061804750359,30.848225511989835,,,
LV electricity distribution main,73.67389736688068,4.400188378229912,,,
LV electricity distribution main,73.63706402117845,4.393797559566374,,,
LV electricity distribution main,73.60032086749506,4.393796331936792,,,
LV electricity distribution main,73.56361436456966,4.393795106427492,,,
LV electricity distribution main,73.52694445758311,4.393793879151003,,,
LV electricity distribution main,70.47852412731575,3.128993078073254,,,
LV electricity distribution main,70.45454686331571,3.1289929081467664,,,
LV electricity distribution main,70.43058590674656,4.6766595621661065,,,
LV electricity distribution main,70.39480972353564,4.674605894488761,,,
LV electricity distribution main,70.35908553723884,4.666044489254376,,,
LV electricity distribution main,70.32346287752492,4.674605209651268,,,
LV electricity distribution main,66.7138573340647,27.887442790627375,,,
LV electricity distribution main,66.6847094122286,4.916974119664272,,,
LV electricity distribution main,66.65098937123038,4.910582572830026,,,
LV electricity distribution main,66.61734715041062,4.916971051297315,,,
LV electricity distribution main,66.58369518693027,4.921059385282227,,,
LV electricity distribution main,66.55004927225328,4.910577969406788,,,
LV electricity distribution main,65.57162631484158,16.265892526327434,,,
LV electricity distribution main,65.46401445503078,4.7908587061431085,,,
LV electricity distribution main,65.43234975585013,4.788716601917631,,,
LV electricity distribution main,65.40072979733168,4.790859499605315,,,
LV electricity distribution main,65.3691262548944,4.790859895452359,,,
LV electricity distribution main,65.33755323124214,2.918267828098915,,,
LV electricity distribution main,65.31833239427837,2.9223170275109442,,,
LV electricity distribution main,65.29909622279264,4.659404434210052,,,
LV electricity distribution main,65.26845443950991,4.665897194785043,,,
LV electricity distribution main,65.23779877504803,4.6658984643059185,,,
LV electricity distribution main,65.20717187905046,4.669546708612729,,,
LV electricity distribution main,65.17654981726506,4.6659010151655105,,,
LV electricity distribution main,65.14598035918512,4.536793619744782,,,
LV electricity distribution main,65.11628386309877,4.540147216825208,,,
LV electricity distribution main,65.08659251088572,4.540148056279973,,,
LV electricity distribution main,64.66680760252596,4.916966438698984,,,
LV electricity distribution main,62.91452047496815,4.910574907039276,,,
LV electricity distribution main,62.884542856556244,4.916963371039229,,,
LV electricity distribution main,62.854554859903736,4.916961837032845,,,
LV electricity distribution main,62.824595453135345,4.910570312428484,,,
LV electricity distribution main,62.79470345598291,4.916958767958763,,,
LV electricity distribution main,62.76480106949597,4.914662445513091,,,
LV electricity distribution main,62.734941079769335,4.8445601797521185,,,
LV electricity distribution main,62.70553459750764,4.84456134156457,,,
LV electricity distribution main,62.676155656929986,4.844562503732834,,,
LV electricity distribution main,62.66453289813655,3.9561293268504634,,,
LV electricity distribution main,62.64680421936564,4.84456366483771,,,
LV electricity distribution main,62.61748024622482,4.844564826651272,,,
LV electricity distribution main,62.588183698979186,4.844565988462901,,,
LV electricity distribution main,62.558914539176705,4.835268906261965,,,
LV electricity distribution main,62.52972880030156,4.844568308580417,,,
LV electricity distribution main,62.50051424796734,4.8445694703939,,,
LV electricity distribution main,62.47132696822378,4.844570630438394,,,
LV electricity distribution main,62.442166922915696,4.844571794372101,,,
LV electricity distribution main,62.41303407392505,4.844572955477717,,,
LV electricity distribution main,62.3839283832452,4.844574116938339,,,
LV electricity distribution main,60.61377128777149,4.9223601617391495,,,
LV electricity distribution main,60.58587841950004,4.9189999793020505,,,
LV electricity distribution main,60.55732967009515,4.853117747790312,,,
LV electricity distribution main,60.38291664615592,2.988492151218616,,,
LV electricity distribution main,60.36610480039759,2.9884922776633895,,,
LV electricity distribution main,60.349302311548435,4.371943488643546,,,
LV electricity distribution main,60.32474151488594,4.379573674896592,,,
LV electricity distribution main,60.300157902144456,4.371944021839075,,,
LV electricity distribution main,60.27563707127915,4.37879675092299,,,
LV electricity distribution main,60.25109779860372,4.3787970132004155,,,
LV electricity distribution main,60.22657849300859,4.372723483042332,,,
LV electricity distribution main,60.20211308539652,4.3787975470566876,,,
LV electricity distribution main,60.17763361327606,4.531313409491845,,,
LV electricity distribution main,60.1523228129976,4.414176025534109,,,
LV electricity distribution main,60.148157152448015,4.926516486727362,,,
LV electricity distribution main,60.127686506045315,4.414176492569387,,,
LV electricity distribution main,60.12066780041327,4.920098920483899,,,
LV electricity distribution main,60.09323930182606,4.926513464475749,,,
LV electricity distribution main,59.468421984965296,4.666043795181787,,,
LV electricity distribution main,59.31734629076456,3.813904197757024,,,
LV electricity distribution main,59.29664454422349,3.820462494723582,,,
LV electricity distribution main,59.275921691407056,3.813904359053014,,,
LV electricity distribution main,59.25524883818268,3.820462656328315,,,
LV electricity distribution main,59.234554898047236,4.398080386157309,,,
LV electricity distribution main,59.210751372900326,4.398080142662248,,,
LV electricity distribution main,59.18696696853569,4.398797648450071,,,
LV electricity distribution main,59.163197786636374,3.996469164379562,,,
LV electricity distribution main,58.71867729147385,4.9223575049736015,,,
LV electricity distribution main,58.65554854478606,4.85311929229703,,,
LV electricity distribution main,58.31280565544552,4.924082602946124,,,
LV electricity distribution main,57.688724511249006,4.674604526226472,,,
LV electricity distribution main,57.66472831824754,4.344969857628761,,,
LV electricity distribution main,57.64244147937659,4.332208717890683,,,
LV electricity distribution main,57.62023721312555,4.344969143538782,,,
LV electricity distribution main,57.59798474210722,4.486871918659114,,,
LV electricity distribution main,57.01040714462543,4.853120836098301,,,
LV electricity distribution main,56.98431514370773,4.003328368210659,,,
LV electricity distribution main,56.9642610462754,4.626687092203048,,,
LV electricity distribution main,56.86426310471851,4.918997321117823,,,
LV electricity distribution main,56.634771303269495,4.926510431645796,,,
LV electricity distribution main,56.363829901236315,4.414176956776846,,,
LV electricity distribution main,55.549561904608495,4.499635252370088,,,
LV electricity distribution main,55.215516867914125,4.62715516487561,,,
LV electricity distribution main,55.20362879278895,4.915809553560579,,,
LV electricity distribution main,54.985998116453594,4.926508921580629,,,
LV electricity distribution main,54.29402827108757,4.4038300104014,,,
LV electricity distribution main,54.27400240920797,4.414177886275471,,,
LV electricity distribution main,54.25394432565176,4.416705367816497,,,
LV electricity distribution main,54.23388959170019,0.46450137308780665,,,
LV electricity distribution main,54.23178061539281,4.751890065243716,,,
LV electricity distribution main,53.53081079927432,4.918994661164702,,,
LV electricity distribution main,53.509068368243824,4.922352190382189,,,
LV electricity distribution main,53.45693663626547,4.619823511062387,,,
LV electricity distribution main,53.43657186515683,4.6266865571077505,,,
LV electricity distribution main,53.4161923942795,4.627154629957188,,,
LV electricity distribution main,53.39582640042363,4.626686196953461,,,
LV electricity distribution main,53.37547798620324,4.626686022100892,,,
LV electricity distribution main,53.35514507289299,4.6202915708303145,,,
LV electricity distribution main,53.3348557009937,4.626685661946467,,,
LV electricity distribution main,53.314553715113895,4.626685486475213,,,
LV electricity distribution main,53.294267177142075,4.627153559943697,,,
LV electricity distribution main,53.13580467268143,4.92009136591654,,,
LV electricity distribution main,53.11437703360966,3.296981990645664,,,
LV electricity distribution main,53.100026005568616,3.304567553192116,,,
LV electricity distribution main,51.94465174253637,4.739016085322855,,,
LV electricity distribution main,51.4327165161514,4.918992001742136,,,
LV electricity distribution main,51.412644408767434,4.922349532026071,,,
LV electricity distribution main,51.39257427974109,4.918989341789351,,,
LV electricity distribution main,51.203462706254264,3.3025169097096705,,,
LV electricity distribution main,51.19010308860397,4.888878999309637,,,
LV electricity distribution main,51.170341452897986,4.878625493160071,,,
LV electricity distribution main,51.020738890043816,4.321963069251129,,,
LV electricity distribution main,51.0033826366242,4.3291300736322915,,,
LV electricity distribution main,50.98600944341017,4.322264041277908,,,
LV electricity distribution main,50.2579121134348,6.818072311011667,,,
LV electricity distribution main,50.23135454234842,4.796666341438749,,,
LV electricity distribution main,50.212684583408674,4.807389894507827,,,
LV electricity distribution main,50.19398681822503,4.807388346177112,,,
LV electricity distribution main,50.17530297630649,4.796661711943673,,,
LV electricity distribution main,50.15667466306224,4.807385259741339,,,
LV electricity distribution main,50.13801859007402,4.801083072646172,,,
LV electricity distribution main,50.11940080846282,4.802963522835979,,,
LV electricity distribution main,50.10078956461766,4.807380626035265,,,
LV electricity distribution main,50.08217504456237,4.8010784463480345,,,
LV electricity distribution main,50.063598715218596,4.802958884165985,,,
LV electricity distribution main,50.045028893762755,4.8073759923288595,,,
LV electricity distribution main,50.02645578798479,4.801073820402072,,,
LV electricity distribution main,50.00792077263861,4.236226982639896,,,
LV electricity distribution main,49.991577091971976,4.24390938149518,,,
LV electricity distribution main,49.9752144884929,4.246515385934031,,,
LV electricity distribution main,49.95885255652177,4.24651492770758,,,
LV electricity distribution main,49.94250133487942,4.1505279777703645,,,
LV electricity distribution main,49.92652993142605,4.148244246218758,,,
LV electricity distribution main,49.91057751491715,4.150525780240651,,,
LV electricity distribution main,49.894626525067494,4.150524685529989,,,
LV electricity distribution main,49.87868573013246,4.1546229813242785,,,
LV electricity distribution main,49.362662326774895,4.878626127272143,,,
LV electricity distribution main,47.485640585228516,4.8915487026851405,,,
LV electricity distribution main,47.46862540068683,4.8786273972351575,,,
LV electricity distribution main,46.98912659052172,4.322264147133306,,,
LV electricity distribution main,46.390454105283936,4.751891149166426,,,
LV electricity distribution main,45.71240217368786,4.859462248580957,,,
LV electricity distribution main,45.557721427446104,4.878628033468341,,,
LV electricity distribution main,45.54210071648752,4.888882799186239,,,
LV electricity distribution main,44.899732316806045,4.3845649046881014,,,
LV electricity distribution main,44.584608727812935,4.751891692528542,,,
LV electricity distribution main,44.32985957011025,3.385784590679814,,,
LV electricity distribution main,44.31959294224215,3.3963300481177807,,,
LV electricity distribution main,44.309299121076755,4.717883006376109,,,
LV electricity distribution main,44.295009071759154,4.711561456486994,,,
LV electricity distribution main,44.28074735801285,4.722247228209848,,,
LV electricity distribution main,44.266462519804996,4.711558502905342,,,
LV electricity distribution main,44.25221918548007,4.722244272172788,,,
LV electricity distribution main,43.87248636918459,4.848849089726419,,,
LV electricity distribution main,43.21596667627401,4.329130391639225,,,
LV electricity distribution main,43.053626082508686,4.3741470185510565,,,
LV electricity distribution main,42.98310222396587,4.74936473202385,,,
LV electricity distribution main,42.96956485067089,4.411460614641767,,,
LV electricity distribution main,42.41106535284879,4.717875614307135,,,
LV electricity distribution main,42.397973122203865,4.715927105098978,,,
LV electricity distribution main,42.384894371416635,4.717872654725198,,,
LV electricity distribution main,42.371818296887305,4.715924153647192,,,
LV electricity distribution main,42.358755680587066,4.717869696558995,,,
LV electricity distribution main,42.34569573228541,4.722235402295644,,,
LV electricity distribution main,41.546622783798725,4.322264358799956,,,
LV electricity distribution main,41.23827325450986,4.384564067002933,,,
LV electricity distribution main,40.237736427310494,4.920677594727714,,,
LV electricity distribution main,40.16326389737718,2.8886948511856056,,,
LV electricity distribution main,40.15607303281886,2.8886954675208836,,,
LV electricity distribution main,40.148884740952994,4.352717348875007,,,
LV electricity distribution main,40.13805918584743,4.570681169008632,,,
LV electricity distribution main,40.126697971734444,4.581565848311918,,,
LV electricity distribution main,39.796835818187056,4.329130603592269,,,
LV electricity distribution main,39.208646410046505,4.419245151650553,,,
LV electricity distribution main,38.4442580026226,4.928180215840131,,,
LV electricity distribution main,38.1924049426308,4.994128587593305,,,
LV electricity distribution main,38.092608799800395,4.8786293030770045,,,
LV electricity distribution main,37.96409209787492,4.014652508494779,,,
LV electricity distribution main,37.9551638410978,4.004293362843176,,,
LV electricity distribution main,37.946262798527165,4.012155250518985,,,
LV electricity distribution main,37.944251103656946,4.857381512558073,,,
LV electricity distribution main,37.937348469746155,4.014653645310228,,,
LV electricity distribution main,37.92843278199953,4.004294501484933,,,
LV electricity distribution main,37.91954426720294,3.885663320818315,,,
LV electricity distribution main,37.910923004979324,3.8778361039672378,,,
LV electricity distribution main,37.902323012385,4.677177401169034,,,
LV electricity distribution main,37.6953094084591,4.511853832377049,,,
LV electricity distribution main,37.68541753265559,4.5060731311201945,,,
LV electricity distribution main,37.67554350683132,4.505014839358783,,,
LV electricity distribution main,37.66567696977331,4.50501446091377,,,
LV electricity distribution main,36.638407349924826,4.9308931555125,,,
LV electricity distribution main,36.461661153890276,4.878629937544056,,,
LV electricity distribution main,36.45032202568826,4.285329890276675,,,
LV electricity distribution main,36.44153676613067,4.2853302693527215,,,
LV electricity distribution main,36.432755739114334,4.295790582307094,,,
LV electricity distribution main,36.42395752890655,4.285331030662341,,,
LV electricity distribution main,36.41518496810786,4.295791340744712,,,
LV electricity distribution main,36.406395238648365,4.285331788436091,,,
LV electricity distribution main,36.39763113183737,4.077509594327361,,,
LV electricity distribution main,36.179126362782014,4.851147511386987,,,
LV electricity distribution main,35.76661666798513,4.183628978516839,,,
LV electricity distribution main,35.75835847018827,4.181423544299444,,,
LV electricity distribution main,35.750108433921476,4.183628337409688,,,
LV electricity distribution main,35.37474491578939,4.421791121438977,,,
LV electricity distribution main,34.866934514032415,4.928178883655622,,,
LV electricity distribution main,34.85769049878622,4.9308918130868316,,,
LV electricity distribution main,34.55626980123981,4.888884700360374,,,
LV electricity distribution main,34.317597782485954,4.793658121944885,,,
LV electricity distribution main,34.049294211153395,5.000860643483331,,,
LV electricity distribution main,32.410669055461085,4.594805023893143,,,
LV electricity distribution main,32.40322138531252,4.605073364630942,,,
LV electricity distribution main,32.129409187314714,4.994128465304102,,,
LV electricity distribution main,31.643970125350616,4.4192460991388804,,,
LV electricity distribution main,31.637141714597075,4.408911059652295,,,
LV electricity distribution main,30.61037247460351,4.857384770820203,,,
LV electricity distribution main,30.521921808368067,4.677177923644686,,,
LV electricity distribution main,30.451065617335857,4.791320741181799,,,
LV electricity distribution main,30.33273962221697,4.597459892384101,,,
LV electricity distribution main,30.24006150858833,5.0008605209183195,,,
LV electricity distribution main,29.24463342240674,4.928177549703826,,,
LV electricity distribution main,28.80601619973453,4.857386400481476,,,
LV electricity distribution main,28.550818309266866,4.679704604169452,,,
LV electricity distribution main,28.46667993742792,4.993992002209408,,,
LV electricity distribution main,28.021225951069464,4.4217925497506085,,,
LV electricity distribution main,27.30645067685291,4.791321211395903,,,
LV electricity distribution main,27.07293415587558,4.857388030143051,,,
LV electricity distribution main,27.020365213300526,4.930890473492358,,,
LV electricity distribution main,27.01480993066804,4.928176217520111,,,
LV electricity distribution main,26.88916232231724,4.677178967884397,,,
LV electricity distribution main,26.883943807551354,4.496716861652666,,,
LV electricity distribution main,26.844166289193552,5.000996563056539,,,
LV electricity distribution main,26.31234189779773,4.782515606891892,,,
LV electricity distribution main,26.30723233563383,4.771643909873357,,,
LV electricity distribution main,26.30213636346947,4.428503892322732,,,
LV electricity distribution main,26.29740855462777,4.419763932847119,,,
LV electricity distribution main,26.292691768934915,4.42850443355423,,,
LV electricity distribution main,25.573564353576593,4.7936595431744005,,,
LV electricity distribution main,25.566208472433306,4.194779528174043,,,
LV electricity distribution main,25.11669234095432,4.993991879765509,,,
LV electricity distribution main,25.11183071488121,3.7802474928844707,,,
LV electricity distribution main,25.1081517410902,3.7806569527759493,,,
LV electricity distribution main,25.10447344677131,3.7806570629097473,,,
LV electricity distribution main,23.84456759192098,7.584511696517561,,,
LV electricity distribution main,23.837914230713448,4.730062604036872,,,
LV electricity distribution main,23.83376632177592,4.730061327086432,,,
LV electricity distribution main,23.829619857092005,4.730060049606374,,,
LV electricity distribution main,23.825474835908036,4.730058770887409,,,
LV electricity distribution main,23.82133125747149,4.726535798187686,,,
LV electricity distribution main,23.817192203923863,4.730056223855863,,,
LV electricity distribution main,23.813051507642562,4.730054946198551,,,
LV electricity distribution main,23.808912251850636,4.730053668894843,,,
LV electricity distribution main,23.80477443579626,4.726530691410665,,,
LV electricity distribution main,23.80064113734595,4.730051122569378,,,
LV electricity distribution main,23.796506197437463,4.730049843144677,,,
LV electricity distribution main,23.792372695017534,4.730048566017163,,,
LV electricity distribution main,23.78824062933473,4.730047286945633,,,
LV electricity distribution main,23.784109999641846,4.458423633140573,,,
LV electricity distribution main,23.7802178461368,4.4668873437702095,,,
LV electricity distribution main,23.776319582298093,4.456300829995501,,,
LV electricity distribution main,23.772431829050127,4.456300496662141,,,
LV electricity distribution main,23.768545347182638,4.469003440437495,,,
LV electricity distribution main,23.76464906439087,4.4562998296678415,,,
LV electricity distribution main,23.760765127032844,4.082623619893145,,,
LV electricity distribution main,23.75720793662759,4.078906172625194,,,
LV electricity distribution main,23.753655048141336,4.072428790246807,,,
LV electricity distribution main,23.750108860770176,4.078904203399273,,,
LV electricity distribution main,23.746558096695523,4.078903218079497,,,
LV electricity distribution main,23.745662631127868,4.2011594022044125,,,
LV electricity distribution main,23.572154299729718,22.143759801520204,,,
LV electricity distribution main,23.125803901892994,3.1845813919504686,,,
LV electricity distribution main,22.943875080312633,4.499239973645299,,,
LV electricity distribution main,22.868030101822406,4.930889130358918,,,
LV electricity distribution main,22.630951360778713,4.952382089046597,,,
LV electricity distribution main,22.627037129402897,4.958735584887089,,,
LV electricity distribution main,22.147421530206763,4.791322150405123,,,
LV electricity distribution main,21.68788006809601,4.194781779970604,,,
LV electricity distribution main,21.684834988936117,4.408511707736683,,,
LV electricity distribution main,21.68163570301186,4.397886530058651,,,
LV electricity distribution main,20.62174694529295,4.952378902681929,,,
LV electricity distribution main,20.61849678459669,4.958732392523054,,,
LV electricity distribution main,20.419991048820723,4.791322620262871,,,
LV electricity distribution main,20.1282990459137,4.778479392867158,,,
LV electricity distribution main,20.125311243325022,4.772004656941136,,,
LV electricity distribution main,19.867500286455815,4.605074472985427,,,
LV electricity distribution main,19.864694998602893,4.594807244229293,,,
LV electricity distribution main,19.352659812333858,4.496717824015888,,,
LV electricity distribution main,19.344362325675306,4.928174884630905,,,
LV electricity distribution main,19.265580268940322,4.841150368891037,,,
LV electricity distribution main,19.262807174262036,4.836345534069238,,,
LV electricity distribution main,19.260037628441214,3.4501828674013617,,,
LV electricity distribution main,19.2580622775235,4.6483465266901485,,,
LV electricity distribution main,19.25540167111896,4.6483461060697815,,,
LV electricity distribution main,18.784623405058678,4.958730795810697,,,
LV electricity distribution main,18.455898043504046,4.778482098485671,,,
LV electricity distribution main,18.39296333244712,3.7875704432847144,,,
LV electricity distribution main,18.39098569033061,3.779003072860013,,,
LV electricity distribution main,18.38901294487008,4.759035755349327,,,
LV electricity distribution main,18.386529265940048,4.759036134704771,,,
LV electricity distribution main,18.09608434549946,4.605075580633793,,,
LV electricity distribution main,16.831536060440524,4.793660964049669,,,
LV electricity distribution main,16.799928052311994,4.77848345155924,,,
LV electricity distribution main,16.109892395868915,4.59480835651988,,,
LV electricity distribution main,15.895232854075253,4.917951665497859,,,
LV electricity distribution main,15.893315111919922,4.930887120758235,,,
LV electricity distribution main,15.791714680560043,4.499240944837225,,,
LV electricity distribution main,15.78998295309785,4.4967187884984385,,,
LV electricity distribution main,15.015259798673112,4.791323559981813,,,
LV electricity distribution main,14.92221146484691,4.687790210643809,,,
LV electricity distribution main,14.920600382510845,4.6942501105716845,,,
LV electricity distribution main,14.918987428845442,4.687787568880156,,,
LV electricity distribution main,14.804778318174675,4.952374121721336,,,
LV electricity distribution main,14.803103005252256,4.958727603447419,,,
LV electricity distribution main,14.801425923110104,2.9439757689226553,,,
LV electricity distribution main,14.800430380413918,2.9391573275975724,,,
LV electricity distribution main,14.322724628389963,4.501500759183156,,,
LV electricity distribution main,14.104383395488185,3.821026360368023,,,
LV electricity distribution main,14.103210139016772,3.8184382571806146,,,
LV electricity distribution main,14.102037872132724,3.8210256242034855,,,
LV electricity distribution main,14.100865006041527,4.889120504781813,,,
LV electricity distribution main,14.099364606940737,4.891594604570936,,,
LV electricity distribution main,13.953876971707544,4.928172886681144,,,
LV electricity distribution main,13.810157269834004,3.427639285769865,,,
LV electricity distribution main,13.8091482356821,3.4381877469084183,,,
LV electricity distribution main,13.808136244598698,3.4276388629573544,,,
LV electricity distribution main,13.807127505858984,4.1199322321203855,,,
LV electricity distribution main,13.805915241188128,4.122124188329157,,,
LV electricity distribution main,13.80470254461963,4.122123880794414,,,
LV electricity distribution main,13.580898823259227,4.648345679790295,,,
LV electricity distribution main,13.30650223797074,4.791324028073474,,,
LV electricity distribution main,13.305192830365119,4.793662387399351,,,
LV electricity distribution main,13.107394445702013,3.8937605011619465,,,
LV electricity distribution main,13.106361897066323,3.885478489593277,,,
LV electricity distribution main,13.105331706626881,3.8937599369602336,,,
LV electricity distribution main,13.104299483078407,4.046952526009607,,,
LV electricity distribution main,13.103226824282563,4.044672471235659,,,
LV electricity distribution main,13.102154945209824,4.057446597750385,,,
LV electricity distribution main,13.10107985731733,4.992434665796496,,,
LV electricity distribution main,13.099757295868033,5.000378418934955,,,
LV electricity distribution main,12.9385319546478,4.698030544827245,,,
LV electricity distribution main,12.80289565251693,4.633309441746831,,,
LV electricity distribution main,12.69069882786759,2.3558349901635265,,,
LV electricity distribution main,12.690113158070723,4.429590626589376,,,
LV electricity distribution main,12.689012135587289,4.442497239084313,,,
LV electricity distribution main,12.616053955190642,3.5434900197450645,,,
LV electricity distribution main,12.61518340197906,3.969050021041729,,,
LV electricity distribution main,12.614208449271532,3.9794368338511523,,,
LV electricity distribution main,12.445404465088357,4.499241913906929,,,
LV electricity distribution main,12.41009740196659,4.3057462987593516,,,
LV electricity distribution main,12.383091676701605,4.5041256070897875,,,
LV electricity distribution main,11.277037189246618,3.2398535305972724,,,
LV electricity distribution main,11.276401209352096,3.628127378354846,,,
LV electricity distribution main,11.275689101651254,3.633019712783654,,,
LV electricity distribution main,11.226457005082525,4.687784919187157,,,
LV electricity distribution main,11.186217007752711,10.727201544661266,,,
LV electricity distribution main,11.18414558360772,4.897575386565897,,,
LV electricity distribution main,11.183200021008831,4.895335692660026,,,
LV electricity distribution main,11.182255050540604,4.905858202838603,,,
LV electricity distribution main,11.18130820922625,4.897576746369601,,,
LV electricity distribution main,11.180363126034742,4.895337042933031,,,
LV electricity distribution main,11.179418634634954,4.8953374938559975,,,
LV electricity distribution main,11.178474302704908,4.89757810761363,,,
LV electricity distribution main,11.177529698213059,4.89533839216987,,,
LV electricity distribution main,11.176585685175,4.8953388406192095,,,
LV electricity distribution main,11.175641831486033,4.897579469211815,,,
LV electricity distribution main,11.174697705330173,4.89533973999357,,,
LV electricity distribution main,11.173754170290803,4.895340191625472,,,
LV electricity distribution main,11.172810794478904,3.6685542073288753,,,
LV electricity distribution main,11.172103920744295,3.670331640319557,,,
LV electricity distribution main,11.171396794047997,4.846569270372426,,,
LV electricity distribution main,11.170463209274258,4.846570868005853,,,
LV electricity distribution main,11.169529780211196,4.840304311790204,,,
LV electricity distribution main,11.168597713636636,4.846574065746697,,,
LV electricity distribution main,11.16766459567597,4.846575665146981,,,
LV electricity distribution main,11.166731633308874,4.846577262780168,,,
LV electricity distribution main,11.165798826496777,4.250963686940044,,,
LV electricity distribution main,11.16498077560023,4.807479828136326,,,
LV electricity distribution main,11.164055782619968,4.800719179009905,,,
LV electricity distribution main,11.163132243253585,4.809451061939805,,,
LV electricity distribution main,11.162207177425046,4.800720763582137,,,
LV electricity distribution main,11.16128394355273,4.807482991461206,,,
LV electricity distribution main,11.160359562360272,4.0552090554367055,,,
LV electricity distribution main,11.159579937079481,4.062838480202856,,,
LV electricity distribution main,11.15879895434321,4.0620611326594185,,,
LV electricity distribution main,11.079544832813697,5.0028256142659675,,,
LV electricity distribution main,11.078596934262809,4.9924329664286144,,,
LV electricity distribution main,11.077651166333355,4.844471455614567,,,
LV electricity distribution main,11.076733580305039,4.844470474525364,,,
LV electricity distribution main,11.07581614645491,4.834812577167716,,,
LV electricity distribution main,11.000751913299961,4.799945021033847,,,
LV electricity distribution main,10.970108928065725,4.759036511938562,,,
LV electricity distribution main,10.90195210884363,3.9690480540345034,,,
LV electricity distribution main,10.732244640834258,4.651972752226493,,,
LV electricity distribution main,10.731417597390587,4.656536155570897,,,
LV electricity distribution main,10.730589870351563,4.656537637926446,,,
LV electricity distribution main,10.7297622707215,4.651977188722917,,,
LV electricity distribution main,10.72893560900646,4.656540589223873,,,
LV electricity distribution main,10.72810826398347,4.65654206981232,,,
LV electricity distribution main,10.727281046281568,4.651981625925802,,,
LV electricity distribution main,10.726454766030818,4.662808001447423,,,
LV electricity distribution main,10.725626690678812,4.721761432137051,,,
LV electricity distribution main,10.724788276786713,4.727999448028985,,,
LV electricity distribution main,10.723948886656267,4.728000993447386,,,
LV electricity distribution main,10.723109627628135,4.731587937989928,,,
LV electricity distribution main,10.722269863433063,4.741846140039138,,,
LV electricity distribution main,10.721428410693129,4.731586746971072,,,
LV electricity distribution main,10.720588909992033,4.7315861539227795,,,
LV electricity distribution main,10.71974954084851,4.741844361699154,,,
LV electricity distribution main,10.718908483921691,4.731584964671335,,,
LV electricity distribution main,10.718069378085938,4.741843174971058,,,
LV electricity distribution main,10.717228584974729,1.8637504360057138,,,
LV electricity distribution main,10.716898137121888,4.519271943985098,,,
LV electricity distribution main,10.716096978120564,4.519270544490465,,,
LV electricity distribution main,10.7152959391377,4.519269144996509,,,
LV electricity distribution main,10.714495020146328,4.508417443436059,,,
LV electricity distribution main,10.713696143469797,4.519266353760124,,,
LV electricity distribution main,10.71289546409186,4.5192649532043925,,,
LV electricity distribution main,10.712094904624818,4.519263553709451,,,
LV electricity distribution main,10.711294465041549,4.519262154215353,,,
LV electricity distribution main,10.710494145315126,4.519260755781196,,,
LV electricity distribution main,10.709693945418442,4.5192593548711875,,,
LV electricity distribution main,10.708893865325027,3.9183786279890187,,,
LV electricity distribution main,10.7082002537401,3.9154393579396682,,,
LV electricity distribution main,10.707613735429124,4.630992617360798,,,
LV electricity distribution main,10.70750725215645,3.9183764668255705,,,
LV electricity distribution main,10.706813820551645,3.9183753839585047,,,
LV electricity distribution main,10.706794195781097,4.637379788198204,,,
LV electricity distribution main,10.706120478944701,4.603617207827676,,,
LV electricity distribution main,10.705306010341353,4.59924365385177,,,
LV electricity distribution main,10.685486181845022,4.4398790037625835,,,
LV electricity distribution main,10.606075750424553,4.930885778333691,,,
LV electricity distribution main,10.296241872652075,4.298000461367211,,,
LV electricity distribution main,10.295538571112147,4.308314219943686,,,
LV electricity distribution main,10.252581108754804,4.88911940843931,,,
LV electricity distribution main,10.251787864679946,4.889118861860592,,,
LV electricity distribution main,10.103145082921035,4.119931319052655,,,
LV electricity distribution main,10.102495963925909,4.1221232636056095,,,
LV electricity distribution main,9.932851125121243,4.664939462956719,,,
LV electricity distribution main,9.932140715702705,4.664938206466045,,,
LV electricity distribution main,9.931430408083227,4.66493695085805,,,
LV electricity distribution main,9.930720202240792,4.664935694720851,,,
LV electricity distribution main,9.93001009815361,4.6649344373456305,,,
LV electricity distribution main,9.929300095800006,4.664933181562129,,,
LV electricity distribution main,9.60606869019915,4.694244812064487,,,
LV electricity distribution main,9.605400079036881,4.687782279722204,,,
LV electricity distribution main,9.299230412497527,4.844468514798241,,,
LV electricity distribution main,9.24716324719605,4.791324966730014,,,
LV electricity distribution main,9.246530849551096,4.79132543871003,,,
LV electricity distribution main,9.245898538332172,4.791325906801826,,,
LV electricity distribution main,9.107036480218992,4.416915633733366,,,
LV electricity distribution main,9.075839408127242,4.711257388771868,,,
LV electricity distribution main,9.071655675887525,2.2989578821890397,,,
LV electricity distribution main,9.071363628626356,4.87141989336965,,,
LV electricity distribution main,9.070744874027236,4.877929637914617,,,
LV electricity distribution main,9.070125377205091,4.871422620042174,,,
LV electricity distribution main,8.96784996309016,4.496719750153169,,,
LV electricity distribution main,8.938659389892445,4.799946358259959,,,
LV electricity distribution main,8.851965419427199,4.695731513201415,,,
LV electricity distribution main,8.628877484795742,4.599242250385215,,,
LV electricity distribution main,8.546824862553173,4.30574492944773,,,
LV electricity distribution main,8.303845952760229,4.664931924717154,,,
LV electricity distribution main,7.943865823373943,10.579007218656168,,,
LV electricity distribution main,7.854351700057599,4.656566673099934,,,
LV electricity distribution main,7.853908280906061,4.648344833625783,,,
LV electricity distribution main,7.853465694560727,4.648344408761663,,,
LV electricity distribution main,7.548329789235949,4.844467534063777,,,
LV electricity distribution main,7.547903724368697,4.834809629925686,,,
LV electricity distribution main,7.543621808781079,21.141942622082862,,,
LV electricity distribution main,7.541765424421174,4.890267941202222,,,
LV electricity distribution main,7.54133607961182,4.890268345052753,,,
LV electricity distribution main,7.540906783647144,4.888150921892052,,,
LV electricity distribution main,7.540477722391567,4.890269150989298,,,
LV electricity distribution main,7.540048524070244,4.898739763476798,,,
LV electricity distribution main,7.53961863134345,4.890269959017723,,,
LV electricity distribution main,7.539189530737731,4.888152519258692,,,
LV electricity distribution main,7.538760664724599,4.890270766015309,,,
LV electricity distribution main,7.5383316616955,4.88815331883872,,,
LV electricity distribution main,7.5379028932007195,4.8902715705343365,,,
LV electricity distribution main,7.537473987715178,4.888154118066028,,,
LV electricity distribution main,7.537045316705523,4.890272377178461,,,
LV electricity distribution main,7.5366165087300905,4.888154915878659,,,
LV electricity distribution main,7.536187935172443,4.890273183821805,,,
LV electricity distribution main,7.53575922467387,4.890273588379232,,,
LV electricity distribution main,7.5353305629117155,4.898744147603862,,,
LV electricity distribution main,7.534901207586949,4.890274395349393,,,
LV electricity distribution main,7.534472643357324,4.888156914625209,,,
LV electricity distribution main,7.534044313400023,4.9644126811514155,,,
LV electricity distribution main,7.533609351677435,4.957924399212631,,,
LV electricity distribution main,7.533175008519443,4.9644155641611905,,,
LV electricity distribution main,7.532740146907628,4.968069124353111,,,
LV electricity distribution main,7.5323050155349245,4.957928723096671,,,
LV electricity distribution main,7.531870822377168,4.964419894571095,,,
LV electricity distribution main,7.531436110935916,4.881422599338008,,,
LV electricity distribution main,7.531008715698405,4.883969808401028,,,
LV electricity distribution main,7.530581145993113,4.89065310287571,,,
LV electricity distribution main,7.530153039874265,4.881419486093272,,,
LV electricity distribution main,7.5297257905124235,4.883966698342525,,,
LV electricity distribution main,7.529298366733629,4.888105228897844,,,
LV electricity distribution main,7.528870629371849,4.883964627731693,,,
LV electricity distribution main,7.528443302849375,4.88141534274287,,,
LV electricity distribution main,7.517492932031575,4.694242166068277,,,
LV electricity distribution main,7.5170834440090974,4.687779640257236,,,
LV electricity distribution main,7.516674564209882,4.69423952307798,,,
LV electricity distribution main,7.49256458115227,4.796348250033669,,,
LV electricity distribution main,7.492148957278513,4.909888308431624,,,
LV electricity distribution main,7.464824627601487,3.801365259703292,,,
LV electricity distribution main,7.464497650196079,3.80136494201492,,,
LV electricity distribution main,7.384515283496937,4.722077346168657,,,
LV electricity distribution main,7.281064780412211,4.416914248928239,,,
LV electricity distribution main,7.2807033350895205,4.421818928616666,,,
LV electricity distribution main,7.201687108112574,4.795625163852694,,,
LV electricity distribution main,7.201303184881087,4.805953924225491,,,
LV electricity distribution main,7.16111249489882,4.928171555911357,,,
LV electricity distribution main,7.034099438702739,4.59924084762811,,,
LV electricity distribution main,6.871227059225351,4.702836002118067,,,
LV electricity distribution main,6.786464101967162,4.297999076096756,,,
LV electricity distribution main,6.693703934309335,4.6649306684026675,,,
LV electricity distribution main,5.816822836569958,3.6585880639696087,,,
LV electricity distribution main,5.739581920912867,4.789697383653128,,,
LV electricity distribution main,5.739338359376982,4.776694345209392,,,
LV electricity distribution main,5.739095479618209,4.779672306115552,,,
LV electricity distribution main,5.738852469020477,4.786728649980187,,,
LV electricity distribution main,5.73860912029952,4.779673808719015,,,
LV electricity distribution main,5.738366150809761,4.77669733172723,,,
LV electricity distribution main,5.692707199325587,4.899713676354409,,,
LV electricity distribution main,5.633702216240073,4.844465573273353,,,
LV electricity distribution main,5.609296604264324,4.805954487511146,,,
LV electricity distribution main,5.532879825939484,3.9732621980703873,,,
LV electricity distribution main,5.532692068482306,3.9835466131498105,,,
LV electricity distribution main,5.532503837841071,3.973261380986777,,,
LV electricity distribution main,5.532316105938965,4.651270706037898,,,
LV electricity distribution main,5.532096356356378,4.641104501695732,,,
LV electricity distribution main,5.517320838783538,4.416911482856375,,,
LV electricity distribution main,5.484936752519472,4.930884435907948,,,
LV electricity distribution main,5.48484103800242,4.722075826096109,,,
LV electricity distribution main,5.484621755847061,4.722074305316703,,,
LV electricity distribution main,5.484402491294919,4.711251322555286,,,
LV electricity distribution main,5.484183746746823,4.722071273277069,,,
LV electricity distribution main,5.483964517354149,4.722069753911343,,,
LV electricity distribution main,5.483745305558274,4.722068233484751,,,
LV electricity distribution main,5.483526111357127,4.72206671235068,,,
LV electricity distribution main,5.483306934748625,3.494308473935544,,,
LV electricity distribution main,5.483144754622149,3.4943077053421576,,,
LV electricity distribution main,5.4829825841245405,3.2285620276654527,,,
LV electricity distribution main,5.482832755048123,3.215486586116415,,,
LV electricity distribution main,5.482683540890571,4.723537489684036,,,
LV electricity distribution main,5.482464363389024,4.723538416463932,,,
LV electricity distribution main,5.482245203367248,4.723539344303679,,,
LV electricity distribution main,5.482026060823104,3.864091198383764,,,
LV electricity distribution main,5.481846802996141,3.8640917825524155,,,
LV electricity distribution main,5.481667556864678,3.860812282099117,,,
LV electricity distribution main,5.481488474563093,3.9143871682928024,,,
LV electricity distribution main,5.474394793630769,4.935735196233385,,,
LV electricity distribution main,5.474166462660851,4.925572994320071,,,
LV electricity distribution main,5.473938620769673,4.925571568429566,,,
LV electricity distribution main,5.380447059026772,4.883962557650803,,,
LV electricity distribution main,5.332019881685837,3.801364624591332,,,
LV electricity distribution main,5.331853052187962,4.9333733843296255,,,
LV electricity distribution main,5.303390068057741,4.599239445224832,,,
LV electricity distribution main,5.303190386742549,4.599238041052549,,,
LV electricity distribution main,5.15492398076947,4.692782835423639,,,
LV electricity distribution main,5.113505785096457,4.664929411734318,,,
LV electricity distribution main,5.113317494961602,4.664928154183198,,,
LV electricity distribution main,5.113129218743216,4.664926899283409,,,
LV electricity distribution main,5.11294095643965,4.664925643322782,,,
LV electricity distribution main,5.112752708049405,4.664924386478143,,,
LV electricity distribution main,4.05263261214999,4.834807667678564,,,
LV electricity distribution main,3.98526396712079,4.416910099820172,,,
LV electricity distribution main,3.9851556776793773,4.416908717491679,,,
LV electricity distribution main,3.9086810166254873,4.928170223374714,,,
LV electricity distribution main,3.8575950343836833,4.871394272084656,,,
LV electricity distribution main,3.8574831322614314,4.8713956350677154,,,
LV electricity distribution main,3.857371236599763,4.877905339392893,,,
LV electricity distribution main,3.78894236657515,4.899715093426148,,,
LV electricity distribution main,3.7708715198913096,3.565043763568096,,,
LV electricity distribution main,3.766619029416789,4.626911194034202,,,
LV electricity distribution main,3.751437236682789,4.789701880040636,,,
LV electricity distribution main,3.7513331831736765,4.776698824795336,,,
LV electricity distribution main,3.7512294178891574,4.779676812889898,,,
LV electricity distribution main,3.7511255936605497,4.786733118472617,,,
LV electricity distribution main,3.7510216219186496,4.77967831513962,,,
LV electricity distribution main,3.7509178091592776,4.776701810252597,,,
LV electricity distribution main,3.7508140667872603,4.789706376781567,,,
LV electricity distribution main,3.657015992849565,4.509860572045637,,,
LV electricity distribution main,3.6569228881310867,4.520321736709805,,,
LV electricity distribution main,3.6568295722075828,4.509861412074933,,,
LV electricity distribution main,3.6567364769635238,4.520322574219757,,,
LV electricity distribution main,3.6566431705357823,4.509862253517208,,,
LV electricity distribution main,3.6565500847646675,4.520323412435393,,,
LV electricity distribution main,3.656456787831224,4.498261768254351,,,
LV electricity distribution main,3.656363950952119,4.508749822791808,,,
LV electricity distribution main,3.656270902352514,4.495970186946332,,,
LV electricity distribution main,3.627525297360404,4.890645841367136,,,
LV electricity distribution main,3.582085673719086,4.599236639354674,,,
LV electricity distribution main,3.5370771746137284,4.9333730021359425,,,
LV electricity distribution main,3.5240688138979293,4.702837414857702,,,
LV electricity distribution main,3.3394130574040726,4.589663369062305,,,
LV electricity distribution main,3.3393340482276157,4.5896643393807235,,,
LV electricity distribution main,2.2066926604731862,4.548535967332854,,,
LV electricity distribution main,2.206658468918666,4.558908447828376,,,
LV electricity distribution main,2.206624200458106,4.548536930602218,,,
LV electricity distribution main,2.126012664691576,3.6585877329838454,,,
LV electricity distribution main,2.1259871369902723,3.6585874027003396,,,
LV electricity distribution main,2.107511168073726,4.416907332687388,,,
LV electricity distribution main,2.1074808834246093,4.555076532528362,,,
LV electricity distribution main,2.094895335980015,3.44877465482741,,,
LV electricity distribution main,2.0705313132010654,4.8441704221982445,,,
LV electricity distribution main,2.0704992544542904,4.844464198136821,,,
LV electricity distribution main,1.996918794256823,4.694238199814163,,,
LV electricity distribution main,1.9968898974181408,4.6877756782305715,,,
LV electricity distribution main,1.9968610411955106,3.3315792372244277,,,
LV electricity distribution main,1.9968405336405082,3.335125566982441,,,
LV electricity distribution main,1.9968200046781643,4.671855585320406,,,
LV electricity distribution main,1.9967912484640047,4.671856245277231,,,
LV electricity distribution main,1.996762493074002,4.671856906207159,,,
LV electricity distribution main,1.9967337385081148,4.671857565722269,,,
LV electricity distribution main,1.9967049847663163,4.671858225944526,,,
LV electricity distribution main,1.996676231848567,4.670149320600055,,,
LV electricity distribution main,1.996647490275734,4.665074095993228,,,
LV electricity distribution main,1.913092791775253,4.6512694521963684,,,
LV electricity distribution main,1.9130665127889062,4.951984207479969,,,
LV electricity distribution main,1.9035936920612428,4.844463614606222,,,
LV electricity distribution main,1.9035665927147563,4.844462633869898,,,
LV electricity distribution main,1.9035394941453054,4.589667251046704,,,
LV electricity distribution main,1.8921905462290565,4.592916560941767,,,
LV electricity distribution main,1.8921651608524956,4.603605987591747,,,
LV electricity distribution main,1.8776505813080753,4.925570141479006,,,
LV electricity distribution main,1.8776237741589856,4.925568714881027,,,
LV electricity distribution main,1.7855019678049568,4.013877081137936,,,
LV electricity distribution main,1.7731514161669004,4.157662965912265,,,
LV electricity distribution main,1.7616994529457723,4.933372619898021,,,
LV electricity distribution main,1.6406757013361435,4.589665309348132,,,
LV electricity distribution main,1.600893745308204,3.5650439730798937,,,
LV electricity distribution main,1.6008796407585315,3.565044185417408,,,
LV electricity distribution secondary,2.315460461770859,17.228330047879375,,,
LV electricity distribution secondary,2.30501726896648,28.68042450263049,,,
LV electricity distribution secondary,2.282042648410202,5.774038608491296,,,
LV electricity distribution secondary,2.2752923131061364,12.576012049173604,,,
LV electricity distribution secondary,2.2655710083043545,11.723776767826894,,,
LV electricity distribution secondary,2.2513132175521253,34.099448284745975,,,
LV electricity distribution secondary,2.242356207277261,13.515311287981126,,,
LV electricity distribution secondary,2.2325417836592276,5.618351983796503,,,
LV electricity distribution secondary,2.2315742876918265,13.484619692411194,,,
LV electricity distribution secondary,2.226114417226925,20.40646079856873,,,
LV electricity distribution secondary,2.2177644792626507,13.904680189195991,,,
LV electricity distribution secondary,2.206590011017784,10.459441369629213,,,
LV electricity distribution secondary,2.1899074479111924,12.186184543314123,,,
LV electricity distribution secondary,2.1886299104757785,19.52026341549058,,,
LV electricity distribution secondary,2.1743736674580156,12.665836310032287,,,
LV electricity distribution secondary,2.1710650577989643,43.913183726460375,,,
LV electricity distribution secondary,2.169899520450539,18.71150758592338,,,
LV electricity distribution secondary,2.1696701362305473,15.749711528151558,,,
LV electricity distribution secondary,2.1679396436662643,12.543206900919492,,,
LV electricity distribution secondary,2.1573032190429346,15.024632503207046,,,
LV electricity distribution secondary,2.155521955918128,29.797635846136735,,,
LV electricity distribution secondary,2.1489163443918753,21.420682589956773,,,
LV electricity distribution secondary,2.1475691888059023,34.43425150438288,,,
LV electricity distribution secondary,2.1438716234250834,15.623777655161716,,,
LV electricity distribution secondary,2.1423651800793357,15.563480793500084,,,
LV electricity distribution secondary,2.1412134444718607,14.036418986716898,,,
LV electricity distribution secondary,2.136593043255991,14.425805321356453,,,
LV electricity distribution secondary,2.132150819775078,14.99727426424611,,,
LV electricity distribution secondary,2.128429828042687,24.166752619623992,,,
LV electricity distribution secondary,2.1284123196835703,22.720068737500252,,,
LV electricity distribution secondary,2.1259616099043,18.98808323842775,,,
LV electricity distribution secondary,2.1153771997687727,20.824346906951906,,,
LV electricity distribution secondary,2.1128319908999895,16.72765803168069,,,
LV electricity distribution secondary,2.109563638871638,11.124497427281533,,,
LV electricity distribution secondary,2.107449652340152,23.24107089395748,,,
LV electricity distribution secondary,2.1018843774098026,20.298805974712057,,,
LV electricity distribution secondary,2.0971792960777567,15.753604913833666,,,
LV electricity distribution secondary,2.0961385407687683,27.205364738680117,,,
LV electricity distribution secondary,2.0948719714655173,13.82682473295985,,,
LV electricity distribution secondary,2.0941097077991655,21.432147450230868,,,
LV electricity distribution secondary,2.088832350040428,9.175616544122633,,,
LV electricity distribution secondary,2.0886996820461334,10.760853062745127,,,
LV electricity distribution secondary,2.087239549124032,12.073023850860858,,,
LV electricity distribution secondary,2.084108047437528,12.984791419210415,,,
LV electricity distribution secondary,2.075614954380284,12.717935553045157,,,
LV electricity distribution secondary,2.07290244940557,13.37346527786954,,,
LV electricity distribution secondary,2.071698087140931,12.692728135491572,,,
LV electricity distribution secondary,2.070467194756155,14.535491067630602,,,
LV electricity distribution secondary,2.0652035869521823,17.07835116069217,,,
LV electricity distribution secondary,2.0649108568161583,12.623766652493146,,,
LV electricity distribution secondary,2.0630208860408423,15.739552575405533,,,
LV electricity distribution secondary,2.0611959472597565,11.728868236231316,,,
LV electricity distribution secondary,2.0546122559007634,16.524378141823394,,,
LV electricity distribution secondary,2.054126775205701,43.76798707538572,,,
LV electricity distribution secondary,2.051730618946303,19.908857117433783,,,
LV electricity distribution secondary,2.0514771684864295,13.796428069671654,,,
LV electricity distribution secondary,2.0487352190564336,17.59217264587298,,,
LV electricity distribution secondary,2.048169749344162,10.668247999891044,,,
LV electricity distribution secondary,2.0452865062111987,24.03258402380146,,,
LV electricity distribution secondary,2.0419402504193984,32.32219429535851,,,
LV electricity distribution secondary,2.0400000174973747,14.880710299563741,,,
LV electricity distribution secondary,2.0364057372042197,10.04194262843962,,,
LV electricity distribution secondary,2.0362817004407647,11.654324587405448,,,
LV electricity distribution secondary,2.0350041885820436,17.411922734802612,,,
LV electricity distribution secondary,2.033413631422558,17.33201238564739,,,
LV electricity distribution secondary,2.026797636464178,15.567337634755413,,,
LV electricity distribution secondary,2.0264320254193997,16.27711707538929,,,
LV electricity distribution secondary,2.025461938087215,15.003028852245533,,,
LV electricity distribution secondary,2.0243929590288294,15.787074426235208,,,
LV electricity distribution secondary,2.0228249910537985,8.480149281524458,,,
LV electricity distribution secondary,2.0215064940980323,10.204627647163548,,,
LV electricity distribution secondary,2.018888065037034,11.131183806133809,,,
LV electricity distribution secondary,2.013029124997347,12.289548345034817,,,
LV electricity distribution secondary,2.0123865563346377,21.108090733926108,,,
LV electricity distribution secondary,2.0077411870630293,16.676335866421688,,,
LV electricity distribution secondary,2.0024219153253973,10.35177052803692,,,
LV electricity distribution secondary,2.0013722882278953,12.01582622195099,,,
LV electricity distribution secondary,2.0007791575667655,20.032540231877274,,,
LV electricity distribution secondary,1.996618780763073,28.480717773475156,,,
LV electricity distribution secondary,1.9965409480865612,11.503420741479731,,,
LV electricity distribution secondary,1.994284095390986,13.829747401011462,,,
LV electricity distribution secondary,1.9926395378907915,17.692250698322056,,,
LV electricity distribution secondary,1.9866861164906282,38.77267860175152,,,
LV electricity distribution secondary,1.9857185578989849,18.960348814424208,,,
LV electricity distribution secondary,1.984621560020974,10.0896983316339,,,
LV electricity distribution secondary,1.983864548519973,15.375532851421697,,,
LV electricity distribution secondary,1.9801704182954551,17.426404937519745,,,
LV electricity distribution secondary,1.9796540127939086,30.694952124767678,,,
LV electricity distribution secondary,1.9788450887871623,11.824284084398146,,,
LV electricity distribution secondary,1.9784468663257275,17.0876995900389,,,
LV electricity distribution secondary,1.9715597490136163,16.69108815113095,,,
LV electricity distribution secondary,1.9644991832638365,7.478899351346021,,,
LV electricity distribution secondary,1.9643800324363672,17.0139048424338,,,
LV electricity distribution secondary,1.9560143702874075,17.788727758801297,,,
LV electricity distribution secondary,1.9534341837113522,16.831420957938082,,,
LV electricity distribution secondary,1.952213261524101,11.600793723445463,,,
LV electricity distribution secondary,1.9498220798467527,18.382316309696826,,,
LV electricity distribution secondary,1.9465434866839353,12.363932227019843,,,
LV electricity distribution secondary,1.9455504577720597,9.458728766901242,,,
LV electricity distribution secondary,1.9447989591838153,15.861451352088011,,,
LV electricity distribution secondary,1.9424413800832565,40.00017888661146,,,
LV electricity distribution secondary,1.9382076751253676,45.36354469757874,,,
LV electricity distribution secondary,1.9375158190105781,15.70966039167642,,,
LV electricity distribution secondary,1.934306132253183,9.298634839263558,,,
LV electricity distribution secondary,1.933784728879482,13.86263707731795,,,
LV electricity distribution secondary,1.9309697509933976,25.14767562638577,,,
LV electricity distribution secondary,1.9301179259026013,15.509367973489912,,,
LV electricity distribution secondary,1.924058672685047,10.564171900900552,,,
LV electricity distribution secondary,1.9229340891707276,17.135750475824096,,,
LV electricity distribution secondary,1.919695589041446,17.041659369663634,,,
LV electricity distribution secondary,1.9172497134736106,17.856113680131628,,,
LV electricity distribution secondary,1.9170966998624752,16.93594668215722,,,
LV electricity distribution secondary,1.9163028184208317,12.209610476380409,,,
LV electricity distribution secondary,1.916170658789739,15.328257344414064,,,
LV electricity distribution secondary,1.913776340564741,19.178428315701897,,,
LV electricity distribution secondary,1.913038535626855,18.818412151607696,,,
LV electricity distribution secondary,1.9109394187675166,22.650387206530837,,,
LV electricity distribution secondary,1.9057571230559336,12.876823299042822,,,
LV electricity distribution secondary,1.9035197301225064,11.615139109773654,,,
LV electricity distribution secondary,1.903513821522481,12.258326184032539,,,
LV electricity distribution secondary,1.899669654129456,29.757948635553294,,,
LV electricity distribution secondary,1.89927677279798,44.17869139067784,,,
LV electricity distribution secondary,1.8969069244167907,15.554725878267337,,,
LV electricity distribution secondary,1.896532101335683,37.21703658262762,,,
LV electricity distribution secondary,1.895384227610832,14.550149413656762,,,
LV electricity distribution secondary,1.8948577283103825,12.492253035980664,,,
LV electricity distribution secondary,1.8939458583137734,14.754331795275846,,,
LV electricity distribution secondary,1.8921397170790073,12.499321863772506,,,
LV electricity distribution secondary,1.8891989312610775,14.843737750178374,,,
LV electricity distribution secondary,1.889047373857902,31.416908753487224,,,
LV electricity distribution secondary,1.8872712208760902,11.63154444458008,,,
LV electricity distribution secondary,1.8862177875750537,11.289224350493,,,
LV electricity distribution secondary,1.8862174637201181,13.981810726803596,,,
LV electricity distribution secondary,1.8813929186910436,23.321061349383932,,,
LV electricity distribution secondary,1.877983778141587,29.75037739426392,,,
LV electricity distribution secondary,1.8775969677830926,15.652921665400312,,,
LV electricity distribution secondary,1.8775362260828676,21.667441214590642,,,
LV electricity distribution secondary,1.876607216321387,33.94029440609201,,,
LV electricity distribution secondary,1.8743314365441444,17.342721821140625,,,
LV electricity distribution secondary,1.872891936703211,13.112805005434884,,,
LV electricity distribution secondary,1.8726376378982958,14.989210167967771,,,
LV electricity distribution secondary,1.8725964112739826,13.714717070861571,,,
LV electricity distribution secondary,1.872102822403064,12.603963941011587,,,
LV electricity distribution secondary,1.8712059343377365,19.383598897630712,,,
LV electricity distribution secondary,1.8680898839582796,11.158851290430263,,,
LV electricity distribution secondary,1.8679489847961641,27.616166147943762,,,
LV electricity distribution secondary,1.861864552069038,11.810981295118255,,,
LV electricity distribution secondary,1.860372316763262,19.47336302184655,,,
LV electricity distribution secondary,1.858683870126376,14.80816003180511,,,
LV electricity distribution secondary,1.855433527799271,10.810222377615,,,
LV electricity distribution secondary,1.8538768098239824,18.962783979761625,,,
LV electricity distribution secondary,1.8530104716008207,31.26316311367272,,,
LV electricity distribution secondary,1.8511366860838405,24.820677059995656,,,
LV electricity distribution secondary,1.850454665600935,24.722352530823933,,,
LV electricity distribution secondary,1.8497012513402642,22.45776055775979,,,
LV electricity distribution secondary,1.8470040648275217,15.591971779196763,,,
LV electricity distribution secondary,1.8452717828413063,36.11576491015702,,,
LV electricity distribution secondary,1.8394860727740785,17.010417288296054,,,
LV electricity distribution secondary,1.8393529188810644,17.9817380753014,,,
LV electricity distribution secondary,1.8384485280756138,37.47653031506798,,,
LV electricity distribution secondary,1.8378260651545482,29.26443681464008,,,
LV electricity distribution secondary,1.836212344722932,15.619150739406921,,,
LV electricity distribution secondary,1.8324689742020763,15.193852466550616,,,
LV electricity distribution secondary,1.831590329644281,24.029739849310463,,,
LV electricity distribution secondary,1.8306200760485873,12.150878226552432,,,
LV electricity distribution secondary,1.8290137063067744,14.123791278725124,,,
LV electricity distribution secondary,1.8282374594359578,15.19483640452652,,,
LV electricity distribution secondary,1.827218340787485,14.679071331557934,,,
LV electricity distribution secondary,1.8268873976990707,23.134171687764184,,,
LV electricity distribution secondary,1.8261128799991568,17.691985074816696,,,
LV electricity distribution secondary,1.8254062470900012,14.388407497166538,,,
LV electricity distribution secondary,1.8250691485551287,14.230395816278131,,,
LV electricity distribution secondary,1.8246722474814734,21.832990114932805,,,
LV electricity distribution secondary,1.8242506182353746,19.3139309074654,,,
LV electricity distribution secondary,1.8221437633594784,23.016373642213264,,,
LV electricity distribution secondary,1.8219187980251783,17.69861543340456,,,
LV electricity distribution secondary,1.8205716084156185,42.10810409394593,,,
LV electricity distribution secondary,1.8181818056090475,16.831890611827422,,,
LV electricity distribution secondary,1.8163145298339016,43.60939589067094,,,
LV electricity distribution secondary,1.8141802987245643,18.940795103900015,,,
LV electricity distribution secondary,1.8105033267689412,21.351634668305444,,,
LV electricity distribution secondary,1.8070770734553365,21.781441611023006,,,
LV electricity distribution secondary,1.8059160954782474,25.524842039456235,,,
LV electricity distribution secondary,1.8041462288318688,36.83683988599739,,,
LV electricity distribution secondary,1.8028434012965946,15.394531837909843,,,
LV electricity distribution secondary,1.8016351766238257,23.83771477715097,,,
LV electricity distribution secondary,1.8002735186099703,26.888204502157578,,,
LV electricity distribution secondary,1.799849529626442,19.913392378941612,,,
LV electricity distribution secondary,1.7991039087332228,11.545107840320584,,,
LV electricity distribution secondary,1.7990163436679178,11.6745553275465,,,
LV electricity distribution secondary,1.798860760026529,12.62743550574752,,,
LV electricity distribution secondary,1.797333360010245,43.64292131760259,,,
LV electricity distribution secondary,1.7946130781694798,14.008701998443257,,,
LV electricity distribution secondary,1.794559385484911,17.677412114883136,,,
LV electricity distribution secondary,1.7942181652557374,12.486445272477203,,,
LV electricity distribution secondary,1.7941473375529553,17.04987134276248,,,
LV electricity distribution secondary,1.793839988522133,17.105434130852085,,,
LV electricity distribution secondary,1.7936495051825712,15.557956943226163,,,
LV electricity distribution secondary,1.790069073520146,11.553892347591544,,,
LV electricity distribution secondary,1.789307790655743,16.5398883148793,,,
LV electricity distribution secondary,1.787974121769613,16.516306123144457,,,
LV electricity distribution secondary,1.7854822139392934,18.052786621769172,,,
LV electricity distribution secondary,1.7846913014399646,27.848616822471957,,,
LV electricity distribution secondary,1.7835173351876286,29.44283657497489,,,
LV electricity distribution secondary,1.7818436894880403,35.59803909934439,,,
LV electricity distribution secondary,1.78118696120907,14.123404420484379,,,
LV electricity distribution secondary,1.78016009024585,17.576618879256994,,,
LV electricity distribution secondary,1.777266783018739,23.868688091337358,,,
LV electricity distribution secondary,1.7760389356623232,16.72978519273013,,,
LV electricity distribution secondary,1.7756702804453932,16.89805236456938,,,
LV electricity distribution secondary,1.7752824449918376,20.34252912648578,,,
LV electricity distribution secondary,1.7742943046086745,23.495911966582888,,,
LV electricity distribution secondary,1.7731312367778653,17.343799593516298,,,
LV electricity distribution secondary,1.7722411932229616,41.213717374945375,,,
LV electricity distribution secondary,1.7714077805129338,22.85833415989176,,,
LV electricity distribution secondary,1.7682127427556291,12.623580818524015,,,
LV electricity distribution secondary,1.766325152386445,21.495201356014235,,,
LV electricity distribution secondary,1.765812408288288,13.951006173363208,,,
LV electricity distribution secondary,1.7656046478309135,14.12038181266758,,,
LV electricity distribution secondary,1.7630206855857709,16.582064177973884,,,
LV electricity distribution secondary,1.7616758170059725,23.02793451009917,,,
LV electricity distribution secondary,1.7612603000544265,14.010364298752283,,,
LV electricity distribution secondary,1.7598752647181732,16.86238880202669,,,
LV electricity distribution secondary,1.7575444429966132,20.425500853485936,,,
LV electricity distribution secondary,1.755712029809163,11.62882651191473,,,
LV electricity distribution secondary,1.7543346742838912,46.299522103794885,,,
LV electricity distribution secondary,1.7542451887145976,20.658093550202167,,,
LV electricity distribution secondary,1.754017696361972,23.899893201464916,,,
LV electricity distribution secondary,1.753562218813835,15.624677709254675,,,
LV electricity distribution secondary,1.7529944632754606,14.74584541182944,,,
LV electricity distribution secondary,1.7527035134073705,29.20549960701808,,,
LV electricity distribution secondary,1.7502539919578135,18.11911493344321,,,
LV electricity distribution secondary,1.7480088158634512,16.800648293037508,,,
LV electricity distribution secondary,1.7448260927467671,20.51026719300487,,,
LV electricity distribution secondary,1.7436495232724714,15.797449753115842,,,
LV electricity distribution secondary,1.7394930575333845,15.001497788316502,,,
LV electricity distribution secondary,1.738476688258035,17.21785512999525,,,
LV electricity distribution secondary,1.7382758064124844,16.687474681727146,,,
LV electricity distribution secondary,1.737368956197617,26.78683605465747,,,
LV electricity distribution secondary,1.7368196281068153,20.36457412693186,,,
LV electricity distribution secondary,1.7347884826243156,12.082141261177231,,,
LV electricity distribution secondary,1.7339624380377159,15.752666244830317,,,
LV electricity distribution secondary,1.7324573606186755,19.247925065771838,,,
LV electricity distribution secondary,1.7303581041283775,12.746931715828403,,,
LV electricity distribution secondary,1.7293322400211184,17.094918408700067,,,
LV electricity distribution secondary,1.7277633862638775,22.272059923614506,,,
LV electricity distribution secondary,1.7275298920243956,16.65816526618185,,,
LV electricity distribution secondary,1.7273733309876198,19.03808601577694,,,
LV electricity distribution secondary,1.726862500984641,43.55685458829151,,,
LV electricity distribution secondary,1.7255862954949797,17.67632097953624,,,
LV electricity distribution secondary,1.724408427216649,21.869965471777746,,,
LV electricity distribution secondary,1.7238035742793338,12.37944248307433,,,
LV electricity distribution secondary,1.722917681423319,44.132711640971884,,,
LV electricity distribution secondary,1.7219129416070436,17.856177593210226,,,
LV electricity distribution secondary,1.7209050468050329,12.476401694500957,,,
LV electricity distribution secondary,1.7205760486732042,22.815044234585024,,,
LV electricity distribution secondary,1.7173791831870344,31.728976334789717,,,
LV electricity distribution secondary,1.7159603405977017,17.31094649085557,,,
LV electricity distribution secondary,1.7138973211273825,17.590689888927766,,,
LV electricity distribution secondary,1.7136984648517382,24.56157804885506,,,
LV electricity distribution secondary,1.713293484520671,14.752860552152264,,,
LV electricity distribution secondary,1.7123209731378148,16.905285082049716,,,
LV electricity distribution secondary,1.7112789877848316,22.203863193360267,,,
LV electricity distribution secondary,1.7108610540213764,11.735609722092997,,,
LV electricity distribution secondary,1.7087697973269602,38.48016861625763,,,
LV electricity distribution secondary,1.7070903068821477,20.67614114585299,,,
LV electricity distribution secondary,1.704592917282605,22.77239458999557,,,
LV electricity distribution secondary,1.7035262901934791,19.32871221980911,,,
LV electricity distribution secondary,1.7031817898282156,13.971732750559456,,,
LV electricity distribution secondary,1.7013426031176566,18.36333023402294,,,
LV electricity distribution secondary,1.70036454327286,23.5411460678087,,,
LV electricity distribution secondary,1.6985793414368315,16.543417860604645,,,
LV electricity distribution secondary,1.695247153902086,17.3350791965542,,,
LV electricity distribution secondary,1.69201449743219,39.69317100684358,,,
LV electricity distribution secondary,1.6907251201387947,44.1504061813786,,,
LV electricity distribution secondary,1.689804028707382,12.409599320586267,,,
LV electricity distribution secondary,1.6827629339952719,19.85664206441402,,,
LV electricity distribution secondary,1.6783346007197215,15.662245239631615,,,
LV electricity distribution secondary,1.6775356411908209,27.981763225593262,,,
LV electricity distribution secondary,1.676210441958623,26.803461077464593,,,
LV electricity distribution secondary,1.6757856419186745,15.547367985324502,,,
LV electricity distribution secondary,1.6751615370968762,29.975918305351705,,,
LV electricity distribution secondary,1.6709089919337217,18.838934557238538,,,
LV electricity distribution secondary,1.6683814899398766,19.658743259450766,,,
LV electricity distribution secondary,1.6682014490058141,20.62473888552491,,,
LV electricity distribution secondary,1.666569191636646,11.609007990347724,,,
LV electricity distribution secondary,1.6664303300477457,25.222470342253203,,,
LV electricity distribution secondary,1.6662030256847133,24.451114529364773,,,
LV electricity distribution secondary,1.6637502930630983,24.01931795033161,,,
LV electricity distribution secondary,1.662297881788923,20.701977351369738,,,
LV electricity distribution secondary,1.662270436263499,11.923880724464826,,,
LV electricity distribution secondary,1.6614104141251753,17.04395473817011,,,
LV electricity distribution secondary,1.6613449055790084,22.4625486304822,,,
LV electricity distribution secondary,1.660954066366438,34.68214652304582,,,
LV electricity distribution secondary,1.657635554690496,25.0443819947466,,,
LV electricity distribution secondary,1.6568696165226735,18.690448262649053,,,
LV electricity distribution secondary,1.6557695373223595,17.081916803244475,,,
LV electricity distribution secondary,1.653457994468457,25.183519112568586,,,
LV electricity distribution secondary,1.652864180526598,13.950871949762666,,,
LV electricity distribution secondary,1.6522090498956685,14.729397489786695,,,
LV electricity distribution secondary,1.6497109902547797,14.883848584103417,,,
LV electricity distribution secondary,1.6496413658162667,17.132811640703693,,,
LV electricity distribution secondary,1.6487443772831705,24.476981852892425,,,
LV electricity distribution secondary,1.6448151624318141,9.069580742524153,,,
LV electricity distribution secondary,1.6413164065882004,23.287735811812823,,,
LV electricity distribution secondary,1.6406566294615297,15.179040913388924,,,
LV electricity distribution secondary,1.6396663207962296,17.09481752987251,,,
LV electricity distribution secondary,1.6388282262858913,18.88412494299377,,,
LV electricity distribution secondary,1.6370369072019468,19.366088311262512,,,
LV electricity distribution secondary,1.6363680690063516,28.839046176471317,,,
LV electricity distribution secondary,1.6361009218112983,14.987235633567478,,,
LV electricity distribution secondary,1.635488427826245,17.312229240784003,,,
LV electricity distribution secondary,1.6343332182822201,17.925135820716573,,,
LV electricity distribution secondary,1.6337704658879593,34.72400653848788,,,
LV electricity distribution secondary,1.6323846340875892,26.004269135618756,,,
LV electricity distribution secondary,1.6306626718408177,17.191761316955105,,,
LV electricity distribution secondary,1.629634333345291,12.650429488242237,,,
LV electricity distribution secondary,1.6286374078006727,33.1112183876445,,,
LV electricity distribution secondary,1.6274425288307988,19.549112494001978,,,
LV electricity distribution secondary,1.626595800647269,29.90457591712479,,,
LV electricity distribution secondary,1.6247442423976428,22.322937423009826,,,
LV electricity distribution secondary,1.6244001974749684,14.703056537586932,,,
LV electricity distribution secondary,1.623089320841254,16.43779383324795,,,
LV electricity distribution secondary,1.6230838365342002,29.71386832745748,,,
LV electricity distribution secondary,1.6200255209363525,14.789904945498932,,,
LV electricity distribution secondary,1.6194763890376138,11.829218501805304,,,
LV electricity distribution secondary,1.6193879932050297,17.189779114457426,,,
LV electricity distribution secondary,1.6172861256101774,21.39784493902789,,,
LV electricity distribution secondary,1.6162690012921213,19.670373983309076,,,
LV electricity distribution secondary,1.6096455074083533,22.246309188699733,,,
LV electricity distribution secondary,1.609482794889393,16.668232521449294,,,
LV electricity distribution secondary,1.607494207312819,40.28212075671606,,,
LV electricity distribution secondary,1.605755187684289,18.43096181343448,,,
LV electricity distribution secondary,1.6008655364565498,14.81949959458468,,,
LV electricity distribution secondary,1.5999290667633241,8.255103039326137,,,
LV electricity distribution secondary,1.59892633639696,11.559671622028674,,,
LV electricity distribution secondary,1.5971030576812772,16.939698834093498,,,
LV electricity distribution secondary,1.5962357139769106,21.4437347317335,,,
LV electricity distribution secondary,1.5942494564473908,12.633950649903262,,,
LV electricity distribution secondary,1.5938518949156908,14.69660286636233,,,
LV electricity distribution secondary,1.5916218716032415,13.914559271516323,,,
LV electricity distribution secondary,1.589183558175475,25.74310610214929,,,
LV electricity distribution secondary,1.586934157618555,11.71147431890931,,,
LV electricity distribution secondary,1.5860355876410503,16.715779441848756,,,
LV electricity distribution secondary,1.5832685536277873,44.48943203248897,,,
LV electricity distribution secondary,1.5808322624024425,20.249765911819562,,,
LV electricity distribution secondary,1.5798755128628006,22.258334666474425,,,
LV electricity distribution secondary,1.5786342303683727,21.361068361994068,,,
LV electricity distribution secondary,1.578589870583421,18.951505938027775,,,
LV electricity distribution secondary,1.576026749973415,17.041028025431245,,,
LV electricity distribution secondary,1.5745537225032993,15.768218967459593,,,
LV electricity distribution secondary,1.5731708703477405,35.48887948998343,,,
LV electricity distribution secondary,1.5728245538236005,19.32425174684736,,,
LV electricity distribution secondary,1.5720700747619487,19.163847032808498,,,
LV electricity distribution secondary,1.5718729958232307,17.734565841311742,,,
LV electricity distribution secondary,1.5664664684022815,35.21243267847175,,,
LV electricity distribution secondary,1.5654499099185795,16.886887676420056,,,
LV electricity distribution secondary,1.5591695304352977,12.666774391596423,,,
LV electricity distribution secondary,1.5567832919552298,18.234904884858846,,,
LV electricity distribution secondary,1.5567558290888488,15.029259380679932,,,
LV electricity distribution secondary,1.5526706975757498,16.862289397725846,,,
LV electricity distribution secondary,1.53184932322416,19.351844984211855,,,
LV electricity distribution secondary,1.529791997120006,40.313353047565265,,,
LV electricity distribution secondary,1.512048753899441,24.07150528773378,,,
LV electricity distribution secondary,1.5012318669940758,43.47288064057209,,,
LV electricity distribution secondary,1.4981813332496412,19.727790154073297,,,
LV electricity distribution secondary,1.486759259182918,17.741417519106527,,,
LV electricity distribution secondary,1.4455028375013153,11.691791938937598,,,
Low-voltage electricity supply,684.7593115122132,,,,
