techs,color,name,base_tech,flow_cap_max,flow_out_eff_per_distance,lifetime,link_to,link_from,distance
geothermie_delft_to_warmtenet1,#823739,Heat transmission main,transmission,100000,1,20,geothermie_delft,warmtenet1,
warmtenet1_to_warmtenet2,#823740,Heat transmission main,transmission,100000,1,20,warmtenet1,warmtenet2,
warmtenet2_to_warmtenet3,#823741,Heat transmission main,transmission,100000,1,20,warmtenet2,warmtenet3,
warmtenet3_to_warmtenet4,#823742,Heat transmission main,transmission,100000,1,20,warmtenet3,warmtenet4,
warmtenet4_to_warmtenet5,#823743,Heat transmission main,transmission,100000,1,20,warmtenet4,warmtenet5,
warmtenet5_to_warmtenet6,#823744,Heat transmission main,transmission,100000,1,20,warmtenet5,warmtenet6,
warmtenet6_to_warmtenet7,#823745,Heat transmission main,transmission,100000,1,20,warmtenet6,warmtenet7,
warmtenet7_to_warmtenet8,#823746,Heat transmission main,transmission,100000,1,20,warmtenet7,warmtenet8,
warmtenet8_to_warmtenet9,#823747,Heat transmission main,transmission,100000,1,20,warmtenet8,warmtenet9,
warmtenet9_to_warmtenet10,#823748,Heat transmission main,transmission,100000,1,20,warmtenet9,warmtenet10,
warmtenet10_to_warmtenet11,#823749,Heat transmission main,transmission,100000,1,20,warmtenet10,warmtenet11,
warmtenet11_to_warmtenet12,#823750,Heat transmission main,transmission,100000,1,20,warmtenet11,warmtenet12,
warmtenet4_to_warmtenet13,#823751,Heat transmission main,transmission,100000,1,20,warmtenet4,warmtenet13,
warmtenet13_to_warmtenet14,#823752,Heat transmission main,transmission,100000,1,20,warmtenet13,warmtenet14,
warmtenet14_to_warmtenet15,#823753,Heat transmission main,transmission,100000,1,20,warmtenet14,warmtenet15,
LVEtransmission1225_to_LVEtransmission6_electricity,#3186cc,LV electricity distribution main,transmission,100000,1,20,LVEtransmission6,LVEtransmission1225,
LVEtransmission6_to_LVEtransmission934_electricity,#3186cc,LV electricity distribution main,transmission,100000,1,20,LVEtransmission934,LVEtransmission6,
LVEtransmission934_to_LVEtransmission1171_electricity,#3186cc,LV electricity distribution main,transmission,100000,1,20,LVEtransmission1171,LVEtransmission934,
LVEtransmission1171_to_LVEtransmission123_electricity,#3186cc,LV electricity distribution main,transmission,100000,1,20,LVEtransmission123,LVEtransmission1171,
LVEtransmission123_to_LVEtransmission675_electricity,#3186cc,LV electricity distribution main,transmission,100000,1,20,LVEtransmission675,LVEtransmission123,
LVEtransmission675_to_LVEtransmission794_electricity,#3186cc,LV electricity distribution main,transmission,100000,1,20,LVEtransmission794,LVEtransmission675,
LVEtransmission794_to_LVEtransmission1161_electricity,#3186cc,LV electricity distribution main,transmission,100000,1,20,LVEtransmission1161,LVEtransmission794,
LVEtransmission1419_to_LVEtransmission1586_electricity,#3186cc,LV electricity distribution main,transmission,100000,1,20,LVEtransmission1586,LVEtransmission1419,
LVEtransmission1586_to_LVEtransmission478_electricity,#3186cc,LV electricity distribution main,transmission,100000,1,20,LVEtransmission478,LVEtransmission1586,
LVEtransmission478_to_LVEtransmission1194_electricity,#3186cc,LV electricity distribution main,transmission,100000,1,20,LVEtransmission1194,LVEtransmission478,
LVEtransmission1194_to_LVEtransmission684_electricity,#3186cc,LV electricity distribution main,transmission,100000,1,20,LVEtransmission684,LVEtransmission1194,
LVEtransmission1588_to_LVEtransmission1143_electricity,#3186cc,LV electricity distribution main,transmission,100000,1,20,LVEtransmission1143,LVEtransmission1588,
LVEtransmission1143_to_LVEtransmission89_electricity,#3186cc,LV electricity distribution main,transmission,100000,1,20,LVEtransmission89,LVEtransmission1143,
LVEtransmission89_to_LVEtransmission1411_electricity,#3186cc,LV electricity distribution main,transmission,100000,1,20,LVEtransmission1411,LVEtransmission89,
LVEtransmission1411_to_LVEtransmission323_electricity,#3186cc,LV electricity distribution main,transmission,100000,1,20,LVEtransmission323,LVEtransmission1411,
LVEtransmission323_to_LVEtransmission1590_electricity,#3186cc,LV electricity distribution main,transmission,100000,1,20,LVEtransmission1590,LVEtransmission323,
LVEtransmission1590_to_LVEtransmission1333_electricity,#3186cc,LV electricity distribution main,transmission,100000,1,20,LVEtransmission1333,LVEtransmission1590,
LVEtransmission1333_to_LVEtransmission130_electricity,#3186cc,LV electricity distribution main,transmission,100000,1,20,LVEtransmission130,LVEtransmission1333,
LVEtransmission1419_to_LVEtransmission1303_electricity,#3186cc,LV electricity distribution main,transmission,100000,1,20,LVEtransmission1303,LVEtransmission1419,
LVEtransmission1303_to_LVEtransmission1588_electricity,#3186cc,LV electricity distribution main,transmission,100000,1,20,LVEtransmission1588,LVEtransmission1303,
LVEtransmission130_to_LVEtransmission1642_electricity,#3186cc,LV electricity distribution main,transmission,100000,1,20,LVEtransmission1642,LVEtransmission130,
LVEtransmission1642_to_LVEtransmission1025_electricity,#3186cc,LV electricity distribution main,transmission,100000,1,20,LVEtransmission1025,LVEtransmission1642,
LVEtransmission13_to_LVEtransmission1884_electricity,#3186cc,LV electricity distribution main,transmission,100000,1,20,LVEtransmission1884,LVEtransmission13,
LVEtransmission1884_to_LVEtransmission616_electricity,#3186cc,LV electricity distribution main,transmission,100000,1,20,LVEtransmission616,LVEtransmission1884,
LVEtransmission616_to_LVEtransmission124_electricity,#3186cc,LV electricity distribution main,transmission,100000,1,20,LVEtransmission124,LVEtransmission616,
LVEtransmission124_to_LVEtransmission304_electricity,#3186cc,LV electricity distribution main,transmission,100000,1,20,LVEtransmission304,LVEtransmission124,
LVEtransmission304_to_LVEtransmission1475_electricity,#3186cc,LV electricity distribution main,transmission,100000,1,20,LVEtransmission1475,LVEtransmission304,
LVEtransmission1475_to_LVEtransmission1659_electricity,#3186cc,LV electricity distribution main,transmission,100000,1,20,LVEtransmission1659,LVEtransmission1475,
LVEtransmission1659_to_LVEtransmission995_electricity,#3186cc,LV electricity distribution main,transmission,100000,1,20,LVEtransmission995,LVEtransmission1659,
LVEtransmission995_to_LVEtransmission667_electricity,#3186cc,LV electricity distribution main,transmission,100000,1,20,LVEtransmission667,LVEtransmission995,
LVEtransmission667_to_LVEtransmission692_electricity,#3186cc,LV electricity distribution main,transmission,100000,1,20,LVEtransmission692,LVEtransmission667,
LVEtransmission692_to_LVEtransmission334_electricity,#3186cc,LV electricity distribution main,transmission,100000,1,20,LVEtransmission334,LVEtransmission692,
LVEtransmission334_to_LVEtransmission960_electricity,#3186cc,LV electricity distribution main,transmission,100000,1,20,LVEtransmission960,LVEtransmission334,
LVEtransmission960_to_LVEtransmission1026_electricity,#3186cc,LV electricity distribution main,transmission,100000,1,20,LVEtransmission1026,LVEtransmission960,
LVEtransmission1026_to_LVEtransmission1382_electricity,#3186cc,LV electricity distribution main,transmission,100000,1,20,LVEtransmission1382,LVEtransmission1026,
LVEtransmission1382_to_LVEtransmission1028_electricity,#3186cc,LV electricity distribution main,transmission,100000,1,20,LVEtransmission1028,LVEtransmission1382,
LVEtransmission1028_to_LVEtransmission1822_electricity,#3186cc,LV electricity distribution main,transmission,100000,1,20,LVEtransmission1822,LVEtransmission1028,
LVEtransmission1822_to_LVEtransmission1739_electricity,#3186cc,LV electricity distribution main,transmission,100000,1,20,LVEtransmission1739,LVEtransmission1822,
LVEtransmission1739_to_LVEtransmission1674_electricity,#3186cc,LV electricity distribution main,transmission,100000,1,20,LVEtransmission1674,LVEtransmission1739,
LVEtransmission1260_to_LVEtransmission110_electricity,#3186cc,LV electricity distribution main,transmission,100000,1,20,LVEtransmission110,LVEtransmission1260,
LVEtransmission110_to_LVEtransmission1870_electricity,#3186cc,LV electricity distribution main,transmission,100000,1,20,LVEtransmission1870,LVEtransmission110,
LVEtransmission1870_to_LVEtransmission249_electricity,#3186cc,LV electricity distribution main,transmission,100000,1,20,LVEtransmission249,LVEtransmission1870,
LVEtransmission249_to_LVEtransmission1911_electricity,#3186cc,LV electricity distribution main,transmission,100000,1,20,LVEtransmission1911,LVEtransmission249,
LVEtransmission1911_to_LVEtransmission142_electricity,#3186cc,LV electricity distribution main,transmission,100000,1,20,LVEtransmission142,LVEtransmission1911,
LVEtransmission142_to_LVEtransmission1564_electricity,#3186cc,LV electricity distribution main,transmission,100000,1,20,LVEtransmission1564,LVEtransmission142,
LVEtransmission1564_to_LVEtransmission1195_electricity,#3186cc,LV electricity distribution main,transmission,100000,1,20,LVEtransmission1195,LVEtransmission1564,
LVEtransmission1195_to_LVEtransmission1751_electricity,#3186cc,LV electricity distribution main,transmission,100000,1,20,LVEtransmission1751,LVEtransmission1195,
LVEtransmission1784_to_LVEtransmission1703_electricity,#3186cc,LV electricity distribution main,transmission,100000,1,20,LVEtransmission1703,LVEtransmission1784,
LVEtransmission1703_to_LVEtransmission1851_electricity,#3186cc,LV electricity distribution main,transmission,100000,1,20,LVEtransmission1851,LVEtransmission1703,
LVEtransmission1851_to_LVEtransmission1869_electricity,#3186cc,LV electricity distribution main,transmission,100000,1,20,LVEtransmission1869,LVEtransmission1851,
LVEtransmission1869_to_LVEtransmission2021_electricity,#3186cc,LV electricity distribution main,transmission,100000,1,20,LVEtransmission2021,LVEtransmission1869,
LVEtransmission2021_to_LVEtransmission1674_electricity,#3186cc,LV electricity distribution main,transmission,100000,1,20,LVEtransmission1674,LVEtransmission2021,
LVEtransmission1784_to_LVEtransmission1260_electricity,#3186cc,LV electricity distribution main,transmission,100000,1,20,LVEtransmission1260,LVEtransmission1784,
LVEtransmission13_to_LVEtransmission478_electricity,#3186cc,LV electricity distribution main,transmission,100000,1,20,LVEtransmission478,LVEtransmission13,
LVEtransmission1194_to_LVEtransmission1122_electricity,#3186cc,LV electricity distribution main,transmission,100000,1,20,LVEtransmission1122,LVEtransmission1194,
LVEtransmission1751_to_LVEtransmission287_electricity,#3186cc,LV electricity distribution main,transmission,100000,1,20,LVEtransmission287,LVEtransmission1751,
LVEtransmission287_to_LVEtransmission1642_electricity,#3186cc,LV electricity distribution main,transmission,100000,1,20,LVEtransmission1642,LVEtransmission287,
LVEtransmission1025_to_LVEtransmission1857_electricity,#3186cc,LV electricity distribution main,transmission,100000,1,20,LVEtransmission1857,LVEtransmission1025,
LVEtransmission45_to_LVEtransmission998_electricity,#3186cc,LV electricity distribution main,transmission,100000,1,20,LVEtransmission998,LVEtransmission45,
LVEtransmission998_to_LVEtransmission684_electricity,#3186cc,LV electricity distribution main,transmission,100000,1,20,LVEtransmission684,LVEtransmission998,
LVEtransmission1768_to_LVEtransmission1695_electricity,#3186cc,LV electricity distribution main,transmission,100000,1,20,LVEtransmission1695,LVEtransmission1768,
LVEtransmission1695_to_LVEtransmission1796_electricity,#3186cc,LV electricity distribution main,transmission,100000,1,20,LVEtransmission1796,LVEtransmission1695,
LVEtransmission1796_to_LVEtransmission45_electricity,#3186cc,LV electricity distribution main,transmission,100000,1,20,LVEtransmission45,LVEtransmission1796,
LVEtransmission981_to_LVEtransmission207_electricity,#3186cc,LV electricity distribution main,transmission,100000,1,20,LVEtransmission207,LVEtransmission981,
LVEtransmission207_to_LVEtransmission270_electricity,#3186cc,LV electricity distribution main,transmission,100000,1,20,LVEtransmission270,LVEtransmission207,
LVEtransmission270_to_LVEtransmission552_electricity,#3186cc,LV electricity distribution main,transmission,100000,1,20,LVEtransmission552,LVEtransmission270,
LVEtransmission552_to_LVEtransmission1664_electricity,#3186cc,LV electricity distribution main,transmission,100000,1,20,LVEtransmission1664,LVEtransmission552,
LVEtransmission1664_to_LVEtransmission436_electricity,#3186cc,LV electricity distribution main,transmission,100000,1,20,LVEtransmission436,LVEtransmission1664,
LVEtransmission436_to_LVEtransmission582_electricity,#3186cc,LV electricity distribution main,transmission,100000,1,20,LVEtransmission582,LVEtransmission436,
LVEtransmission582_to_LVEtransmission384_electricity,#3186cc,LV electricity distribution main,transmission,100000,1,20,LVEtransmission384,LVEtransmission582,
LVEtransmission384_to_LVEtransmission1982_electricity,#3186cc,LV electricity distribution main,transmission,100000,1,20,LVEtransmission1982,LVEtransmission384,
LVEtransmission1982_to_LVEtransmission1823_electricity,#3186cc,LV electricity distribution main,transmission,100000,1,20,LVEtransmission1823,LVEtransmission1982,
LVEtransmission1823_to_LVEtransmission1634_electricity,#3186cc,LV electricity distribution main,transmission,100000,1,20,LVEtransmission1634,LVEtransmission1823,
LVEtransmission1634_to_LVEtransmission121_electricity,#3186cc,LV electricity distribution main,transmission,100000,1,20,LVEtransmission121,LVEtransmission1634,
LVEtransmission121_to_LVEtransmission1391_electricity,#3186cc,LV electricity distribution main,transmission,100000,1,20,LVEtransmission1391,LVEtransmission121,
LVEtransmission1391_to_LVEtransmission1091_electricity,#3186cc,LV electricity distribution main,transmission,100000,1,20,LVEtransmission1091,LVEtransmission1391,
LVEtransmission1091_to_LVEtransmission1967_electricity,#3186cc,LV electricity distribution main,transmission,100000,1,20,LVEtransmission1967,LVEtransmission1091,
LVEtransmission1967_to_LVEtransmission125_electricity,#3186cc,LV electricity distribution main,transmission,100000,1,20,LVEtransmission125,LVEtransmission1967,
LVEtransmission125_to_LVEtransmission77_electricity,#3186cc,LV electricity distribution main,transmission,100000,1,20,LVEtransmission77,LVEtransmission125,
LVEtransmission77_to_LVEtransmission1158_electricity,#3186cc,LV electricity distribution main,transmission,100000,1,20,LVEtransmission1158,LVEtransmission77,
LVEtransmission1158_to_LVEtransmission1325_electricity,#3186cc,LV electricity distribution main,transmission,100000,1,20,LVEtransmission1325,LVEtransmission1158,
LVEtransmission1325_to_LVEtransmission1723_electricity,#3186cc,LV electricity distribution main,transmission,100000,1,20,LVEtransmission1723,LVEtransmission1325,
LVEtransmission1723_to_LVEtransmission1189_electricity,#3186cc,LV electricity distribution main,transmission,100000,1,20,LVEtransmission1189,LVEtransmission1723,
LVEtransmission1189_to_LVEtransmission1768_electricity,#3186cc,LV electricity distribution main,transmission,100000,1,20,LVEtransmission1768,LVEtransmission1189,
LVEtransmission1109_to_LVEtransmission1133_electricity,#3186cc,LV electricity distribution main,transmission,100000,1,20,LVEtransmission1133,LVEtransmission1109,
LVEtransmission1133_to_LVEtransmission1311_electricity,#3186cc,LV electricity distribution main,transmission,100000,1,20,LVEtransmission1311,LVEtransmission1133,
LVEtransmission1109_to_LVEtransmission206_electricity,#3186cc,LV electricity distribution main,transmission,100000,1,20,LVEtransmission206,LVEtransmission1109,
LVEtransmission206_to_LVEtransmission1964_electricity,#3186cc,LV electricity distribution main,transmission,100000,1,20,LVEtransmission1964,LVEtransmission206,
LVEtransmission1964_to_LVEtransmission1394_electricity,#3186cc,LV electricity distribution main,transmission,100000,1,20,LVEtransmission1394,LVEtransmission1964,
LVEtransmission1394_to_LVEtransmission58_electricity,#3186cc,LV electricity distribution main,transmission,100000,1,20,LVEtransmission58,LVEtransmission1394,
LVEtransmission58_to_LVEtransmission266_electricity,#3186cc,LV electricity distribution main,transmission,100000,1,20,LVEtransmission266,LVEtransmission58,
LVEtransmission266_to_LVEtransmission1968_electricity,#3186cc,LV electricity distribution main,transmission,100000,1,20,LVEtransmission1968,LVEtransmission266,
LVEtransmission1968_to_LVEtransmission423_electricity,#3186cc,LV electricity distribution main,transmission,100000,1,20,LVEtransmission423,LVEtransmission1968,
LVEtransmission423_to_LVEtransmission483_electricity,#3186cc,LV electricity distribution main,transmission,100000,1,20,LVEtransmission483,LVEtransmission423,
LVEtransmission483_to_LVEtransmission319_electricity,#3186cc,LV electricity distribution main,transmission,100000,1,20,LVEtransmission319,LVEtransmission483,
LVEtransmission319_to_LVEtransmission750_electricity,#3186cc,LV electricity distribution main,transmission,100000,1,20,LVEtransmission750,LVEtransmission319,
LVEtransmission750_to_LVEtransmission21_electricity,#3186cc,LV electricity distribution main,transmission,100000,1,20,LVEtransmission21,LVEtransmission750,
LVEtransmission21_to_LVEtransmission895_electricity,#3186cc,LV electricity distribution main,transmission,100000,1,20,LVEtransmission895,LVEtransmission21,
LVEtransmission895_to_LVEtransmission1045_electricity,#3186cc,LV electricity distribution main,transmission,100000,1,20,LVEtransmission1045,LVEtransmission895,
LVEtransmission747_to_LVEtransmission1403_electricity,#3186cc,LV electricity distribution main,transmission,100000,1,20,LVEtransmission1403,LVEtransmission747,
LVEtransmission1403_to_LVEtransmission506_electricity,#3186cc,LV electricity distribution main,transmission,100000,1,20,LVEtransmission506,LVEtransmission1403,
LVEtransmission506_to_LVEtransmission1078_electricity,#3186cc,LV electricity distribution main,transmission,100000,1,20,LVEtransmission1078,LVEtransmission506,
LVEtransmission1078_to_LVEtransmission212_electricity,#3186cc,LV electricity distribution main,transmission,100000,1,20,LVEtransmission212,LVEtransmission1078,
LVEtransmission212_to_LVEtransmission1459_electricity,#3186cc,LV electricity distribution main,transmission,100000,1,20,LVEtransmission1459,LVEtransmission212,
LVEtransmission1459_to_LVEtransmission266_electricity,#3186cc,LV electricity distribution main,transmission,100000,1,20,LVEtransmission266,LVEtransmission1459,
LVEtransmission266_to_LVEtransmission1732_electricity,#3186cc,LV electricity distribution main,transmission,100000,1,20,LVEtransmission1732,LVEtransmission266,
LVEtransmission1732_to_LVEtransmission1645_electricity,#3186cc,LV electricity distribution main,transmission,100000,1,20,LVEtransmission1645,LVEtransmission1732,
LVEtransmission1645_to_LVEtransmission357_electricity,#3186cc,LV electricity distribution main,transmission,100000,1,20,LVEtransmission357,LVEtransmission1645,
LVEtransmission357_to_LVEtransmission752_electricity,#3186cc,LV electricity distribution main,transmission,100000,1,20,LVEtransmission752,LVEtransmission357,
LVEtransmission708_to_LVEtransmission2_electricity,#3186cc,LV electricity distribution main,transmission,100000,1,20,LVEtransmission2,LVEtransmission708,
LVEtransmission2_to_LVEtransmission1436_electricity,#3186cc,LV electricity distribution main,transmission,100000,1,20,LVEtransmission1436,LVEtransmission2,
LVEtransmission1436_to_LVEtransmission159_electricity,#3186cc,LV electricity distribution main,transmission,100000,1,20,LVEtransmission159,LVEtransmission1436,
LVEtransmission747_to_LVEtransmission556_electricity,#3186cc,LV electricity distribution main,transmission,100000,1,20,LVEtransmission556,LVEtransmission747,
LVEtransmission556_to_LVEtransmission823_electricity,#3186cc,LV electricity distribution main,transmission,100000,1,20,LVEtransmission823,LVEtransmission556,
LVEtransmission823_to_LVEtransmission1998_electricity,#3186cc,LV electricity distribution main,transmission,100000,1,20,LVEtransmission1998,LVEtransmission823,
LVEtransmission1998_to_LVEtransmission182_electricity,#3186cc,LV electricity distribution main,transmission,100000,1,20,LVEtransmission182,LVEtransmission1998,
LVEtransmission182_to_LVEtransmission59_electricity,#3186cc,LV electricity distribution main,transmission,100000,1,20,LVEtransmission59,LVEtransmission182,
LVEtransmission59_to_LVEtransmission159_electricity,#3186cc,LV electricity distribution main,transmission,100000,1,20,LVEtransmission159,LVEtransmission59,
LVEtransmission752_to_LVEtransmission750_electricity,#3186cc,LV electricity distribution main,transmission,100000,1,20,LVEtransmission750,LVEtransmission752,
LVEtransmission1045_to_LVEtransmission1463_electricity,#3186cc,LV electricity distribution main,transmission,100000,1,20,LVEtransmission1463,LVEtransmission1045,
LVEtransmission577_to_LVEtransmission1199_electricity,#3186cc,LV electricity distribution main,transmission,100000,1,20,LVEtransmission1199,LVEtransmission577,
LVEtransmission1199_to_LVEtransmission1113_electricity,#3186cc,LV electricity distribution main,transmission,100000,1,20,LVEtransmission1113,LVEtransmission1199,
LVEtransmission1113_to_LVEtransmission1983_electricity,#3186cc,LV electricity distribution main,transmission,100000,1,20,LVEtransmission1983,LVEtransmission1113,
LVEtransmission1983_to_LVEtransmission881_electricity,#3186cc,LV electricity distribution main,transmission,100000,1,20,LVEtransmission881,LVEtransmission1983,
LVEtransmission367_to_LVEtransmission923_electricity,#3186cc,LV electricity distribution main,transmission,100000,1,20,LVEtransmission923,LVEtransmission367,
LVEtransmission923_to_LVEtransmission295_electricity,#3186cc,LV electricity distribution main,transmission,100000,1,20,LVEtransmission295,LVEtransmission923,
LVEtransmission295_to_LVEtransmission1215_electricity,#3186cc,LV electricity distribution main,transmission,100000,1,20,LVEtransmission1215,LVEtransmission295,
LVEtransmission1215_to_LVEtransmission1603_electricity,#3186cc,LV electricity distribution main,transmission,100000,1,20,LVEtransmission1603,LVEtransmission1215,
LVEtransmission1603_to_LVEtransmission317_electricity,#3186cc,LV electricity distribution main,transmission,100000,1,20,LVEtransmission317,LVEtransmission1603,
LVEtransmission317_to_LVEtransmission1118_electricity,#3186cc,LV electricity distribution main,transmission,100000,1,20,LVEtransmission1118,LVEtransmission317,
LVEtransmission1118_to_LVEtransmission1011_electricity,#3186cc,LV electricity distribution main,transmission,100000,1,20,LVEtransmission1011,LVEtransmission1118,
LVEtransmission1011_to_LVEtransmission1087_electricity,#3186cc,LV electricity distribution main,transmission,100000,1,20,LVEtransmission1087,LVEtransmission1011,
LVEtransmission1087_to_LVEtransmission1557_electricity,#3186cc,LV electricity distribution main,transmission,100000,1,20,LVEtransmission1557,LVEtransmission1087,
LVEtransmission881_to_LVEtransmission1557_electricity,#3186cc,LV electricity distribution main,transmission,100000,1,20,LVEtransmission1557,LVEtransmission881,
LVEtransmission577_to_LVEtransmission175_electricity,#3186cc,LV electricity distribution main,transmission,100000,1,20,LVEtransmission175,LVEtransmission577,
LVEtransmission175_to_LVEtransmission1437_electricity,#3186cc,LV electricity distribution main,transmission,100000,1,20,LVEtransmission1437,LVEtransmission175,
LVEtransmission979_to_LVEtransmission1740_electricity,#3186cc,LV electricity distribution main,transmission,100000,1,20,LVEtransmission1740,LVEtransmission979,
LVEtransmission1740_to_LVEtransmission258_electricity,#3186cc,LV electricity distribution main,transmission,100000,1,20,LVEtransmission258,LVEtransmission1740,
LVEtransmission258_to_LVEtransmission260_electricity,#3186cc,LV electricity distribution main,transmission,100000,1,20,LVEtransmission260,LVEtransmission258,
LVEtransmission260_to_LVEtransmission281_electricity,#3186cc,LV electricity distribution main,transmission,100000,1,20,LVEtransmission281,LVEtransmission260,
LVEtransmission281_to_LVEtransmission814_electricity,#3186cc,LV electricity distribution main,transmission,100000,1,20,LVEtransmission814,LVEtransmission281,
LVEtransmission814_to_LVEtransmission1476_electricity,#3186cc,LV electricity distribution main,transmission,100000,1,20,LVEtransmission1476,LVEtransmission814,
LVEtransmission1476_to_LVEtransmission472_electricity,#3186cc,LV electricity distribution main,transmission,100000,1,20,LVEtransmission472,LVEtransmission1476,
LVEtransmission472_to_LVEtransmission1699_electricity,#3186cc,LV electricity distribution main,transmission,100000,1,20,LVEtransmission1699,LVEtransmission472,
LVEtransmission1699_to_LVEtransmission1759_electricity,#3186cc,LV electricity distribution main,transmission,100000,1,20,LVEtransmission1759,LVEtransmission1699,
LVEtransmission1759_to_LVEtransmission1294_electricity,#3186cc,LV electricity distribution main,transmission,100000,1,20,LVEtransmission1294,LVEtransmission1759,
LVEtransmission1294_to_LVEtransmission1536_electricity,#3186cc,LV electricity distribution main,transmission,100000,1,20,LVEtransmission1536,LVEtransmission1294,
LVEtransmission1536_to_LVEtransmission62_electricity,#3186cc,LV electricity distribution main,transmission,100000,1,20,LVEtransmission62,LVEtransmission1536,
LVEtransmission62_to_LVEtransmission1690_electricity,#3186cc,LV electricity distribution main,transmission,100000,1,20,LVEtransmission1690,LVEtransmission62,
LVEtransmission1690_to_LVEtransmission439_electricity,#3186cc,LV electricity distribution main,transmission,100000,1,20,LVEtransmission439,LVEtransmission1690,
LVEtransmission439_to_LVEtransmission890_electricity,#3186cc,LV electricity distribution main,transmission,100000,1,20,LVEtransmission890,LVEtransmission439,
LVEtransmission890_to_LVEtransmission1591_electricity,#3186cc,LV electricity distribution main,transmission,100000,1,20,LVEtransmission1591,LVEtransmission890,
LVEtransmission1591_to_LVEtransmission1205_electricity,#3186cc,LV electricity distribution main,transmission,100000,1,20,LVEtransmission1205,LVEtransmission1591,
LVEtransmission1205_to_LVEtransmission1257_electricity,#3186cc,LV electricity distribution main,transmission,100000,1,20,LVEtransmission1257,LVEtransmission1205,
LVEtransmission215_to_LVEtransmission1346_electricity,#3186cc,LV electricity distribution main,transmission,100000,1,20,LVEtransmission1346,LVEtransmission215,
LVEtransmission1346_to_LVEtransmission1711_electricity,#3186cc,LV electricity distribution main,transmission,100000,1,20,LVEtransmission1711,LVEtransmission1346,
LVEtransmission1711_to_LVEtransmission1593_electricity,#3186cc,LV electricity distribution main,transmission,100000,1,20,LVEtransmission1593,LVEtransmission1711,
LVEtransmission215_to_LVEtransmission1401_electricity,#3186cc,LV electricity distribution main,transmission,100000,1,20,LVEtransmission1401,LVEtransmission215,
LVEtransmission1401_to_LVEtransmission1493_electricity,#3186cc,LV electricity distribution main,transmission,100000,1,20,LVEtransmission1493,LVEtransmission1401,
LVEtransmission1493_to_LVEtransmission1826_electricity,#3186cc,LV electricity distribution main,transmission,100000,1,20,LVEtransmission1826,LVEtransmission1493,
LVEtransmission1826_to_LVEtransmission371_electricity,#3186cc,LV electricity distribution main,transmission,100000,1,20,LVEtransmission371,LVEtransmission1826,
LVEtransmission371_to_LVEtransmission519_electricity,#3186cc,LV electricity distribution main,transmission,100000,1,20,LVEtransmission519,LVEtransmission371,
LVEtransmission519_to_LVEtransmission1638_electricity,#3186cc,LV electricity distribution main,transmission,100000,1,20,LVEtransmission1638,LVEtransmission519,
LVEtransmission1638_to_LVEtransmission1647_electricity,#3186cc,LV electricity distribution main,transmission,100000,1,20,LVEtransmission1647,LVEtransmission1638,
LVEtransmission1647_to_LVEtransmission992_electricity,#3186cc,LV electricity distribution main,transmission,100000,1,20,LVEtransmission992,LVEtransmission1647,
LVEtransmission992_to_LVEtransmission29_electricity,#3186cc,LV electricity distribution main,transmission,100000,1,20,LVEtransmission29,LVEtransmission992,
LVEtransmission29_to_LVEtransmission542_electricity,#3186cc,LV electricity distribution main,transmission,100000,1,20,LVEtransmission542,LVEtransmission29,
LVEtransmission542_to_LVEtransmission816_electricity,#3186cc,LV electricity distribution main,transmission,100000,1,20,LVEtransmission816,LVEtransmission542,
LVEtransmission816_to_LVEtransmission1528_electricity,#3186cc,LV electricity distribution main,transmission,100000,1,20,LVEtransmission1528,LVEtransmission816,
LVEtransmission1528_to_LVEtransmission243_electricity,#3186cc,LV electricity distribution main,transmission,100000,1,20,LVEtransmission243,LVEtransmission1528,
LVEtransmission243_to_LVEtransmission373_electricity,#3186cc,LV electricity distribution main,transmission,100000,1,20,LVEtransmission373,LVEtransmission243,
LVEtransmission373_to_LVEtransmission103_electricity,#3186cc,LV electricity distribution main,transmission,100000,1,20,LVEtransmission103,LVEtransmission373,
LVEtransmission103_to_LVEtransmission386_electricity,#3186cc,LV electricity distribution main,transmission,100000,1,20,LVEtransmission386,LVEtransmission103,
LVEtransmission386_to_LVEtransmission1646_electricity,#3186cc,LV electricity distribution main,transmission,100000,1,20,LVEtransmission1646,LVEtransmission386,
LVEtransmission1646_to_LVEtransmission1584_electricity,#3186cc,LV electricity distribution main,transmission,100000,1,20,LVEtransmission1584,LVEtransmission1646,
LVEtransmission1584_to_LVEtransmission818_electricity,#3186cc,LV electricity distribution main,transmission,100000,1,20,LVEtransmission818,LVEtransmission1584,
LVEtransmission818_to_LVEtransmission2001_electricity,#3186cc,LV electricity distribution main,transmission,100000,1,20,LVEtransmission2001,LVEtransmission818,
LVEtransmission2001_to_LVEtransmission1178_electricity,#3186cc,LV electricity distribution main,transmission,100000,1,20,LVEtransmission1178,LVEtransmission2001,
LVEtransmission1178_to_LVEtransmission1023_electricity,#3186cc,LV electricity distribution main,transmission,100000,1,20,LVEtransmission1023,LVEtransmission1178,
LVEtransmission1023_to_LVEtransmission2027_electricity,#3186cc,LV electricity distribution main,transmission,100000,1,20,LVEtransmission2027,LVEtransmission1023,
LVEtransmission2027_to_LVEtransmission439_electricity,#3186cc,LV electricity distribution main,transmission,100000,1,20,LVEtransmission439,LVEtransmission2027,
LVEtransmission1205_to_LVEtransmission1328_electricity,#3186cc,LV electricity distribution main,transmission,100000,1,20,LVEtransmission1328,LVEtransmission1205,
LVEtransmission1328_to_LVEtransmission1504_electricity,#3186cc,LV electricity distribution main,transmission,100000,1,20,LVEtransmission1504,LVEtransmission1328,
LVEtransmission129_to_LVEtransmission1194_electricity,#3186cc,LV electricity distribution main,transmission,100000,1,20,LVEtransmission1194,LVEtransmission129,
LVEtransmission1194_to_LVEtransmission998_electricity,#3186cc,LV electricity distribution main,transmission,100000,1,20,LVEtransmission998,LVEtransmission1194,
LVEtransmission998_to_LVEtransmission1290_electricity,#3186cc,LV electricity distribution main,transmission,100000,1,20,LVEtransmission1290,LVEtransmission998,
LVEtransmission1220_to_LVEtransmission981_electricity,#3186cc,LV electricity distribution main,transmission,100000,1,20,LVEtransmission981,LVEtransmission1220,
LVEtransmission1664_to_LVEtransmission1159_electricity,#3186cc,LV electricity distribution main,transmission,100000,1,20,LVEtransmission1159,LVEtransmission1664,
LVEtransmission1159_to_LVEtransmission144_electricity,#3186cc,LV electricity distribution main,transmission,100000,1,20,LVEtransmission144,LVEtransmission1159,
LVEtransmission144_to_LVEtransmission1507_electricity,#3186cc,LV electricity distribution main,transmission,100000,1,20,LVEtransmission1507,LVEtransmission144,
LVEtransmission1507_to_LVEtransmission563_electricity,#3186cc,LV electricity distribution main,transmission,100000,1,20,LVEtransmission563,LVEtransmission1507,
LVEtransmission563_to_LVEtransmission1853_electricity,#3186cc,LV electricity distribution main,transmission,100000,1,20,LVEtransmission1853,LVEtransmission563,
LVEtransmission1853_to_LVEtransmission434_electricity,#3186cc,LV electricity distribution main,transmission,100000,1,20,LVEtransmission434,LVEtransmission1853,
LVEtransmission434_to_LVEtransmission2006_electricity,#3186cc,LV electricity distribution main,transmission,100000,1,20,LVEtransmission2006,LVEtransmission434,
LVEtransmission2006_to_LVEtransmission1635_electricity,#3186cc,LV electricity distribution main,transmission,100000,1,20,LVEtransmission1635,LVEtransmission2006,
LVEtransmission1635_to_LVEtransmission1108_electricity,#3186cc,LV electricity distribution main,transmission,100000,1,20,LVEtransmission1108,LVEtransmission1635,
LVEtransmission1108_to_LVEtransmission1002_electricity,#3186cc,LV electricity distribution main,transmission,100000,1,20,LVEtransmission1002,LVEtransmission1108,
LVEtransmission1002_to_LVEtransmission1125_electricity,#3186cc,LV electricity distribution main,transmission,100000,1,20,LVEtransmission1125,LVEtransmission1002,
LVEtransmission1125_to_LVEtransmission2025_electricity,#3186cc,LV electricity distribution main,transmission,100000,1,20,LVEtransmission2025,LVEtransmission1125,
LVEtransmission2025_to_LVEtransmission131_electricity,#3186cc,LV electricity distribution main,transmission,100000,1,20,LVEtransmission131,LVEtransmission2025,
LVEtransmission131_to_LVEtransmission1054_electricity,#3186cc,LV electricity distribution main,transmission,100000,1,20,LVEtransmission1054,LVEtransmission131,
LVEtransmission1054_to_LVEtransmission975_electricity,#3186cc,LV electricity distribution main,transmission,100000,1,20,LVEtransmission975,LVEtransmission1054,
LVEtransmission975_to_LVEtransmission113_electricity,#3186cc,LV electricity distribution main,transmission,100000,1,20,LVEtransmission113,LVEtransmission975,
LVEtransmission113_to_LVEtransmission1008_electricity,#3186cc,LV electricity distribution main,transmission,100000,1,20,LVEtransmission1008,LVEtransmission113,
LVEtransmission1008_to_LVEtransmission1224_electricity,#3186cc,LV electricity distribution main,transmission,100000,1,20,LVEtransmission1224,LVEtransmission1008,
LVEtransmission1224_to_LVEtransmission1063_electricity,#3186cc,LV electricity distribution main,transmission,100000,1,20,LVEtransmission1063,LVEtransmission1224,
LVEtransmission1063_to_LVEtransmission1984_electricity,#3186cc,LV electricity distribution main,transmission,100000,1,20,LVEtransmission1984,LVEtransmission1063,
LVEtransmission1984_to_LVEtransmission1393_electricity,#3186cc,LV electricity distribution main,transmission,100000,1,20,LVEtransmission1393,LVEtransmission1984,
LVEtransmission1393_to_LVEtransmission156_electricity,#3186cc,LV electricity distribution main,transmission,100000,1,20,LVEtransmission156,LVEtransmission1393,
LVEtransmission156_to_LVEtransmission739_electricity,#3186cc,LV electricity distribution main,transmission,100000,1,20,LVEtransmission739,LVEtransmission156,
LVEtransmission739_to_LVEtransmission362_electricity,#3186cc,LV electricity distribution main,transmission,100000,1,20,LVEtransmission362,LVEtransmission739,
LVEtransmission362_to_LVEtransmission1598_electricity,#3186cc,LV electricity distribution main,transmission,100000,1,20,LVEtransmission1598,LVEtransmission362,
LVEtransmission1598_to_LVEtransmission1706_electricity,#3186cc,LV electricity distribution main,transmission,100000,1,20,LVEtransmission1706,LVEtransmission1598,
LVEtransmission1706_to_LVEtransmission521_electricity,#3186cc,LV electricity distribution main,transmission,100000,1,20,LVEtransmission521,LVEtransmission1706,
LVEtransmission521_to_LVEtransmission1360_electricity,#3186cc,LV electricity distribution main,transmission,100000,1,20,LVEtransmission1360,LVEtransmission521,
LVEtransmission1360_to_LVEtransmission1727_electricity,#3186cc,LV electricity distribution main,transmission,100000,1,20,LVEtransmission1727,LVEtransmission1360,
LVEtransmission1727_to_LVEtransmission797_electricity,#3186cc,LV electricity distribution main,transmission,100000,1,20,LVEtransmission797,LVEtransmission1727,
LVEtransmission797_to_LVEtransmission1136_electricity,#3186cc,LV electricity distribution main,transmission,100000,1,20,LVEtransmission1136,LVEtransmission797,
LVEtransmission129_to_LVEtransmission616_electricity,#3186cc,LV electricity distribution main,transmission,100000,1,20,LVEtransmission616,LVEtransmission129,
LVEtransmission124_to_LVEtransmission1695_electricity,#3186cc,LV electricity distribution main,transmission,100000,1,20,LVEtransmission1695,LVEtransmission124,
LVEtransmission1695_to_LVEtransmission90_electricity,#3186cc,LV electricity distribution main,transmission,100000,1,20,LVEtransmission90,LVEtransmission1695,
LVEtransmission90_to_LVEtransmission1136_electricity,#3186cc,LV electricity distribution main,transmission,100000,1,20,LVEtransmission1136,LVEtransmission90,
LVEtransmission1445_to_LVEtransmission1218_electricity,#3186cc,LV electricity distribution main,transmission,100000,1,20,LVEtransmission1218,LVEtransmission1445,
LVEtransmission1218_to_LVEtransmission95_electricity,#3186cc,LV electricity distribution main,transmission,100000,1,20,LVEtransmission95,LVEtransmission1218,
LVEtransmission95_to_LVEtransmission1795_electricity,#3186cc,LV electricity distribution main,transmission,100000,1,20,LVEtransmission1795,LVEtransmission95,
LVEtransmission1795_to_LVEtransmission760_electricity,#3186cc,LV electricity distribution main,transmission,100000,1,20,LVEtransmission760,LVEtransmission1795,
LVEtransmission760_to_LVEtransmission1018_electricity,#3186cc,LV electricity distribution main,transmission,100000,1,20,LVEtransmission1018,LVEtransmission760,
LVEtransmission1018_to_LVEtransmission972_electricity,#3186cc,LV electricity distribution main,transmission,100000,1,20,LVEtransmission972,LVEtransmission1018,
LVEtransmission972_to_LVEtransmission194_electricity,#3186cc,LV electricity distribution main,transmission,100000,1,20,LVEtransmission194,LVEtransmission972,
LVEtransmission194_to_LVEtransmission339_electricity,#3186cc,LV electricity distribution main,transmission,100000,1,20,LVEtransmission339,LVEtransmission194,
LVEtransmission339_to_LVEtransmission601_electricity,#3186cc,LV electricity distribution main,transmission,100000,1,20,LVEtransmission601,LVEtransmission339,
LVEtransmission601_to_LVEtransmission178_electricity,#3186cc,LV electricity distribution main,transmission,100000,1,20,LVEtransmission178,LVEtransmission601,
LVEtransmission178_to_LVEtransmission1509_electricity,#3186cc,LV electricity distribution main,transmission,100000,1,20,LVEtransmission1509,LVEtransmission178,
LVEtransmission1509_to_LVEtransmission1658_electricity,#3186cc,LV electricity distribution main,transmission,100000,1,20,LVEtransmission1658,LVEtransmission1509,
LVEtransmission1658_to_LVEtransmission916_electricity,#3186cc,LV electricity distribution main,transmission,100000,1,20,LVEtransmission916,LVEtransmission1658,
LVEtransmission916_to_LVEtransmission1335_electricity,#3186cc,LV electricity distribution main,transmission,100000,1,20,LVEtransmission1335,LVEtransmission916,
LVEtransmission1335_to_LVEtransmission709_electricity,#3186cc,LV electricity distribution main,transmission,100000,1,20,LVEtransmission709,LVEtransmission1335,
LVEtransmission709_to_LVEtransmission1019_electricity,#3186cc,LV electricity distribution main,transmission,100000,1,20,LVEtransmission1019,LVEtransmission709,
LVEtransmission1019_to_LVEtransmission1266_electricity,#3186cc,LV electricity distribution main,transmission,100000,1,20,LVEtransmission1266,LVEtransmission1019,
LVEtransmission1266_to_LVEtransmission515_electricity,#3186cc,LV electricity distribution main,transmission,100000,1,20,LVEtransmission515,LVEtransmission1266,
LVEtransmission515_to_LVEtransmission641_electricity,#3186cc,LV electricity distribution main,transmission,100000,1,20,LVEtransmission641,LVEtransmission515,
LVEtransmission641_to_LVEtransmission1669_electricity,#3186cc,LV electricity distribution main,transmission,100000,1,20,LVEtransmission1669,LVEtransmission641,
LVEtransmission1669_to_LVEtransmission1349_electricity,#3186cc,LV electricity distribution main,transmission,100000,1,20,LVEtransmission1349,LVEtransmission1669,
LVEtransmission1349_to_LVEtransmission1057_electricity,#3186cc,LV electricity distribution main,transmission,100000,1,20,LVEtransmission1057,LVEtransmission1349,
LVEtransmission1057_to_LVEtransmission1641_electricity,#3186cc,LV electricity distribution main,transmission,100000,1,20,LVEtransmission1641,LVEtransmission1057,
LVEtransmission1641_to_LVEtransmission1871_electricity,#3186cc,LV electricity distribution main,transmission,100000,1,20,LVEtransmission1871,LVEtransmission1641,
LVEtransmission1871_to_LVEtransmission576_electricity,#3186cc,LV electricity distribution main,transmission,100000,1,20,LVEtransmission576,LVEtransmission1871,
LVEtransmission576_to_LVEtransmission439_electricity,#3186cc,LV electricity distribution main,transmission,100000,1,20,LVEtransmission439,LVEtransmission576,
LVEtransmission1591_to_LVEtransmission143_electricity,#3186cc,LV electricity distribution main,transmission,100000,1,20,LVEtransmission143,LVEtransmission1591,
LVEtransmission1211_to_LVEtransmission1811_electricity,#3186cc,LV electricity distribution main,transmission,100000,1,20,LVEtransmission1811,LVEtransmission1211,
LVEtransmission1811_to_LVEtransmission2004_electricity,#3186cc,LV electricity distribution main,transmission,100000,1,20,LVEtransmission2004,LVEtransmission1811,
LVEtransmission2004_to_LVEtransmission444_electricity,#3186cc,LV electricity distribution main,transmission,100000,1,20,LVEtransmission444,LVEtransmission2004,
LVEtransmission444_to_LVEtransmission1338_electricity,#3186cc,LV electricity distribution main,transmission,100000,1,20,LVEtransmission1338,LVEtransmission444,
LVEtransmission1338_to_LVEtransmission742_electricity,#3186cc,LV electricity distribution main,transmission,100000,1,20,LVEtransmission742,LVEtransmission1338,
LVEtransmission1211_to_LVEtransmission831_electricity,#3186cc,LV electricity distribution main,transmission,100000,1,20,LVEtransmission831,LVEtransmission1211,
LVEtransmission831_to_LVEtransmission937_electricity,#3186cc,LV electricity distribution main,transmission,100000,1,20,LVEtransmission937,LVEtransmission831,
LVEtransmission937_to_LVEtransmission746_electricity,#3186cc,LV electricity distribution main,transmission,100000,1,20,LVEtransmission746,LVEtransmission937,
LVEtransmission746_to_LVEtransmission1904_electricity,#3186cc,LV electricity distribution main,transmission,100000,1,20,LVEtransmission1904,LVEtransmission746,
LVEtransmission1904_to_LVEtransmission1792_electricity,#3186cc,LV electricity distribution main,transmission,100000,1,20,LVEtransmission1792,LVEtransmission1904,
LVEtransmission708_to_LVEtransmission650_electricity,#3186cc,LV electricity distribution main,transmission,100000,1,20,LVEtransmission650,LVEtransmission708,
LVEtransmission650_to_LVEtransmission584_electricity,#3186cc,LV electricity distribution main,transmission,100000,1,20,LVEtransmission584,LVEtransmission650,
LVEtransmission584_to_LVEtransmission1775_electricity,#3186cc,LV electricity distribution main,transmission,100000,1,20,LVEtransmission1775,LVEtransmission584,
LVEtransmission742_to_LVEtransmission558_electricity,#3186cc,LV electricity distribution main,transmission,100000,1,20,LVEtransmission558,LVEtransmission742,
LVEtransmission558_to_LVEtransmission302_electricity,#3186cc,LV electricity distribution main,transmission,100000,1,20,LVEtransmission302,LVEtransmission558,
LVEtransmission302_to_LVEtransmission540_electricity,#3186cc,LV electricity distribution main,transmission,100000,1,20,LVEtransmission540,LVEtransmission302,
LVEtransmission540_to_LVEtransmission1532_electricity,#3186cc,LV electricity distribution main,transmission,100000,1,20,LVEtransmission1532,LVEtransmission540,
LVEtransmission1532_to_LVEtransmission122_electricity,#3186cc,LV electricity distribution main,transmission,100000,1,20,LVEtransmission122,LVEtransmission1532,
LVEtransmission122_to_LVEtransmission410_electricity,#3186cc,LV electricity distribution main,transmission,100000,1,20,LVEtransmission410,LVEtransmission122,
LVEtransmission410_to_LVEtransmission1464_electricity,#3186cc,LV electricity distribution main,transmission,100000,1,20,LVEtransmission1464,LVEtransmission410,
LVEtransmission1464_to_LVEtransmission727_electricity,#3186cc,LV electricity distribution main,transmission,100000,1,20,LVEtransmission727,LVEtransmission1464,
LVEtransmission727_to_LVEtransmission837_electricity,#3186cc,LV electricity distribution main,transmission,100000,1,20,LVEtransmission837,LVEtransmission727,
LVEtransmission837_to_LVEtransmission1895_electricity,#3186cc,LV electricity distribution main,transmission,100000,1,20,LVEtransmission1895,LVEtransmission837,
LVEtransmission1895_to_LVEtransmission703_electricity,#3186cc,LV electricity distribution main,transmission,100000,1,20,LVEtransmission703,LVEtransmission1895,
LVEtransmission703_to_LVEtransmission1547_electricity,#3186cc,LV electricity distribution main,transmission,100000,1,20,LVEtransmission1547,LVEtransmission703,
LVEtransmission1547_to_LVEtransmission361_electricity,#3186cc,LV electricity distribution main,transmission,100000,1,20,LVEtransmission361,LVEtransmission1547,
LVEtransmission361_to_LVEtransmission241_electricity,#3186cc,LV electricity distribution main,transmission,100000,1,20,LVEtransmission241,LVEtransmission361,
LVEtransmission241_to_LVEtransmission1938_electricity,#3186cc,LV electricity distribution main,transmission,100000,1,20,LVEtransmission1938,LVEtransmission241,
LVEtransmission1938_to_LVEtransmission137_electricity,#3186cc,LV electricity distribution main,transmission,100000,1,20,LVEtransmission137,LVEtransmission1938,
LVEtransmission137_to_LVEtransmission66_electricity,#3186cc,LV electricity distribution main,transmission,100000,1,20,LVEtransmission66,LVEtransmission137,
LVEtransmission66_to_LVEtransmission1229_electricity,#3186cc,LV electricity distribution main,transmission,100000,1,20,LVEtransmission1229,LVEtransmission66,
LVEtransmission1229_to_LVEtransmission325_electricity,#3186cc,LV electricity distribution main,transmission,100000,1,20,LVEtransmission325,LVEtransmission1229,
LVEtransmission325_to_LVEtransmission326_electricity,#3186cc,LV electricity distribution main,transmission,100000,1,20,LVEtransmission326,LVEtransmission325,
LVEtransmission326_to_LVEtransmission1430_electricity,#3186cc,LV electricity distribution main,transmission,100000,1,20,LVEtransmission1430,LVEtransmission326,
LVEtransmission1430_to_LVEtransmission1898_electricity,#3186cc,LV electricity distribution main,transmission,100000,1,20,LVEtransmission1898,LVEtransmission1430,
LVEtransmission1898_to_LVEtransmission78_electricity,#3186cc,LV electricity distribution main,transmission,100000,1,20,LVEtransmission78,LVEtransmission1898,
LVEtransmission78_to_LVEtransmission619_electricity,#3186cc,LV electricity distribution main,transmission,100000,1,20,LVEtransmission619,LVEtransmission78,
LVEtransmission619_to_LVEtransmission1775_electricity,#3186cc,LV electricity distribution main,transmission,100000,1,20,LVEtransmission1775,LVEtransmission619,
LVEtransmission1904_to_LVEtransmission661_electricity,#3186cc,LV electricity distribution main,transmission,100000,1,20,LVEtransmission661,LVEtransmission1904,
LVEtransmission661_to_LVEtransmission1413_electricity,#3186cc,LV electricity distribution main,transmission,100000,1,20,LVEtransmission1413,LVEtransmission661,
LVEtransmission2004_to_LVEtransmission1811_electricity,#3186cc,LV electricity distribution main,transmission,100000,1,20,LVEtransmission1811,LVEtransmission2004,
LVEtransmission1811_to_LVEtransmission1211_electricity,#3186cc,LV electricity distribution main,transmission,100000,1,20,LVEtransmission1211,LVEtransmission1811,
LVEtransmission444_to_LVEtransmission1058_electricity,#3186cc,LV electricity distribution main,transmission,100000,1,20,LVEtransmission1058,LVEtransmission444,
LVEtransmission1058_to_LVEtransmission1503_electricity,#3186cc,LV electricity distribution main,transmission,100000,1,20,LVEtransmission1503,LVEtransmission1058,
LVEtransmission1503_to_LVEtransmission849_electricity,#3186cc,LV electricity distribution main,transmission,100000,1,20,LVEtransmission849,LVEtransmission1503,
LVEtransmission849_to_LVEtransmission1932_electricity,#3186cc,LV electricity distribution main,transmission,100000,1,20,LVEtransmission1932,LVEtransmission849,
LVEtransmission1932_to_LVEtransmission1877_electricity,#3186cc,LV electricity distribution main,transmission,100000,1,20,LVEtransmission1877,LVEtransmission1932,
LVEtransmission1877_to_LVEtransmission344_electricity,#3186cc,LV electricity distribution main,transmission,100000,1,20,LVEtransmission344,LVEtransmission1877,
LVEtransmission344_to_LVEtransmission1879_electricity,#3186cc,LV electricity distribution main,transmission,100000,1,20,LVEtransmission1879,LVEtransmission344,
LVEtransmission1879_to_LVEtransmission590_electricity,#3186cc,LV electricity distribution main,transmission,100000,1,20,LVEtransmission590,LVEtransmission1879,
LVEtransmission590_to_LVEtransmission677_electricity,#3186cc,LV electricity distribution main,transmission,100000,1,20,LVEtransmission677,LVEtransmission590,
LVEtransmission677_to_LVEtransmission1206_electricity,#3186cc,LV electricity distribution main,transmission,100000,1,20,LVEtransmission1206,LVEtransmission677,
LVEtransmission1206_to_LVEtransmission315_electricity,#3186cc,LV electricity distribution main,transmission,100000,1,20,LVEtransmission315,LVEtransmission1206,
LVEtransmission315_to_LVEtransmission1554_electricity,#3186cc,LV electricity distribution main,transmission,100000,1,20,LVEtransmission1554,LVEtransmission315,
LVEtransmission1554_to_LVEtransmission681_electricity,#3186cc,LV electricity distribution main,transmission,100000,1,20,LVEtransmission681,LVEtransmission1554,
LVEtransmission681_to_LVEtransmission1927_electricity,#3186cc,LV electricity distribution main,transmission,100000,1,20,LVEtransmission1927,LVEtransmission681,
LVEtransmission1927_to_LVEtransmission1376_electricity,#3186cc,LV electricity distribution main,transmission,100000,1,20,LVEtransmission1376,LVEtransmission1927,
LVEtransmission1376_to_LVEtransmission1760_electricity,#3186cc,LV electricity distribution main,transmission,100000,1,20,LVEtransmission1760,LVEtransmission1376,
LVEtransmission1760_to_LVEtransmission756_electricity,#3186cc,LV electricity distribution main,transmission,100000,1,20,LVEtransmission756,LVEtransmission1760,
LVEtransmission756_to_LVEtransmission1254_electricity,#3186cc,LV electricity distribution main,transmission,100000,1,20,LVEtransmission1254,LVEtransmission756,
LVEtransmission1254_to_LVEtransmission133_electricity,#3186cc,LV electricity distribution main,transmission,100000,1,20,LVEtransmission133,LVEtransmission1254,
LVEtransmission133_to_LVEtransmission19_electricity,#3186cc,LV electricity distribution main,transmission,100000,1,20,LVEtransmission19,LVEtransmission133,
LVEtransmission19_to_LVEtransmission82_electricity,#3186cc,LV electricity distribution main,transmission,100000,1,20,LVEtransmission82,LVEtransmission19,
LVEtransmission82_to_LVEtransmission1081_electricity,#3186cc,LV electricity distribution main,transmission,100000,1,20,LVEtransmission1081,LVEtransmission82,
LVEtransmission1081_to_LVEtransmission1761_electricity,#3186cc,LV electricity distribution main,transmission,100000,1,20,LVEtransmission1761,LVEtransmission1081,
LVEtransmission746_to_LVEtransmission661_electricity,#3186cc,LV electricity distribution main,transmission,100000,1,20,LVEtransmission661,LVEtransmission746,
LVEtransmission661_to_LVEtransmission1439_electricity,#3186cc,LV electricity distribution main,transmission,100000,1,20,LVEtransmission1439,LVEtransmission661,
LVEtransmission1439_to_LVEtransmission1461_electricity,#3186cc,LV electricity distribution main,transmission,100000,1,20,LVEtransmission1461,LVEtransmission1439,
LVEtransmission1488_to_LVEtransmission970_electricity,#3186cc,LV electricity distribution main,transmission,100000,1,20,LVEtransmission970,LVEtransmission1488,
LVEtransmission970_to_LVEtransmission1589_electricity,#3186cc,LV electricity distribution main,transmission,100000,1,20,LVEtransmission1589,LVEtransmission970,
LVEtransmission1589_to_LVEtransmission1933_electricity,#3186cc,LV electricity distribution main,transmission,100000,1,20,LVEtransmission1933,LVEtransmission1589,
LVEtransmission1933_to_LVEtransmission73_electricity,#3186cc,LV electricity distribution main,transmission,100000,1,20,LVEtransmission73,LVEtransmission1933,
LVEtransmission73_to_LVEtransmission1193_electricity,#3186cc,LV electricity distribution main,transmission,100000,1,20,LVEtransmission1193,LVEtransmission73,
LVEtransmission1193_to_LVEtransmission250_electricity,#3186cc,LV electricity distribution main,transmission,100000,1,20,LVEtransmission250,LVEtransmission1193,
LVEtransmission250_to_LVEtransmission1932_electricity,#3186cc,LV electricity distribution main,transmission,100000,1,20,LVEtransmission1932,LVEtransmission250,
LVEtransmission1932_to_LVEtransmission327_electricity,#3186cc,LV electricity distribution main,transmission,100000,1,20,LVEtransmission327,LVEtransmission1932,
LVEtransmission327_to_LVEtransmission799_electricity,#3186cc,LV electricity distribution main,transmission,100000,1,20,LVEtransmission799,LVEtransmission327,
LVEtransmission799_to_LVEtransmission587_electricity,#3186cc,LV electricity distribution main,transmission,100000,1,20,LVEtransmission587,LVEtransmission799,
LVEtransmission587_to_LVEtransmission1058_electricity,#3186cc,LV electricity distribution main,transmission,100000,1,20,LVEtransmission1058,LVEtransmission587,
LVEtransmission1058_to_LVEtransmission2004_electricity,#3186cc,LV electricity distribution main,transmission,100000,1,20,LVEtransmission2004,LVEtransmission1058,
LVEtransmission1488_to_LVEtransmission1988_electricity,#3186cc,LV electricity distribution main,transmission,100000,1,20,LVEtransmission1988,LVEtransmission1488,
LVEtransmission1988_to_LVEtransmission636_electricity,#3186cc,LV electricity distribution main,transmission,100000,1,20,LVEtransmission636,LVEtransmission1988,
LVEtransmission636_to_LVEtransmission296_electricity,#3186cc,LV electricity distribution main,transmission,100000,1,20,LVEtransmission296,LVEtransmission636,
LVEtransmission296_to_LVEtransmission1579_electricity,#3186cc,LV electricity distribution main,transmission,100000,1,20,LVEtransmission1579,LVEtransmission296,
LVEtransmission1579_to_LVEtransmission866_electricity,#3186cc,LV electricity distribution main,transmission,100000,1,20,LVEtransmission866,LVEtransmission1579,
LVEtransmission866_to_LVEtransmission1179_electricity,#3186cc,LV electricity distribution main,transmission,100000,1,20,LVEtransmission1179,LVEtransmission866,
LVEtransmission1179_to_LVEtransmission1859_electricity,#3186cc,LV electricity distribution main,transmission,100000,1,20,LVEtransmission1859,LVEtransmission1179,
LVEtransmission1859_to_LVEtransmission1892_electricity,#3186cc,LV electricity distribution main,transmission,100000,1,20,LVEtransmission1892,LVEtransmission1859,
LVEtransmission1892_to_LVEtransmission1134_electricity,#3186cc,LV electricity distribution main,transmission,100000,1,20,LVEtransmission1134,LVEtransmission1892,
LVEtransmission1134_to_LVEtransmission685_electricity,#3186cc,LV electricity distribution main,transmission,100000,1,20,LVEtransmission685,LVEtransmission1134,
LVEtransmission685_to_LVEtransmission157_electricity,#3186cc,LV electricity distribution main,transmission,100000,1,20,LVEtransmission157,LVEtransmission685,
LVEtransmission157_to_LVEtransmission230_electricity,#3186cc,LV electricity distribution main,transmission,100000,1,20,LVEtransmission230,LVEtransmission157,
LVEtransmission230_to_LVEtransmission1670_electricity,#3186cc,LV electricity distribution main,transmission,100000,1,20,LVEtransmission1670,LVEtransmission230,
LVEtransmission1670_to_LVEtransmission1697_electricity,#3186cc,LV electricity distribution main,transmission,100000,1,20,LVEtransmission1697,LVEtransmission1670,
LVEtransmission1697_to_LVEtransmission11_electricity,#3186cc,LV electricity distribution main,transmission,100000,1,20,LVEtransmission11,LVEtransmission1697,
LVEtransmission11_to_LVEtransmission1216_electricity,#3186cc,LV electricity distribution main,transmission,100000,1,20,LVEtransmission1216,LVEtransmission11,
LVEtransmission1811_to_LVEtransmission831_electricity,#3186cc,LV electricity distribution main,transmission,100000,1,20,LVEtransmission831,LVEtransmission1811,
LVEtransmission729_to_LVEtransmission1050_electricity,#3186cc,LV electricity distribution main,transmission,100000,1,20,LVEtransmission1050,LVEtransmission729,
LVEtransmission1050_to_LVEtransmission17_electricity,#3186cc,LV electricity distribution main,transmission,100000,1,20,LVEtransmission17,LVEtransmission1050,
LVEtransmission17_to_LVEtransmission2000_electricity,#3186cc,LV electricity distribution main,transmission,100000,1,20,LVEtransmission2000,LVEtransmission17,
LVEtransmission2000_to_LVEtransmission79_electricity,#3186cc,LV electricity distribution main,transmission,100000,1,20,LVEtransmission79,LVEtransmission2000,
LVEtransmission79_to_LVEtransmission1007_electricity,#3186cc,LV electricity distribution main,transmission,100000,1,20,LVEtransmission1007,LVEtransmission79,
LVEtransmission1007_to_LVEtransmission581_electricity,#3186cc,LV electricity distribution main,transmission,100000,1,20,LVEtransmission581,LVEtransmission1007,
LVEtransmission581_to_LVEtransmission1774_electricity,#3186cc,LV electricity distribution main,transmission,100000,1,20,LVEtransmission1774,LVEtransmission581,
LVEtransmission1774_to_LVEtransmission1580_electricity,#3186cc,LV electricity distribution main,transmission,100000,1,20,LVEtransmission1580,LVEtransmission1774,
LVEtransmission1580_to_LVEtransmission1165_electricity,#3186cc,LV electricity distribution main,transmission,100000,1,20,LVEtransmission1165,LVEtransmission1580,
LVEtransmission1165_to_LVEtransmission670_electricity,#3186cc,LV electricity distribution main,transmission,100000,1,20,LVEtransmission670,LVEtransmission1165,
LVEtransmission670_to_LVEtransmission24_electricity,#3186cc,LV electricity distribution main,transmission,100000,1,20,LVEtransmission24,LVEtransmission670,
LVEtransmission24_to_LVEtransmission1777_electricity,#3186cc,LV electricity distribution main,transmission,100000,1,20,LVEtransmission1777,LVEtransmission24,
LVEtransmission1777_to_LVEtransmission1350_electricity,#3186cc,LV electricity distribution main,transmission,100000,1,20,LVEtransmission1350,LVEtransmission1777,
LVEtransmission1350_to_LVEtransmission1082_electricity,#3186cc,LV electricity distribution main,transmission,100000,1,20,LVEtransmission1082,LVEtransmission1350,
LVEtransmission1082_to_LVEtransmission390_electricity,#3186cc,LV electricity distribution main,transmission,100000,1,20,LVEtransmission390,LVEtransmission1082,
LVEtransmission390_to_LVEtransmission1409_electricity,#3186cc,LV electricity distribution main,transmission,100000,1,20,LVEtransmission1409,LVEtransmission390,
LVEtransmission1409_to_LVEtransmission828_electricity,#3186cc,LV electricity distribution main,transmission,100000,1,20,LVEtransmission828,LVEtransmission1409,
LVEtransmission828_to_LVEtransmission630_electricity,#3186cc,LV electricity distribution main,transmission,100000,1,20,LVEtransmission630,LVEtransmission828,
LVEtransmission630_to_LVEtransmission1813_electricity,#3186cc,LV electricity distribution main,transmission,100000,1,20,LVEtransmission1813,LVEtransmission630,
LVEtransmission1813_to_LVEtransmission1622_electricity,#3186cc,LV electricity distribution main,transmission,100000,1,20,LVEtransmission1622,LVEtransmission1813,
LVEtransmission1622_to_LVEtransmission1830_electricity,#3186cc,LV electricity distribution main,transmission,100000,1,20,LVEtransmission1830,LVEtransmission1622,
LVEtransmission1830_to_LVEtransmission1689_electricity,#3186cc,LV electricity distribution main,transmission,100000,1,20,LVEtransmission1689,LVEtransmission1830,
LVEtransmission1689_to_LVEtransmission871_electricity,#3186cc,LV electricity distribution main,transmission,100000,1,20,LVEtransmission871,LVEtransmission1689,
LVEtransmission871_to_LVEtransmission414_electricity,#3186cc,LV electricity distribution main,transmission,100000,1,20,LVEtransmission414,LVEtransmission871,
LVEtransmission414_to_LVEtransmission1244_electricity,#3186cc,LV electricity distribution main,transmission,100000,1,20,LVEtransmission1244,LVEtransmission414,
LVEtransmission1244_to_LVEtransmission810_electricity,#3186cc,LV electricity distribution main,transmission,100000,1,20,LVEtransmission810,LVEtransmission1244,
LVEtransmission810_to_LVEtransmission1518_electricity,#3186cc,LV electricity distribution main,transmission,100000,1,20,LVEtransmission1518,LVEtransmission810,
LVEtransmission1518_to_LVEtransmission1686_electricity,#3186cc,LV electricity distribution main,transmission,100000,1,20,LVEtransmission1686,LVEtransmission1518,
LVEtransmission1686_to_LVEtransmission511_electricity,#3186cc,LV electricity distribution main,transmission,100000,1,20,LVEtransmission511,LVEtransmission1686,
LVEtransmission729_to_LVEtransmission1817_electricity,#3186cc,LV electricity distribution main,transmission,100000,1,20,LVEtransmission1817,LVEtransmission729,
LVEtransmission1817_to_LVEtransmission902_electricity,#3186cc,LV electricity distribution main,transmission,100000,1,20,LVEtransmission902,LVEtransmission1817,
LVEtransmission1614_to_LVEtransmission874_electricity,#3186cc,LV electricity distribution main,transmission,100000,1,20,LVEtransmission874,LVEtransmission1614,
LVEtransmission874_to_LVEtransmission1155_electricity,#3186cc,LV electricity distribution main,transmission,100000,1,20,LVEtransmission1155,LVEtransmission874,
LVEtransmission1155_to_LVEtransmission61_electricity,#3186cc,LV electricity distribution main,transmission,100000,1,20,LVEtransmission61,LVEtransmission1155,
LVEtransmission61_to_LVEtransmission1130_electricity,#3186cc,LV electricity distribution main,transmission,100000,1,20,LVEtransmission1130,LVEtransmission61,
LVEtransmission1130_to_LVEtransmission226_electricity,#3186cc,LV electricity distribution main,transmission,100000,1,20,LVEtransmission226,LVEtransmission1130,
LVEtransmission226_to_LVEtransmission1418_electricity,#3186cc,LV electricity distribution main,transmission,100000,1,20,LVEtransmission1418,LVEtransmission226,
LVEtransmission1418_to_LVEtransmission630_electricity,#3186cc,LV electricity distribution main,transmission,100000,1,20,LVEtransmission630,LVEtransmission1418,
LVEtransmission630_to_LVEtransmission828_electricity,#3186cc,LV electricity distribution main,transmission,100000,1,20,LVEtransmission828,LVEtransmission630,
LVEtransmission1539_to_LVEtransmission980_electricity,#3186cc,LV electricity distribution main,transmission,100000,1,20,LVEtransmission980,LVEtransmission1539,
LVEtransmission980_to_LVEtransmission1817_electricity,#3186cc,LV electricity distribution main,transmission,100000,1,20,LVEtransmission1817,LVEtransmission980,
LVEtransmission1817_to_LVEtransmission657_electricity,#3186cc,LV electricity distribution main,transmission,100000,1,20,LVEtransmission657,LVEtransmission1817,
LVEtransmission657_to_LVEtransmission1745_electricity,#3186cc,LV electricity distribution main,transmission,100000,1,20,LVEtransmission1745,LVEtransmission657,
LVEtransmission5_to_LVEtransmission705_electricity,#3186cc,LV electricity distribution main,transmission,100000,1,20,LVEtransmission705,LVEtransmission5,
LVEtransmission705_to_LVEtransmission1774_electricity,#3186cc,LV electricity distribution main,transmission,100000,1,20,LVEtransmission1774,LVEtransmission705,
LVEtransmission1774_to_LVEtransmission1728_electricity,#3186cc,LV electricity distribution main,transmission,100000,1,20,LVEtransmission1728,LVEtransmission1774,
LVEtransmission1728_to_LVEtransmission1272_electricity,#3186cc,LV electricity distribution main,transmission,100000,1,20,LVEtransmission1272,LVEtransmission1728,
LVEtransmission1272_to_LVEtransmission189_electricity,#3186cc,LV electricity distribution main,transmission,100000,1,20,LVEtransmission189,LVEtransmission1272,
LVEtransmission189_to_LVEtransmission899_electricity,#3186cc,LV electricity distribution main,transmission,100000,1,20,LVEtransmission899,LVEtransmission189,
LVEtransmission899_to_LVEtransmission1282_electricity,#3186cc,LV electricity distribution main,transmission,100000,1,20,LVEtransmission1282,LVEtransmission899,
LVEtransmission1282_to_LVEtransmission1766_electricity,#3186cc,LV electricity distribution main,transmission,100000,1,20,LVEtransmission1766,LVEtransmission1282,
LVEtransmission1766_to_LVEtransmission218_electricity,#3186cc,LV electricity distribution main,transmission,100000,1,20,LVEtransmission218,LVEtransmission1766,
LVEtransmission218_to_LVEtransmission20_electricity,#3186cc,LV electricity distribution main,transmission,100000,1,20,LVEtransmission20,LVEtransmission218,
LVEtransmission20_to_LVEtransmission1306_electricity,#3186cc,LV electricity distribution main,transmission,100000,1,20,LVEtransmission1306,LVEtransmission20,
LVEtransmission1306_to_LVEtransmission1501_electricity,#3186cc,LV electricity distribution main,transmission,100000,1,20,LVEtransmission1501,LVEtransmission1306,
LVEtransmission1501_to_LVEtransmission1754_electricity,#3186cc,LV electricity distribution main,transmission,100000,1,20,LVEtransmission1754,LVEtransmission1501,
LVEtransmission1539_to_LVEtransmission17_electricity,#3186cc,LV electricity distribution main,transmission,100000,1,20,LVEtransmission17,LVEtransmission1539,
LVEtransmission79_to_LVEtransmission1894_electricity,#3186cc,LV electricity distribution main,transmission,100000,1,20,LVEtransmission1894,LVEtransmission79,
LVEtransmission1894_to_LVEtransmission1007_electricity,#3186cc,LV electricity distribution main,transmission,100000,1,20,LVEtransmission1007,LVEtransmission1894,
LVEtransmission1007_to_LVEtransmission5_electricity,#3186cc,LV electricity distribution main,transmission,100000,1,20,LVEtransmission5,LVEtransmission1007,
LVEtransmission168_to_LVEtransmission331_electricity,#3186cc,LV electricity distribution main,transmission,100000,1,20,LVEtransmission331,LVEtransmission168,
LVEtransmission331_to_LVEtransmission188_electricity,#3186cc,LV electricity distribution main,transmission,100000,1,20,LVEtransmission188,LVEtransmission331,
LVEtransmission188_to_LVEtransmission1754_electricity,#3186cc,LV electricity distribution main,transmission,100000,1,20,LVEtransmission1754,LVEtransmission188,
LVEtransmission238_to_LVEtransmission1807_electricity,#3186cc,LV electricity distribution main,transmission,100000,1,20,LVEtransmission1807,LVEtransmission238,
LVEtransmission1807_to_LVEtransmission1024_electricity,#3186cc,LV electricity distribution main,transmission,100000,1,20,LVEtransmission1024,LVEtransmission1807,
LVEtransmission1024_to_LVEtransmission459_electricity,#3186cc,LV electricity distribution main,transmission,100000,1,20,LVEtransmission459,LVEtransmission1024,
LVEtransmission459_to_LVEtransmission274_electricity,#3186cc,LV electricity distribution main,transmission,100000,1,20,LVEtransmission274,LVEtransmission459,
LVEtransmission274_to_LVEtransmission280_electricity,#3186cc,LV electricity distribution main,transmission,100000,1,20,LVEtransmission280,LVEtransmission274,
LVEtransmission280_to_LVEtransmission780_electricity,#3186cc,LV electricity distribution main,transmission,100000,1,20,LVEtransmission780,LVEtransmission280,
LVEtransmission780_to_LVEtransmission1098_electricity,#3186cc,LV electricity distribution main,transmission,100000,1,20,LVEtransmission1098,LVEtransmission780,
LVEtransmission1098_to_LVEtransmission1107_electricity,#3186cc,LV electricity distribution main,transmission,100000,1,20,LVEtransmission1107,LVEtransmission1098,
LVEtransmission1107_to_LVEtransmission1385_electricity,#3186cc,LV electricity distribution main,transmission,100000,1,20,LVEtransmission1385,LVEtransmission1107,
LVEtransmission1385_to_LVEtransmission1858_electricity,#3186cc,LV electricity distribution main,transmission,100000,1,20,LVEtransmission1858,LVEtransmission1385,
LVEtransmission1858_to_LVEtransmission1734_electricity,#3186cc,LV electricity distribution main,transmission,100000,1,20,LVEtransmission1734,LVEtransmission1858,
LVEtransmission1734_to_LVEtransmission381_electricity,#3186cc,LV electricity distribution main,transmission,100000,1,20,LVEtransmission381,LVEtransmission1734,
LVEtransmission381_to_LVEtransmission1501_electricity,#3186cc,LV electricity distribution main,transmission,100000,1,20,LVEtransmission1501,LVEtransmission381,
LVEtransmission1501_to_LVEtransmission1306_electricity,#3186cc,LV electricity distribution main,transmission,100000,1,20,LVEtransmission1306,LVEtransmission1501,
LVEtransmission1306_to_LVEtransmission1754_electricity,#3186cc,LV electricity distribution main,transmission,100000,1,20,LVEtransmission1754,LVEtransmission1306,
LVEtransmission1754_to_LVEtransmission188_electricity,#3186cc,LV electricity distribution main,transmission,100000,1,20,LVEtransmission188,LVEtransmission1754,
LVEtransmission188_to_LVEtransmission1923_electricity,#3186cc,LV electricity distribution main,transmission,100000,1,20,LVEtransmission1923,LVEtransmission188,
LVEtransmission238_to_LVEtransmission98_electricity,#3186cc,LV electricity distribution main,transmission,100000,1,20,LVEtransmission98,LVEtransmission238,
LVEtransmission98_to_LVEtransmission1897_electricity,#3186cc,LV electricity distribution main,transmission,100000,1,20,LVEtransmission1897,LVEtransmission98,
LVEtransmission1897_to_LVEtransmission1032_electricity,#3186cc,LV electricity distribution main,transmission,100000,1,20,LVEtransmission1032,LVEtransmission1897,
LVEtransmission186_to_LVEtransmission810_electricity,#3186cc,LV electricity distribution main,transmission,100000,1,20,LVEtransmission810,LVEtransmission186,
LVEtransmission810_to_LVEtransmission414_electricity,#3186cc,LV electricity distribution main,transmission,100000,1,20,LVEtransmission414,LVEtransmission810,
LVEtransmission414_to_LVEtransmission1268_electricity,#3186cc,LV electricity distribution main,transmission,100000,1,20,LVEtransmission1268,LVEtransmission414,
LVEtransmission1268_to_LVEtransmission871_electricity,#3186cc,LV electricity distribution main,transmission,100000,1,20,LVEtransmission871,LVEtransmission1268,
LVEtransmission871_to_LVEtransmission1689_electricity,#3186cc,LV electricity distribution main,transmission,100000,1,20,LVEtransmission1689,LVEtransmission871,
LVEtransmission1689_to_LVEtransmission1830_electricity,#3186cc,LV electricity distribution main,transmission,100000,1,20,LVEtransmission1830,LVEtransmission1689,
LVEtransmission1830_to_LVEtransmission1622_electricity,#3186cc,LV electricity distribution main,transmission,100000,1,20,LVEtransmission1622,LVEtransmission1830,
LVEtransmission1622_to_LVEtransmission1813_electricity,#3186cc,LV electricity distribution main,transmission,100000,1,20,LVEtransmission1813,LVEtransmission1622,
LVEtransmission1813_to_LVEtransmission961_electricity,#3186cc,LV electricity distribution main,transmission,100000,1,20,LVEtransmission961,LVEtransmission1813,
LVEtransmission961_to_LVEtransmission1741_electricity,#3186cc,LV electricity distribution main,transmission,100000,1,20,LVEtransmission1741,LVEtransmission961,
LVEtransmission1741_to_LVEtransmission328_electricity,#3186cc,LV electricity distribution main,transmission,100000,1,20,LVEtransmission328,LVEtransmission1741,
LVEtransmission328_to_LVEtransmission252_electricity,#3186cc,LV electricity distribution main,transmission,100000,1,20,LVEtransmission252,LVEtransmission328,
LVEtransmission252_to_LVEtransmission886_electricity,#3186cc,LV electricity distribution main,transmission,100000,1,20,LVEtransmission886,LVEtransmission252,
LVEtransmission886_to_LVEtransmission1484_electricity,#3186cc,LV electricity distribution main,transmission,100000,1,20,LVEtransmission1484,LVEtransmission886,
LVEtransmission1484_to_LVEtransmission297_electricity,#3186cc,LV electricity distribution main,transmission,100000,1,20,LVEtransmission297,LVEtransmission1484,
LVEtransmission297_to_LVEtransmission1380_electricity,#3186cc,LV electricity distribution main,transmission,100000,1,20,LVEtransmission1380,LVEtransmission297,
LVEtransmission1380_to_LVEtransmission1287_electricity,#3186cc,LV electricity distribution main,transmission,100000,1,20,LVEtransmission1287,LVEtransmission1380,
LVEtransmission1287_to_LVEtransmission1897_electricity,#3186cc,LV electricity distribution main,transmission,100000,1,20,LVEtransmission1897,LVEtransmission1287,
LVEtransmission1897_to_LVEtransmission930_electricity,#3186cc,LV electricity distribution main,transmission,100000,1,20,LVEtransmission930,LVEtransmission1897,
LVEtransmission1593_to_LVEtransmission169_electricity,#3186cc,LV electricity distribution main,transmission,100000,1,20,LVEtransmission169,LVEtransmission1593,
LVEtransmission169_to_LVEtransmission1425_electricity,#3186cc,LV electricity distribution main,transmission,100000,1,20,LVEtransmission1425,LVEtransmission169,
LVEtransmission1425_to_LVEtransmission322_electricity,#3186cc,LV electricity distribution main,transmission,100000,1,20,LVEtransmission322,LVEtransmission1425,
LVEtransmission322_to_LVEtransmission545_electricity,#3186cc,LV electricity distribution main,transmission,100000,1,20,LVEtransmission545,LVEtransmission322,
LVEtransmission545_to_LVEtransmission950_electricity,#3186cc,LV electricity distribution main,transmission,100000,1,20,LVEtransmission950,LVEtransmission545,
LVEtransmission950_to_LVEtransmission1283_electricity,#3186cc,LV electricity distribution main,transmission,100000,1,20,LVEtransmission1283,LVEtransmission950,
LVEtransmission1283_to_LVEtransmission1577_electricity,#3186cc,LV electricity distribution main,transmission,100000,1,20,LVEtransmission1577,LVEtransmission1283,
LVEtransmission1577_to_LVEtransmission1724_electricity,#3186cc,LV electricity distribution main,transmission,100000,1,20,LVEtransmission1724,LVEtransmission1577,
LVEtransmission1724_to_LVEtransmission1041_electricity,#3186cc,LV electricity distribution main,transmission,100000,1,20,LVEtransmission1041,LVEtransmission1724,
LVEtransmission1041_to_LVEtransmission1238_electricity,#3186cc,LV electricity distribution main,transmission,100000,1,20,LVEtransmission1238,LVEtransmission1041,
LVEtransmission1238_to_LVEtransmission802_electricity,#3186cc,LV electricity distribution main,transmission,100000,1,20,LVEtransmission802,LVEtransmission1238,
LVEtransmission802_to_LVEtransmission237_electricity,#3186cc,LV electricity distribution main,transmission,100000,1,20,LVEtransmission237,LVEtransmission802,
LVEtransmission237_to_LVEtransmission1212_electricity,#3186cc,LV electricity distribution main,transmission,100000,1,20,LVEtransmission1212,LVEtransmission237,
LVEtransmission1212_to_LVEtransmission279_electricity,#3186cc,LV electricity distribution main,transmission,100000,1,20,LVEtransmission279,LVEtransmission1212,
LVEtransmission279_to_LVEtransmission905_electricity,#3186cc,LV electricity distribution main,transmission,100000,1,20,LVEtransmission905,LVEtransmission279,
LVEtransmission905_to_LVEtransmission1375_electricity,#3186cc,LV electricity distribution main,transmission,100000,1,20,LVEtransmission1375,LVEtransmission905,
LVEtransmission1375_to_LVEtransmission1485_electricity,#3186cc,LV electricity distribution main,transmission,100000,1,20,LVEtransmission1485,LVEtransmission1375,
LVEtransmission1485_to_LVEtransmission1137_electricity,#3186cc,LV electricity distribution main,transmission,100000,1,20,LVEtransmission1137,LVEtransmission1485,
LVEtransmission1137_to_LVEtransmission1371_electricity,#3186cc,LV electricity distribution main,transmission,100000,1,20,LVEtransmission1371,LVEtransmission1137,
LVEtransmission1371_to_LVEtransmission1856_electricity,#3186cc,LV electricity distribution main,transmission,100000,1,20,LVEtransmission1856,LVEtransmission1371,
LVEtransmission1856_to_LVEtransmission1571_electricity,#3186cc,LV electricity distribution main,transmission,100000,1,20,LVEtransmission1571,LVEtransmission1856,
LVEtransmission1571_to_LVEtransmission637_electricity,#3186cc,LV electricity distribution main,transmission,100000,1,20,LVEtransmission637,LVEtransmission1571,
LVEtransmission637_to_LVEtransmission2001_electricity,#3186cc,LV electricity distribution main,transmission,100000,1,20,LVEtransmission2001,LVEtransmission637,
LVEtransmission2001_to_LVEtransmission1242_electricity,#3186cc,LV electricity distribution main,transmission,100000,1,20,LVEtransmission1242,LVEtransmission2001,
LVEtransmission1242_to_LVEtransmission1214_electricity,#3186cc,LV electricity distribution main,transmission,100000,1,20,LVEtransmission1214,LVEtransmission1242,
LVEtransmission1214_to_LVEtransmission938_electricity,#3186cc,LV electricity distribution main,transmission,100000,1,20,LVEtransmission938,LVEtransmission1214,
LVEtransmission938_to_LVEtransmission1435_electricity,#3186cc,LV electricity distribution main,transmission,100000,1,20,LVEtransmission1435,LVEtransmission938,
LVEtransmission1435_to_LVEtransmission1328_electricity,#3186cc,LV electricity distribution main,transmission,100000,1,20,LVEtransmission1328,LVEtransmission1435,
LVEtransmission1328_to_LVEtransmission695_electricity,#3186cc,LV electricity distribution main,transmission,100000,1,20,LVEtransmission695,LVEtransmission1328,
LVEtransmission695_to_LVEtransmission572_electricity,#3186cc,LV electricity distribution main,transmission,100000,1,20,LVEtransmission572,LVEtransmission695,
LVEtransmission606_to_LVEtransmission1815_electricity,#3186cc,LV electricity distribution main,transmission,100000,1,20,LVEtransmission1815,LVEtransmission606,
LVEtransmission1815_to_LVEtransmission1059_electricity,#3186cc,LV electricity distribution main,transmission,100000,1,20,LVEtransmission1059,LVEtransmission1815,
LVEtransmission1059_to_LVEtransmission1651_electricity,#3186cc,LV electricity distribution main,transmission,100000,1,20,LVEtransmission1651,LVEtransmission1059,
LVEtransmission1651_to_LVEtransmission54_electricity,#3186cc,LV electricity distribution main,transmission,100000,1,20,LVEtransmission54,LVEtransmission1651,
LVEtransmission54_to_LVEtransmission229_electricity,#3186cc,LV electricity distribution main,transmission,100000,1,20,LVEtransmission229,LVEtransmission54,
LVEtransmission229_to_LVEtransmission1712_electricity,#3186cc,LV electricity distribution main,transmission,100000,1,20,LVEtransmission1712,LVEtransmission229,
LVEtransmission1712_to_LVEtransmission1200_electricity,#3186cc,LV electricity distribution main,transmission,100000,1,20,LVEtransmission1200,LVEtransmission1712,
LVEtransmission1200_to_LVEtransmission809_electricity,#3186cc,LV electricity distribution main,transmission,100000,1,20,LVEtransmission809,LVEtransmission1200,
LVEtransmission809_to_LVEtransmission1962_electricity,#3186cc,LV electricity distribution main,transmission,100000,1,20,LVEtransmission1962,LVEtransmission809,
LVEtransmission1962_to_LVEtransmission928_electricity,#3186cc,LV electricity distribution main,transmission,100000,1,20,LVEtransmission928,LVEtransmission1962,
LVEtransmission928_to_LVEtransmission1086_electricity,#3186cc,LV electricity distribution main,transmission,100000,1,20,LVEtransmission1086,LVEtransmission928,
LVEtransmission1086_to_LVEtransmission36_electricity,#3186cc,LV electricity distribution main,transmission,100000,1,20,LVEtransmission36,LVEtransmission1086,
LVEtransmission36_to_LVEtransmission139_electricity,#3186cc,LV electricity distribution main,transmission,100000,1,20,LVEtransmission139,LVEtransmission36,
LVEtransmission139_to_LVEtransmission669_electricity,#3186cc,LV electricity distribution main,transmission,100000,1,20,LVEtransmission669,LVEtransmission139,
LVEtransmission669_to_LVEtransmission1868_electricity,#3186cc,LV electricity distribution main,transmission,100000,1,20,LVEtransmission1868,LVEtransmission669,
LVEtransmission1868_to_LVEtransmission1309_electricity,#3186cc,LV electricity distribution main,transmission,100000,1,20,LVEtransmission1309,LVEtransmission1868,
LVEtransmission1309_to_LVEtransmission1197_electricity,#3186cc,LV electricity distribution main,transmission,100000,1,20,LVEtransmission1197,LVEtransmission1309,
LVEtransmission1197_to_LVEtransmission683_electricity,#3186cc,LV electricity distribution main,transmission,100000,1,20,LVEtransmission683,LVEtransmission1197,
LVEtransmission683_to_LVEtransmission475_electricity,#3186cc,LV electricity distribution main,transmission,100000,1,20,LVEtransmission475,LVEtransmission683,
LVEtransmission475_to_LVEtransmission1191_electricity,#3186cc,LV electricity distribution main,transmission,100000,1,20,LVEtransmission1191,LVEtransmission475,
LVEtransmission1191_to_LVEtransmission1705_electricity,#3186cc,LV electricity distribution main,transmission,100000,1,20,LVEtransmission1705,LVEtransmission1191,
LVEtransmission1705_to_LVEtransmission1047_electricity,#3186cc,LV electricity distribution main,transmission,100000,1,20,LVEtransmission1047,LVEtransmission1705,
LVEtransmission1047_to_LVEtransmission471_electricity,#3186cc,LV electricity distribution main,transmission,100000,1,20,LVEtransmission471,LVEtransmission1047,
LVEtransmission471_to_LVEtransmission307_electricity,#3186cc,LV electricity distribution main,transmission,100000,1,20,LVEtransmission307,LVEtransmission471,
LVEtransmission307_to_LVEtransmission1971_electricity,#3186cc,LV electricity distribution main,transmission,100000,1,20,LVEtransmission1971,LVEtransmission307,
LVEtransmission1971_to_LVEtransmission550_electricity,#3186cc,LV electricity distribution main,transmission,100000,1,20,LVEtransmission550,LVEtransmission1971,
LVEtransmission550_to_LVEtransmission1753_electricity,#3186cc,LV electricity distribution main,transmission,100000,1,20,LVEtransmission1753,LVEtransmission550,
LVEtransmission1753_to_LVEtransmission1991_electricity,#3186cc,LV electricity distribution main,transmission,100000,1,20,LVEtransmission1991,LVEtransmission1753,
LVEtransmission1991_to_LVEtransmission1004_electricity,#3186cc,LV electricity distribution main,transmission,100000,1,20,LVEtransmission1004,LVEtransmission1991,
LVEtransmission1004_to_LVEtransmission26_electricity,#3186cc,LV electricity distribution main,transmission,100000,1,20,LVEtransmission26,LVEtransmission1004,
LVEtransmission74_to_LVEtransmission16_electricity,#3186cc,LV electricity distribution main,transmission,100000,1,20,LVEtransmission16,LVEtransmission74,
LVEtransmission16_to_LVEtransmission1331_electricity,#3186cc,LV electricity distribution main,transmission,100000,1,20,LVEtransmission1331,LVEtransmission16,
LVEtransmission1331_to_LVEtransmission1374_electricity,#3186cc,LV electricity distribution main,transmission,100000,1,20,LVEtransmission1374,LVEtransmission1331,
LVEtransmission1374_to_LVEtransmission769_electricity,#3186cc,LV electricity distribution main,transmission,100000,1,20,LVEtransmission769,LVEtransmission1374,
LVEtransmission769_to_LVEtransmission882_electricity,#3186cc,LV electricity distribution main,transmission,100000,1,20,LVEtransmission882,LVEtransmission769,
LVEtransmission882_to_LVEtransmission401_electricity,#3186cc,LV electricity distribution main,transmission,100000,1,20,LVEtransmission401,LVEtransmission882,
LVEtransmission401_to_LVEtransmission1755_electricity,#3186cc,LV electricity distribution main,transmission,100000,1,20,LVEtransmission1755,LVEtransmission401,
LVEtransmission1755_to_LVEtransmission1191_electricity,#3186cc,LV electricity distribution main,transmission,100000,1,20,LVEtransmission1191,LVEtransmission1755,
LVEtransmission1047_to_LVEtransmission176_electricity,#3186cc,LV electricity distribution main,transmission,100000,1,20,LVEtransmission176,LVEtransmission1047,
LVEtransmission176_to_LVEtransmission471_electricity,#3186cc,LV electricity distribution main,transmission,100000,1,20,LVEtransmission471,LVEtransmission176,
LVEtransmission471_to_LVEtransmission1675_electricity,#3186cc,LV electricity distribution main,transmission,100000,1,20,LVEtransmission1675,LVEtransmission471,
LVEtransmission1675_to_LVEtransmission307_electricity,#3186cc,LV electricity distribution main,transmission,100000,1,20,LVEtransmission307,LVEtransmission1675,
LVEtransmission307_to_LVEtransmission254_electricity,#3186cc,LV electricity distribution main,transmission,100000,1,20,LVEtransmission254,LVEtransmission307,
LVEtransmission254_to_LVEtransmission1753_electricity,#3186cc,LV electricity distribution main,transmission,100000,1,20,LVEtransmission1753,LVEtransmission254,
LVEtransmission504_to_LVEtransmission67_electricity,#3186cc,LV electricity distribution main,transmission,100000,1,20,LVEtransmission67,LVEtransmission504,
LVEtransmission67_to_LVEtransmission1662_electricity,#3186cc,LV electricity distribution main,transmission,100000,1,20,LVEtransmission1662,LVEtransmission67,
LVEtransmission1662_to_LVEtransmission1163_electricity,#3186cc,LV electricity distribution main,transmission,100000,1,20,LVEtransmission1163,LVEtransmission1662,
LVEtransmission1163_to_LVEtransmission1936_electricity,#3186cc,LV electricity distribution main,transmission,100000,1,20,LVEtransmission1936,LVEtransmission1163,
LVEtransmission1936_to_LVEtransmission283_electricity,#3186cc,LV electricity distribution main,transmission,100000,1,20,LVEtransmission283,LVEtransmission1936,
LVEtransmission283_to_LVEtransmission808_electricity,#3186cc,LV electricity distribution main,transmission,100000,1,20,LVEtransmission808,LVEtransmission283,
LVEtransmission808_to_LVEtransmission1034_electricity,#3186cc,LV electricity distribution main,transmission,100000,1,20,LVEtransmission1034,LVEtransmission808,
LVEtransmission1034_to_LVEtransmission174_electricity,#3186cc,LV electricity distribution main,transmission,100000,1,20,LVEtransmission174,LVEtransmission1034,
LVEtransmission174_to_LVEtransmission8_electricity,#3186cc,LV electricity distribution main,transmission,100000,1,20,LVEtransmission8,LVEtransmission174,
LVEtransmission1991_to_LVEtransmission1798_electricity,#3186cc,LV electricity distribution main,transmission,100000,1,20,LVEtransmission1798,LVEtransmission1991,
LVEtransmission1798_to_LVEtransmission254_electricity,#3186cc,LV electricity distribution main,transmission,100000,1,20,LVEtransmission254,LVEtransmission1798,
LVEtransmission254_to_LVEtransmission1423_electricity,#3186cc,LV electricity distribution main,transmission,100000,1,20,LVEtransmission1423,LVEtransmission254,
LVEtransmission1423_to_LVEtransmission471_electricity,#3186cc,LV electricity distribution main,transmission,100000,1,20,LVEtransmission471,LVEtransmission1423,
LVEtransmission307_to_LVEtransmission1907_electricity,#3186cc,LV electricity distribution main,transmission,100000,1,20,LVEtransmission1907,LVEtransmission307,
LVEtransmission1907_to_LVEtransmission81_electricity,#3186cc,LV electricity distribution main,transmission,100000,1,20,LVEtransmission81,LVEtransmission1907,
LVEtransmission81_to_LVEtransmission4_electricity,#3186cc,LV electricity distribution main,transmission,100000,1,20,LVEtransmission4,LVEtransmission81,
LVEtransmission4_to_LVEtransmission1467_electricity,#3186cc,LV electricity distribution main,transmission,100000,1,20,LVEtransmission1467,LVEtransmission4,
LVEtransmission1467_to_LVEtransmission1922_electricity,#3186cc,LV electricity distribution main,transmission,100000,1,20,LVEtransmission1922,LVEtransmission1467,
LVEtransmission1922_to_LVEtransmission72_electricity,#3186cc,LV electricity distribution main,transmission,100000,1,20,LVEtransmission72,LVEtransmission1922,
LVEtransmission72_to_LVEtransmission8_electricity,#3186cc,LV electricity distribution main,transmission,100000,1,20,LVEtransmission8,LVEtransmission72,
LVEtransmission1802_to_LVEtransmission1359_electricity,#3186cc,LV electricity distribution main,transmission,100000,1,20,LVEtransmission1359,LVEtransmission1802,
LVEtransmission1359_to_LVEtransmission965_electricity,#3186cc,LV electricity distribution main,transmission,100000,1,20,LVEtransmission965,LVEtransmission1359,
LVEtransmission965_to_LVEtransmission47_electricity,#3186cc,LV electricity distribution main,transmission,100000,1,20,LVEtransmission47,LVEtransmission965,
LVEtransmission47_to_LVEtransmission912_electricity,#3186cc,LV electricity distribution main,transmission,100000,1,20,LVEtransmission912,LVEtransmission47,
LVEtransmission912_to_LVEtransmission1729_electricity,#3186cc,LV electricity distribution main,transmission,100000,1,20,LVEtransmission1729,LVEtransmission912,
LVEtransmission1729_to_LVEtransmission1553_electricity,#3186cc,LV electricity distribution main,transmission,100000,1,20,LVEtransmission1553,LVEtransmission1729,
LVEtransmission1553_to_LVEtransmission1307_electricity,#3186cc,LV electricity distribution main,transmission,100000,1,20,LVEtransmission1307,LVEtransmission1553,
LVEtransmission1307_to_LVEtransmission1981_electricity,#3186cc,LV electricity distribution main,transmission,100000,1,20,LVEtransmission1981,LVEtransmission1307,
LVEtransmission1981_to_LVEtransmission1843_electricity,#3186cc,LV electricity distribution main,transmission,100000,1,20,LVEtransmission1843,LVEtransmission1981,
LVEtransmission1843_to_LVEtransmission1946_electricity,#3186cc,LV electricity distribution main,transmission,100000,1,20,LVEtransmission1946,LVEtransmission1843,
LVEtransmission1946_to_LVEtransmission893_electricity,#3186cc,LV electricity distribution main,transmission,100000,1,20,LVEtransmission893,LVEtransmission1946,
LVEtransmission893_to_LVEtransmission93_electricity,#3186cc,LV electricity distribution main,transmission,100000,1,20,LVEtransmission93,LVEtransmission893,
LVEtransmission93_to_LVEtransmission1708_electricity,#3186cc,LV electricity distribution main,transmission,100000,1,20,LVEtransmission1708,LVEtransmission93,
LVEtransmission1708_to_LVEtransmission275_electricity,#3186cc,LV electricity distribution main,transmission,100000,1,20,LVEtransmission275,LVEtransmission1708,
LVEtransmission275_to_LVEtransmission1329_electricity,#3186cc,LV electricity distribution main,transmission,100000,1,20,LVEtransmission1329,LVEtransmission275,
LVEtransmission1329_to_LVEtransmission734_electricity,#3186cc,LV electricity distribution main,transmission,100000,1,20,LVEtransmission734,LVEtransmission1329,
LVEtransmission734_to_LVEtransmission1150_electricity,#3186cc,LV electricity distribution main,transmission,100000,1,20,LVEtransmission1150,LVEtransmission734,
LVEtransmission1150_to_LVEtransmission227_electricity,#3186cc,LV electricity distribution main,transmission,100000,1,20,LVEtransmission227,LVEtransmission1150,
LVEtransmission227_to_LVEtransmission174_electricity,#3186cc,LV electricity distribution main,transmission,100000,1,20,LVEtransmission174,LVEtransmission227,
LVEtransmission1798_to_LVEtransmission1423_electricity,#3186cc,LV electricity distribution main,transmission,100000,1,20,LVEtransmission1423,LVEtransmission1798,
LVEtransmission1423_to_LVEtransmission204_electricity,#3186cc,LV electricity distribution main,transmission,100000,1,20,LVEtransmission204,LVEtransmission1423,
LVEtransmission204_to_LVEtransmission471_electricity,#3186cc,LV electricity distribution main,transmission,100000,1,20,LVEtransmission471,LVEtransmission204,
LVEtransmission471_to_LVEtransmission1951_electricity,#3186cc,LV electricity distribution main,transmission,100000,1,20,LVEtransmission1951,LVEtransmission471,
LVEtransmission1951_to_LVEtransmission1383_electricity,#3186cc,LV electricity distribution main,transmission,100000,1,20,LVEtransmission1383,LVEtransmission1951,
LVEtransmission1383_to_LVEtransmission176_electricity,#3186cc,LV electricity distribution main,transmission,100000,1,20,LVEtransmission176,LVEtransmission1383,
LVEtransmission176_to_LVEtransmission1191_electricity,#3186cc,LV electricity distribution main,transmission,100000,1,20,LVEtransmission1191,LVEtransmission176,
LVEtransmission1191_to_LVEtransmission1490_electricity,#3186cc,LV electricity distribution main,transmission,100000,1,20,LVEtransmission1490,LVEtransmission1191,
LVEtransmission1490_to_LVEtransmission1151_electricity,#3186cc,LV electricity distribution main,transmission,100000,1,20,LVEtransmission1151,LVEtransmission1490,
LVEtransmission1151_to_LVEtransmission1676_electricity,#3186cc,LV electricity distribution main,transmission,100000,1,20,LVEtransmission1676,LVEtransmission1151,
LVEtransmission1676_to_LVEtransmission1735_electricity,#3186cc,LV electricity distribution main,transmission,100000,1,20,LVEtransmission1735,LVEtransmission1676,
LVEtransmission1735_to_LVEtransmission1051_electricity,#3186cc,LV electricity distribution main,transmission,100000,1,20,LVEtransmission1051,LVEtransmission1735,
LVEtransmission1051_to_LVEtransmission1233_electricity,#3186cc,LV electricity distribution main,transmission,100000,1,20,LVEtransmission1233,LVEtransmission1051,
LVEtransmission1233_to_LVEtransmission442_electricity,#3186cc,LV electricity distribution main,transmission,100000,1,20,LVEtransmission442,LVEtransmission1233,
LVEtransmission442_to_LVEtransmission738_electricity,#3186cc,LV electricity distribution main,transmission,100000,1,20,LVEtransmission738,LVEtransmission442,
LVEtransmission867_to_LVEtransmission1245_electricity,#3186cc,LV electricity distribution main,transmission,100000,1,20,LVEtransmission1245,LVEtransmission867,
LVEtransmission1245_to_LVEtransmission699_electricity,#3186cc,LV electricity distribution main,transmission,100000,1,20,LVEtransmission699,LVEtransmission1245,
LVEtransmission699_to_LVEtransmission16_electricity,#3186cc,LV electricity distribution main,transmission,100000,1,20,LVEtransmission16,LVEtransmission699,
LVEtransmission16_to_LVEtransmission1930_electricity,#3186cc,LV electricity distribution main,transmission,100000,1,20,LVEtransmission1930,LVEtransmission16,
LVEtransmission940_to_LVEtransmission751_electricity,#3186cc,LV electricity distribution main,transmission,100000,1,20,LVEtransmission751,LVEtransmission940,
LVEtransmission1599_to_LVEtransmission1684_electricity,#3186cc,LV electricity distribution main,transmission,100000,1,20,LVEtransmission1684,LVEtransmission1599,
LVEtransmission1684_to_LVEtransmission1046_electricity,#3186cc,LV electricity distribution main,transmission,100000,1,20,LVEtransmission1046,LVEtransmission1684,
LVEtransmission1599_to_LVEtransmission1990_electricity,#3186cc,LV electricity distribution main,transmission,100000,1,20,LVEtransmission1990,LVEtransmission1599,
LVEtransmission1990_to_LVEtransmission968_electricity,#3186cc,LV electricity distribution main,transmission,100000,1,20,LVEtransmission968,LVEtransmission1990,
LVEtransmission968_to_LVEtransmission594_electricity,#3186cc,LV electricity distribution main,transmission,100000,1,20,LVEtransmission594,LVEtransmission968,
LVEtransmission594_to_LVEtransmission248_electricity,#3186cc,LV electricity distribution main,transmission,100000,1,20,LVEtransmission248,LVEtransmission594,
LVEtransmission248_to_LVEtransmission977_electricity,#3186cc,LV electricity distribution main,transmission,100000,1,20,LVEtransmission977,LVEtransmission248,
LVEtransmission977_to_LVEtransmission1096_electricity,#3186cc,LV electricity distribution main,transmission,100000,1,20,LVEtransmission1096,LVEtransmission977,
LVEtransmission1096_to_LVEtransmission1943_electricity,#3186cc,LV electricity distribution main,transmission,100000,1,20,LVEtransmission1943,LVEtransmission1096,
LVEtransmission1943_to_LVEtransmission240_electricity,#3186cc,LV electricity distribution main,transmission,100000,1,20,LVEtransmission240,LVEtransmission1943,
LVEtransmission240_to_LVEtransmission393_electricity,#3186cc,LV electricity distribution main,transmission,100000,1,20,LVEtransmission393,LVEtransmission240,
LVEtransmission393_to_LVEtransmission268_electricity,#3186cc,LV electricity distribution main,transmission,100000,1,20,LVEtransmission268,LVEtransmission393,
LVEtransmission268_to_LVEtransmission1683_electricity,#3186cc,LV electricity distribution main,transmission,100000,1,20,LVEtransmission1683,LVEtransmission268,
LVEtransmission1683_to_LVEtransmission940_electricity,#3186cc,LV electricity distribution main,transmission,100000,1,20,LVEtransmission940,LVEtransmission1683,
LVEtransmission940_to_LVEtransmission1551_electricity,#3186cc,LV electricity distribution main,transmission,100000,1,20,LVEtransmission1551,LVEtransmission940,
LVEtransmission1551_to_LVEtransmission1139_electricity,#3186cc,LV electricity distribution main,transmission,100000,1,20,LVEtransmission1139,LVEtransmission1551,
LVEtransmission1139_to_LVEtransmission276_electricity,#3186cc,LV electricity distribution main,transmission,100000,1,20,LVEtransmission276,LVEtransmission1139,
LVEtransmission1201_to_LVEtransmission1913_electricity,#3186cc,LV electricity distribution main,transmission,100000,1,20,LVEtransmission1913,LVEtransmission1201,
LVEtransmission1913_to_LVEtransmission14_electricity,#3186cc,LV electricity distribution main,transmission,100000,1,20,LVEtransmission14,LVEtransmission1913,
LVEtransmission14_to_LVEtransmission783_electricity,#3186cc,LV electricity distribution main,transmission,100000,1,20,LVEtransmission783,LVEtransmission14,
LVEtransmission783_to_LVEtransmission845_electricity,#3186cc,LV electricity distribution main,transmission,100000,1,20,LVEtransmission845,LVEtransmission783,
LVEtransmission845_to_LVEtransmission1866_electricity,#3186cc,LV electricity distribution main,transmission,100000,1,20,LVEtransmission1866,LVEtransmission845,
LVEtransmission1866_to_LVEtransmission499_electricity,#3186cc,LV electricity distribution main,transmission,100000,1,20,LVEtransmission499,LVEtransmission1866,
LVEtransmission499_to_LVEtransmission1420_electricity,#3186cc,LV electricity distribution main,transmission,100000,1,20,LVEtransmission1420,LVEtransmission499,
LVEtransmission1420_to_LVEtransmission493_electricity,#3186cc,LV electricity distribution main,transmission,100000,1,20,LVEtransmission493,LVEtransmission1420,
LVEtransmission493_to_LVEtransmission751_electricity,#3186cc,LV electricity distribution main,transmission,100000,1,20,LVEtransmission751,LVEtransmission493,
LVEtransmission1201_to_LVEtransmission447_electricity,#3186cc,LV electricity distribution main,transmission,100000,1,20,LVEtransmission447,LVEtransmission1201,
LVEtransmission447_to_LVEtransmission919_electricity,#3186cc,LV electricity distribution main,transmission,100000,1,20,LVEtransmission919,LVEtransmission447,
LVEtransmission919_to_LVEtransmission800_electricity,#3186cc,LV electricity distribution main,transmission,100000,1,20,LVEtransmission800,LVEtransmission919,
LVEtransmission800_to_LVEtransmission629_electricity,#3186cc,LV electricity distribution main,transmission,100000,1,20,LVEtransmission629,LVEtransmission800,
LVEtransmission629_to_LVEtransmission628_electricity,#3186cc,LV electricity distribution main,transmission,100000,1,20,LVEtransmission628,LVEtransmission629,
LVEtransmission628_to_LVEtransmission1782_electricity,#3186cc,LV electricity distribution main,transmission,100000,1,20,LVEtransmission1782,LVEtransmission628,
LVEtransmission1782_to_LVEtransmission287_electricity,#3186cc,LV electricity distribution main,transmission,100000,1,20,LVEtransmission287,LVEtransmission1782,
LVEtransmission287_to_LVEtransmission1857_electricity,#3186cc,LV electricity distribution main,transmission,100000,1,20,LVEtransmission1857,LVEtransmission287,
LVEtransmission1857_to_LVEtransmission895_electricity,#3186cc,LV electricity distribution main,transmission,100000,1,20,LVEtransmission895,LVEtransmission1857,
LVEtransmission524_to_LVEtransmission207_electricity,#3186cc,LV electricity distribution main,transmission,100000,1,20,LVEtransmission207,LVEtransmission524,
LVEtransmission552_to_LVEtransmission497_electricity,#3186cc,LV electricity distribution main,transmission,100000,1,20,LVEtransmission497,LVEtransmission552,
LVEtransmission497_to_LVEtransmission1159_electricity,#3186cc,LV electricity distribution main,transmission,100000,1,20,LVEtransmission1159,LVEtransmission497,
LVEtransmission1159_to_LVEtransmission1664_electricity,#3186cc,LV electricity distribution main,transmission,100000,1,20,LVEtransmission1664,LVEtransmission1159,
LVEtransmission1664_to_LVEtransmission1770_electricity,#3186cc,LV electricity distribution main,transmission,100000,1,20,LVEtransmission1770,LVEtransmission1664,
LVEtransmission1770_to_LVEtransmission582_electricity,#3186cc,LV electricity distribution main,transmission,100000,1,20,LVEtransmission582,LVEtransmission1770,
LVEtransmission1634_to_LVEtransmission1091_electricity,#3186cc,LV electricity distribution main,transmission,100000,1,20,LVEtransmission1091,LVEtransmission1634,
LVEtransmission1091_to_LVEtransmission1391_electricity,#3186cc,LV electricity distribution main,transmission,100000,1,20,LVEtransmission1391,LVEtransmission1091,
LVEtransmission1391_to_LVEtransmission121_electricity,#3186cc,LV electricity distribution main,transmission,100000,1,20,LVEtransmission121,LVEtransmission1391,
LVEtransmission121_to_LVEtransmission97_electricity,#3186cc,LV electricity distribution main,transmission,100000,1,20,LVEtransmission97,LVEtransmission121,
LVEtransmission97_to_LVEtransmission94_electricity,#3186cc,LV electricity distribution main,transmission,100000,1,20,LVEtransmission94,LVEtransmission97,
LVEtransmission94_to_LVEtransmission1558_electricity,#3186cc,LV electricity distribution main,transmission,100000,1,20,LVEtransmission1558,LVEtransmission94,
LVEtransmission1558_to_LVEtransmission1552_electricity,#3186cc,LV electricity distribution main,transmission,100000,1,20,LVEtransmission1552,LVEtransmission1558,
LVEtransmission1552_to_LVEtransmission1522_electricity,#3186cc,LV electricity distribution main,transmission,100000,1,20,LVEtransmission1522,LVEtransmission1552,
LVEtransmission1522_to_LVEtransmission506_electricity,#3186cc,LV electricity distribution main,transmission,100000,1,20,LVEtransmission506,LVEtransmission1522,
LVEtransmission1078_to_LVEtransmission1787_electricity,#3186cc,LV electricity distribution main,transmission,100000,1,20,LVEtransmission1787,LVEtransmission1078,
LVEtransmission1787_to_LVEtransmission2008_electricity,#3186cc,LV electricity distribution main,transmission,100000,1,20,LVEtransmission2008,LVEtransmission1787,
LVEtransmission2008_to_LVEtransmission1366_electricity,#3186cc,LV electricity distribution main,transmission,100000,1,20,LVEtransmission1366,LVEtransmission2008,
LVEtransmission1366_to_LVEtransmission1632_electricity,#3186cc,LV electricity distribution main,transmission,100000,1,20,LVEtransmission1632,LVEtransmission1366,
LVEtransmission1632_to_LVEtransmission935_electricity,#3186cc,LV electricity distribution main,transmission,100000,1,20,LVEtransmission935,LVEtransmission1632,
LVEtransmission935_to_LVEtransmission282_electricity,#3186cc,LV electricity distribution main,transmission,100000,1,20,LVEtransmission282,LVEtransmission935,
LVEtransmission282_to_LVEtransmission428_electricity,#3186cc,LV electricity distribution main,transmission,100000,1,20,LVEtransmission428,LVEtransmission282,
LVEtransmission428_to_LVEtransmission1463_electricity,#3186cc,LV electricity distribution main,transmission,100000,1,20,LVEtransmission1463,LVEtransmission428,
LVEtransmission1463_to_LVEtransmission1546_electricity,#3186cc,LV electricity distribution main,transmission,100000,1,20,LVEtransmission1546,LVEtransmission1463,
LVEtransmission1262_to_LVEtransmission1671_electricity,#3186cc,LV electricity distribution main,transmission,100000,1,20,LVEtransmission1671,LVEtransmission1262,
LVEtransmission1671_to_LVEtransmission1834_electricity,#3186cc,LV electricity distribution main,transmission,100000,1,20,LVEtransmission1834,LVEtransmission1671,
LVEtransmission1834_to_LVEtransmission654_electricity,#3186cc,LV electricity distribution main,transmission,100000,1,20,LVEtransmission654,LVEtransmission1834,
LVEtransmission654_to_LVEtransmission967_electricity,#3186cc,LV electricity distribution main,transmission,100000,1,20,LVEtransmission967,LVEtransmission654,
LVEtransmission967_to_LVEtransmission853_electricity,#3186cc,LV electricity distribution main,transmission,100000,1,20,LVEtransmission853,LVEtransmission967,
LVEtransmission853_to_LVEtransmission792_electricity,#3186cc,LV electricity distribution main,transmission,100000,1,20,LVEtransmission792,LVEtransmission853,
LVEtransmission792_to_LVEtransmission1649_electricity,#3186cc,LV electricity distribution main,transmission,100000,1,20,LVEtransmission1649,LVEtransmission792,
LVEtransmission1649_to_LVEtransmission1267_electricity,#3186cc,LV electricity distribution main,transmission,100000,1,20,LVEtransmission1267,LVEtransmission1649,
LVEtransmission1267_to_LVEtransmission1556_electricity,#3186cc,LV electricity distribution main,transmission,100000,1,20,LVEtransmission1556,LVEtransmission1267,
LVEtransmission1556_to_LVEtransmission1141_electricity,#3186cc,LV electricity distribution main,transmission,100000,1,20,LVEtransmission1141,LVEtransmission1556,
LVEtransmission1141_to_LVEtransmission353_electricity,#3186cc,LV electricity distribution main,transmission,100000,1,20,LVEtransmission353,LVEtransmission1141,
LVEtransmission353_to_LVEtransmission1229_electricity,#3186cc,LV electricity distribution main,transmission,100000,1,20,LVEtransmission1229,LVEtransmission353,
LVEtransmission1229_to_LVEtransmission66_electricity,#3186cc,LV electricity distribution main,transmission,100000,1,20,LVEtransmission66,LVEtransmission1229,
LVEtransmission66_to_LVEtransmission480_electricity,#3186cc,LV electricity distribution main,transmission,100000,1,20,LVEtransmission480,LVEtransmission66,
LVEtransmission480_to_LVEtransmission311_electricity,#3186cc,LV electricity distribution main,transmission,100000,1,20,LVEtransmission311,LVEtransmission480,
LVEtransmission311_to_LVEtransmission1430_electricity,#3186cc,LV electricity distribution main,transmission,100000,1,20,LVEtransmission1430,LVEtransmission311,
LVEtransmission1430_to_LVEtransmission908_electricity,#3186cc,LV electricity distribution main,transmission,100000,1,20,LVEtransmission908,LVEtransmission1430,
LVEtransmission908_to_LVEtransmission1865_electricity,#3186cc,LV electricity distribution main,transmission,100000,1,20,LVEtransmission1865,LVEtransmission908,
LVEtransmission1865_to_LVEtransmission1434_electricity,#3186cc,LV electricity distribution main,transmission,100000,1,20,LVEtransmission1434,LVEtransmission1865,
LVEtransmission1434_to_LVEtransmission1436_electricity,#3186cc,LV electricity distribution main,transmission,100000,1,20,LVEtransmission1436,LVEtransmission1434,
LVEtransmission1436_to_LVEtransmission2_electricity,#3186cc,LV electricity distribution main,transmission,100000,1,20,LVEtransmission2,LVEtransmission1436,
LVEtransmission2_to_LVEtransmission584_electricity,#3186cc,LV electricity distribution main,transmission,100000,1,20,LVEtransmission584,LVEtransmission2,
LVEtransmission584_to_LVEtransmission596_electricity,#3186cc,LV electricity distribution main,transmission,100000,1,20,LVEtransmission596,LVEtransmission584,
LVEtransmission1979_to_LVEtransmission1012_electricity,#3186cc,LV electricity distribution main,transmission,100000,1,20,LVEtransmission1012,LVEtransmission1979,
LVEtransmission1012_to_LVEtransmission1542_electricity,#3186cc,LV electricity distribution main,transmission,100000,1,20,LVEtransmission1542,LVEtransmission1012,
LVEtransmission1542_to_LVEtransmission350_electricity,#3186cc,LV electricity distribution main,transmission,100000,1,20,LVEtransmission350,LVEtransmission1542,
LVEtransmission1279_to_LVEtransmission1740_electricity,#3186cc,LV electricity distribution main,transmission,100000,1,20,LVEtransmission1740,LVEtransmission1279,
LVEtransmission258_to_LVEtransmission192_electricity,#3186cc,LV electricity distribution main,transmission,100000,1,20,LVEtransmission192,LVEtransmission258,
LVEtransmission192_to_LVEtransmission700_electricity,#3186cc,LV electricity distribution main,transmission,100000,1,20,LVEtransmission700,LVEtransmission192,
LVEtransmission700_to_LVEtransmission660_electricity,#3186cc,LV electricity distribution main,transmission,100000,1,20,LVEtransmission660,LVEtransmission700,
LVEtransmission660_to_LVEtransmission1769_electricity,#3186cc,LV electricity distribution main,transmission,100000,1,20,LVEtransmission1769,LVEtransmission660,
LVEtransmission1769_to_LVEtransmission2002_electricity,#3186cc,LV electricity distribution main,transmission,100000,1,20,LVEtransmission2002,LVEtransmission1769,
LVEtransmission2002_to_LVEtransmission261_electricity,#3186cc,LV electricity distribution main,transmission,100000,1,20,LVEtransmission261,LVEtransmission2002,
LVEtransmission261_to_LVEtransmission1226_electricity,#3186cc,LV electricity distribution main,transmission,100000,1,20,LVEtransmission1226,LVEtransmission261,
LVEtransmission1226_to_LVEtransmission620_electricity,#3186cc,LV electricity distribution main,transmission,100000,1,20,LVEtransmission620,LVEtransmission1226,
LVEtransmission620_to_LVEtransmission441_electricity,#3186cc,LV electricity distribution main,transmission,100000,1,20,LVEtransmission441,LVEtransmission620,
LVEtransmission441_to_LVEtransmission1653_electricity,#3186cc,LV electricity distribution main,transmission,100000,1,20,LVEtransmission1653,LVEtransmission441,
LVEtransmission1979_to_LVEtransmission1517_electricity,#3186cc,LV electricity distribution main,transmission,100000,1,20,LVEtransmission1517,LVEtransmission1979,
LVEtransmission1517_to_LVEtransmission757_electricity,#3186cc,LV electricity distribution main,transmission,100000,1,20,LVEtransmission757,LVEtransmission1517,
LVEtransmission757_to_LVEtransmission1156_electricity,#3186cc,LV electricity distribution main,transmission,100000,1,20,LVEtransmission1156,LVEtransmission757,
LVEtransmission1156_to_LVEtransmission1685_electricity,#3186cc,LV electricity distribution main,transmission,100000,1,20,LVEtransmission1685,LVEtransmission1156,
LVEtransmission1685_to_LVEtransmission662_electricity,#3186cc,LV electricity distribution main,transmission,100000,1,20,LVEtransmission662,LVEtransmission1685,
LVEtransmission662_to_LVEtransmission164_electricity,#3186cc,LV electricity distribution main,transmission,100000,1,20,LVEtransmission164,LVEtransmission662,
LVEtransmission164_to_LVEtransmission1605_electricity,#3186cc,LV electricity distribution main,transmission,100000,1,20,LVEtransmission1605,LVEtransmission164,
LVEtransmission1605_to_LVEtransmission1519_electricity,#3186cc,LV electricity distribution main,transmission,100000,1,20,LVEtransmission1519,LVEtransmission1605,
LVEtransmission1519_to_LVEtransmission1005_electricity,#3186cc,LV electricity distribution main,transmission,100000,1,20,LVEtransmission1005,LVEtransmission1519,
LVEtransmission1005_to_LVEtransmission201_electricity,#3186cc,LV electricity distribution main,transmission,100000,1,20,LVEtransmission201,LVEtransmission1005,
LVEtransmission201_to_LVEtransmission1715_electricity,#3186cc,LV electricity distribution main,transmission,100000,1,20,LVEtransmission1715,LVEtransmission201,
LVEtransmission1715_to_LVEtransmission332_electricity,#3186cc,LV electricity distribution main,transmission,100000,1,20,LVEtransmission332,LVEtransmission1715,
LVEtransmission332_to_LVEtransmission776_electricity,#3186cc,LV electricity distribution main,transmission,100000,1,20,LVEtransmission776,LVEtransmission332,
LVEtransmission776_to_LVEtransmission1653_electricity,#3186cc,LV electricity distribution main,transmission,100000,1,20,LVEtransmission1653,LVEtransmission776,
LVEtransmission774_to_LVEtransmission1293_electricity,#3186cc,LV electricity distribution main,transmission,100000,1,20,LVEtransmission1293,LVEtransmission774,
LVEtransmission1293_to_LVEtransmission1745_electricity,#3186cc,LV electricity distribution main,transmission,100000,1,20,LVEtransmission1745,LVEtransmission1293,
LVEtransmission1314_to_LVEtransmission574_electricity,#3186cc,LV electricity distribution main,transmission,100000,1,20,LVEtransmission574,LVEtransmission1314,
LVEtransmission574_to_LVEtransmission807_electricity,#3186cc,LV electricity distribution main,transmission,100000,1,20,LVEtransmission807,LVEtransmission574,
LVEtransmission807_to_LVEtransmission538_electricity,#3186cc,LV electricity distribution main,transmission,100000,1,20,LVEtransmission538,LVEtransmission807,
LVEtransmission538_to_LVEtransmission591_electricity,#3186cc,LV electricity distribution main,transmission,100000,1,20,LVEtransmission591,LVEtransmission538,
LVEtransmission591_to_LVEtransmission221_electricity,#3186cc,LV electricity distribution main,transmission,100000,1,20,LVEtransmission221,LVEtransmission591,
LVEtransmission221_to_LVEtransmission957_electricity,#3186cc,LV electricity distribution main,transmission,100000,1,20,LVEtransmission957,LVEtransmission221,
LVEtransmission957_to_LVEtransmission402_electricity,#3186cc,LV electricity distribution main,transmission,100000,1,20,LVEtransmission402,LVEtransmission957,
LVEtransmission402_to_LVEtransmission868_electricity,#3186cc,LV electricity distribution main,transmission,100000,1,20,LVEtransmission868,LVEtransmission402,
LVEtransmission868_to_LVEtransmission1909_electricity,#3186cc,LV electricity distribution main,transmission,100000,1,20,LVEtransmission1909,LVEtransmission868,
LVEtransmission1909_to_LVEtransmission1090_electricity,#3186cc,LV electricity distribution main,transmission,100000,1,20,LVEtransmission1090,LVEtransmission1909,
LVEtransmission1090_to_LVEtransmission714_electricity,#3186cc,LV electricity distribution main,transmission,100000,1,20,LVEtransmission714,LVEtransmission1090,
LVEtransmission714_to_LVEtransmission1973_electricity,#3186cc,LV electricity distribution main,transmission,100000,1,20,LVEtransmission1973,LVEtransmission714,
LVEtransmission1973_to_LVEtransmission1277_electricity,#3186cc,LV electricity distribution main,transmission,100000,1,20,LVEtransmission1277,LVEtransmission1973,
LVEtransmission1277_to_LVEtransmission106_electricity,#3186cc,LV electricity distribution main,transmission,100000,1,20,LVEtransmission106,LVEtransmission1277,
LVEtransmission106_to_LVEtransmission1523_electricity,#3186cc,LV electricity distribution main,transmission,100000,1,20,LVEtransmission1523,LVEtransmission106,
LVEtransmission1523_to_LVEtransmission544_electricity,#3186cc,LV electricity distribution main,transmission,100000,1,20,LVEtransmission544,LVEtransmission1523,
LVEtransmission544_to_LVEtransmission1959_electricity,#3186cc,LV electricity distribution main,transmission,100000,1,20,LVEtransmission1959,LVEtransmission544,
LVEtransmission1959_to_LVEtransmission701_electricity,#3186cc,LV electricity distribution main,transmission,100000,1,20,LVEtransmission701,LVEtransmission1959,
LVEtransmission701_to_LVEtransmission811_electricity,#3186cc,LV electricity distribution main,transmission,100000,1,20,LVEtransmission811,LVEtransmission701,
LVEtransmission811_to_LVEtransmission1531_electricity,#3186cc,LV electricity distribution main,transmission,100000,1,20,LVEtransmission1531,LVEtransmission811,
LVEtransmission1531_to_LVEtransmission1545_electricity,#3186cc,LV electricity distribution main,transmission,100000,1,20,LVEtransmission1545,LVEtransmission1531,
LVEtransmission1314_to_LVEtransmission671_electricity,#3186cc,LV electricity distribution main,transmission,100000,1,20,LVEtransmission671,LVEtransmission1314,
LVEtransmission671_to_LVEtransmission774_electricity,#3186cc,LV electricity distribution main,transmission,100000,1,20,LVEtransmission774,LVEtransmission671,
LVEtransmission380_to_LVEtransmission1560_electricity,#3186cc,LV electricity distribution main,transmission,100000,1,20,LVEtransmission1560,LVEtransmission380,
LVEtransmission1560_to_LVEtransmission1167_electricity,#3186cc,LV electricity distribution main,transmission,100000,1,20,LVEtransmission1167,LVEtransmission1560,
LVEtransmission1167_to_LVEtransmission1431_electricity,#3186cc,LV electricity distribution main,transmission,100000,1,20,LVEtransmission1431,LVEtransmission1167,
LVEtransmission1431_to_LVEtransmission1320_electricity,#3186cc,LV electricity distribution main,transmission,100000,1,20,LVEtransmission1320,LVEtransmission1431,
LVEtransmission1320_to_LVEtransmission778_electricity,#3186cc,LV electricity distribution main,transmission,100000,1,20,LVEtransmission778,LVEtransmission1320,
LVEtransmission778_to_LVEtransmission2018_electricity,#3186cc,LV electricity distribution main,transmission,100000,1,20,LVEtransmission2018,LVEtransmission778,
LVEtransmission2018_to_LVEtransmission1095_electricity,#3186cc,LV electricity distribution main,transmission,100000,1,20,LVEtransmission1095,LVEtransmission2018,
LVEtransmission1095_to_LVEtransmission1709_electricity,#3186cc,LV electricity distribution main,transmission,100000,1,20,LVEtransmission1709,LVEtransmission1095,
LVEtransmission1709_to_LVEtransmission761_electricity,#3186cc,LV electricity distribution main,transmission,100000,1,20,LVEtransmission761,LVEtransmission1709,
LVEtransmission761_to_LVEtransmission651_electricity,#3186cc,LV electricity distribution main,transmission,100000,1,20,LVEtransmission651,LVEtransmission761,
LVEtransmission651_to_LVEtransmission1899_electricity,#3186cc,LV electricity distribution main,transmission,100000,1,20,LVEtransmission1899,LVEtransmission651,
LVEtransmission1899_to_LVEtransmission1373_electricity,#3186cc,LV electricity distribution main,transmission,100000,1,20,LVEtransmission1373,LVEtransmission1899,
LVEtransmission1373_to_LVEtransmission1258_electricity,#3186cc,LV electricity distribution main,transmission,100000,1,20,LVEtransmission1258,LVEtransmission1373,
LVEtransmission1258_to_LVEtransmission1460_electricity,#3186cc,LV electricity distribution main,transmission,100000,1,20,LVEtransmission1460,LVEtransmission1258,
LVEtransmission1460_to_LVEtransmission1440_electricity,#3186cc,LV electricity distribution main,transmission,100000,1,20,LVEtransmission1440,LVEtransmission1460,
LVEtransmission1440_to_LVEtransmission1365_electricity,#3186cc,LV electricity distribution main,transmission,100000,1,20,LVEtransmission1365,LVEtransmission1440,
LVEtransmission573_to_LVEtransmission1020_electricity,#3186cc,LV electricity distribution main,transmission,100000,1,20,LVEtransmission1020,LVEtransmission573,
LVEtransmission1020_to_LVEtransmission55_electricity,#3186cc,LV electricity distribution main,transmission,100000,1,20,LVEtransmission55,LVEtransmission1020,
LVEtransmission55_to_LVEtransmission1777_electricity,#3186cc,LV electricity distribution main,transmission,100000,1,20,LVEtransmission1777,LVEtransmission55,
LVEtransmission1036_to_LVEtransmission511_electricity,#3186cc,LV electricity distribution main,transmission,100000,1,20,LVEtransmission511,LVEtransmission1036,
LVEtransmission511_to_LVEtransmission1686_electricity,#3186cc,LV electricity distribution main,transmission,100000,1,20,LVEtransmission1686,LVEtransmission511,
LVEtransmission1686_to_LVEtransmission1518_electricity,#3186cc,LV electricity distribution main,transmission,100000,1,20,LVEtransmission1518,LVEtransmission1686,
LVEtransmission1518_to_LVEtransmission810_electricity,#3186cc,LV electricity distribution main,transmission,100000,1,20,LVEtransmission810,LVEtransmission1518,
LVEtransmission810_to_LVEtransmission1244_electricity,#3186cc,LV electricity distribution main,transmission,100000,1,20,LVEtransmission1244,LVEtransmission810,
LVEtransmission1244_to_LVEtransmission1084_electricity,#3186cc,LV electricity distribution main,transmission,100000,1,20,LVEtransmission1084,LVEtransmission1244,
LVEtransmission1084_to_LVEtransmission1689_electricity,#3186cc,LV electricity distribution main,transmission,100000,1,20,LVEtransmission1689,LVEtransmission1084,
LVEtransmission1689_to_LVEtransmission1334_electricity,#3186cc,LV electricity distribution main,transmission,100000,1,20,LVEtransmission1334,LVEtransmission1689,
LVEtransmission1334_to_LVEtransmission2005_electricity,#3186cc,LV electricity distribution main,transmission,100000,1,20,LVEtransmission2005,LVEtransmission1334,
LVEtransmission2005_to_LVEtransmission1813_electricity,#3186cc,LV electricity distribution main,transmission,100000,1,20,LVEtransmission1813,LVEtransmission2005,
LVEtransmission1813_to_LVEtransmission630_electricity,#3186cc,LV electricity distribution main,transmission,100000,1,20,LVEtransmission630,LVEtransmission1813,
LVEtransmission828_to_LVEtransmission1409_electricity,#3186cc,LV electricity distribution main,transmission,100000,1,20,LVEtransmission1409,LVEtransmission828,
LVEtransmission1409_to_LVEtransmission390_electricity,#3186cc,LV electricity distribution main,transmission,100000,1,20,LVEtransmission390,LVEtransmission1409,
LVEtransmission390_to_LVEtransmission1082_electricity,#3186cc,LV electricity distribution main,transmission,100000,1,20,LVEtransmission1082,LVEtransmission390,
LVEtransmission1935_to_LVEtransmission213_electricity,#3186cc,LV electricity distribution main,transmission,100000,1,20,LVEtransmission213,LVEtransmission1935,
LVEtransmission213_to_LVEtransmission43_electricity,#3186cc,LV electricity distribution main,transmission,100000,1,20,LVEtransmission43,LVEtransmission213,
LVEtransmission43_to_LVEtransmission1861_electricity,#3186cc,LV electricity distribution main,transmission,100000,1,20,LVEtransmission1861,LVEtransmission43,
LVEtransmission1861_to_LVEtransmission2008_electricity,#3186cc,LV electricity distribution main,transmission,100000,1,20,LVEtransmission2008,LVEtransmission1861,
LVEtransmission2008_to_LVEtransmission901_electricity,#3186cc,LV electricity distribution main,transmission,100000,1,20,LVEtransmission901,LVEtransmission2008,
LVEtransmission901_to_LVEtransmission1356_electricity,#3186cc,LV electricity distribution main,transmission,100000,1,20,LVEtransmission1356,LVEtransmission901,
LVEtransmission1356_to_LVEtransmission942_electricity,#3186cc,LV electricity distribution main,transmission,100000,1,20,LVEtransmission942,LVEtransmission1356,
LVEtransmission942_to_LVEtransmission941_electricity,#3186cc,LV electricity distribution main,transmission,100000,1,20,LVEtransmission941,LVEtransmission942,
LVEtransmission941_to_LVEtransmission1595_electricity,#3186cc,LV electricity distribution main,transmission,100000,1,20,LVEtransmission1595,LVEtransmission941,
LVEtransmission1595_to_LVEtransmission385_electricity,#3186cc,LV electricity distribution main,transmission,100000,1,20,LVEtransmission385,LVEtransmission1595,
LVEtransmission607_to_LVEtransmission819_electricity,#3186cc,LV electricity distribution main,transmission,100000,1,20,LVEtransmission819,LVEtransmission607,
LVEtransmission819_to_LVEtransmission1935_electricity,#3186cc,LV electricity distribution main,transmission,100000,1,20,LVEtransmission1935,LVEtransmission819,
LVEtransmission607_to_LVEtransmission1613_electricity,#3186cc,LV electricity distribution main,transmission,100000,1,20,LVEtransmission1613,LVEtransmission607,
LVEtransmission1613_to_LVEtransmission604_electricity,#3186cc,LV electricity distribution main,transmission,100000,1,20,LVEtransmission604,LVEtransmission1613,
LVEtransmission604_to_LVEtransmission1967_electricity,#3186cc,LV electricity distribution main,transmission,100000,1,20,LVEtransmission1967,LVEtransmission604,
LVEtransmission1967_to_LVEtransmission1091_electricity,#3186cc,LV electricity distribution main,transmission,100000,1,20,LVEtransmission1091,LVEtransmission1967,
LVEtransmission1091_to_LVEtransmission1634_electricity,#3186cc,LV electricity distribution main,transmission,100000,1,20,LVEtransmission1634,LVEtransmission1091,
LVEtransmission1634_to_LVEtransmission1823_electricity,#3186cc,LV electricity distribution main,transmission,100000,1,20,LVEtransmission1823,LVEtransmission1634,
LVEtransmission1823_to_LVEtransmission1177_electricity,#3186cc,LV electricity distribution main,transmission,100000,1,20,LVEtransmission1177,LVEtransmission1823,
LVEtransmission1177_to_LVEtransmission1770_electricity,#3186cc,LV electricity distribution main,transmission,100000,1,20,LVEtransmission1770,LVEtransmission1177,
LVEtransmission1770_to_LVEtransmission654_electricity,#3186cc,LV electricity distribution main,transmission,100000,1,20,LVEtransmission654,LVEtransmission1770,
LVEtransmission654_to_LVEtransmission497_electricity,#3186cc,LV electricity distribution main,transmission,100000,1,20,LVEtransmission497,LVEtransmission654,
LVEtransmission497_to_LVEtransmission552_electricity,#3186cc,LV electricity distribution main,transmission,100000,1,20,LVEtransmission552,LVEtransmission497,
LVEtransmission552_to_LVEtransmission270_electricity,#3186cc,LV electricity distribution main,transmission,100000,1,20,LVEtransmission270,LVEtransmission552,
LVEtransmission270_to_LVEtransmission1486_electricity,#3186cc,LV electricity distribution main,transmission,100000,1,20,LVEtransmission1486,LVEtransmission270,
LVEtransmission385_to_LVEtransmission1370_electricity,#3186cc,LV electricity distribution main,transmission,100000,1,20,LVEtransmission1370,LVEtransmission385,
LVEtransmission921_to_LVEtransmission1890_electricity,#3186cc,LV electricity distribution main,transmission,100000,1,20,LVEtransmission1890,LVEtransmission921,
LVEtransmission1890_to_LVEtransmission2006_electricity,#3186cc,LV electricity distribution main,transmission,100000,1,20,LVEtransmission2006,LVEtransmission1890,
LVEtransmission2006_to_LVEtransmission434_electricity,#3186cc,LV electricity distribution main,transmission,100000,1,20,LVEtransmission434,LVEtransmission2006,
LVEtransmission434_to_LVEtransmission1853_electricity,#3186cc,LV electricity distribution main,transmission,100000,1,20,LVEtransmission1853,LVEtransmission434,
LVEtransmission1853_to_LVEtransmission563_electricity,#3186cc,LV electricity distribution main,transmission,100000,1,20,LVEtransmission563,LVEtransmission1853,
LVEtransmission563_to_LVEtransmission375_electricity,#3186cc,LV electricity distribution main,transmission,100000,1,20,LVEtransmission375,LVEtransmission563,
LVEtransmission375_to_LVEtransmission144_electricity,#3186cc,LV electricity distribution main,transmission,100000,1,20,LVEtransmission144,LVEtransmission375,
LVEtransmission144_to_LVEtransmission225_electricity,#3186cc,LV electricity distribution main,transmission,100000,1,20,LVEtransmission225,LVEtransmission144,
LVEtransmission225_to_LVEtransmission1671_electricity,#3186cc,LV electricity distribution main,transmission,100000,1,20,LVEtransmission1671,LVEtransmission225,
LVEtransmission1671_to_LVEtransmission1236_electricity,#3186cc,LV electricity distribution main,transmission,100000,1,20,LVEtransmission1236,LVEtransmission1671,
LVEtransmission921_to_LVEtransmission1919_electricity,#3186cc,LV electricity distribution main,transmission,100000,1,20,LVEtransmission1919,LVEtransmission921,
LVEtransmission1919_to_LVEtransmission484_electricity,#3186cc,LV electricity distribution main,transmission,100000,1,20,LVEtransmission484,LVEtransmission1919,
LVEtransmission484_to_LVEtransmission294_electricity,#3186cc,LV electricity distribution main,transmission,100000,1,20,LVEtransmission294,LVEtransmission484,
LVEtransmission294_to_LVEtransmission1529_electricity,#3186cc,LV electricity distribution main,transmission,100000,1,20,LVEtransmission1529,LVEtransmission294,
LVEtransmission1529_to_LVEtransmission157_electricity,#3186cc,LV electricity distribution main,transmission,100000,1,20,LVEtransmission157,LVEtransmission1529,
LVEtransmission157_to_LVEtransmission68_electricity,#3186cc,LV electricity distribution main,transmission,100000,1,20,LVEtransmission68,LVEtransmission157,
LVEtransmission68_to_LVEtransmission1670_electricity,#3186cc,LV electricity distribution main,transmission,100000,1,20,LVEtransmission1670,LVEtransmission68,
LVEtransmission1697_to_LVEtransmission1609_electricity,#3186cc,LV electricity distribution main,transmission,100000,1,20,LVEtransmission1609,LVEtransmission1697,
LVEtransmission1609_to_LVEtransmission1398_electricity,#3186cc,LV electricity distribution main,transmission,100000,1,20,LVEtransmission1398,LVEtransmission1609,
LVEtransmission1398_to_LVEtransmission356_electricity,#3186cc,LV electricity distribution main,transmission,100000,1,20,LVEtransmission356,LVEtransmission1398,
LVEtransmission746_to_LVEtransmission1439_electricity,#3186cc,LV electricity distribution main,transmission,100000,1,20,LVEtransmission1439,LVEtransmission746,
LVEtransmission1439_to_LVEtransmission1039_electricity,#3186cc,LV electricity distribution main,transmission,100000,1,20,LVEtransmission1039,LVEtransmission1439,
LVEtransmission1039_to_LVEtransmission1615_electricity,#3186cc,LV electricity distribution main,transmission,100000,1,20,LVEtransmission1615,LVEtransmission1039,
LVEtransmission843_to_LVEtransmission1227_electricity,#3186cc,LV electricity distribution main,transmission,100000,1,20,LVEtransmission1227,LVEtransmission843,
LVEtransmission1227_to_LVEtransmission1786_electricity,#3186cc,LV electricity distribution main,transmission,100000,1,20,LVEtransmission1786,LVEtransmission1227,
LVEtransmission1786_to_LVEtransmission833_electricity,#3186cc,LV electricity distribution main,transmission,100000,1,20,LVEtransmission833,LVEtransmission1786,
LVEtransmission833_to_LVEtransmission132_electricity,#3186cc,LV electricity distribution main,transmission,100000,1,20,LVEtransmission132,LVEtransmission833,
LVEtransmission132_to_LVEtransmission377_electricity,#3186cc,LV electricity distribution main,transmission,100000,1,20,LVEtransmission377,LVEtransmission132,
LVEtransmission377_to_LVEtransmission1145_electricity,#3186cc,LV electricity distribution main,transmission,100000,1,20,LVEtransmission1145,LVEtransmission377,
LVEtransmission1145_to_LVEtransmission1643_electricity,#3186cc,LV electricity distribution main,transmission,100000,1,20,LVEtransmission1643,LVEtransmission1145,
LVEtransmission1643_to_LVEtransmission1_electricity,#3186cc,LV electricity distribution main,transmission,100000,1,20,LVEtransmission1,LVEtransmission1643,
LVEtransmission1_to_LVEtransmission300_electricity,#3186cc,LV electricity distribution main,transmission,100000,1,20,LVEtransmission300,LVEtransmission1,
LVEtransmission300_to_LVEtransmission171_electricity,#3186cc,LV electricity distribution main,transmission,100000,1,20,LVEtransmission171,LVEtransmission300,
LVEtransmission171_to_LVEtransmission855_electricity,#3186cc,LV electricity distribution main,transmission,100000,1,20,LVEtransmission855,LVEtransmission171,
LVEtransmission855_to_LVEtransmission690_electricity,#3186cc,LV electricity distribution main,transmission,100000,1,20,LVEtransmission690,LVEtransmission855,
LVEtransmission843_to_LVEtransmission1903_electricity,#3186cc,LV electricity distribution main,transmission,100000,1,20,LVEtransmission1903,LVEtransmission843,
LVEtransmission1903_to_LVEtransmission173_electricity,#3186cc,LV electricity distribution main,transmission,100000,1,20,LVEtransmission173,LVEtransmission1903,
LVEtransmission173_to_LVEtransmission834_electricity,#3186cc,LV electricity distribution main,transmission,100000,1,20,LVEtransmission834,LVEtransmission173,
LVEtransmission834_to_LVEtransmission1030_electricity,#3186cc,LV electricity distribution main,transmission,100000,1,20,LVEtransmission1030,LVEtransmission834,
LVEtransmission1030_to_LVEtransmission1529_electricity,#3186cc,LV electricity distribution main,transmission,100000,1,20,LVEtransmission1529,LVEtransmission1030,
LVEtransmission1670_to_LVEtransmission1950_electricity,#3186cc,LV electricity distribution main,transmission,100000,1,20,LVEtransmission1950,LVEtransmission1670,
LVEtransmission1950_to_LVEtransmission451_electricity,#3186cc,LV electricity distribution main,transmission,100000,1,20,LVEtransmission451,LVEtransmission1950,
LVEtransmission690_to_LVEtransmission1600_electricity,#3186cc,LV electricity distribution main,transmission,100000,1,20,LVEtransmission1600,LVEtransmission690,
LVEtransmission1600_to_LVEtransmission1811_electricity,#3186cc,LV electricity distribution main,transmission,100000,1,20,LVEtransmission1811,LVEtransmission1600,
LVEtransmission1811_to_LVEtransmission937_electricity,#3186cc,LV electricity distribution main,transmission,100000,1,20,LVEtransmission937,LVEtransmission1811,
LVEtransmission2023_to_LVEtransmission913_electricity,#3186cc,LV electricity distribution main,transmission,100000,1,20,LVEtransmission913,LVEtransmission2023,
LVEtransmission913_to_LVEtransmission118_electricity,#3186cc,LV electricity distribution main,transmission,100000,1,20,LVEtransmission118,LVEtransmission913,
LVEtransmission118_to_LVEtransmission366_electricity,#3186cc,LV electricity distribution main,transmission,100000,1,20,LVEtransmission366,LVEtransmission118,
LVEtransmission366_to_LVEtransmission1778_electricity,#3186cc,LV electricity distribution main,transmission,100000,1,20,LVEtransmission1778,LVEtransmission366,
LVEtransmission1778_to_LVEtransmission30_electricity,#3186cc,LV electricity distribution main,transmission,100000,1,20,LVEtransmission30,LVEtransmission1778,
LVEtransmission30_to_LVEtransmission1597_electricity,#3186cc,LV electricity distribution main,transmission,100000,1,20,LVEtransmission1597,LVEtransmission30,
LVEtransmission1597_to_LVEtransmission1192_electricity,#3186cc,LV electricity distribution main,transmission,100000,1,20,LVEtransmission1192,LVEtransmission1597,
LVEtransmission1192_to_LVEtransmission1974_electricity,#3186cc,LV electricity distribution main,transmission,100000,1,20,LVEtransmission1974,LVEtransmission1192,
LVEtransmission1639_to_LVEtransmission106_electricity,#3186cc,LV electricity distribution main,transmission,100000,1,20,LVEtransmission106,LVEtransmission1639,
LVEtransmission544_to_LVEtransmission989_electricity,#3186cc,LV electricity distribution main,transmission,100000,1,20,LVEtransmission989,LVEtransmission544,
LVEtransmission989_to_LVEtransmission1142_electricity,#3186cc,LV electricity distribution main,transmission,100000,1,20,LVEtransmission1142,LVEtransmission989,
LVEtransmission1142_to_LVEtransmission1959_electricity,#3186cc,LV electricity distribution main,transmission,100000,1,20,LVEtransmission1959,LVEtransmission1142,
LVEtransmission1531_to_LVEtransmission890_electricity,#3186cc,LV electricity distribution main,transmission,100000,1,20,LVEtransmission890,LVEtransmission1531,
LVEtransmission890_to_LVEtransmission586_electricity,#3186cc,LV electricity distribution main,transmission,100000,1,20,LVEtransmission586,LVEtransmission890,
LVEtransmission1639_to_LVEtransmission1308_electricity,#3186cc,LV electricity distribution main,transmission,100000,1,20,LVEtransmission1308,LVEtransmission1639,
LVEtransmission1308_to_LVEtransmission147_electricity,#3186cc,LV electricity distribution main,transmission,100000,1,20,LVEtransmission147,LVEtransmission1308,
LVEtransmission147_to_LVEtransmission714_electricity,#3186cc,LV electricity distribution main,transmission,100000,1,20,LVEtransmission714,LVEtransmission147,
LVEtransmission714_to_LVEtransmission1090_electricity,#3186cc,LV electricity distribution main,transmission,100000,1,20,LVEtransmission1090,LVEtransmission714,
LVEtransmission1090_to_LVEtransmission865_electricity,#3186cc,LV electricity distribution main,transmission,100000,1,20,LVEtransmission865,LVEtransmission1090,
LVEtransmission865_to_LVEtransmission868_electricity,#3186cc,LV electricity distribution main,transmission,100000,1,20,LVEtransmission868,LVEtransmission865,
LVEtransmission868_to_LVEtransmission83_electricity,#3186cc,LV electricity distribution main,transmission,100000,1,20,LVEtransmission83,LVEtransmission868,
LVEtransmission83_to_LVEtransmission222_electricity,#3186cc,LV electricity distribution main,transmission,100000,1,20,LVEtransmission222,LVEtransmission83,
LVEtransmission222_to_LVEtransmission743_electricity,#3186cc,LV electricity distribution main,transmission,100000,1,20,LVEtransmission743,LVEtransmission222,
LVEtransmission743_to_LVEtransmission1989_electricity,#3186cc,LV electricity distribution main,transmission,100000,1,20,LVEtransmission1989,LVEtransmission743,
LVEtransmission1989_to_LVEtransmission906_electricity,#3186cc,LV electricity distribution main,transmission,100000,1,20,LVEtransmission906,LVEtransmission1989,
LVEtransmission906_to_LVEtransmission748_electricity,#3186cc,LV electricity distribution main,transmission,100000,1,20,LVEtransmission748,LVEtransmission906,
LVEtransmission748_to_LVEtransmission1453_electricity,#3186cc,LV electricity distribution main,transmission,100000,1,20,LVEtransmission1453,LVEtransmission748,
LVEtransmission1453_to_LVEtransmission555_electricity,#3186cc,LV electricity distribution main,transmission,100000,1,20,LVEtransmission555,LVEtransmission1453,
LVEtransmission555_to_LVEtransmission2023_electricity,#3186cc,LV electricity distribution main,transmission,100000,1,20,LVEtransmission2023,LVEtransmission555,
LVEtransmission643_to_LVEtransmission537_electricity,#3186cc,LV electricity distribution main,transmission,100000,1,20,LVEtransmission537,LVEtransmission643,
LVEtransmission537_to_LVEtransmission1449_electricity,#3186cc,LV electricity distribution main,transmission,100000,1,20,LVEtransmission1449,LVEtransmission537,
LVEtransmission1387_to_LVEtransmission1238_electricity,#3186cc,LV electricity distribution main,transmission,100000,1,20,LVEtransmission1238,LVEtransmission1387,
LVEtransmission802_to_LVEtransmission1479_electricity,#3186cc,LV electricity distribution main,transmission,100000,1,20,LVEtransmission1479,LVEtransmission802,
LVEtransmission1479_to_LVEtransmission1577_electricity,#3186cc,LV electricity distribution main,transmission,100000,1,20,LVEtransmission1577,LVEtransmission1479,
LVEtransmission1577_to_LVEtransmission1283_electricity,#3186cc,LV electricity distribution main,transmission,100000,1,20,LVEtransmission1283,LVEtransmission1577,
LVEtransmission1283_to_LVEtransmission1144_electricity,#3186cc,LV electricity distribution main,transmission,100000,1,20,LVEtransmission1144,LVEtransmission1283,
LVEtransmission1144_to_LVEtransmission1916_electricity,#3186cc,LV electricity distribution main,transmission,100000,1,20,LVEtransmission1916,LVEtransmission1144,
LVEtransmission1916_to_LVEtransmission1425_electricity,#3186cc,LV electricity distribution main,transmission,100000,1,20,LVEtransmission1425,LVEtransmission1916,
LVEtransmission1425_to_LVEtransmission643_electricity,#3186cc,LV electricity distribution main,transmission,100000,1,20,LVEtransmission643,LVEtransmission1425,
LVEtransmission570_to_LVEtransmission53_electricity,#3186cc,LV electricity distribution main,transmission,100000,1,20,LVEtransmission53,LVEtransmission570,
LVEtransmission53_to_LVEtransmission403_electricity,#3186cc,LV electricity distribution main,transmission,100000,1,20,LVEtransmission403,LVEtransmission53,
LVEtransmission403_to_LVEtransmission41_electricity,#3186cc,LV electricity distribution main,transmission,100000,1,20,LVEtransmission41,LVEtransmission403,
LVEtransmission41_to_LVEtransmission1424_electricity,#3186cc,LV electricity distribution main,transmission,100000,1,20,LVEtransmission1424,LVEtransmission41,
LVEtransmission1424_to_LVEtransmission1762_electricity,#3186cc,LV electricity distribution main,transmission,100000,1,20,LVEtransmission1762,LVEtransmission1424,
LVEtransmission1762_to_LVEtransmission138_electricity,#3186cc,LV electricity distribution main,transmission,100000,1,20,LVEtransmission138,LVEtransmission1762,
LVEtransmission138_to_LVEtransmission1470_electricity,#3186cc,LV electricity distribution main,transmission,100000,1,20,LVEtransmission1470,LVEtransmission138,
LVEtransmission1470_to_LVEtransmission1061_electricity,#3186cc,LV electricity distribution main,transmission,100000,1,20,LVEtransmission1061,LVEtransmission1470,
LVEtransmission1061_to_LVEtransmission1701_electricity,#3186cc,LV electricity distribution main,transmission,100000,1,20,LVEtransmission1701,LVEtransmission1061,
LVEtransmission1701_to_LVEtransmission924_electricity,#3186cc,LV electricity distribution main,transmission,100000,1,20,LVEtransmission924,LVEtransmission1701,
LVEtransmission924_to_LVEtransmission1387_electricity,#3186cc,LV electricity distribution main,transmission,100000,1,20,LVEtransmission1387,LVEtransmission924,
LVEtransmission570_to_LVEtransmission79_electricity,#3186cc,LV electricity distribution main,transmission,100000,1,20,LVEtransmission79,LVEtransmission570,
LVEtransmission1007_to_LVEtransmission1219_electricity,#3186cc,LV electricity distribution main,transmission,100000,1,20,LVEtransmission1219,LVEtransmission1007,
LVEtransmission1219_to_LVEtransmission17_electricity,#3186cc,LV electricity distribution main,transmission,100000,1,20,LVEtransmission17,LVEtransmission1219,
LVEtransmission17_to_LVEtransmission1050_electricity,#3186cc,LV electricity distribution main,transmission,100000,1,20,LVEtransmission1050,LVEtransmission17,
LVEtransmission1050_to_LVEtransmission347_electricity,#3186cc,LV electricity distribution main,transmission,100000,1,20,LVEtransmission347,LVEtransmission1050,
LVEtransmission347_to_LVEtransmission1534_electricity,#3186cc,LV electricity distribution main,transmission,100000,1,20,LVEtransmission1534,LVEtransmission347,
LVEtransmission1534_to_LVEtransmission657_electricity,#3186cc,LV electricity distribution main,transmission,100000,1,20,LVEtransmission657,LVEtransmission1534,
LVEtransmission657_to_LVEtransmission902_electricity,#3186cc,LV electricity distribution main,transmission,100000,1,20,LVEtransmission902,LVEtransmission657,
LVEtransmission1874_to_LVEtransmission550_electricity,#3186cc,LV electricity distribution main,transmission,100000,1,20,LVEtransmission550,LVEtransmission1874,
LVEtransmission550_to_LVEtransmission1971_electricity,#3186cc,LV electricity distribution main,transmission,100000,1,20,LVEtransmission1971,LVEtransmission550,
LVEtransmission1971_to_LVEtransmission1705_electricity,#3186cc,LV electricity distribution main,transmission,100000,1,20,LVEtransmission1705,LVEtransmission1971,
LVEtransmission1705_to_LVEtransmission1191_electricity,#3186cc,LV electricity distribution main,transmission,100000,1,20,LVEtransmission1191,LVEtransmission1705,
LVEtransmission1191_to_LVEtransmission475_electricity,#3186cc,LV electricity distribution main,transmission,100000,1,20,LVEtransmission475,LVEtransmission1191,
LVEtransmission475_to_LVEtransmission1101_electricity,#3186cc,LV electricity distribution main,transmission,100000,1,20,LVEtransmission1101,LVEtransmission475,
LVEtransmission1101_to_LVEtransmission1146_electricity,#3186cc,LV electricity distribution main,transmission,100000,1,20,LVEtransmission1146,LVEtransmission1101,
LVEtransmission1146_to_LVEtransmission1270_electricity,#3186cc,LV electricity distribution main,transmission,100000,1,20,LVEtransmission1270,LVEtransmission1146,
LVEtransmission1270_to_LVEtransmission1868_electricity,#3186cc,LV electricity distribution main,transmission,100000,1,20,LVEtransmission1868,LVEtransmission1270,
LVEtransmission1868_to_LVEtransmission669_electricity,#3186cc,LV electricity distribution main,transmission,100000,1,20,LVEtransmission669,LVEtransmission1868,
LVEtransmission669_to_LVEtransmission139_electricity,#3186cc,LV electricity distribution main,transmission,100000,1,20,LVEtransmission139,LVEtransmission669,
LVEtransmission139_to_LVEtransmission36_electricity,#3186cc,LV electricity distribution main,transmission,100000,1,20,LVEtransmission36,LVEtransmission139,
LVEtransmission36_to_LVEtransmission1086_electricity,#3186cc,LV electricity distribution main,transmission,100000,1,20,LVEtransmission1086,LVEtransmission36,
LVEtransmission1086_to_LVEtransmission928_electricity,#3186cc,LV electricity distribution main,transmission,100000,1,20,LVEtransmission928,LVEtransmission1086,
LVEtransmission928_to_LVEtransmission1962_electricity,#3186cc,LV electricity distribution main,transmission,100000,1,20,LVEtransmission1962,LVEtransmission928,
LVEtransmission1962_to_LVEtransmission809_electricity,#3186cc,LV electricity distribution main,transmission,100000,1,20,LVEtransmission809,LVEtransmission1962,
LVEtransmission809_to_LVEtransmission1200_electricity,#3186cc,LV electricity distribution main,transmission,100000,1,20,LVEtransmission1200,LVEtransmission809,
LVEtransmission1200_to_LVEtransmission1712_electricity,#3186cc,LV electricity distribution main,transmission,100000,1,20,LVEtransmission1712,LVEtransmission1200,
LVEtransmission1712_to_LVEtransmission229_electricity,#3186cc,LV electricity distribution main,transmission,100000,1,20,LVEtransmission229,LVEtransmission1712,
LVEtransmission229_to_LVEtransmission291_electricity,#3186cc,LV electricity distribution main,transmission,100000,1,20,LVEtransmission291,LVEtransmission229,
LVEtransmission291_to_LVEtransmission190_electricity,#3186cc,LV electricity distribution main,transmission,100000,1,20,LVEtransmission190,LVEtransmission291,
LVEtransmission190_to_LVEtransmission1801_electricity,#3186cc,LV electricity distribution main,transmission,100000,1,20,LVEtransmission1801,LVEtransmission190,
LVEtransmission1801_to_LVEtransmission99_electricity,#3186cc,LV electricity distribution main,transmission,100000,1,20,LVEtransmission99,LVEtransmission1801,
LVEtransmission99_to_LVEtransmission1441_electricity,#3186cc,LV electricity distribution main,transmission,100000,1,20,LVEtransmission1441,LVEtransmission99,
LVEtransmission1441_to_LVEtransmission877_electricity,#3186cc,LV electricity distribution main,transmission,100000,1,20,LVEtransmission877,LVEtransmission1441,
LVEtransmission877_to_LVEtransmission1043_electricity,#3186cc,LV electricity distribution main,transmission,100000,1,20,LVEtransmission1043,LVEtransmission877,
LVEtransmission1043_to_LVEtransmission1111_electricity,#3186cc,LV electricity distribution main,transmission,100000,1,20,LVEtransmission1111,LVEtransmission1043,
LVEtransmission1111_to_LVEtransmission1102_electricity,#3186cc,LV electricity distribution main,transmission,100000,1,20,LVEtransmission1102,LVEtransmission1111,
LVEtransmission1102_to_LVEtransmission224_electricity,#3186cc,LV electricity distribution main,transmission,100000,1,20,LVEtransmission224,LVEtransmission1102,
LVEtransmission224_to_LVEtransmission289_electricity,#3186cc,LV electricity distribution main,transmission,100000,1,20,LVEtransmission289,LVEtransmission224,
LVEtransmission289_to_LVEtransmission1103_electricity,#3186cc,LV electricity distribution main,transmission,100000,1,20,LVEtransmission1103,LVEtransmission289,
LVEtransmission1103_to_LVEtransmission610_electricity,#3186cc,LV electricity distribution main,transmission,100000,1,20,LVEtransmission610,LVEtransmission1103,
LVEtransmission1581_to_LVEtransmission1761_electricity,#3186cc,LV electricity distribution main,transmission,100000,1,20,LVEtransmission1761,LVEtransmission1581,
LVEtransmission1761_to_LVEtransmission1081_electricity,#3186cc,LV electricity distribution main,transmission,100000,1,20,LVEtransmission1081,LVEtransmission1761,
LVEtransmission1081_to_LVEtransmission246_electricity,#3186cc,LV electricity distribution main,transmission,100000,1,20,LVEtransmission246,LVEtransmission1081,
LVEtransmission246_to_LVEtransmission149_electricity,#3186cc,LV electricity distribution main,transmission,100000,1,20,LVEtransmission149,LVEtransmission246,
LVEtransmission149_to_LVEtransmission19_electricity,#3186cc,LV electricity distribution main,transmission,100000,1,20,LVEtransmission19,LVEtransmission149,
LVEtransmission19_to_LVEtransmission1404_electricity,#3186cc,LV electricity distribution main,transmission,100000,1,20,LVEtransmission1404,LVEtransmission19,
LVEtransmission1404_to_LVEtransmission1388_electricity,#3186cc,LV electricity distribution main,transmission,100000,1,20,LVEtransmission1388,LVEtransmission1404,
LVEtransmission1388_to_LVEtransmission1377_electricity,#3186cc,LV electricity distribution main,transmission,100000,1,20,LVEtransmission1377,LVEtransmission1388,
LVEtransmission1377_to_LVEtransmission1563_electricity,#3186cc,LV electricity distribution main,transmission,100000,1,20,LVEtransmission1563,LVEtransmission1377,
LVEtransmission1563_to_LVEtransmission883_electricity,#3186cc,LV electricity distribution main,transmission,100000,1,20,LVEtransmission883,LVEtransmission1563,
LVEtransmission883_to_LVEtransmission779_electricity,#3186cc,LV electricity distribution main,transmission,100000,1,20,LVEtransmission779,LVEtransmission883,
LVEtransmission779_to_LVEtransmission1442_electricity,#3186cc,LV electricity distribution main,transmission,100000,1,20,LVEtransmission1442,LVEtransmission779,
LVEtransmission1442_to_LVEtransmission80_electricity,#3186cc,LV electricity distribution main,transmission,100000,1,20,LVEtransmission80,LVEtransmission1442,
LVEtransmission80_to_LVEtransmission1120_electricity,#3186cc,LV electricity distribution main,transmission,100000,1,20,LVEtransmission1120,LVEtransmission80,
LVEtransmission1120_to_LVEtransmission1284_electricity,#3186cc,LV electricity distribution main,transmission,100000,1,20,LVEtransmission1284,LVEtransmission1120,
LVEtransmission1284_to_LVEtransmission458_electricity,#3186cc,LV electricity distribution main,transmission,100000,1,20,LVEtransmission458,LVEtransmission1284,
LVEtransmission458_to_LVEtransmission1790_electricity,#3186cc,LV electricity distribution main,transmission,100000,1,20,LVEtransmission1790,LVEtransmission458,
LVEtransmission1790_to_LVEtransmission214_electricity,#3186cc,LV electricity distribution main,transmission,100000,1,20,LVEtransmission214,LVEtransmission1790,
LVEtransmission214_to_LVEtransmission1663_electricity,#3186cc,LV electricity distribution main,transmission,100000,1,20,LVEtransmission1663,LVEtransmission214,
LVEtransmission1663_to_LVEtransmission44_electricity,#3186cc,LV electricity distribution main,transmission,100000,1,20,LVEtransmission44,LVEtransmission1663,
LVEtransmission44_to_LVEtransmission933_electricity,#3186cc,LV electricity distribution main,transmission,100000,1,20,LVEtransmission933,LVEtransmission44,
LVEtransmission933_to_LVEtransmission2014_electricity,#3186cc,LV electricity distribution main,transmission,100000,1,20,LVEtransmission2014,LVEtransmission933,
LVEtransmission2014_to_LVEtransmission1736_electricity,#3186cc,LV electricity distribution main,transmission,100000,1,20,LVEtransmission1736,LVEtransmission2014,
LVEtransmission1736_to_LVEtransmission56_electricity,#3186cc,LV electricity distribution main,transmission,100000,1,20,LVEtransmission56,LVEtransmission1736,
LVEtransmission56_to_LVEtransmission153_electricity,#3186cc,LV electricity distribution main,transmission,100000,1,20,LVEtransmission153,LVEtransmission56,
LVEtransmission153_to_LVEtransmission1187_electricity,#3186cc,LV electricity distribution main,transmission,100000,1,20,LVEtransmission1187,LVEtransmission153,
LVEtransmission465_to_LVEtransmission153_electricity,#3186cc,LV electricity distribution main,transmission,100000,1,20,LVEtransmission153,LVEtransmission465,
LVEtransmission153_to_LVEtransmission56_electricity,#3186cc,LV electricity distribution main,transmission,100000,1,20,LVEtransmission56,LVEtransmission153,
LVEtransmission56_to_LVEtransmission1810_electricity,#3186cc,LV electricity distribution main,transmission,100000,1,20,LVEtransmission1810,LVEtransmission56,
LVEtransmission1810_to_LVEtransmission863_electricity,#3186cc,LV electricity distribution main,transmission,100000,1,20,LVEtransmission863,LVEtransmission1810,
LVEtransmission245_to_LVEtransmission1468_electricity,#3186cc,LV electricity distribution main,transmission,100000,1,20,LVEtransmission1468,LVEtransmission245,
LVEtransmission1468_to_LVEtransmission163_electricity,#3186cc,LV electricity distribution main,transmission,100000,1,20,LVEtransmission163,LVEtransmission1468,
LVEtransmission163_to_LVEtransmission1698_electricity,#3186cc,LV electricity distribution main,transmission,100000,1,20,LVEtransmission1698,LVEtransmission163,
LVEtransmission1698_to_LVEtransmission92_electricity,#3186cc,LV electricity distribution main,transmission,100000,1,20,LVEtransmission92,LVEtransmission1698,
LVEtransmission92_to_LVEtransmission460_electricity,#3186cc,LV electricity distribution main,transmission,100000,1,20,LVEtransmission460,LVEtransmission92,
LVEtransmission460_to_LVEtransmission611_electricity,#3186cc,LV electricity distribution main,transmission,100000,1,20,LVEtransmission611,LVEtransmission460,
LVEtransmission611_to_LVEtransmission687_electricity,#3186cc,LV electricity distribution main,transmission,100000,1,20,LVEtransmission687,LVEtransmission611,
LVEtransmission687_to_LVEtransmission1321_electricity,#3186cc,LV electricity distribution main,transmission,100000,1,20,LVEtransmission1321,LVEtransmission687,
LVEtransmission1321_to_LVEtransmission219_electricity,#3186cc,LV electricity distribution main,transmission,100000,1,20,LVEtransmission219,LVEtransmission1321,
LVEtransmission219_to_LVEtransmission689_electricity,#3186cc,LV electricity distribution main,transmission,100000,1,20,LVEtransmission689,LVEtransmission219,
LVEtransmission689_to_LVEtransmission1821_electricity,#3186cc,LV electricity distribution main,transmission,100000,1,20,LVEtransmission1821,LVEtransmission689,
LVEtransmission1821_to_LVEtransmission1969_electricity,#3186cc,LV electricity distribution main,transmission,100000,1,20,LVEtransmission1969,LVEtransmission1821,
LVEtransmission1969_to_LVEtransmission730_electricity,#3186cc,LV electricity distribution main,transmission,100000,1,20,LVEtransmission730,LVEtransmission1969,
LVEtransmission730_to_LVEtransmission1713_electricity,#3186cc,LV electricity distribution main,transmission,100000,1,20,LVEtransmission1713,LVEtransmission730,
LVEtransmission1803_to_LVEtransmission1021_electricity,#3186cc,LV electricity distribution main,transmission,100000,1,20,LVEtransmission1021,LVEtransmission1803,
LVEtransmission1021_to_LVEtransmission467_electricity,#3186cc,LV electricity distribution main,transmission,100000,1,20,LVEtransmission467,LVEtransmission1021,
LVEtransmission467_to_LVEtransmission1300_electricity,#3186cc,LV electricity distribution main,transmission,100000,1,20,LVEtransmission1300,LVEtransmission467,
LVEtransmission1300_to_LVEtransmission647_electricity,#3186cc,LV electricity distribution main,transmission,100000,1,20,LVEtransmission647,LVEtransmission1300,
LVEtransmission647_to_LVEtransmission1124_electricity,#3186cc,LV electricity distribution main,transmission,100000,1,20,LVEtransmission1124,LVEtransmission647,
LVEtransmission1124_to_LVEtransmission635_electricity,#3186cc,LV electricity distribution main,transmission,100000,1,20,LVEtransmission635,LVEtransmission1124,
LVEtransmission635_to_LVEtransmission655_electricity,#3186cc,LV electricity distribution main,transmission,100000,1,20,LVEtransmission655,LVEtransmission635,
LVEtransmission655_to_LVEtransmission476_electricity,#3186cc,LV electricity distribution main,transmission,100000,1,20,LVEtransmission476,LVEtransmission655,
LVEtransmission476_to_LVEtransmission639_electricity,#3186cc,LV electricity distribution main,transmission,100000,1,20,LVEtransmission639,LVEtransmission476,
LVEtransmission639_to_LVEtransmission1080_electricity,#3186cc,LV electricity distribution main,transmission,100000,1,20,LVEtransmission1080,LVEtransmission639,
LVEtransmission1080_to_LVEtransmission60_electricity,#3186cc,LV electricity distribution main,transmission,100000,1,20,LVEtransmission60,LVEtransmission1080,
LVEtransmission60_to_LVEtransmission1640_electricity,#3186cc,LV electricity distribution main,transmission,100000,1,20,LVEtransmission1640,LVEtransmission60,
LVEtransmission1640_to_LVEtransmission745_electricity,#3186cc,LV electricity distribution main,transmission,100000,1,20,LVEtransmission745,LVEtransmission1640,
LVEtransmission745_to_LVEtransmission1273_electricity,#3186cc,LV electricity distribution main,transmission,100000,1,20,LVEtransmission1273,LVEtransmission745,
LVEtransmission1273_to_LVEtransmission2013_electricity,#3186cc,LV electricity distribution main,transmission,100000,1,20,LVEtransmission2013,LVEtransmission1273,
LVEtransmission2013_to_LVEtransmission257_electricity,#3186cc,LV electricity distribution main,transmission,100000,1,20,LVEtransmission257,LVEtransmission2013,
LVEtransmission257_to_LVEtransmission1924_electricity,#3186cc,LV electricity distribution main,transmission,100000,1,20,LVEtransmission1924,LVEtransmission257,
LVEtransmission1924_to_LVEtransmission245_electricity,#3186cc,LV electricity distribution main,transmission,100000,1,20,LVEtransmission245,LVEtransmission1924,
LVEtransmission732_to_LVEtransmission1828_electricity,#3186cc,LV electricity distribution main,transmission,100000,1,20,LVEtransmission1828,LVEtransmission732,
LVEtransmission1828_to_LVEtransmission485_electricity,#3186cc,LV electricity distribution main,transmission,100000,1,20,LVEtransmission485,LVEtransmission1828,
LVEtransmission863_to_LVEtransmission1839_electricity,#3186cc,LV electricity distribution main,transmission,100000,1,20,LVEtransmission1839,LVEtransmission863,
LVEtransmission1839_to_LVEtransmission44_electricity,#3186cc,LV electricity distribution main,transmission,100000,1,20,LVEtransmission44,LVEtransmission1839,
LVEtransmission44_to_LVEtransmission1663_electricity,#3186cc,LV electricity distribution main,transmission,100000,1,20,LVEtransmission1663,LVEtransmission44,
LVEtransmission1663_to_LVEtransmission214_electricity,#3186cc,LV electricity distribution main,transmission,100000,1,20,LVEtransmission214,LVEtransmission1663,
LVEtransmission214_to_LVEtransmission966_electricity,#3186cc,LV electricity distribution main,transmission,100000,1,20,LVEtransmission966,LVEtransmission214,
LVEtransmission966_to_LVEtransmission1863_electricity,#3186cc,LV electricity distribution main,transmission,100000,1,20,LVEtransmission1863,LVEtransmission966,
LVEtransmission1863_to_LVEtransmission1230_electricity,#3186cc,LV electricity distribution main,transmission,100000,1,20,LVEtransmission1230,LVEtransmission1863,
LVEtransmission1230_to_LVEtransmission1626_electricity,#3186cc,LV electricity distribution main,transmission,100000,1,20,LVEtransmission1626,LVEtransmission1230,
LVEtransmission1626_to_LVEtransmission732_electricity,#3186cc,LV electricity distribution main,transmission,100000,1,20,LVEtransmission732,LVEtransmission1626,
LVEtransmission245_to_LVEtransmission1924_electricity,#3186cc,LV electricity distribution main,transmission,100000,1,20,LVEtransmission1924,LVEtransmission245,
LVEtransmission1924_to_LVEtransmission1013_electricity,#3186cc,LV electricity distribution main,transmission,100000,1,20,LVEtransmission1013,LVEtransmission1924,
LVEtransmission1013_to_LVEtransmission1995_electricity,#3186cc,LV electricity distribution main,transmission,100000,1,20,LVEtransmission1995,LVEtransmission1013,
LVEtransmission1995_to_LVEtransmission352_electricity,#3186cc,LV electricity distribution main,transmission,100000,1,20,LVEtransmission352,LVEtransmission1995,
LVEtransmission352_to_LVEtransmission485_electricity,#3186cc,LV electricity distribution main,transmission,100000,1,20,LVEtransmission485,LVEtransmission352,
LVEtransmission1261_to_LVEtransmission2009_electricity,#3186cc,LV electricity distribution main,transmission,100000,1,20,LVEtransmission2009,LVEtransmission1261,
LVEtransmission2009_to_LVEtransmission432_electricity,#3186cc,LV electricity distribution main,transmission,100000,1,20,LVEtransmission432,LVEtransmission2009,
LVEtransmission432_to_LVEtransmission1027_electricity,#3186cc,LV electricity distribution main,transmission,100000,1,20,LVEtransmission1027,LVEtransmission432,
LVEtransmission1027_to_LVEtransmission1810_electricity,#3186cc,LV electricity distribution main,transmission,100000,1,20,LVEtransmission1810,LVEtransmission1027,
LVEtransmission1828_to_LVEtransmission140_electricity,#3186cc,LV electricity distribution main,transmission,100000,1,20,LVEtransmission140,LVEtransmission1828,
LVEtransmission140_to_LVEtransmission1945_electricity,#3186cc,LV electricity distribution main,transmission,100000,1,20,LVEtransmission1945,LVEtransmission140,
LVEtransmission1945_to_LVEtransmission1230_electricity,#3186cc,LV electricity distribution main,transmission,100000,1,20,LVEtransmission1230,LVEtransmission1945,
LVEtransmission1230_to_LVEtransmission1863_electricity,#3186cc,LV electricity distribution main,transmission,100000,1,20,LVEtransmission1863,LVEtransmission1230,
LVEtransmission1863_to_LVEtransmission1663_electricity,#3186cc,LV electricity distribution main,transmission,100000,1,20,LVEtransmission1663,LVEtransmission1863,
LVEtransmission1663_to_LVEtransmission1839_electricity,#3186cc,LV electricity distribution main,transmission,100000,1,20,LVEtransmission1839,LVEtransmission1663,
LVEtransmission485_to_LVEtransmission352_electricity,#3186cc,LV electricity distribution main,transmission,100000,1,20,LVEtransmission352,LVEtransmission485,
LVEtransmission352_to_LVEtransmission1014_electricity,#3186cc,LV electricity distribution main,transmission,100000,1,20,LVEtransmission1014,LVEtransmission352,
LVEtransmission450_to_LVEtransmission1414_electricity,#3186cc,LV electricity distribution main,transmission,100000,1,20,LVEtransmission1414,LVEtransmission450,
LVEtransmission1414_to_LVEtransmission1733_electricity,#3186cc,LV electricity distribution main,transmission,100000,1,20,LVEtransmission1733,LVEtransmission1414,
LVEtransmission1733_to_LVEtransmission848_electricity,#3186cc,LV electricity distribution main,transmission,100000,1,20,LVEtransmission848,LVEtransmission1733,
LVEtransmission848_to_LVEtransmission1960_electricity,#3186cc,LV electricity distribution main,transmission,100000,1,20,LVEtransmission1960,LVEtransmission848,
LVEtransmission1960_to_LVEtransmission530_electricity,#3186cc,LV electricity distribution main,transmission,100000,1,20,LVEtransmission530,LVEtransmission1960,
LVEtransmission530_to_LVEtransmission314_electricity,#3186cc,LV electricity distribution main,transmission,100000,1,20,LVEtransmission314,LVEtransmission530,
LVEtransmission314_to_LVEtransmission2011_electricity,#3186cc,LV electricity distribution main,transmission,100000,1,20,LVEtransmission2011,LVEtransmission314,
LVEtransmission2011_to_LVEtransmission1716_electricity,#3186cc,LV electricity distribution main,transmission,100000,1,20,LVEtransmission1716,LVEtransmission2011,
LVEtransmission1716_to_LVEtransmission116_electricity,#3186cc,LV electricity distribution main,transmission,100000,1,20,LVEtransmission116,LVEtransmission1716,
LVEtransmission116_to_LVEtransmission1549_electricity,#3186cc,LV electricity distribution main,transmission,100000,1,20,LVEtransmission1549,LVEtransmission116,
LVEtransmission1549_to_LVEtransmission1710_electricity,#3186cc,LV electricity distribution main,transmission,100000,1,20,LVEtransmission1710,LVEtransmission1549,
LVEtransmission1710_to_LVEtransmission1629_electricity,#3186cc,LV electricity distribution main,transmission,100000,1,20,LVEtransmission1629,LVEtransmission1710,
LVEtransmission1629_to_LVEtransmission1582_electricity,#3186cc,LV electricity distribution main,transmission,100000,1,20,LVEtransmission1582,LVEtransmission1629,
LVEtransmission1582_to_LVEtransmission1975_electricity,#3186cc,LV electricity distribution main,transmission,100000,1,20,LVEtransmission1975,LVEtransmission1582,
LVEtransmission1975_to_LVEtransmission313_electricity,#3186cc,LV electricity distribution main,transmission,100000,1,20,LVEtransmission313,LVEtransmission1975,
LVEtransmission313_to_LVEtransmission1318_electricity,#3186cc,LV electricity distribution main,transmission,100000,1,20,LVEtransmission1318,LVEtransmission313,
LVEtransmission1318_to_LVEtransmission31_electricity,#3186cc,LV electricity distribution main,transmission,100000,1,20,LVEtransmission31,LVEtransmission1318,
LVEtransmission31_to_LVEtransmission101_electricity,#3186cc,LV electricity distribution main,transmission,100000,1,20,LVEtransmission101,LVEtransmission31,
LVEtransmission101_to_LVEtransmission1573_electricity,#3186cc,LV electricity distribution main,transmission,100000,1,20,LVEtransmission1573,LVEtransmission101,
LVEtransmission1573_to_LVEtransmission822_electricity,#3186cc,LV electricity distribution main,transmission,100000,1,20,LVEtransmission822,LVEtransmission1573,
LVEtransmission822_to_LVEtransmission197_electricity,#3186cc,LV electricity distribution main,transmission,100000,1,20,LVEtransmission197,LVEtransmission822,
LVEtransmission197_to_LVEtransmission1190_electricity,#3186cc,LV electricity distribution main,transmission,100000,1,20,LVEtransmission1190,LVEtransmission197,
LVEtransmission1190_to_LVEtransmission566_electricity,#3186cc,LV electricity distribution main,transmission,100000,1,20,LVEtransmission566,LVEtransmission1190,
LVEtransmission566_to_LVEtransmission525_electricity,#3186cc,LV electricity distribution main,transmission,100000,1,20,LVEtransmission525,LVEtransmission566,
LVEtransmission262_to_LVEtransmission567_electricity,#3186cc,LV electricity distribution main,transmission,100000,1,20,LVEtransmission567,LVEtransmission262,
LVEtransmission567_to_LVEtransmission871_electricity,#3186cc,LV electricity distribution main,transmission,100000,1,20,LVEtransmission871,LVEtransmission567,
LVEtransmission871_to_LVEtransmission1402_electricity,#3186cc,LV electricity distribution main,transmission,100000,1,20,LVEtransmission1402,LVEtransmission871,
LVEtransmission1402_to_LVEtransmission232_electricity,#3186cc,LV electricity distribution main,transmission,100000,1,20,LVEtransmission232,LVEtransmission1402,
LVEtransmission232_to_LVEtransmission1073_electricity,#3186cc,LV electricity distribution main,transmission,100000,1,20,LVEtransmission1073,LVEtransmission232,
LVEtransmission1073_to_LVEtransmission1322_electricity,#3186cc,LV electricity distribution main,transmission,100000,1,20,LVEtransmission1322,LVEtransmission1073,
LVEtransmission1322_to_LVEtransmission406_electricity,#3186cc,LV electricity distribution main,transmission,100000,1,20,LVEtransmission406,LVEtransmission1322,
LVEtransmission406_to_LVEtransmission1348_electricity,#3186cc,LV electricity distribution main,transmission,100000,1,20,LVEtransmission1348,LVEtransmission406,
LVEtransmission1348_to_LVEtransmission696_electricity,#3186cc,LV electricity distribution main,transmission,100000,1,20,LVEtransmission696,LVEtransmission1348,
LVEtransmission696_to_LVEtransmission198_electricity,#3186cc,LV electricity distribution main,transmission,100000,1,20,LVEtransmission198,LVEtransmission696,
LVEtransmission198_to_LVEtransmission1572_electricity,#3186cc,LV electricity distribution main,transmission,100000,1,20,LVEtransmission1572,LVEtransmission198,
LVEtransmission1572_to_LVEtransmission976_electricity,#3186cc,LV electricity distribution main,transmission,100000,1,20,LVEtransmission976,LVEtransmission1572,
LVEtransmission976_to_LVEtransmission847_electricity,#3186cc,LV electricity distribution main,transmission,100000,1,20,LVEtransmission847,LVEtransmission976,
LVEtransmission847_to_LVEtransmission859_electricity,#3186cc,LV electricity distribution main,transmission,100000,1,20,LVEtransmission859,LVEtransmission847,
LVEtransmission262_to_LVEtransmission1518_electricity,#3186cc,LV electricity distribution main,transmission,100000,1,20,LVEtransmission1518,LVEtransmission262,
LVEtransmission1518_to_LVEtransmission1794_electricity,#3186cc,LV electricity distribution main,transmission,100000,1,20,LVEtransmission1794,LVEtransmission1518,
LVEtransmission335_to_LVEtransmission205_electricity,#3186cc,LV electricity distribution main,transmission,100000,1,20,LVEtransmission205,LVEtransmission335,
LVEtransmission205_to_LVEtransmission1221_electricity,#3186cc,LV electricity distribution main,transmission,100000,1,20,LVEtransmission1221,LVEtransmission205,
LVEtransmission1221_to_LVEtransmission146_electricity,#3186cc,LV electricity distribution main,transmission,100000,1,20,LVEtransmission146,LVEtransmission1221,
LVEtransmission146_to_LVEtransmission1443_electricity,#3186cc,LV electricity distribution main,transmission,100000,1,20,LVEtransmission1443,LVEtransmission146,
LVEtransmission1443_to_LVEtransmission873_electricity,#3186cc,LV electricity distribution main,transmission,100000,1,20,LVEtransmission873,LVEtransmission1443,
LVEtransmission873_to_LVEtransmission1198_electricity,#3186cc,LV electricity distribution main,transmission,100000,1,20,LVEtransmission1198,LVEtransmission873,
LVEtransmission1198_to_LVEtransmission431_electricity,#3186cc,LV electricity distribution main,transmission,100000,1,20,LVEtransmission431,LVEtransmission1198,
LVEtransmission431_to_LVEtransmission1665_electricity,#3186cc,LV electricity distribution main,transmission,100000,1,20,LVEtransmission1665,LVEtransmission431,
LVEtransmission1665_to_LVEtransmission1825_electricity,#3186cc,LV electricity distribution main,transmission,100000,1,20,LVEtransmission1825,LVEtransmission1665,
LVEtransmission1825_to_LVEtransmission1694_electricity,#3186cc,LV electricity distribution main,transmission,100000,1,20,LVEtransmission1694,LVEtransmission1825,
LVEtransmission1694_to_LVEtransmission1104_electricity,#3186cc,LV electricity distribution main,transmission,100000,1,20,LVEtransmission1104,LVEtransmission1694,
LVEtransmission1104_to_LVEtransmission838_electricity,#3186cc,LV electricity distribution main,transmission,100000,1,20,LVEtransmission838,LVEtransmission1104,
LVEtransmission838_to_LVEtransmission678_electricity,#3186cc,LV electricity distribution main,transmission,100000,1,20,LVEtransmission678,LVEtransmission838,
LVEtransmission1692_to_LVEtransmission926_electricity,#3186cc,LV electricity distribution main,transmission,100000,1,20,LVEtransmission926,LVEtransmission1692,
LVEtransmission926_to_LVEtransmission1135_electricity,#3186cc,LV electricity distribution main,transmission,100000,1,20,LVEtransmission1135,LVEtransmission926,
LVEtransmission1135_to_LVEtransmission289_electricity,#3186cc,LV electricity distribution main,transmission,100000,1,20,LVEtransmission289,LVEtransmission1135,
LVEtransmission289_to_LVEtransmission224_electricity,#3186cc,LV electricity distribution main,transmission,100000,1,20,LVEtransmission224,LVEtransmission289,
LVEtransmission224_to_LVEtransmission3_electricity,#3186cc,LV electricity distribution main,transmission,100000,1,20,LVEtransmission3,LVEtransmission224,
LVEtransmission3_to_LVEtransmission877_electricity,#3186cc,LV electricity distribution main,transmission,100000,1,20,LVEtransmission877,LVEtransmission3,
LVEtransmission877_to_LVEtransmission1441_electricity,#3186cc,LV electricity distribution main,transmission,100000,1,20,LVEtransmission1441,LVEtransmission877,
LVEtransmission1441_to_LVEtransmission1896_electricity,#3186cc,LV electricity distribution main,transmission,100000,1,20,LVEtransmission1896,LVEtransmission1441,
LVEtransmission1896_to_LVEtransmission135_electricity,#3186cc,LV electricity distribution main,transmission,100000,1,20,LVEtransmission135,LVEtransmission1896,
LVEtransmission135_to_LVEtransmission1939_electricity,#3186cc,LV electricity distribution main,transmission,100000,1,20,LVEtransmission1939,LVEtransmission135,
LVEtransmission1939_to_LVEtransmission394_electricity,#3186cc,LV electricity distribution main,transmission,100000,1,20,LVEtransmission394,LVEtransmission1939,
LVEtransmission394_to_LVEtransmission354_electricity,#3186cc,LV electricity distribution main,transmission,100000,1,20,LVEtransmission354,LVEtransmission394,
LVEtransmission354_to_LVEtransmission293_electricity,#3186cc,LV electricity distribution main,transmission,100000,1,20,LVEtransmission293,LVEtransmission354,
LVEtransmission293_to_LVEtransmission1747_electricity,#3186cc,LV electricity distribution main,transmission,100000,1,20,LVEtransmission1747,LVEtransmission293,
LVEtransmission1089_to_LVEtransmission1097_electricity,#3186cc,LV electricity distribution main,transmission,100000,1,20,LVEtransmission1097,LVEtransmission1089,
LVEtransmission1097_to_LVEtransmission1474_electricity,#3186cc,LV electricity distribution main,transmission,100000,1,20,LVEtransmission1474,LVEtransmission1097,
LVEtransmission1474_to_LVEtransmission496_electricity,#3186cc,LV electricity distribution main,transmission,100000,1,20,LVEtransmission496,LVEtransmission1474,
LVEtransmission496_to_LVEtransmission762_electricity,#3186cc,LV electricity distribution main,transmission,100000,1,20,LVEtransmission762,LVEtransmission496,
LVEtransmission762_to_LVEtransmission1134_electricity,#3186cc,LV electricity distribution main,transmission,100000,1,20,LVEtransmission1134,LVEtransmission762,
LVEtransmission157_to_LVEtransmission1529_electricity,#3186cc,LV electricity distribution main,transmission,100000,1,20,LVEtransmission1529,LVEtransmission157,
LVEtransmission1529_to_LVEtransmission230_electricity,#3186cc,LV electricity distribution main,transmission,100000,1,20,LVEtransmission230,LVEtransmission1529,
LVEtransmission230_to_LVEtransmission520_electricity,#3186cc,LV electricity distribution main,transmission,100000,1,20,LVEtransmission520,LVEtransmission230,
LVEtransmission520_to_LVEtransmission880_electricity,#3186cc,LV electricity distribution main,transmission,100000,1,20,LVEtransmission880,LVEtransmission520,
LVEtransmission1169_to_LVEtransmission1114_electricity,#3186cc,LV electricity distribution main,transmission,100000,1,20,LVEtransmission1114,LVEtransmission1169,
LVEtransmission1114_to_LVEtransmission1392_electricity,#3186cc,LV electricity distribution main,transmission,100000,1,20,LVEtransmission1392,LVEtransmission1114,
LVEtransmission1392_to_LVEtransmission426_electricity,#3186cc,LV electricity distribution main,transmission,100000,1,20,LVEtransmission426,LVEtransmission1392,
LVEtransmission426_to_LVEtransmission656_electricity,#3186cc,LV electricity distribution main,transmission,100000,1,20,LVEtransmission656,LVEtransmission426,
LVEtransmission656_to_LVEtransmission1210_electricity,#3186cc,LV electricity distribution main,transmission,100000,1,20,LVEtransmission1210,LVEtransmission656,
LVEtransmission1210_to_LVEtransmission1067_electricity,#3186cc,LV electricity distribution main,transmission,100000,1,20,LVEtransmission1067,LVEtransmission1210,
LVEtransmission1067_to_LVEtransmission501_electricity,#3186cc,LV electricity distribution main,transmission,100000,1,20,LVEtransmission501,LVEtransmission1067,
LVEtransmission501_to_LVEtransmission832_electricity,#3186cc,LV electricity distribution main,transmission,100000,1,20,LVEtransmission832,LVEtransmission501,
LVEtransmission832_to_LVEtransmission1071_electricity,#3186cc,LV electricity distribution main,transmission,100000,1,20,LVEtransmission1071,LVEtransmission832,
LVEtransmission1071_to_LVEtransmission1885_electricity,#3186cc,LV electricity distribution main,transmission,100000,1,20,LVEtransmission1885,LVEtransmission1071,
LVEtransmission1885_to_LVEtransmission407_electricity,#3186cc,LV electricity distribution main,transmission,100000,1,20,LVEtransmission407,LVEtransmission1885,
LVEtransmission407_to_LVEtransmission722_electricity,#3186cc,LV electricity distribution main,transmission,100000,1,20,LVEtransmission722,LVEtransmission407,
LVEtransmission722_to_LVEtransmission1783_electricity,#3186cc,LV electricity distribution main,transmission,100000,1,20,LVEtransmission1783,LVEtransmission722,
LVEtransmission1783_to_LVEtransmission104_electricity,#3186cc,LV electricity distribution main,transmission,100000,1,20,LVEtransmission104,LVEtransmission1783,
LVEtransmission104_to_LVEtransmission1089_electricity,#3186cc,LV electricity distribution main,transmission,100000,1,20,LVEtransmission1089,LVEtransmission104,
LVEtransmission1288_to_LVEtransmission978_electricity,#3186cc,LV electricity distribution main,transmission,100000,1,20,LVEtransmission978,LVEtransmission1288,
LVEtransmission978_to_LVEtransmission583_electricity,#3186cc,LV electricity distribution main,transmission,100000,1,20,LVEtransmission583,LVEtransmission978,
LVEtransmission583_to_LVEtransmission1321_electricity,#3186cc,LV electricity distribution main,transmission,100000,1,20,LVEtransmission1321,LVEtransmission583,
LVEtransmission1821_to_LVEtransmission1673_electricity,#3186cc,LV electricity distribution main,transmission,100000,1,20,LVEtransmission1673,LVEtransmission1821,
LVEtransmission1673_to_LVEtransmission1466_electricity,#3186cc,LV electricity distribution main,transmission,100000,1,20,LVEtransmission1466,LVEtransmission1673,
LVEtransmission1466_to_LVEtransmission730_electricity,#3186cc,LV electricity distribution main,transmission,100000,1,20,LVEtransmission730,LVEtransmission1466,
LVEtransmission730_to_LVEtransmission461_electricity,#3186cc,LV electricity distribution main,transmission,100000,1,20,LVEtransmission461,LVEtransmission730,
LVEtransmission119_to_LVEtransmission1756_electricity,#3186cc,LV electricity distribution main,transmission,100000,1,20,LVEtransmission1756,LVEtransmission119,
LVEtransmission1756_to_LVEtransmission464_electricity,#3186cc,LV electricity distribution main,transmission,100000,1,20,LVEtransmission464,LVEtransmission1756,
LVEtransmission464_to_LVEtransmission955_electricity,#3186cc,LV electricity distribution main,transmission,100000,1,20,LVEtransmission955,LVEtransmission464,
LVEtransmission955_to_LVEtransmission345_electricity,#3186cc,LV electricity distribution main,transmission,100000,1,20,LVEtransmission345,LVEtransmission955,
LVEtransmission345_to_LVEtransmission1405_electricity,#3186cc,LV electricity distribution main,transmission,100000,1,20,LVEtransmission1405,LVEtransmission345,
LVEtransmission1405_to_LVEtransmission588_electricity,#3186cc,LV electricity distribution main,transmission,100000,1,20,LVEtransmission588,LVEtransmission1405,
LVEtransmission588_to_LVEtransmission1072_electricity,#3186cc,LV electricity distribution main,transmission,100000,1,20,LVEtransmission1072,LVEtransmission588,
LVEtransmission1072_to_LVEtransmission430_electricity,#3186cc,LV electricity distribution main,transmission,100000,1,20,LVEtransmission430,LVEtransmission1072,
LVEtransmission430_to_LVEtransmission653_electricity,#3186cc,LV electricity distribution main,transmission,100000,1,20,LVEtransmission653,LVEtransmission430,
LVEtransmission653_to_LVEtransmission1415_electricity,#3186cc,LV electricity distribution main,transmission,100000,1,20,LVEtransmission1415,LVEtransmission653,
LVEtransmission1415_to_LVEtransmission392_electricity,#3186cc,LV electricity distribution main,transmission,100000,1,20,LVEtransmission392,LVEtransmission1415,
LVEtransmission392_to_LVEtransmission2019_electricity,#3186cc,LV electricity distribution main,transmission,100000,1,20,LVEtransmission2019,LVEtransmission392,
LVEtransmission2019_to_LVEtransmission1416_electricity,#3186cc,LV electricity distribution main,transmission,100000,1,20,LVEtransmission1416,LVEtransmission2019,
LVEtransmission1416_to_LVEtransmission1289_electricity,#3186cc,LV electricity distribution main,transmission,100000,1,20,LVEtransmission1289,LVEtransmission1416,
LVEtransmission1289_to_LVEtransmission1820_electricity,#3186cc,LV electricity distribution main,transmission,100000,1,20,LVEtransmission1820,LVEtransmission1289,
LVEtransmission1820_to_LVEtransmission599_electricity,#3186cc,LV electricity distribution main,transmission,100000,1,20,LVEtransmission599,LVEtransmission1820,
LVEtransmission599_to_LVEtransmission1315_electricity,#3186cc,LV electricity distribution main,transmission,100000,1,20,LVEtransmission1315,LVEtransmission599,
LVEtransmission1315_to_LVEtransmission850_electricity,#3186cc,LV electricity distribution main,transmission,100000,1,20,LVEtransmission850,LVEtransmission1315,
LVEtransmission850_to_LVEtransmission376_electricity,#3186cc,LV electricity distribution main,transmission,100000,1,20,LVEtransmission376,LVEtransmission850,
LVEtransmission376_to_LVEtransmission959_electricity,#3186cc,LV electricity distribution main,transmission,100000,1,20,LVEtransmission959,LVEtransmission376,
LVEtransmission959_to_LVEtransmission1497_electricity,#3186cc,LV electricity distribution main,transmission,100000,1,20,LVEtransmission1497,LVEtransmission959,
LVEtransmission1497_to_LVEtransmission1182_electricity,#3186cc,LV electricity distribution main,transmission,100000,1,20,LVEtransmission1182,LVEtransmission1497,
LVEtransmission1182_to_LVEtransmission264_electricity,#3186cc,LV electricity distribution main,transmission,100000,1,20,LVEtransmission264,LVEtransmission1182,
LVEtransmission264_to_LVEtransmission1836_electricity,#3186cc,LV electricity distribution main,transmission,100000,1,20,LVEtransmission1836,LVEtransmission264,
LVEtransmission1836_to_LVEtransmission1323_electricity,#3186cc,LV electricity distribution main,transmission,100000,1,20,LVEtransmission1323,LVEtransmission1836,
LVEtransmission1323_to_LVEtransmission1457_electricity,#3186cc,LV electricity distribution main,transmission,100000,1,20,LVEtransmission1457,LVEtransmission1323,
LVEtransmission1457_to_LVEtransmission25_electricity,#3186cc,LV electricity distribution main,transmission,100000,1,20,LVEtransmission25,LVEtransmission1457,
LVEtransmission25_to_LVEtransmission383_electricity,#3186cc,LV electricity distribution main,transmission,100000,1,20,LVEtransmission383,LVEtransmission25,
LVEtransmission383_to_LVEtransmission1855_electricity,#3186cc,LV electricity distribution main,transmission,100000,1,20,LVEtransmission1855,LVEtransmission383,
LVEtransmission1855_to_LVEtransmission1482_electricity,#3186cc,LV electricity distribution main,transmission,100000,1,20,LVEtransmission1482,LVEtransmission1855,
LVEtransmission1482_to_LVEtransmission1016_electricity,#3186cc,LV electricity distribution main,transmission,100000,1,20,LVEtransmission1016,LVEtransmission1482,
LVEtransmission1016_to_LVEtransmission456_electricity,#3186cc,LV electricity distribution main,transmission,100000,1,20,LVEtransmission456,LVEtransmission1016,
LVEtransmission456_to_LVEtransmission829_electricity,#3186cc,LV electricity distribution main,transmission,100000,1,20,LVEtransmission829,LVEtransmission456,
LVEtransmission829_to_LVEtransmission1422_electricity,#3186cc,LV electricity distribution main,transmission,100000,1,20,LVEtransmission1422,LVEtransmission829,
LVEtransmission1422_to_LVEtransmission145_electricity,#3186cc,LV electricity distribution main,transmission,100000,1,20,LVEtransmission145,LVEtransmission1422,
LVEtransmission145_to_LVEtransmission396_electricity,#3186cc,LV electricity distribution main,transmission,100000,1,20,LVEtransmission396,LVEtransmission145,
LVEtransmission396_to_LVEtransmission408_electricity,#3186cc,LV electricity distribution main,transmission,100000,1,20,LVEtransmission408,LVEtransmission396,
LVEtransmission408_to_LVEtransmission1713_electricity,#3186cc,LV electricity distribution main,transmission,100000,1,20,LVEtransmission1713,LVEtransmission408,
LVEtransmission1426_to_LVEtransmission1105_electricity,#3186cc,LV electricity distribution main,transmission,100000,1,20,LVEtransmission1105,LVEtransmission1426,
LVEtransmission1105_to_LVEtransmission1416_electricity,#3186cc,LV electricity distribution main,transmission,100000,1,20,LVEtransmission1416,LVEtransmission1105,
LVEtransmission1416_to_LVEtransmission38_electricity,#3186cc,LV electricity distribution main,transmission,100000,1,20,LVEtransmission38,LVEtransmission1416,
LVEtransmission38_to_LVEtransmission503_electricity,#3186cc,LV electricity distribution main,transmission,100000,1,20,LVEtransmission503,LVEtransmission38,
LVEtransmission503_to_LVEtransmission599_electricity,#3186cc,LV electricity distribution main,transmission,100000,1,20,LVEtransmission599,LVEtransmission503,
LVEtransmission599_to_LVEtransmission1820_electricity,#3186cc,LV electricity distribution main,transmission,100000,1,20,LVEtransmission1820,LVEtransmission599,
LVEtransmission1820_to_LVEtransmission844_electricity,#3186cc,LV electricity distribution main,transmission,100000,1,20,LVEtransmission844,LVEtransmission1820,
LVEtransmission844_to_LVEtransmission679_electricity,#3186cc,LV electricity distribution main,transmission,100000,1,20,LVEtransmission679,LVEtransmission844,
LVEtransmission679_to_LVEtransmission1427_electricity,#3186cc,LV electricity distribution main,transmission,100000,1,20,LVEtransmission1427,LVEtransmission679,
LVEtransmission1427_to_LVEtransmission1278_electricity,#3186cc,LV electricity distribution main,transmission,100000,1,20,LVEtransmission1278,LVEtransmission1427,
LVEtransmission1278_to_LVEtransmission495_electricity,#3186cc,LV electricity distribution main,transmission,100000,1,20,LVEtransmission495,LVEtransmission1278,
LVEtransmission495_to_LVEtransmission1793_electricity,#3186cc,LV electricity distribution main,transmission,100000,1,20,LVEtransmission1793,LVEtransmission495,
LVEtransmission1793_to_LVEtransmission1837_electricity,#3186cc,LV electricity distribution main,transmission,100000,1,20,LVEtransmission1837,LVEtransmission1793,
LVEtransmission1837_to_LVEtransmission854_electricity,#3186cc,LV electricity distribution main,transmission,100000,1,20,LVEtransmission854,LVEtransmission1837,
LVEtransmission1249_to_LVEtransmission2003_electricity,#3186cc,LV electricity distribution main,transmission,100000,1,20,LVEtransmission2003,LVEtransmission1249,
LVEtransmission2003_to_LVEtransmission920_electricity,#3186cc,LV electricity distribution main,transmission,100000,1,20,LVEtransmission920,LVEtransmission2003,
LVEtransmission920_to_LVEtransmission1623_electricity,#3186cc,LV electricity distribution main,transmission,100000,1,20,LVEtransmission1623,LVEtransmission920,
LVEtransmission1623_to_LVEtransmission925_electricity,#3186cc,LV electricity distribution main,transmission,100000,1,20,LVEtransmission925,LVEtransmission1623,
LVEtransmission925_to_LVEtransmission1772_electricity,#3186cc,LV electricity distribution main,transmission,100000,1,20,LVEtransmission1772,LVEtransmission925,
LVEtransmission1772_to_LVEtransmission365_electricity,#3186cc,LV electricity distribution main,transmission,100000,1,20,LVEtransmission365,LVEtransmission1772,
LVEtransmission365_to_LVEtransmission223_electricity,#3186cc,LV electricity distribution main,transmission,100000,1,20,LVEtransmission223,LVEtransmission365,
LVEtransmission1518_to_LVEtransmission414_electricity,#3186cc,LV electricity distribution main,transmission,100000,1,20,LVEtransmission414,LVEtransmission1518,
LVEtransmission1244_to_LVEtransmission208_electricity,#3186cc,LV electricity distribution main,transmission,100000,1,20,LVEtransmission208,LVEtransmission1244,
LVEtransmission208_to_LVEtransmission1271_electricity,#3186cc,LV electricity distribution main,transmission,100000,1,20,LVEtransmission1271,LVEtransmission208,
LVEtransmission1271_to_LVEtransmission659_electricity,#3186cc,LV electricity distribution main,transmission,100000,1,20,LVEtransmission659,LVEtransmission1271,
LVEtransmission659_to_LVEtransmission1301_electricity,#3186cc,LV electricity distribution main,transmission,100000,1,20,LVEtransmission1301,LVEtransmission659,
LVEtransmission1301_to_LVEtransmission691_electricity,#3186cc,LV electricity distribution main,transmission,100000,1,20,LVEtransmission691,LVEtransmission1301,
LVEtransmission691_to_LVEtransmission1454_electricity,#3186cc,LV electricity distribution main,transmission,100000,1,20,LVEtransmission1454,LVEtransmission691,
LVEtransmission1454_to_LVEtransmission1006_electricity,#3186cc,LV electricity distribution main,transmission,100000,1,20,LVEtransmission1006,LVEtransmission1454,
LVEtransmission1006_to_LVEtransmission452_electricity,#3186cc,LV electricity distribution main,transmission,100000,1,20,LVEtransmission452,LVEtransmission1006,
LVEtransmission452_to_LVEtransmission120_electricity,#3186cc,LV electricity distribution main,transmission,100000,1,20,LVEtransmission120,LVEtransmission452,
LVEtransmission120_to_LVEtransmission96_electricity,#3186cc,LV electricity distribution main,transmission,100000,1,20,LVEtransmission96,LVEtransmission120,
LVEtransmission96_to_LVEtransmission162_electricity,#3186cc,LV electricity distribution main,transmission,100000,1,20,LVEtransmission162,LVEtransmission96,
LVEtransmission162_to_LVEtransmission985_electricity,#3186cc,LV electricity distribution main,transmission,100000,1,20,LVEtransmission985,LVEtransmission162,
LVEtransmission985_to_LVEtransmission1032_electricity,#3186cc,LV electricity distribution main,transmission,100000,1,20,LVEtransmission1032,LVEtransmission985,
LVEtransmission1880_to_LVEtransmission513_electricity,#3186cc,LV electricity distribution main,transmission,100000,1,20,LVEtransmission513,LVEtransmission1880,
LVEtransmission513_to_LVEtransmission52_electricity,#3186cc,LV electricity distribution main,transmission,100000,1,20,LVEtransmission52,LVEtransmission513,
LVEtransmission52_to_LVEtransmission1207_electricity,#3186cc,LV electricity distribution main,transmission,100000,1,20,LVEtransmission1207,LVEtransmission52,
LVEtransmission1207_to_LVEtransmission1515_electricity,#3186cc,LV electricity distribution main,transmission,100000,1,20,LVEtransmission1515,LVEtransmission1207,
LVEtransmission1515_to_LVEtransmission777_electricity,#3186cc,LV electricity distribution main,transmission,100000,1,20,LVEtransmission777,LVEtransmission1515,
LVEtransmission777_to_LVEtransmission529_electricity,#3186cc,LV electricity distribution main,transmission,100000,1,20,LVEtransmission529,LVEtransmission777,
LVEtransmission529_to_LVEtransmission2015_electricity,#3186cc,LV electricity distribution main,transmission,100000,1,20,LVEtransmission2015,LVEtransmission529,
LVEtransmission2015_to_LVEtransmission1977_electricity,#3186cc,LV electricity distribution main,transmission,100000,1,20,LVEtransmission1977,LVEtransmission2015,
LVEtransmission1977_to_LVEtransmission244_electricity,#3186cc,LV electricity distribution main,transmission,100000,1,20,LVEtransmission244,LVEtransmission1977,
LVEtransmission244_to_LVEtransmission259_electricity,#3186cc,LV electricity distribution main,transmission,100000,1,20,LVEtransmission259,LVEtransmission244,
LVEtransmission259_to_LVEtransmission435_electricity,#3186cc,LV electricity distribution main,transmission,100000,1,20,LVEtransmission435,LVEtransmission259,
LVEtransmission435_to_LVEtransmission355_electricity,#3186cc,LV electricity distribution main,transmission,100000,1,20,LVEtransmission355,LVEtransmission435,
LVEtransmission355_to_LVEtransmission516_electricity,#3186cc,LV electricity distribution main,transmission,100000,1,20,LVEtransmission516,LVEtransmission355,
LVEtransmission516_to_LVEtransmission448_electricity,#3186cc,LV electricity distribution main,transmission,100000,1,20,LVEtransmission448,LVEtransmission516,
LVEtransmission448_to_LVEtransmission1655_electricity,#3186cc,LV electricity distribution main,transmission,100000,1,20,LVEtransmission1655,LVEtransmission448,
LVEtransmission1655_to_LVEtransmission1657_electricity,#3186cc,LV electricity distribution main,transmission,100000,1,20,LVEtransmission1657,LVEtransmission1655,
LVEtransmission1657_to_LVEtransmission608_electricity,#3186cc,LV electricity distribution main,transmission,100000,1,20,LVEtransmission608,LVEtransmission1657,
LVEtransmission608_to_LVEtransmission971_electricity,#3186cc,LV electricity distribution main,transmission,100000,1,20,LVEtransmission971,LVEtransmission608,
LVEtransmission971_to_LVEtransmission562_electricity,#3186cc,LV electricity distribution main,transmission,100000,1,20,LVEtransmission562,LVEtransmission971,
LVEtransmission562_to_LVEtransmission910_electricity,#3186cc,LV electricity distribution main,transmission,100000,1,20,LVEtransmission910,LVEtransmission562,
LVEtransmission910_to_LVEtransmission1400_electricity,#3186cc,LV electricity distribution main,transmission,100000,1,20,LVEtransmission1400,LVEtransmission910,
LVEtransmission1400_to_LVEtransmission1748_electricity,#3186cc,LV electricity distribution main,transmission,100000,1,20,LVEtransmission1748,LVEtransmission1400,
LVEtransmission1748_to_LVEtransmission1544_electricity,#3186cc,LV electricity distribution main,transmission,100000,1,20,LVEtransmission1544,LVEtransmission1748,
LVEtransmission1544_to_LVEtransmission988_electricity,#3186cc,LV electricity distribution main,transmission,100000,1,20,LVEtransmission988,LVEtransmission1544,
LVEtransmission988_to_LVEtransmission387_electricity,#3186cc,LV electricity distribution main,transmission,100000,1,20,LVEtransmission387,LVEtransmission988,
LVEtransmission387_to_LVEtransmission1891_electricity,#3186cc,LV electricity distribution main,transmission,100000,1,20,LVEtransmission1891,LVEtransmission387,
LVEtransmission1891_to_LVEtransmission1052_electricity,#3186cc,LV electricity distribution main,transmission,100000,1,20,LVEtransmission1052,LVEtransmission1891,
LVEtransmission1052_to_LVEtransmission1407_electricity,#3186cc,LV electricity distribution main,transmission,100000,1,20,LVEtransmission1407,LVEtransmission1052,
LVEtransmission1407_to_LVEtransmission929_electricity,#3186cc,LV electricity distribution main,transmission,100000,1,20,LVEtransmission929,LVEtransmission1407,
LVEtransmission929_to_LVEtransmission984_electricity,#3186cc,LV electricity distribution main,transmission,100000,1,20,LVEtransmission984,LVEtransmission929,
LVEtransmission488_to_LVEtransmission1235_electricity,#3186cc,LV electricity distribution main,transmission,100000,1,20,LVEtransmission1235,LVEtransmission488,
LVEtransmission1235_to_LVEtransmission320_electricity,#3186cc,LV electricity distribution main,transmission,100000,1,20,LVEtransmission320,LVEtransmission1235,
LVEtransmission320_to_LVEtransmission443_electricity,#3186cc,LV electricity distribution main,transmission,100000,1,20,LVEtransmission443,LVEtransmission320,
LVEtransmission443_to_LVEtransmission303_electricity,#3186cc,LV electricity distribution main,transmission,100000,1,20,LVEtransmission303,LVEtransmission443,
LVEtransmission303_to_LVEtransmission378_electricity,#3186cc,LV electricity distribution main,transmission,100000,1,20,LVEtransmission378,LVEtransmission303,
LVEtransmission378_to_LVEtransmission108_electricity,#3186cc,LV electricity distribution main,transmission,100000,1,20,LVEtransmission108,LVEtransmission378,
LVEtransmission108_to_LVEtransmission1397_electricity,#3186cc,LV electricity distribution main,transmission,100000,1,20,LVEtransmission1397,LVEtransmission108,
LVEtransmission1397_to_LVEtransmission663_electricity,#3186cc,LV electricity distribution main,transmission,100000,1,20,LVEtransmission663,LVEtransmission1397,
LVEtransmission663_to_LVEtransmission27_electricity,#3186cc,LV electricity distribution main,transmission,100000,1,20,LVEtransmission27,LVEtransmission663,
LVEtransmission27_to_LVEtransmission994_electricity,#3186cc,LV electricity distribution main,transmission,100000,1,20,LVEtransmission994,LVEtransmission27,
LVEtransmission209_to_LVEtransmission1835_electricity,#3186cc,LV electricity distribution main,transmission,100000,1,20,LVEtransmission1835,LVEtransmission209,
LVEtransmission1835_to_LVEtransmission411_electricity,#3186cc,LV electricity distribution main,transmission,100000,1,20,LVEtransmission411,LVEtransmission1835,
LVEtransmission411_to_LVEtransmission488_electricity,#3186cc,LV electricity distribution main,transmission,100000,1,20,LVEtransmission488,LVEtransmission411,
LVEtransmission209_to_LVEtransmission840_electricity,#3186cc,LV electricity distribution main,transmission,100000,1,20,LVEtransmission840,LVEtransmission209,
LVEtransmission840_to_LVEtransmission788_electricity,#3186cc,LV electricity distribution main,transmission,100000,1,20,LVEtransmission788,LVEtransmission840,
LVEtransmission788_to_LVEtransmission1952_electricity,#3186cc,LV electricity distribution main,transmission,100000,1,20,LVEtransmission1952,LVEtransmission788,
LVEtransmission1952_to_LVEtransmission35_electricity,#3186cc,LV electricity distribution main,transmission,100000,1,20,LVEtransmission35,LVEtransmission1952,
LVEtransmission1733_to_LVEtransmission640_electricity,#3186cc,LV electricity distribution main,transmission,100000,1,20,LVEtransmission640,LVEtransmission1733,
LVEtransmission640_to_LVEtransmission18_electricity,#3186cc,LV electricity distribution main,transmission,100000,1,20,LVEtransmission18,LVEtransmission640,
LVEtransmission18_to_LVEtransmission848_electricity,#3186cc,LV electricity distribution main,transmission,100000,1,20,LVEtransmission848,LVEtransmission18,
LVEtransmission1960_to_LVEtransmission235_electricity,#3186cc,LV electricity distribution main,transmission,100000,1,20,LVEtransmission235,LVEtransmission1960,
LVEtransmission235_to_LVEtransmission602_electricity,#3186cc,LV electricity distribution main,transmission,100000,1,20,LVEtransmission602,LVEtransmission235,
LVEtransmission602_to_LVEtransmission1809_electricity,#3186cc,LV electricity distribution main,transmission,100000,1,20,LVEtransmission1809,LVEtransmission602,
LVEtransmission1809_to_LVEtransmission1541_electricity,#3186cc,LV electricity distribution main,transmission,100000,1,20,LVEtransmission1541,LVEtransmission1809,
LVEtransmission1541_to_LVEtransmission1520_electricity,#3186cc,LV electricity distribution main,transmission,100000,1,20,LVEtransmission1520,LVEtransmission1541,
LVEtransmission1520_to_LVEtransmission1003_electricity,#3186cc,LV electricity distribution main,transmission,100000,1,20,LVEtransmission1003,LVEtransmission1520,
LVEtransmission1003_to_LVEtransmission1389_electricity,#3186cc,LV electricity distribution main,transmission,100000,1,20,LVEtransmission1389,LVEtransmission1003,
LVEtransmission1389_to_LVEtransmission1324_electricity,#3186cc,LV electricity distribution main,transmission,100000,1,20,LVEtransmission1324,LVEtransmission1389,
LVEtransmission1324_to_LVEtransmission388_electricity,#3186cc,LV electricity distribution main,transmission,100000,1,20,LVEtransmission388,LVEtransmission1324,
LVEtransmission388_to_LVEtransmission1252_electricity,#3186cc,LV electricity distribution main,transmission,100000,1,20,LVEtransmission1252,LVEtransmission388,
LVEtransmission1252_to_LVEtransmission720_electricity,#3186cc,LV electricity distribution main,transmission,100000,1,20,LVEtransmission720,LVEtransmission1252,
LVEtransmission720_to_LVEtransmission148_electricity,#3186cc,LV electricity distribution main,transmission,100000,1,20,LVEtransmission148,LVEtransmission720,
LVEtransmission148_to_LVEtransmission39_electricity,#3186cc,LV electricity distribution main,transmission,100000,1,20,LVEtransmission39,LVEtransmission148,
LVEtransmission39_to_LVEtransmission627_electricity,#3186cc,LV electricity distribution main,transmission,100000,1,20,LVEtransmission627,LVEtransmission39,
LVEtransmission627_to_LVEtransmission1183_electricity,#3186cc,LV electricity distribution main,transmission,100000,1,20,LVEtransmission1183,LVEtransmission627,
LVEtransmission1183_to_LVEtransmission1100_electricity,#3186cc,LV electricity distribution main,transmission,100000,1,20,LVEtransmission1100,LVEtransmission1183,
LVEtransmission1100_to_LVEtransmission203_electricity,#3186cc,LV electricity distribution main,transmission,100000,1,20,LVEtransmission203,LVEtransmission1100,
LVEtransmission203_to_LVEtransmission333_electricity,#3186cc,LV electricity distribution main,transmission,100000,1,20,LVEtransmission333,LVEtransmission203,
LVEtransmission333_to_LVEtransmission1343_electricity,#3186cc,LV electricity distribution main,transmission,100000,1,20,LVEtransmission1343,LVEtransmission333,
LVEtransmission1343_to_LVEtransmission713_electricity,#3186cc,LV electricity distribution main,transmission,100000,1,20,LVEtransmission713,LVEtransmission1343,
LVEtransmission713_to_LVEtransmission253_electricity,#3186cc,LV electricity distribution main,transmission,100000,1,20,LVEtransmission253,LVEtransmission713,
LVEtransmission253_to_LVEtransmission1251_electricity,#3186cc,LV electricity distribution main,transmission,100000,1,20,LVEtransmission1251,LVEtransmission253,
LVEtransmission1251_to_LVEtransmission85_electricity,#3186cc,LV electricity distribution main,transmission,100000,1,20,LVEtransmission85,LVEtransmission1251,
LVEtransmission85_to_LVEtransmission568_electricity,#3186cc,LV electricity distribution main,transmission,100000,1,20,LVEtransmission568,LVEtransmission85,
LVEtransmission568_to_LVEtransmission609_electricity,#3186cc,LV electricity distribution main,transmission,100000,1,20,LVEtransmission609,LVEtransmission568,
LVEtransmission609_to_LVEtransmission1850_electricity,#3186cc,LV electricity distribution main,transmission,100000,1,20,LVEtransmission1850,LVEtransmission609,
LVEtransmission1850_to_LVEtransmission1152_electricity,#3186cc,LV electricity distribution main,transmission,100000,1,20,LVEtransmission1152,LVEtransmission1850,
LVEtransmission1152_to_LVEtransmission507_electricity,#3186cc,LV electricity distribution main,transmission,100000,1,20,LVEtransmission507,LVEtransmission1152,
LVEtransmission507_to_LVEtransmission737_electricity,#3186cc,LV electricity distribution main,transmission,100000,1,20,LVEtransmission737,LVEtransmission507,
LVEtransmission737_to_LVEtransmission1312_electricity,#3186cc,LV electricity distribution main,transmission,100000,1,20,LVEtransmission1312,LVEtransmission737,
LVEtransmission1312_to_LVEtransmission673_electricity,#3186cc,LV electricity distribution main,transmission,100000,1,20,LVEtransmission673,LVEtransmission1312,
LVEtransmission673_to_LVEtransmission766_electricity,#3186cc,LV electricity distribution main,transmission,100000,1,20,LVEtransmission766,LVEtransmission673,
LVEtransmission766_to_LVEtransmission1608_electricity,#3186cc,LV electricity distribution main,transmission,100000,1,20,LVEtransmission1608,LVEtransmission766,
LVEtransmission749_to_LVEtransmission798_electricity,#3186cc,LV electricity distribution main,transmission,100000,1,20,LVEtransmission798,LVEtransmission749,
LVEtransmission798_to_LVEtransmission22_electricity,#3186cc,LV electricity distribution main,transmission,100000,1,20,LVEtransmission22,LVEtransmission798,
LVEtransmission22_to_LVEtransmission1088_electricity,#3186cc,LV electricity distribution main,transmission,100000,1,20,LVEtransmission1088,LVEtransmission22,
LVEtransmission1088_to_LVEtransmission805_electricity,#3186cc,LV electricity distribution main,transmission,100000,1,20,LVEtransmission805,LVEtransmission1088,
LVEtransmission805_to_LVEtransmission123_electricity,#3186cc,LV electricity distribution main,transmission,100000,1,20,LVEtransmission123,LVEtransmission805,
LVEtransmission123_to_LVEtransmission1171_electricity,#3186cc,LV electricity distribution main,transmission,100000,1,20,LVEtransmission1171,LVEtransmission123,
LVEtransmission1171_to_LVEtransmission1094_electricity,#3186cc,LV electricity distribution main,transmission,100000,1,20,LVEtransmission1094,LVEtransmission1171,
LVEtransmission1094_to_LVEtransmission187_electricity,#3186cc,LV electricity distribution main,transmission,100000,1,20,LVEtransmission187,LVEtransmission1094,
LVEtransmission187_to_LVEtransmission535_electricity,#3186cc,LV electricity distribution main,transmission,100000,1,20,LVEtransmission535,LVEtransmission187,
LVEtransmission1855_to_LVEtransmission1367_electricity,#3186cc,LV electricity distribution main,transmission,100000,1,20,LVEtransmission1367,LVEtransmission1855,
LVEtransmission1367_to_LVEtransmission114_electricity,#3186cc,LV electricity distribution main,transmission,100000,1,20,LVEtransmission114,LVEtransmission1367,
LVEtransmission114_to_LVEtransmission456_electricity,#3186cc,LV electricity distribution main,transmission,100000,1,20,LVEtransmission456,LVEtransmission114,
LVEtransmission145_to_LVEtransmission418_electricity,#3186cc,LV electricity distribution main,transmission,100000,1,20,LVEtransmission418,LVEtransmission145,
LVEtransmission418_to_LVEtransmission1291_electricity,#3186cc,LV electricity distribution main,transmission,100000,1,20,LVEtransmission1291,LVEtransmission418,
LVEtransmission1291_to_LVEtransmission408_electricity,#3186cc,LV electricity distribution main,transmission,100000,1,20,LVEtransmission408,LVEtransmission1291,
LVEtransmission408_to_LVEtransmission396_electricity,#3186cc,LV electricity distribution main,transmission,100000,1,20,LVEtransmission396,LVEtransmission408,
LVEtransmission396_to_LVEtransmission1730_electricity,#3186cc,LV electricity distribution main,transmission,100000,1,20,LVEtransmission1730,LVEtransmission396,
LVEtransmission850_to_LVEtransmission1315_electricity,#3186cc,LV electricity distribution main,transmission,100000,1,20,LVEtransmission1315,LVEtransmission850,
LVEtransmission1315_to_LVEtransmission599_electricity,#3186cc,LV electricity distribution main,transmission,100000,1,20,LVEtransmission599,LVEtransmission1315,
LVEtransmission844_to_LVEtransmission1987_electricity,#3186cc,LV electricity distribution main,transmission,100000,1,20,LVEtransmission1987,LVEtransmission844,
LVEtransmission1987_to_LVEtransmission1455_electricity,#3186cc,LV electricity distribution main,transmission,100000,1,20,LVEtransmission1455,LVEtransmission1987,
LVEtransmission1455_to_LVEtransmission600_electricity,#3186cc,LV electricity distribution main,transmission,100000,1,20,LVEtransmission600,LVEtransmission1455,
LVEtransmission600_to_LVEtransmission2012_electricity,#3186cc,LV electricity distribution main,transmission,100000,1,20,LVEtransmission2012,LVEtransmission600,
LVEtransmission2012_to_LVEtransmission1963_electricity,#3186cc,LV electricity distribution main,transmission,100000,1,20,LVEtransmission1963,LVEtransmission2012,
LVEtransmission1963_to_LVEtransmission242_electricity,#3186cc,LV electricity distribution main,transmission,100000,1,20,LVEtransmission242,LVEtransmission1963,
LVEtransmission242_to_LVEtransmission105_electricity,#3186cc,LV electricity distribution main,transmission,100000,1,20,LVEtransmission105,LVEtransmission242,
LVEtransmission105_to_LVEtransmission1887_electricity,#3186cc,LV electricity distribution main,transmission,100000,1,20,LVEtransmission1887,LVEtransmission105,
LVEtransmission1887_to_LVEtransmission1072_electricity,#3186cc,LV electricity distribution main,transmission,100000,1,20,LVEtransmission1072,LVEtransmission1887,
LVEtransmission1072_to_LVEtransmission588_electricity,#3186cc,LV electricity distribution main,transmission,100000,1,20,LVEtransmission588,LVEtransmission1072,
LVEtransmission588_to_LVEtransmission851_electricity,#3186cc,LV electricity distribution main,transmission,100000,1,20,LVEtransmission851,LVEtransmission588,
LVEtransmission851_to_LVEtransmission345_electricity,#3186cc,LV electricity distribution main,transmission,100000,1,20,LVEtransmission345,LVEtransmission851,
LVEtransmission345_to_LVEtransmission955_electricity,#3186cc,LV electricity distribution main,transmission,100000,1,20,LVEtransmission955,LVEtransmission345,
LVEtransmission955_to_LVEtransmission453_electricity,#3186cc,LV electricity distribution main,transmission,100000,1,20,LVEtransmission453,LVEtransmission955,
LVEtransmission453_to_LVEtransmission949_electricity,#3186cc,LV electricity distribution main,transmission,100000,1,20,LVEtransmission949,LVEtransmission453,
LVEtransmission368_to_LVEtransmission963_electricity,#3186cc,LV electricity distribution main,transmission,100000,1,20,LVEtransmission963,LVEtransmission368,
LVEtransmission963_to_LVEtransmission1540_electricity,#3186cc,LV electricity distribution main,transmission,100000,1,20,LVEtransmission1540,LVEtransmission963,
LVEtransmission1540_to_LVEtransmission84_electricity,#3186cc,LV electricity distribution main,transmission,100000,1,20,LVEtransmission84,LVEtransmission1540,
LVEtransmission84_to_LVEtransmission725_electricity,#3186cc,LV electricity distribution main,transmission,100000,1,20,LVEtransmission725,LVEtransmission84,
LVEtransmission725_to_LVEtransmission1119_electricity,#3186cc,LV electricity distribution main,transmission,100000,1,20,LVEtransmission1119,LVEtransmission725,
LVEtransmission1119_to_LVEtransmission150_electricity,#3186cc,LV electricity distribution main,transmission,100000,1,20,LVEtransmission150,LVEtransmission1119,
LVEtransmission150_to_LVEtransmission1222_electricity,#3186cc,LV electricity distribution main,transmission,100000,1,20,LVEtransmission1222,LVEtransmission150,
LVEtransmission1222_to_LVEtransmission1055_electricity,#3186cc,LV electricity distribution main,transmission,100000,1,20,LVEtransmission1055,LVEtransmission1222,
LVEtransmission1055_to_LVEtransmission827_electricity,#3186cc,LV electricity distribution main,transmission,100000,1,20,LVEtransmission827,LVEtransmission1055,
LVEtransmission827_to_LVEtransmission1160_electricity,#3186cc,LV electricity distribution main,transmission,100000,1,20,LVEtransmission1160,LVEtransmission827,
LVEtransmission1160_to_LVEtransmission1765_electricity,#3186cc,LV electricity distribution main,transmission,100000,1,20,LVEtransmission1765,LVEtransmission1160,
LVEtransmission1765_to_LVEtransmission1351_electricity,#3186cc,LV electricity distribution main,transmission,100000,1,20,LVEtransmission1351,LVEtransmission1765,
LVEtransmission1351_to_LVEtransmission1232_electricity,#3186cc,LV electricity distribution main,transmission,100000,1,20,LVEtransmission1232,LVEtransmission1351,
LVEtransmission1232_to_LVEtransmission861_electricity,#3186cc,LV electricity distribution main,transmission,100000,1,20,LVEtransmission861,LVEtransmission1232,
LVEtransmission861_to_LVEtransmission446_electricity,#3186cc,LV electricity distribution main,transmission,100000,1,20,LVEtransmission446,LVEtransmission861,
LVEtransmission446_to_LVEtransmission740_electricity,#3186cc,LV electricity distribution main,transmission,100000,1,20,LVEtransmission740,LVEtransmission446,
LVEtransmission740_to_LVEtransmission534_electricity,#3186cc,LV electricity distribution main,transmission,100000,1,20,LVEtransmission534,LVEtransmission740,
LVEtransmission534_to_LVEtransmission358_electricity,#3186cc,LV electricity distribution main,transmission,100000,1,20,LVEtransmission358,LVEtransmission534,
LVEtransmission358_to_LVEtransmission363_electricity,#3186cc,LV electricity distribution main,transmission,100000,1,20,LVEtransmission363,LVEtransmission358,
LVEtransmission363_to_LVEtransmission1618_electricity,#3186cc,LV electricity distribution main,transmission,100000,1,20,LVEtransmission1618,LVEtransmission363,
LVEtransmission526_to_LVEtransmission1980_electricity,#3186cc,LV electricity distribution main,transmission,100000,1,20,LVEtransmission1980,LVEtransmission526,
LVEtransmission1980_to_LVEtransmission1540_electricity,#3186cc,LV electricity distribution main,transmission,100000,1,20,LVEtransmission1540,LVEtransmission1980,
LVEtransmission1540_to_LVEtransmission725_electricity,#3186cc,LV electricity distribution main,transmission,100000,1,20,LVEtransmission725,LVEtransmission1540,
LVEtransmission725_to_LVEtransmission897_electricity,#3186cc,LV electricity distribution main,transmission,100000,1,20,LVEtransmission897,LVEtransmission725,
LVEtransmission897_to_LVEtransmission474_electricity,#3186cc,LV electricity distribution main,transmission,100000,1,20,LVEtransmission474,LVEtransmission897,
LVEtransmission474_to_LVEtransmission1978_electricity,#3186cc,LV electricity distribution main,transmission,100000,1,20,LVEtransmission1978,LVEtransmission474,
LVEtransmission1978_to_LVEtransmission1037_electricity,#3186cc,LV electricity distribution main,transmission,100000,1,20,LVEtransmission1037,LVEtransmission1978,
LVEtransmission1480_to_LVEtransmission1882_electricity,#3186cc,LV electricity distribution main,transmission,100000,1,20,LVEtransmission1882,LVEtransmission1480,
LVEtransmission1882_to_LVEtransmission879_electricity,#3186cc,LV electricity distribution main,transmission,100000,1,20,LVEtransmission879,LVEtransmission1882,
LVEtransmission879_to_LVEtransmission803_electricity,#3186cc,LV electricity distribution main,transmission,100000,1,20,LVEtransmission803,LVEtransmission879,
LVEtransmission803_to_LVEtransmission944_electricity,#3186cc,LV electricity distribution main,transmission,100000,1,20,LVEtransmission944,LVEtransmission803,
LVEtransmission944_to_LVEtransmission1432_electricity,#3186cc,LV electricity distribution main,transmission,100000,1,20,LVEtransmission1432,LVEtransmission944,
LVEtransmission1432_to_LVEtransmission549_electricity,#3186cc,LV electricity distribution main,transmission,100000,1,20,LVEtransmission549,LVEtransmission1432,
LVEtransmission549_to_LVEtransmission764_electricity,#3186cc,LV electricity distribution main,transmission,100000,1,20,LVEtransmission764,LVEtransmission549,
LVEtransmission764_to_LVEtransmission165_electricity,#3186cc,LV electricity distribution main,transmission,100000,1,20,LVEtransmission165,LVEtransmission764,
LVEtransmission165_to_LVEtransmission1538_electricity,#3186cc,LV electricity distribution main,transmission,100000,1,20,LVEtransmission1538,LVEtransmission165,
LVEtransmission1538_to_LVEtransmission1280_electricity,#3186cc,LV electricity distribution main,transmission,100000,1,20,LVEtransmission1280,LVEtransmission1538,
LVEtransmission1280_to_LVEtransmission1550_electricity,#3186cc,LV electricity distribution main,transmission,100000,1,20,LVEtransmission1550,LVEtransmission1280,
LVEtransmission1550_to_LVEtransmission716_electricity,#3186cc,LV electricity distribution main,transmission,100000,1,20,LVEtransmission716,LVEtransmission1550,
LVEtransmission716_to_LVEtransmission251_electricity,#3186cc,LV electricity distribution main,transmission,100000,1,20,LVEtransmission251,LVEtransmission716,
LVEtransmission251_to_LVEtransmission1862_electricity,#3186cc,LV electricity distribution main,transmission,100000,1,20,LVEtransmission1862,LVEtransmission251,
LVEtransmission1862_to_LVEtransmission1037_electricity,#3186cc,LV electricity distribution main,transmission,100000,1,20,LVEtransmission1037,LVEtransmission1862,
LVEtransmission1480_to_LVEtransmission91_electricity,#3186cc,LV electricity distribution main,transmission,100000,1,20,LVEtransmission91,LVEtransmission1480,
LVEtransmission91_to_LVEtransmission1505_electricity,#3186cc,LV electricity distribution main,transmission,100000,1,20,LVEtransmission1505,LVEtransmission91,
LVEtransmission1505_to_LVEtransmission1168_electricity,#3186cc,LV electricity distribution main,transmission,100000,1,20,LVEtransmission1168,LVEtransmission1505,
LVEtransmission1168_to_LVEtransmission813_electricity,#3186cc,LV electricity distribution main,transmission,100000,1,20,LVEtransmission813,LVEtransmission1168,
LVEtransmission813_to_LVEtransmission1140_electricity,#3186cc,LV electricity distribution main,transmission,100000,1,20,LVEtransmission1140,LVEtransmission813,
LVEtransmission1543_to_LVEtransmission389_electricity,#3186cc,LV electricity distribution main,transmission,100000,1,20,LVEtransmission389,LVEtransmission1543,
LVEtransmission389_to_LVEtransmission479_electricity,#3186cc,LV electricity distribution main,transmission,100000,1,20,LVEtransmission479,LVEtransmission389,
LVEtransmission479_to_LVEtransmission91_electricity,#3186cc,LV electricity distribution main,transmission,100000,1,20,LVEtransmission91,LVEtransmission479,
LVEtransmission1505_to_LVEtransmission1060_electricity,#3186cc,LV electricity distribution main,transmission,100000,1,20,LVEtransmission1060,LVEtransmission1505,
LVEtransmission1060_to_LVEtransmission1906_electricity,#3186cc,LV electricity distribution main,transmission,100000,1,20,LVEtransmission1906,LVEtransmission1060,
LVEtransmission1906_to_LVEtransmission875_electricity,#3186cc,LV electricity distribution main,transmission,100000,1,20,LVEtransmission875,LVEtransmission1906,
LVEtransmission875_to_LVEtransmission46_electricity,#3186cc,LV electricity distribution main,transmission,100000,1,20,LVEtransmission46,LVEtransmission875,
LVEtransmission46_to_LVEtransmission1064_electricity,#3186cc,LV electricity distribution main,transmission,100000,1,20,LVEtransmission1064,LVEtransmission46,
LVEtransmission1064_to_LVEtransmission767_electricity,#3186cc,LV electricity distribution main,transmission,100000,1,20,LVEtransmission767,LVEtransmission1064,
LVEtransmission767_to_LVEtransmission1052_electricity,#3186cc,LV electricity distribution main,transmission,100000,1,20,LVEtransmission1052,LVEtransmission767,
LVEtransmission1052_to_LVEtransmission1891_electricity,#3186cc,LV electricity distribution main,transmission,100000,1,20,LVEtransmission1891,LVEtransmission1052,
LVEtransmission1891_to_LVEtransmission1407_electricity,#3186cc,LV electricity distribution main,transmission,100000,1,20,LVEtransmission1407,LVEtransmission1891,
LVEtransmission929_to_LVEtransmission454_electricity,#3186cc,LV electricity distribution main,transmission,100000,1,20,LVEtransmission454,LVEtransmission929,
LVEtransmission454_to_LVEtransmission571_electricity,#3186cc,LV electricity distribution main,transmission,100000,1,20,LVEtransmission571,LVEtransmission454,
LVEtransmission1017_to_LVEtransmission1494_electricity,#3186cc,LV electricity distribution main,transmission,100000,1,20,LVEtransmission1494,LVEtransmission1017,
LVEtransmission1494_to_LVEtransmission1944_electricity,#3186cc,LV electricity distribution main,transmission,100000,1,20,LVEtransmission1944,LVEtransmission1494,
LVEtransmission1944_to_LVEtransmission595_electricity,#3186cc,LV electricity distribution main,transmission,100000,1,20,LVEtransmission595,LVEtransmission1944,
LVEtransmission595_to_LVEtransmission618_electricity,#3186cc,LV electricity distribution main,transmission,100000,1,20,LVEtransmission618,LVEtransmission595,
LVEtransmission618_to_LVEtransmission914_electricity,#3186cc,LV electricity distribution main,transmission,100000,1,20,LVEtransmission914,LVEtransmission618,
LVEtransmission914_to_LVEtransmission269_electricity,#3186cc,LV electricity distribution main,transmission,100000,1,20,LVEtransmission269,LVEtransmission914,
LVEtransmission269_to_LVEtransmission1814_electricity,#3186cc,LV electricity distribution main,transmission,100000,1,20,LVEtransmission1814,LVEtransmission269,
LVEtransmission1814_to_LVEtransmission1170_electricity,#3186cc,LV electricity distribution main,transmission,100000,1,20,LVEtransmission1170,LVEtransmission1814,
LVEtransmission1170_to_LVEtransmission694_electricity,#3186cc,LV electricity distribution main,transmission,100000,1,20,LVEtransmission694,LVEtransmission1170,
LVEtransmission694_to_LVEtransmission255_electricity,#3186cc,LV electricity distribution main,transmission,100000,1,20,LVEtransmission255,LVEtransmission694,
LVEtransmission255_to_LVEtransmission1804_electricity,#3186cc,LV electricity distribution main,transmission,100000,1,20,LVEtransmission1804,LVEtransmission255,
LVEtransmission1804_to_LVEtransmission86_electricity,#3186cc,LV electricity distribution main,transmission,100000,1,20,LVEtransmission86,LVEtransmission1804,
LVEtransmission86_to_LVEtransmission1627_electricity,#3186cc,LV electricity distribution main,transmission,100000,1,20,LVEtransmission1627,LVEtransmission86,
LVEtransmission1627_to_LVEtransmission1176_electricity,#3186cc,LV electricity distribution main,transmission,100000,1,20,LVEtransmission1176,LVEtransmission1627,
LVEtransmission1176_to_LVEtransmission455_electricity,#3186cc,LV electricity distribution main,transmission,100000,1,20,LVEtransmission455,LVEtransmission1176,
LVEtransmission455_to_LVEtransmission1342_electricity,#3186cc,LV electricity distribution main,transmission,100000,1,20,LVEtransmission1342,LVEtransmission455,
LVEtransmission1342_to_LVEtransmission1960_electricity,#3186cc,LV electricity distribution main,transmission,100000,1,20,LVEtransmission1960,LVEtransmission1342,
LVEtransmission235_to_LVEtransmission1812_electricity,#3186cc,LV electricity distribution main,transmission,100000,1,20,LVEtransmission1812,LVEtransmission235,
LVEtransmission1812_to_LVEtransmission1721_electricity,#3186cc,LV electricity distribution main,transmission,100000,1,20,LVEtransmission1721,LVEtransmission1812,
LVEtransmission1721_to_LVEtransmission170_electricity,#3186cc,LV electricity distribution main,transmission,100000,1,20,LVEtransmission170,LVEtransmission1721,
LVEtransmission170_to_LVEtransmission889_electricity,#3186cc,LV electricity distribution main,transmission,100000,1,20,LVEtransmission889,LVEtransmission170,
LVEtransmission889_to_LVEtransmission271_electricity,#3186cc,LV electricity distribution main,transmission,100000,1,20,LVEtransmission271,LVEtransmission889,
LVEtransmission551_to_LVEtransmission1499_electricity,#3186cc,LV electricity distribution main,transmission,100000,1,20,LVEtransmission1499,LVEtransmission551,
LVEtransmission1499_to_LVEtransmission737_electricity,#3186cc,LV electricity distribution main,transmission,100000,1,20,LVEtransmission737,LVEtransmission1499,
LVEtransmission1312_to_LVEtransmission1149_electricity,#3186cc,LV electricity distribution main,transmission,100000,1,20,LVEtransmission1149,LVEtransmission1312,
LVEtransmission1149_to_LVEtransmission1017_electricity,#3186cc,LV electricity distribution main,transmission,100000,1,20,LVEtransmission1017,LVEtransmission1149,
LVEtransmission634_to_LVEtransmission1180_electricity,#3186cc,LV electricity distribution main,transmission,100000,1,20,LVEtransmission1180,LVEtransmission634,
LVEtransmission1180_to_LVEtransmission1499_electricity,#3186cc,LV electricity distribution main,transmission,100000,1,20,LVEtransmission1499,LVEtransmission1180,
LVEtransmission737_to_LVEtransmission126_electricity,#3186cc,LV electricity distribution main,transmission,100000,1,20,LVEtransmission126,LVEtransmission737,
LVEtransmission126_to_LVEtransmission1017_electricity,#3186cc,LV electricity distribution main,transmission,100000,1,20,LVEtransmission1017,LVEtransmission126,
LVEtransmission1944_to_LVEtransmission155_electricity,#3186cc,LV electricity distribution main,transmission,100000,1,20,LVEtransmission155,LVEtransmission1944,
LVEtransmission155_to_LVEtransmission12_electricity,#3186cc,LV electricity distribution main,transmission,100000,1,20,LVEtransmission12,LVEtransmission155,
LVEtransmission12_to_LVEtransmission1040_electricity,#3186cc,LV electricity distribution main,transmission,100000,1,20,LVEtransmission1040,LVEtransmission12,
LVEtransmission1040_to_LVEtransmission791_electricity,#3186cc,LV electricity distribution main,transmission,100000,1,20,LVEtransmission791,LVEtransmission1040,
LVEtransmission791_to_LVEtransmission316_electricity,#3186cc,LV electricity distribution main,transmission,100000,1,20,LVEtransmission316,LVEtransmission791,
LVEtransmission316_to_LVEtransmission1660_electricity,#3186cc,LV electricity distribution main,transmission,100000,1,20,LVEtransmission1660,LVEtransmission316,
LVEtransmission1660_to_LVEtransmission1636_electricity,#3186cc,LV electricity distribution main,transmission,100000,1,20,LVEtransmission1636,LVEtransmission1660,
LVEtransmission1636_to_LVEtransmission785_electricity,#3186cc,LV electricity distribution main,transmission,100000,1,20,LVEtransmission785,LVEtransmission1636,
LVEtransmission785_to_LVEtransmission1247_electricity,#3186cc,LV electricity distribution main,transmission,100000,1,20,LVEtransmission1247,LVEtransmission785,
LVEtransmission1247_to_LVEtransmission1611_electricity,#3186cc,LV electricity distribution main,transmission,100000,1,20,LVEtransmission1611,LVEtransmission1247,
LVEtransmission1611_to_LVEtransmission702_electricity,#3186cc,LV electricity distribution main,transmission,100000,1,20,LVEtransmission702,LVEtransmission1611,
LVEtransmission702_to_LVEtransmission614_electricity,#3186cc,LV electricity distribution main,transmission,100000,1,20,LVEtransmission614,LVEtransmission702,
LVEtransmission614_to_LVEtransmission557_electricity,#3186cc,LV electricity distribution main,transmission,100000,1,20,LVEtransmission557,LVEtransmission614,
LVEtransmission557_to_LVEtransmission494_electricity,#3186cc,LV electricity distribution main,transmission,100000,1,20,LVEtransmission494,LVEtransmission557,
LVEtransmission494_to_LVEtransmission2020_electricity,#3186cc,LV electricity distribution main,transmission,100000,1,20,LVEtransmission2020,LVEtransmission494,
LVEtransmission2020_to_LVEtransmission1677_electricity,#3186cc,LV electricity distribution main,transmission,100000,1,20,LVEtransmission1677,LVEtransmission2020,
LVEtransmission491_to_LVEtransmission1180_electricity,#3186cc,LV electricity distribution main,transmission,100000,1,20,LVEtransmission1180,LVEtransmission491,
LVEtransmission1180_to_LVEtransmission1633_electricity,#3186cc,LV electricity distribution main,transmission,100000,1,20,LVEtransmission1633,LVEtransmission1180,
LVEtransmission1633_to_LVEtransmission1152_electricity,#3186cc,LV electricity distribution main,transmission,100000,1,20,LVEtransmission1152,LVEtransmission1633,
LVEtransmission507_to_LVEtransmission1017_electricity,#3186cc,LV electricity distribution main,transmission,100000,1,20,LVEtransmission1017,LVEtransmission507,
LVEtransmission1017_to_LVEtransmission127_electricity,#3186cc,LV electricity distribution main,transmission,100000,1,20,LVEtransmission127,LVEtransmission1017,
LVEtransmission217_to_LVEtransmission1693_electricity,#3186cc,LV electricity distribution main,transmission,100000,1,20,LVEtransmission1693,LVEtransmission217,
LVEtransmission1693_to_LVEtransmission1115_electricity,#3186cc,LV electricity distribution main,transmission,100000,1,20,LVEtransmission1115,LVEtransmission1693,
LVEtransmission1115_to_LVEtransmission48_electricity,#3186cc,LV electricity distribution main,transmission,100000,1,20,LVEtransmission48,LVEtransmission1115,
LVEtransmission48_to_LVEtransmission1954_electricity,#3186cc,LV electricity distribution main,transmission,100000,1,20,LVEtransmission1954,LVEtransmission48,
LVEtransmission1954_to_LVEtransmission348_electricity,#3186cc,LV electricity distribution main,transmission,100000,1,20,LVEtransmission348,LVEtransmission1954,
LVEtransmission348_to_LVEtransmission1181_electricity,#3186cc,LV electricity distribution main,transmission,100000,1,20,LVEtransmission1181,LVEtransmission348,
LVEtransmission1181_to_LVEtransmission65_electricity,#3186cc,LV electricity distribution main,transmission,100000,1,20,LVEtransmission65,LVEtransmission1181,
LVEtransmission65_to_LVEtransmission382_electricity,#3186cc,LV electricity distribution main,transmission,100000,1,20,LVEtransmission382,LVEtransmission65,
LVEtransmission382_to_LVEtransmission211_electricity,#3186cc,LV electricity distribution main,transmission,100000,1,20,LVEtransmission211,LVEtransmission382,
LVEtransmission211_to_LVEtransmission962_electricity,#3186cc,LV electricity distribution main,transmission,100000,1,20,LVEtransmission962,LVEtransmission211,
LVEtransmission962_to_LVEtransmission1368_electricity,#3186cc,LV electricity distribution main,transmission,100000,1,20,LVEtransmission1368,LVEtransmission962,
LVEtransmission1368_to_LVEtransmission676_electricity,#3186cc,LV electricity distribution main,transmission,100000,1,20,LVEtransmission676,LVEtransmission1368,
LVEtransmission676_to_LVEtransmission1986_electricity,#3186cc,LV electricity distribution main,transmission,100000,1,20,LVEtransmission1986,LVEtransmission676,
LVEtransmission1986_to_LVEtransmission1068_electricity,#3186cc,LV electricity distribution main,transmission,100000,1,20,LVEtransmission1068,LVEtransmission1986,
LVEtransmission1068_to_LVEtransmission898_electricity,#3186cc,LV electricity distribution main,transmission,100000,1,20,LVEtransmission898,LVEtransmission1068,
LVEtransmission898_to_LVEtransmission1175_electricity,#3186cc,LV electricity distribution main,transmission,100000,1,20,LVEtransmission1175,LVEtransmission898,
LVEtransmission1175_to_LVEtransmission664_electricity,#3186cc,LV electricity distribution main,transmission,100000,1,20,LVEtransmission664,LVEtransmission1175,
LVEtransmission664_to_LVEtransmission546_electricity,#3186cc,LV electricity distribution main,transmission,100000,1,20,LVEtransmission546,LVEtransmission664,
LVEtransmission546_to_LVEtransmission128_electricity,#3186cc,LV electricity distribution main,transmission,100000,1,20,LVEtransmission128,LVEtransmission546,
LVEtransmission128_to_LVEtransmission1074_electricity,#3186cc,LV electricity distribution main,transmission,100000,1,20,LVEtransmission1074,LVEtransmission128,
LVEtransmission1074_to_LVEtransmission744_electricity,#3186cc,LV electricity distribution main,transmission,100000,1,20,LVEtransmission744,LVEtransmission1074,
LVEtransmission744_to_LVEtransmission1126_electricity,#3186cc,LV electricity distribution main,transmission,100000,1,20,LVEtransmission1126,LVEtransmission744,
LVEtransmission1126_to_LVEtransmission1816_electricity,#3186cc,LV electricity distribution main,transmission,100000,1,20,LVEtransmission1816,LVEtransmission1126,
LVEtransmission1816_to_LVEtransmission903_electricity,#3186cc,LV electricity distribution main,transmission,100000,1,20,LVEtransmission903,LVEtransmission1816,
LVEtransmission903_to_LVEtransmission1902_electricity,#3186cc,LV electricity distribution main,transmission,100000,1,20,LVEtransmission1902,LVEtransmission903,
LVEtransmission1902_to_LVEtransmission1514_electricity,#3186cc,LV electricity distribution main,transmission,100000,1,20,LVEtransmission1514,LVEtransmission1902,
LVEtransmission1514_to_LVEtransmission1941_electricity,#3186cc,LV electricity distribution main,transmission,100000,1,20,LVEtransmission1941,LVEtransmission1514,
LVEtransmission127_to_LVEtransmission1785_electricity,#3186cc,LV electricity distribution main,transmission,100000,1,20,LVEtransmission1785,LVEtransmission127,
LVEtransmission1785_to_LVEtransmission1332_electricity,#3186cc,LV electricity distribution main,transmission,100000,1,20,LVEtransmission1332,LVEtransmission1785,
LVEtransmission1332_to_LVEtransmission894_electricity,#3186cc,LV electricity distribution main,transmission,100000,1,20,LVEtransmission894,LVEtransmission1332,
LVEtransmission894_to_LVEtransmission233_electricity,#3186cc,LV electricity distribution main,transmission,100000,1,20,LVEtransmission233,LVEtransmission894,
LVEtransmission233_to_LVEtransmission217_electricity,#3186cc,LV electricity distribution main,transmission,100000,1,20,LVEtransmission217,LVEtransmission233,
LVEtransmission728_to_LVEtransmission931_electricity,#3186cc,LV electricity distribution main,transmission,100000,1,20,LVEtransmission931,LVEtransmission728,
LVEtransmission931_to_LVEtransmission1687_electricity,#3186cc,LV electricity distribution main,transmission,100000,1,20,LVEtransmission1687,LVEtransmission931,
LVEtransmission1687_to_LVEtransmission564_electricity,#3186cc,LV electricity distribution main,transmission,100000,1,20,LVEtransmission564,LVEtransmission1687,
LVEtransmission564_to_LVEtransmission1763_electricity,#3186cc,LV electricity distribution main,transmission,100000,1,20,LVEtransmission1763,LVEtransmission564,
LVEtransmission1763_to_LVEtransmission1117_electricity,#3186cc,LV electricity distribution main,transmission,100000,1,20,LVEtransmission1117,LVEtransmission1763,
LVEtransmission1117_to_LVEtransmission35_electricity,#3186cc,LV electricity distribution main,transmission,100000,1,20,LVEtransmission35,LVEtransmission1117,
LVEtransmission728_to_LVEtransmission731_electricity,#3186cc,LV electricity distribution main,transmission,100000,1,20,LVEtransmission731,LVEtransmission728,
LVEtransmission731_to_LVEtransmission433_electricity,#3186cc,LV electricity distribution main,transmission,100000,1,20,LVEtransmission433,LVEtransmission731,
LVEtransmission433_to_LVEtransmission932_electricity,#3186cc,LV electricity distribution main,transmission,100000,1,20,LVEtransmission932,LVEtransmission433,
LVEtransmission932_to_LVEtransmission1492_electricity,#3186cc,LV electricity distribution main,transmission,100000,1,20,LVEtransmission1492,LVEtransmission932,
LVEtransmission1492_to_LVEtransmission438_electricity,#3186cc,LV electricity distribution main,transmission,100000,1,20,LVEtransmission438,LVEtransmission1492,
LVEtransmission438_to_LVEtransmission1827_electricity,#3186cc,LV electricity distribution main,transmission,100000,1,20,LVEtransmission1827,LVEtransmission438,
LVEtransmission1827_to_LVEtransmission710_electricity,#3186cc,LV electricity distribution main,transmission,100000,1,20,LVEtransmission710,LVEtransmission1827,
LVEtransmission710_to_LVEtransmission1889_electricity,#3186cc,LV electricity distribution main,transmission,100000,1,20,LVEtransmission1889,LVEtransmission710,
LVEtransmission1889_to_LVEtransmission1986_electricity,#3186cc,LV electricity distribution main,transmission,100000,1,20,LVEtransmission1986,LVEtransmission1889,
LVEtransmission1986_to_LVEtransmission1849_electricity,#3186cc,LV electricity distribution main,transmission,100000,1,20,LVEtransmission1849,LVEtransmission1986,
LVEtransmission1849_to_LVEtransmission181_electricity,#3186cc,LV electricity distribution main,transmission,100000,1,20,LVEtransmission181,LVEtransmission1849,
LVEtransmission181_to_LVEtransmission481_electricity,#3186cc,LV electricity distribution main,transmission,100000,1,20,LVEtransmission481,LVEtransmission181,
LVEtransmission481_to_LVEtransmission1250_electricity,#3186cc,LV electricity distribution main,transmission,100000,1,20,LVEtransmission1250,LVEtransmission481,
LVEtransmission1250_to_LVEtransmission128_electricity,#3186cc,LV electricity distribution main,transmission,100000,1,20,LVEtransmission128,LVEtransmission1250,
LVEtransmission1126_to_LVEtransmission804_electricity,#3186cc,LV electricity distribution main,transmission,100000,1,20,LVEtransmission804,LVEtransmission1126,
LVEtransmission804_to_LVEtransmission903_electricity,#3186cc,LV electricity distribution main,transmission,100000,1,20,LVEtransmission903,LVEtransmission804,
LVEtransmission1902_to_LVEtransmission1526_electricity,#3186cc,LV electricity distribution main,transmission,100000,1,20,LVEtransmission1526,LVEtransmission1902,
LVEtransmission1565_to_LVEtransmission1392_electricity,#3186cc,LV electricity distribution main,transmission,100000,1,20,LVEtransmission1392,LVEtransmission1565,
LVEtransmission426_to_LVEtransmission1679_electricity,#3186cc,LV electricity distribution main,transmission,100000,1,20,LVEtransmission1679,LVEtransmission426,
LVEtransmission1679_to_LVEtransmission1210_electricity,#3186cc,LV electricity distribution main,transmission,100000,1,20,LVEtransmission1210,LVEtransmission1679,
LVEtransmission1210_to_LVEtransmission1718_electricity,#3186cc,LV electricity distribution main,transmission,100000,1,20,LVEtransmission1718,LVEtransmission1210,
LVEtransmission1718_to_LVEtransmission832_electricity,#3186cc,LV electricity distribution main,transmission,100000,1,20,LVEtransmission832,LVEtransmission1718,
LVEtransmission832_to_LVEtransmission501_electricity,#3186cc,LV electricity distribution main,transmission,100000,1,20,LVEtransmission501,LVEtransmission832,
LVEtransmission501_to_LVEtransmission1654_electricity,#3186cc,LV electricity distribution main,transmission,100000,1,20,LVEtransmission1654,LVEtransmission501,
LVEtransmission1654_to_LVEtransmission626_electricity,#3186cc,LV electricity distribution main,transmission,100000,1,20,LVEtransmission626,LVEtransmission1654,
LVEtransmission626_to_LVEtransmission1617_electricity,#3186cc,LV electricity distribution main,transmission,100000,1,20,LVEtransmission1617,LVEtransmission626,
LVEtransmission1617_to_LVEtransmission1878_electricity,#3186cc,LV electricity distribution main,transmission,100000,1,20,LVEtransmission1878,LVEtransmission1617,
LVEtransmission1878_to_LVEtransmission510_electricity,#3186cc,LV electricity distribution main,transmission,100000,1,20,LVEtransmission510,LVEtransmission1878,
LVEtransmission1203_to_LVEtransmission1292_electricity,#3186cc,LV electricity distribution main,transmission,100000,1,20,LVEtransmission1292,LVEtransmission1203,
LVEtransmission1292_to_LVEtransmission954_electricity,#3186cc,LV electricity distribution main,transmission,100000,1,20,LVEtransmission954,LVEtransmission1292,
LVEtransmission954_to_LVEtransmission1914_electricity,#3186cc,LV electricity distribution main,transmission,100000,1,20,LVEtransmission1914,LVEtransmission954,
LVEtransmission1203_to_LVEtransmission510_electricity,#3186cc,LV electricity distribution main,transmission,100000,1,20,LVEtransmission510,LVEtransmission1203,
LVEtransmission885_to_LVEtransmission718_electricity,#3186cc,LV electricity distribution main,transmission,100000,1,20,LVEtransmission718,LVEtransmission885,
LVEtransmission718_to_LVEtransmission1606_electricity,#3186cc,LV electricity distribution main,transmission,100000,1,20,LVEtransmission1606,LVEtransmission718,
LVEtransmission1606_to_LVEtransmission687_electricity,#3186cc,LV electricity distribution main,transmission,100000,1,20,LVEtransmission687,LVEtransmission1606,
LVEtransmission689_to_LVEtransmission1583_electricity,#3186cc,LV electricity distribution main,transmission,100000,1,20,LVEtransmission1583,LVEtransmission689,
LVEtransmission1583_to_LVEtransmission1797_electricity,#3186cc,LV electricity distribution main,transmission,100000,1,20,LVEtransmission1797,LVEtransmission1583,
LVEtransmission1797_to_LVEtransmission1466_electricity,#3186cc,LV electricity distribution main,transmission,100000,1,20,LVEtransmission1466,LVEtransmission1797,
LVEtransmission1466_to_LVEtransmission462_electricity,#3186cc,LV electricity distribution main,transmission,100000,1,20,LVEtransmission462,LVEtransmission1466,
LVEtransmission1966_to_LVEtransmission1799_electricity,#3186cc,LV electricity distribution main,transmission,100000,1,20,LVEtransmission1799,LVEtransmission1966,
LVEtransmission1799_to_LVEtransmission508_electricity,#3186cc,LV electricity distribution main,transmission,100000,1,20,LVEtransmission508,LVEtransmission1799,
LVEtransmission508_to_LVEtransmission424_electricity,#3186cc,LV electricity distribution main,transmission,100000,1,20,LVEtransmission424,LVEtransmission508,
LVEtransmission424_to_LVEtransmission284_electricity,#3186cc,LV electricity distribution main,transmission,100000,1,20,LVEtransmission284,LVEtransmission424,
LVEtransmission284_to_LVEtransmission806_electricity,#3186cc,LV electricity distribution main,transmission,100000,1,20,LVEtransmission806,LVEtransmission284,
LVEtransmission806_to_LVEtransmission987_electricity,#3186cc,LV electricity distribution main,transmission,100000,1,20,LVEtransmission987,LVEtransmission806,
LVEtransmission987_to_LVEtransmission310_electricity,#3186cc,LV electricity distribution main,transmission,100000,1,20,LVEtransmission310,LVEtransmission987,
LVEtransmission310_to_LVEtransmission829_electricity,#3186cc,LV electricity distribution main,transmission,100000,1,20,LVEtransmission829,LVEtransmission310,
LVEtransmission1422_to_LVEtransmission396_electricity,#3186cc,LV electricity distribution main,transmission,100000,1,20,LVEtransmission396,LVEtransmission1422,
LVEtransmission396_to_LVEtransmission1713_electricity,#3186cc,LV electricity distribution main,transmission,100000,1,20,LVEtransmission1713,LVEtransmission396,
LVEtransmission1612_to_LVEtransmission1872_electricity,#3186cc,LV electricity distribution main,transmission,100000,1,20,LVEtransmission1872,LVEtransmission1612,
LVEtransmission1872_to_LVEtransmission1105_electricity,#3186cc,LV electricity distribution main,transmission,100000,1,20,LVEtransmission1105,LVEtransmission1872,
LVEtransmission1416_to_LVEtransmission2019_electricity,#3186cc,LV electricity distribution main,transmission,100000,1,20,LVEtransmission2019,LVEtransmission1416,
LVEtransmission2019_to_LVEtransmission1602_electricity,#3186cc,LV electricity distribution main,transmission,100000,1,20,LVEtransmission1602,LVEtransmission2019,
LVEtransmission1602_to_LVEtransmission417_electricity,#3186cc,LV electricity distribution main,transmission,100000,1,20,LVEtransmission417,LVEtransmission1602,
LVEtransmission417_to_LVEtransmission1315_electricity,#3186cc,LV electricity distribution main,transmission,100000,1,20,LVEtransmission1315,LVEtransmission417,
LVEtransmission495_to_LVEtransmission1837_electricity,#3186cc,LV electricity distribution main,transmission,100000,1,20,LVEtransmission1837,LVEtransmission495,
LVEtransmission1837_to_LVEtransmission927_electricity,#3186cc,LV electricity distribution main,transmission,100000,1,20,LVEtransmission927,LVEtransmission1837,
LVEtransmission580_to_LVEtransmission847_electricity,#3186cc,LV electricity distribution main,transmission,100000,1,20,LVEtransmission847,LVEtransmission580,
LVEtransmission847_to_LVEtransmission976_electricity,#3186cc,LV electricity distribution main,transmission,100000,1,20,LVEtransmission976,LVEtransmission847,
LVEtransmission976_to_LVEtransmission1153_electricity,#3186cc,LV electricity distribution main,transmission,100000,1,20,LVEtransmission1153,LVEtransmission976,
LVEtransmission1153_to_LVEtransmission856_electricity,#3186cc,LV electricity distribution main,transmission,100000,1,20,LVEtransmission856,LVEtransmission1153,
LVEtransmission856_to_LVEtransmission342_electricity,#3186cc,LV electricity distribution main,transmission,100000,1,20,LVEtransmission342,LVEtransmission856,
LVEtransmission342_to_LVEtransmission490_electricity,#3186cc,LV electricity distribution main,transmission,100000,1,20,LVEtransmission490,LVEtransmission342,
LVEtransmission490_to_LVEtransmission1299_electricity,#3186cc,LV electricity distribution main,transmission,100000,1,20,LVEtransmission1299,LVEtransmission490,
LVEtransmission1299_to_LVEtransmission1912_electricity,#3186cc,LV electricity distribution main,transmission,100000,1,20,LVEtransmission1912,LVEtransmission1299,
LVEtransmission1912_to_LVEtransmission1621_electricity,#3186cc,LV electricity distribution main,transmission,100000,1,20,LVEtransmission1621,LVEtransmission1912,
LVEtransmission1621_to_LVEtransmission846_electricity,#3186cc,LV electricity distribution main,transmission,100000,1,20,LVEtransmission846,LVEtransmission1621,
LVEtransmission846_to_LVEtransmission1450_electricity,#3186cc,LV electricity distribution main,transmission,100000,1,20,LVEtransmission1450,LVEtransmission846,
LVEtransmission1450_to_LVEtransmission1339_electricity,#3186cc,LV electricity distribution main,transmission,100000,1,20,LVEtransmission1339,LVEtransmission1450,
LVEtransmission1339_to_LVEtransmission358_electricity,#3186cc,LV electricity distribution main,transmission,100000,1,20,LVEtransmission358,LVEtransmission1339,
LVEtransmission363_to_LVEtransmission365_electricity,#3186cc,LV electricity distribution main,transmission,100000,1,20,LVEtransmission365,LVEtransmission363,
LVEtransmission223_to_LVEtransmission1905_electricity,#3186cc,LV electricity distribution main,transmission,100000,1,20,LVEtransmission1905,LVEtransmission223,
LVEtransmission1725_to_LVEtransmission1897_electricity,#3186cc,LV electricity distribution main,transmission,100000,1,20,LVEtransmission1897,LVEtransmission1725,
LVEtransmission1897_to_LVEtransmission98_electricity,#3186cc,LV electricity distribution main,transmission,100000,1,20,LVEtransmission98,LVEtransmission1897,
LVEtransmission98_to_LVEtransmission985_electricity,#3186cc,LV electricity distribution main,transmission,100000,1,20,LVEtransmission985,LVEtransmission98,
LVEtransmission985_to_LVEtransmission953_electricity,#3186cc,LV electricity distribution main,transmission,100000,1,20,LVEtransmission953,LVEtransmission985,
LVEtransmission953_to_LVEtransmission96_electricity,#3186cc,LV electricity distribution main,transmission,100000,1,20,LVEtransmission96,LVEtransmission953,
LVEtransmission96_to_LVEtransmission273_electricity,#3186cc,LV electricity distribution main,transmission,100000,1,20,LVEtransmission273,LVEtransmission96,
LVEtransmission273_to_LVEtransmission234_electricity,#3186cc,LV electricity distribution main,transmission,100000,1,20,LVEtransmission234,LVEtransmission273,
LVEtransmission234_to_LVEtransmission793_electricity,#3186cc,LV electricity distribution main,transmission,100000,1,20,LVEtransmission793,LVEtransmission234,
LVEtransmission793_to_LVEtransmission560_electricity,#3186cc,LV electricity distribution main,transmission,100000,1,20,LVEtransmission560,LVEtransmission793,
LVEtransmission560_to_LVEtransmission364_electricity,#3186cc,LV electricity distribution main,transmission,100000,1,20,LVEtransmission364,LVEtransmission560,
LVEtransmission364_to_LVEtransmission753_electricity,#3186cc,LV electricity distribution main,transmission,100000,1,20,LVEtransmission753,LVEtransmission364,
LVEtransmission753_to_LVEtransmission1369_electricity,#3186cc,LV electricity distribution main,transmission,100000,1,20,LVEtransmission1369,LVEtransmission753,
LVEtransmission1369_to_LVEtransmission2026_electricity,#3186cc,LV electricity distribution main,transmission,100000,1,20,LVEtransmission2026,LVEtransmission1369,
LVEtransmission2026_to_LVEtransmission1737_electricity,#3186cc,LV electricity distribution main,transmission,100000,1,20,LVEtransmission1737,LVEtransmission2026,
LVEtransmission1737_to_LVEtransmission1604_electricity,#3186cc,LV electricity distribution main,transmission,100000,1,20,LVEtransmission1604,LVEtransmission1737,
LVEtransmission1604_to_LVEtransmission440_electricity,#3186cc,LV electricity distribution main,transmission,100000,1,20,LVEtransmission440,LVEtransmission1604,
LVEtransmission440_to_LVEtransmission1625_electricity,#3186cc,LV electricity distribution main,transmission,100000,1,20,LVEtransmission1625,LVEtransmission440,
LVEtransmission1625_to_LVEtransmission528_electricity,#3186cc,LV electricity distribution main,transmission,100000,1,20,LVEtransmission528,LVEtransmission1625,
LVEtransmission528_to_LVEtransmission820_electricity,#3186cc,LV electricity distribution main,transmission,100000,1,20,LVEtransmission820,LVEtransmission528,
LVEtransmission820_to_LVEtransmission446_electricity,#3186cc,LV electricity distribution main,transmission,100000,1,20,LVEtransmission446,LVEtransmission820,
LVEtransmission446_to_LVEtransmission1208_electricity,#3186cc,LV electricity distribution main,transmission,100000,1,20,LVEtransmission1208,LVEtransmission446,
LVEtransmission1208_to_LVEtransmission1772_electricity,#3186cc,LV electricity distribution main,transmission,100000,1,20,LVEtransmission1772,LVEtransmission1208,
LVEtransmission1132_to_LVEtransmission312_electricity,#3186cc,LV electricity distribution main,transmission,100000,1,20,LVEtransmission312,LVEtransmission1132,
LVEtransmission312_to_LVEtransmission1184_electricity,#3186cc,LV electricity distribution main,transmission,100000,1,20,LVEtransmission1184,LVEtransmission312,
LVEtransmission1184_to_LVEtransmission1500_electricity,#3186cc,LV electricity distribution main,transmission,100000,1,20,LVEtransmission1500,LVEtransmission1184,
LVEtransmission1500_to_LVEtransmission622_electricity,#3186cc,LV electricity distribution main,transmission,100000,1,20,LVEtransmission622,LVEtransmission1500,
LVEtransmission622_to_LVEtransmission1336_electricity,#3186cc,LV electricity distribution main,transmission,100000,1,20,LVEtransmission1336,LVEtransmission622,
LVEtransmission1336_to_LVEtransmission860_electricity,#3186cc,LV electricity distribution main,transmission,100000,1,20,LVEtransmission860,LVEtransmission1336,
LVEtransmission860_to_LVEtransmission1451_electricity,#3186cc,LV electricity distribution main,transmission,100000,1,20,LVEtransmission1451,LVEtransmission860,
LVEtransmission1451_to_LVEtransmission1616_electricity,#3186cc,LV electricity distribution main,transmission,100000,1,20,LVEtransmission1616,LVEtransmission1451,
LVEtransmission1616_to_LVEtransmission360_electricity,#3186cc,LV electricity distribution main,transmission,100000,1,20,LVEtransmission360,LVEtransmission1616,
LVEtransmission360_to_LVEtransmission759_electricity,#3186cc,LV electricity distribution main,transmission,100000,1,20,LVEtransmission759,LVEtransmission360,
LVEtransmission759_to_LVEtransmission983_electricity,#3186cc,LV electricity distribution main,transmission,100000,1,20,LVEtransmission983,LVEtransmission759,
LVEtransmission983_to_LVEtransmission1976_electricity,#3186cc,LV electricity distribution main,transmission,100000,1,20,LVEtransmission1976,LVEtransmission983,
LVEtransmission1976_to_LVEtransmission870_electricity,#3186cc,LV electricity distribution main,transmission,100000,1,20,LVEtransmission870,LVEtransmission1976,
LVEtransmission870_to_LVEtransmission1491_electricity,#3186cc,LV electricity distribution main,transmission,100000,1,20,LVEtransmission1491,LVEtransmission870,
LVEtransmission1491_to_LVEtransmission1860_electricity,#3186cc,LV electricity distribution main,transmission,100000,1,20,LVEtransmission1860,LVEtransmission1491,
LVEtransmission1860_to_LVEtransmission399_electricity,#3186cc,LV electricity distribution main,transmission,100000,1,20,LVEtransmission399,LVEtransmission1860,
LVEtransmission454_to_LVEtransmission984_electricity,#3186cc,LV electricity distribution main,transmission,100000,1,20,LVEtransmission984,LVEtransmission454,
LVEtransmission984_to_LVEtransmission522_electricity,#3186cc,LV electricity distribution main,transmission,100000,1,20,LVEtransmission522,LVEtransmission984,
LVEtransmission522_to_LVEtransmission712_electricity,#3186cc,LV electricity distribution main,transmission,100000,1,20,LVEtransmission712,LVEtransmission522,
LVEtransmission712_to_LVEtransmission986_electricity,#3186cc,LV electricity distribution main,transmission,100000,1,20,LVEtransmission986,LVEtransmission712,
LVEtransmission986_to_LVEtransmission1407_electricity,#3186cc,LV electricity distribution main,transmission,100000,1,20,LVEtransmission1407,LVEtransmission986,
LVEtransmission1407_to_LVEtransmission857_electricity,#3186cc,LV electricity distribution main,transmission,100000,1,20,LVEtransmission857,LVEtransmission1407,
LVEtransmission857_to_LVEtransmission1780_electricity,#3186cc,LV electricity distribution main,transmission,100000,1,20,LVEtransmission1780,LVEtransmission857,
LVEtransmission1780_to_LVEtransmission1883_electricity,#3186cc,LV electricity distribution main,transmission,100000,1,20,LVEtransmission1883,LVEtransmission1780,
LVEtransmission1883_to_LVEtransmission387_electricity,#3186cc,LV electricity distribution main,transmission,100000,1,20,LVEtransmission387,LVEtransmission1883,
LVEtransmission387_to_LVEtransmission988_electricity,#3186cc,LV electricity distribution main,transmission,100000,1,20,LVEtransmission988,LVEtransmission387,
LVEtransmission988_to_LVEtransmission1544_electricity,#3186cc,LV electricity distribution main,transmission,100000,1,20,LVEtransmission1544,LVEtransmission988,
LVEtransmission1544_to_LVEtransmission1748_electricity,#3186cc,LV electricity distribution main,transmission,100000,1,20,LVEtransmission1748,LVEtransmission1544,
LVEtransmission1748_to_LVEtransmission1400_electricity,#3186cc,LV electricity distribution main,transmission,100000,1,20,LVEtransmission1400,LVEtransmission1748,
LVEtransmission1400_to_LVEtransmission910_electricity,#3186cc,LV electricity distribution main,transmission,100000,1,20,LVEtransmission910,LVEtransmission1400,
LVEtransmission910_to_LVEtransmission1237_electricity,#3186cc,LV electricity distribution main,transmission,100000,1,20,LVEtransmission1237,LVEtransmission910,
LVEtransmission1237_to_LVEtransmission1864_electricity,#3186cc,LV electricity distribution main,transmission,100000,1,20,LVEtransmission1864,LVEtransmission1237,
LVEtransmission1864_to_LVEtransmission1031_electricity,#3186cc,LV electricity distribution main,transmission,100000,1,20,LVEtransmission1031,LVEtransmission1864,
LVEtransmission1031_to_LVEtransmission1657_electricity,#3186cc,LV electricity distribution main,transmission,100000,1,20,LVEtransmission1657,LVEtransmission1031,
LVEtransmission1657_to_LVEtransmission1655_electricity,#3186cc,LV electricity distribution main,transmission,100000,1,20,LVEtransmission1655,LVEtransmission1657,
LVEtransmission1655_to_LVEtransmission448_electricity,#3186cc,LV electricity distribution main,transmission,100000,1,20,LVEtransmission448,LVEtransmission1655,
LVEtransmission448_to_LVEtransmission516_electricity,#3186cc,LV electricity distribution main,transmission,100000,1,20,LVEtransmission516,LVEtransmission448,
LVEtransmission516_to_LVEtransmission355_electricity,#3186cc,LV electricity distribution main,transmission,100000,1,20,LVEtransmission355,LVEtransmission516,
LVEtransmission355_to_LVEtransmission435_electricity,#3186cc,LV electricity distribution main,transmission,100000,1,20,LVEtransmission435,LVEtransmission355,
LVEtransmission435_to_LVEtransmission259_electricity,#3186cc,LV electricity distribution main,transmission,100000,1,20,LVEtransmission259,LVEtransmission435,
LVEtransmission259_to_LVEtransmission244_electricity,#3186cc,LV electricity distribution main,transmission,100000,1,20,LVEtransmission244,LVEtransmission259,
LVEtransmission244_to_LVEtransmission1977_electricity,#3186cc,LV electricity distribution main,transmission,100000,1,20,LVEtransmission1977,LVEtransmission244,
LVEtransmission1977_to_LVEtransmission2015_electricity,#3186cc,LV electricity distribution main,transmission,100000,1,20,LVEtransmission2015,LVEtransmission1977,
LVEtransmission2015_to_LVEtransmission529_electricity,#3186cc,LV electricity distribution main,transmission,100000,1,20,LVEtransmission529,LVEtransmission2015,
LVEtransmission529_to_LVEtransmission777_electricity,#3186cc,LV electricity distribution main,transmission,100000,1,20,LVEtransmission777,LVEtransmission529,
LVEtransmission777_to_LVEtransmission1656_electricity,#3186cc,LV electricity distribution main,transmission,100000,1,20,LVEtransmission1656,LVEtransmission777,
LVEtransmission1656_to_LVEtransmission1805_electricity,#3186cc,LV electricity distribution main,transmission,100000,1,20,LVEtransmission1805,LVEtransmission1656,
LVEtransmission1805_to_LVEtransmission1594_electricity,#3186cc,LV electricity distribution main,transmission,100000,1,20,LVEtransmission1594,LVEtransmission1805,
LVEtransmission1594_to_LVEtransmission1265_electricity,#3186cc,LV electricity distribution main,transmission,100000,1,20,LVEtransmission1265,LVEtransmission1594,
LVEtransmission1265_to_LVEtransmission860_electricity,#3186cc,LV electricity distribution main,transmission,100000,1,20,LVEtransmission860,LVEtransmission1265,
LVEtransmission1451_to_LVEtransmission360_electricity,#3186cc,LV electricity distribution main,transmission,100000,1,20,LVEtransmission360,LVEtransmission1451,
LVEtransmission360_to_LVEtransmission134_electricity,#3186cc,LV electricity distribution main,transmission,100000,1,20,LVEtransmission134,LVEtransmission360,
LVEtransmission134_to_LVEtransmission1567_electricity,#3186cc,LV electricity distribution main,transmission,100000,1,20,LVEtransmission1567,LVEtransmission134,
LVEtransmission1567_to_LVEtransmission1976_electricity,#3186cc,LV electricity distribution main,transmission,100000,1,20,LVEtransmission1976,LVEtransmission1567,
LVEtransmission870_to_LVEtransmission969_electricity,#3186cc,LV electricity distribution main,transmission,100000,1,20,LVEtransmission969,LVEtransmission870,
LVEtransmission969_to_LVEtransmission290_electricity,#3186cc,LV electricity distribution main,transmission,100000,1,20,LVEtransmission290,LVEtransmission969,
LVEtransmission500_to_LVEtransmission1844_electricity,#3186cc,LV electricity distribution main,transmission,100000,1,20,LVEtransmission1844,LVEtransmission500,
LVEtransmission1844_to_LVEtransmission1620_electricity,#3186cc,LV electricity distribution main,transmission,100000,1,20,LVEtransmission1620,LVEtransmission1844,
LVEtransmission1620_to_LVEtransmission425_electricity,#3186cc,LV electricity distribution main,transmission,100000,1,20,LVEtransmission425,LVEtransmission1620,
LVEtransmission425_to_LVEtransmission952_electricity,#3186cc,LV electricity distribution main,transmission,100000,1,20,LVEtransmission952,LVEtransmission425,
LVEtransmission952_to_LVEtransmission1561_electricity,#3186cc,LV electricity distribution main,transmission,100000,1,20,LVEtransmission1561,LVEtransmission952,
LVEtransmission1561_to_LVEtransmission1888_electricity,#3186cc,LV electricity distribution main,transmission,100000,1,20,LVEtransmission1888,LVEtransmission1561,
LVEtransmission1888_to_LVEtransmission1116_electricity,#3186cc,LV electricity distribution main,transmission,100000,1,20,LVEtransmission1116,LVEtransmission1888,
LVEtransmission1116_to_LVEtransmission1213_electricity,#3186cc,LV electricity distribution main,transmission,100000,1,20,LVEtransmission1213,LVEtransmission1116,
LVEtransmission1213_to_LVEtransmission306_electricity,#3186cc,LV electricity distribution main,transmission,100000,1,20,LVEtransmission306,LVEtransmission1213,
LVEtransmission306_to_LVEtransmission463_electricity,#3186cc,LV electricity distribution main,transmission,100000,1,20,LVEtransmission463,LVEtransmission306,
LVEtransmission463_to_LVEtransmission956_electricity,#3186cc,LV electricity distribution main,transmission,100000,1,20,LVEtransmission956,LVEtransmission463,
LVEtransmission956_to_LVEtransmission1929_electricity,#3186cc,LV electricity distribution main,transmission,100000,1,20,LVEtransmission1929,LVEtransmission956,
LVEtransmission1929_to_LVEtransmission900_electricity,#3186cc,LV electricity distribution main,transmission,100000,1,20,LVEtransmission900,LVEtransmission1929,
LVEtransmission900_to_LVEtransmission765_electricity,#3186cc,LV electricity distribution main,transmission,100000,1,20,LVEtransmission765,LVEtransmission900,
LVEtransmission765_to_LVEtransmission1970_electricity,#3186cc,LV electricity distribution main,transmission,100000,1,20,LVEtransmission1970,LVEtransmission765,
LVEtransmission1970_to_LVEtransmission1204_electricity,#3186cc,LV electricity distribution main,transmission,100000,1,20,LVEtransmission1204,LVEtransmission1970,
LVEtransmission1204_to_LVEtransmission645_electricity,#3186cc,LV electricity distribution main,transmission,100000,1,20,LVEtransmission645,LVEtransmission1204,
LVEtransmission645_to_LVEtransmission1800_electricity,#3186cc,LV electricity distribution main,transmission,100000,1,20,LVEtransmission1800,LVEtransmission645,
LVEtransmission1800_to_LVEtransmission346_electricity,#3186cc,LV electricity distribution main,transmission,100000,1,20,LVEtransmission346,LVEtransmission1800,
LVEtransmission346_to_LVEtransmission918_electricity,#3186cc,LV electricity distribution main,transmission,100000,1,20,LVEtransmission918,LVEtransmission346,
LVEtransmission918_to_LVEtransmission1469_electricity,#3186cc,LV electricity distribution main,transmission,100000,1,20,LVEtransmission1469,LVEtransmission918,
LVEtransmission724_to_LVEtransmission1535_electricity,#3186cc,LV electricity distribution main,transmission,100000,1,20,LVEtransmission1535,LVEtransmission724,
LVEtransmission1535_to_LVEtransmission1297_electricity,#3186cc,LV electricity distribution main,transmission,100000,1,20,LVEtransmission1297,LVEtransmission1535,
LVEtransmission1297_to_LVEtransmission840_electricity,#3186cc,LV electricity distribution main,transmission,100000,1,20,LVEtransmission840,LVEtransmission1297,
LVEtransmission840_to_LVEtransmission564_electricity,#3186cc,LV electricity distribution main,transmission,100000,1,20,LVEtransmission564,LVEtransmission840,
LVEtransmission564_to_LVEtransmission1910_electricity,#3186cc,LV electricity distribution main,transmission,100000,1,20,LVEtransmission1910,LVEtransmission564,
LVEtransmission1910_to_LVEtransmission1952_electricity,#3186cc,LV electricity distribution main,transmission,100000,1,20,LVEtransmission1952,LVEtransmission1910,
LVEtransmission1952_to_LVEtransmission1117_electricity,#3186cc,LV electricity distribution main,transmission,100000,1,20,LVEtransmission1117,LVEtransmission1952,
LVEtransmission1117_to_LVEtransmission1996_electricity,#3186cc,LV electricity distribution main,transmission,100000,1,20,LVEtransmission1996,LVEtransmission1117,
LVEtransmission1469_to_LVEtransmission609_electricity,#3186cc,LV electricity distribution main,transmission,100000,1,20,LVEtransmission609,LVEtransmission1469,
LVEtransmission1850_to_LVEtransmission603_electricity,#3186cc,LV electricity distribution main,transmission,100000,1,20,LVEtransmission603,LVEtransmission1850,
LVEtransmission603_to_LVEtransmission337_electricity,#3186cc,LV electricity distribution main,transmission,100000,1,20,LVEtransmission337,LVEtransmission603,
LVEtransmission337_to_LVEtransmission1149_electricity,#3186cc,LV electricity distribution main,transmission,100000,1,20,LVEtransmission1149,LVEtransmission337,
LVEtransmission1149_to_LVEtransmission1410_electricity,#3186cc,LV electricity distribution main,transmission,100000,1,20,LVEtransmission1410,LVEtransmission1149,
LVEtransmission1410_to_LVEtransmission1456_electricity,#3186cc,LV electricity distribution main,transmission,100000,1,20,LVEtransmission1456,LVEtransmission1410,
LVEtransmission1456_to_LVEtransmission1330_electricity,#3186cc,LV electricity distribution main,transmission,100000,1,20,LVEtransmission1330,LVEtransmission1456,
LVEtransmission724_to_LVEtransmission1688_electricity,#3186cc,LV electricity distribution main,transmission,100000,1,20,LVEtransmission1688,LVEtransmission724,
LVEtransmission1688_to_LVEtransmission500_electricity,#3186cc,LV electricity distribution main,transmission,100000,1,20,LVEtransmission500,LVEtransmission1688,
LVEtransmission51_to_LVEtransmission15_electricity,#3186cc,LV electricity distribution main,transmission,100000,1,20,LVEtransmission15,LVEtransmission51,
LVEtransmission15_to_LVEtransmission821_electricity,#3186cc,LV electricity distribution main,transmission,100000,1,20,LVEtransmission821,LVEtransmission15,
LVEtransmission821_to_LVEtransmission32_electricity,#3186cc,LV electricity distribution main,transmission,100000,1,20,LVEtransmission32,LVEtransmission821,
LVEtransmission32_to_LVEtransmission1352_electricity,#3186cc,LV electricity distribution main,transmission,100000,1,20,LVEtransmission1352,LVEtransmission32,
LVEtransmission1352_to_LVEtransmission539_electricity,#3186cc,LV electricity distribution main,transmission,100000,1,20,LVEtransmission539,LVEtransmission1352,
LVEtransmission539_to_LVEtransmission936_electricity,#3186cc,LV electricity distribution main,transmission,100000,1,20,LVEtransmission936,LVEtransmission539,
LVEtransmission936_to_LVEtransmission523_electricity,#3186cc,LV electricity distribution main,transmission,100000,1,20,LVEtransmission523,LVEtransmission936,
LVEtransmission523_to_LVEtransmission608_electricity,#3186cc,LV electricity distribution main,transmission,100000,1,20,LVEtransmission608,LVEtransmission523,
LVEtransmission608_to_LVEtransmission7_electricity,#3186cc,LV electricity distribution main,transmission,100000,1,20,LVEtransmission7,LVEtransmission608,
LVEtransmission7_to_LVEtransmission826_electricity,#3186cc,LV electricity distribution main,transmission,100000,1,20,LVEtransmission826,LVEtransmission7,
LVEtransmission826_to_LVEtransmission907_electricity,#3186cc,LV electricity distribution main,transmission,100000,1,20,LVEtransmission907,LVEtransmission826,
LVEtransmission907_to_LVEtransmission1400_electricity,#3186cc,LV electricity distribution main,transmission,100000,1,20,LVEtransmission1400,LVEtransmission907,
LVEtransmission988_to_LVEtransmission1891_electricity,#3186cc,LV electricity distribution main,transmission,100000,1,20,LVEtransmission1891,LVEtransmission988,
LVEtransmission1891_to_LVEtransmission1566_electricity,#3186cc,LV electricity distribution main,transmission,100000,1,20,LVEtransmission1566,LVEtransmission1891,
LVEtransmission1566_to_LVEtransmission1052_electricity,#3186cc,LV electricity distribution main,transmission,100000,1,20,LVEtransmission1052,LVEtransmission1566,
LVEtransmission929_to_LVEtransmission522_electricity,#3186cc,LV electricity distribution main,transmission,100000,1,20,LVEtransmission522,LVEtransmission929,
LVEtransmission141_to_LVEtransmission878_electricity,#3186cc,LV electricity distribution main,transmission,100000,1,20,LVEtransmission878,LVEtransmission141,
LVEtransmission878_to_LVEtransmission1831_electricity,#3186cc,LV electricity distribution main,transmission,100000,1,20,LVEtransmission1831,LVEtransmission878,
LVEtransmission1831_to_LVEtransmission1362_electricity,#3186cc,LV electricity distribution main,transmission,100000,1,20,LVEtransmission1362,LVEtransmission1831,
LVEtransmission1362_to_LVEtransmission518_electricity,#3186cc,LV electricity distribution main,transmission,100000,1,20,LVEtransmission518,LVEtransmission1362,
LVEtransmission518_to_LVEtransmission502_electricity,#3186cc,LV electricity distribution main,transmission,100000,1,20,LVEtransmission502,LVEtransmission518,
LVEtransmission502_to_LVEtransmission100_electricity,#3186cc,LV electricity distribution main,transmission,100000,1,20,LVEtransmission100,LVEtransmission502,
LVEtransmission100_to_LVEtransmission111_electricity,#3186cc,LV electricity distribution main,transmission,100000,1,20,LVEtransmission111,LVEtransmission100,
LVEtransmission111_to_LVEtransmission1269_electricity,#3186cc,LV electricity distribution main,transmission,100000,1,20,LVEtransmission1269,LVEtransmission111,
LVEtransmission1269_to_LVEtransmission1555_electricity,#3186cc,LV electricity distribution main,transmission,100000,1,20,LVEtransmission1555,LVEtransmission1269,
LVEtransmission1555_to_LVEtransmission1575_electricity,#3186cc,LV electricity distribution main,transmission,100000,1,20,LVEtransmission1575,LVEtransmission1555,
LVEtransmission1575_to_LVEtransmission1317_electricity,#3186cc,LV electricity distribution main,transmission,100000,1,20,LVEtransmission1317,LVEtransmission1575,
LVEtransmission1317_to_LVEtransmission1575_electricity,#3186cc,LV electricity distribution main,transmission,100000,1,20,LVEtransmission1575,LVEtransmission1317,
LVEtransmission1575_to_LVEtransmission711_electricity,#3186cc,LV electricity distribution main,transmission,100000,1,20,LVEtransmission711,LVEtransmission1575,
LVEtransmission711_to_LVEtransmission482_electricity,#3186cc,LV electricity distribution main,transmission,100000,1,20,LVEtransmission482,LVEtransmission711,
LVEtransmission482_to_LVEtransmission1269_electricity,#3186cc,LV electricity distribution main,transmission,100000,1,20,LVEtransmission1269,LVEtransmission482,
LVEtransmission1269_to_LVEtransmission28_electricity,#3186cc,LV electricity distribution main,transmission,100000,1,20,LVEtransmission28,LVEtransmission1269,
LVEtransmission28_to_LVEtransmission1458_electricity,#3186cc,LV electricity distribution main,transmission,100000,1,20,LVEtransmission1458,LVEtransmission28,
LVEtransmission1458_to_LVEtransmission457_electricity,#3186cc,LV electricity distribution main,transmission,100000,1,20,LVEtransmission457,LVEtransmission1458,
LVEtransmission457_to_LVEtransmission768_electricity,#3186cc,LV electricity distribution main,transmission,100000,1,20,LVEtransmission768,LVEtransmission457,
LVEtransmission768_to_LVEtransmission1173_electricity,#3186cc,LV electricity distribution main,transmission,100000,1,20,LVEtransmission1173,LVEtransmission768,
LVEtransmission1173_to_LVEtransmission1223_electricity,#3186cc,LV electricity distribution main,transmission,100000,1,20,LVEtransmission1223,LVEtransmission1173,
LVEtransmission1223_to_LVEtransmission1157_electricity,#3186cc,LV electricity distribution main,transmission,100000,1,20,LVEtransmission1157,LVEtransmission1223,
LVEtransmission712_to_LVEtransmission1076_electricity,#3186cc,LV electricity distribution main,transmission,100000,1,20,LVEtransmission1076,LVEtransmission712,
LVEtransmission1076_to_LVEtransmission1566_electricity,#3186cc,LV electricity distribution main,transmission,100000,1,20,LVEtransmission1566,LVEtransmission1076,
LVEtransmission1566_to_LVEtransmission946_electricity,#3186cc,LV electricity distribution main,transmission,100000,1,20,LVEtransmission946,LVEtransmission1566,
LVEtransmission946_to_LVEtransmission305_electricity,#3186cc,LV electricity distribution main,transmission,100000,1,20,LVEtransmission305,LVEtransmission946,
LVEtransmission305_to_LVEtransmission1956_electricity,#3186cc,LV electricity distribution main,transmission,100000,1,20,LVEtransmission1956,LVEtransmission305,
LVEtransmission1956_to_LVEtransmission1544_electricity,#3186cc,LV electricity distribution main,transmission,100000,1,20,LVEtransmission1544,LVEtransmission1956,
LVEtransmission1748_to_LVEtransmission1997_electricity,#3186cc,LV electricity distribution main,transmission,100000,1,20,LVEtransmission1997,LVEtransmission1748,
LVEtransmission1997_to_LVEtransmission1049_electricity,#3186cc,LV electricity distribution main,transmission,100000,1,20,LVEtransmission1049,LVEtransmission1997,
LVEtransmission1049_to_LVEtransmission1298_electricity,#3186cc,LV electricity distribution main,transmission,100000,1,20,LVEtransmission1298,LVEtransmission1049,
LVEtransmission1298_to_LVEtransmission23_electricity,#3186cc,LV electricity distribution main,transmission,100000,1,20,LVEtransmission23,LVEtransmission1298,
LVEtransmission23_to_LVEtransmission1065_electricity,#3186cc,LV electricity distribution main,transmission,100000,1,20,LVEtransmission1065,LVEtransmission23,
LVEtransmission1065_to_LVEtransmission1317_electricity,#3186cc,LV electricity distribution main,transmission,100000,1,20,LVEtransmission1317,LVEtransmission1065,
LVEtransmission553_to_LVEtransmission191_electricity,#3186cc,LV electricity distribution main,transmission,100000,1,20,LVEtransmission191,LVEtransmission553,
LVEtransmission191_to_LVEtransmission1253_electricity,#3186cc,LV electricity distribution main,transmission,100000,1,20,LVEtransmission1253,LVEtransmission191,
LVEtransmission1253_to_LVEtransmission489_electricity,#3186cc,LV electricity distribution main,transmission,100000,1,20,LVEtransmission489,LVEtransmission1253,
LVEtransmission489_to_LVEtransmission1066_electricity,#3186cc,LV electricity distribution main,transmission,100000,1,20,LVEtransmission1066,LVEtransmission489,
LVEtransmission1066_to_LVEtransmission1704_electricity,#3186cc,LV electricity distribution main,transmission,100000,1,20,LVEtransmission1704,LVEtransmission1066,
LVEtransmission1704_to_LVEtransmission1719_electricity,#3186cc,LV electricity distribution main,transmission,100000,1,20,LVEtransmission1719,LVEtransmission1704,
LVEtransmission1719_to_LVEtransmission32_electricity,#3186cc,LV electricity distribution main,transmission,100000,1,20,LVEtransmission32,LVEtransmission1719,
LVEtransmission32_to_LVEtransmission1172_electricity,#3186cc,LV electricity distribution main,transmission,100000,1,20,LVEtransmission1172,LVEtransmission32,
LVEtransmission1172_to_LVEtransmission1610_electricity,#3186cc,LV electricity distribution main,transmission,100000,1,20,LVEtransmission1610,LVEtransmission1172,
LVEtransmission1610_to_LVEtransmission50_electricity,#3186cc,LV electricity distribution main,transmission,100000,1,20,LVEtransmission50,LVEtransmission1610,
LVEtransmission50_to_LVEtransmission790_electricity,#3186cc,LV electricity distribution main,transmission,100000,1,20,LVEtransmission790,LVEtransmission50,
LVEtransmission398_to_LVEtransmission663_electricity,#3186cc,LV electricity distribution main,transmission,100000,1,20,LVEtransmission663,LVEtransmission398,
LVEtransmission663_to_LVEtransmission1397_electricity,#3186cc,LV electricity distribution main,transmission,100000,1,20,LVEtransmission1397,LVEtransmission663,
LVEtransmission1397_to_LVEtransmission1722_electricity,#3186cc,LV electricity distribution main,transmission,100000,1,20,LVEtransmission1722,LVEtransmission1397,
LVEtransmission1722_to_LVEtransmission158_electricity,#3186cc,LV electricity distribution main,transmission,100000,1,20,LVEtransmission158,LVEtransmission1722,
LVEtransmission158_to_LVEtransmission1295_electricity,#3186cc,LV electricity distribution main,transmission,100000,1,20,LVEtransmission1295,LVEtransmission158,
LVEtransmission1295_to_LVEtransmission527_electricity,#3186cc,LV electricity distribution main,transmission,100000,1,20,LVEtransmission527,LVEtransmission1295,
LVEtransmission527_to_LVEtransmission638_electricity,#3186cc,LV electricity distribution main,transmission,100000,1,20,LVEtransmission638,LVEtransmission527,
LVEtransmission638_to_LVEtransmission884_electricity,#3186cc,LV electricity distribution main,transmission,100000,1,20,LVEtransmission884,LVEtransmission638,
LVEtransmission884_to_LVEtransmission784_electricity,#3186cc,LV electricity distribution main,transmission,100000,1,20,LVEtransmission784,LVEtransmission884,
LVEtransmission784_to_LVEtransmission1255_electricity,#3186cc,LV electricity distribution main,transmission,100000,1,20,LVEtransmission1255,LVEtransmission784,
LVEtransmission1255_to_LVEtransmission109_electricity,#3186cc,LV electricity distribution main,transmission,100000,1,20,LVEtransmission109,LVEtransmission1255,
LVEtransmission109_to_LVEtransmission841_electricity,#3186cc,LV electricity distribution main,transmission,100000,1,20,LVEtransmission841,LVEtransmission109,
LVEtransmission841_to_LVEtransmission1696_electricity,#3186cc,LV electricity distribution main,transmission,100000,1,20,LVEtransmission1696,LVEtransmission841,
LVEtransmission1696_to_LVEtransmission87_electricity,#3186cc,LV electricity distribution main,transmission,100000,1,20,LVEtransmission87,LVEtransmission1696,
LVEtransmission87_to_LVEtransmission445_electricity,#3186cc,LV electricity distribution main,transmission,100000,1,20,LVEtransmission445,LVEtransmission87,
LVEtransmission445_to_LVEtransmission422_electricity,#3186cc,LV electricity distribution main,transmission,100000,1,20,LVEtransmission422,LVEtransmission445,
LVEtransmission422_to_LVEtransmission1275_electricity,#3186cc,LV electricity distribution main,transmission,100000,1,20,LVEtransmission1275,LVEtransmission422,
LVEtransmission301_to_LVEtransmission494_electricity,#3186cc,LV electricity distribution main,transmission,100000,1,20,LVEtransmission494,LVEtransmission301,
LVEtransmission494_to_LVEtransmission557_electricity,#3186cc,LV electricity distribution main,transmission,100000,1,20,LVEtransmission557,LVEtransmission494,
LVEtransmission557_to_LVEtransmission2020_electricity,#3186cc,LV electricity distribution main,transmission,100000,1,20,LVEtransmission2020,LVEtransmission557,
LVEtransmission301_to_LVEtransmission1038_electricity,#3186cc,LV electricity distribution main,transmission,100000,1,20,LVEtransmission1038,LVEtransmission301,
LVEtransmission1038_to_LVEtransmission286_electricity,#3186cc,LV electricity distribution main,transmission,100000,1,20,LVEtransmission286,LVEtransmission1038,
LVEtransmission286_to_LVEtransmission1353_electricity,#3186cc,LV electricity distribution main,transmission,100000,1,20,LVEtransmission1353,LVEtransmission286,
LVEtransmission1353_to_LVEtransmission888_electricity,#3186cc,LV electricity distribution main,transmission,100000,1,20,LVEtransmission888,LVEtransmission1353,
LVEtransmission888_to_LVEtransmission184_electricity,#3186cc,LV electricity distribution main,transmission,100000,1,20,LVEtransmission184,LVEtransmission888,
LVEtransmission184_to_LVEtransmission649_electricity,#3186cc,LV electricity distribution main,transmission,100000,1,20,LVEtransmission649,LVEtransmission184,
LVEtransmission649_to_LVEtransmission1355_electricity,#3186cc,LV electricity distribution main,transmission,100000,1,20,LVEtransmission1355,LVEtransmission649,
LVEtransmission1355_to_LVEtransmission876_electricity,#3186cc,LV electricity distribution main,transmission,100000,1,20,LVEtransmission876,LVEtransmission1355,
LVEtransmission876_to_LVEtransmission1559_electricity,#3186cc,LV electricity distribution main,transmission,100000,1,20,LVEtransmission1559,LVEtransmission876,
LVEtransmission1559_to_LVEtransmission76_electricity,#3186cc,LV electricity distribution main,transmission,100000,1,20,LVEtransmission76,LVEtransmission1559,
LVEtransmission76_to_LVEtransmission88_electricity,#3186cc,LV electricity distribution main,transmission,100000,1,20,LVEtransmission88,LVEtransmission76,
LVEtransmission88_to_LVEtransmission1918_electricity,#3186cc,LV electricity distribution main,transmission,100000,1,20,LVEtransmission1918,LVEtransmission88,
LVEtransmission1918_to_LVEtransmission374_electricity,#3186cc,LV electricity distribution main,transmission,100000,1,20,LVEtransmission374,LVEtransmission1918,
LVEtransmission374_to_LVEtransmission1209_electricity,#3186cc,LV electricity distribution main,transmission,100000,1,20,LVEtransmission1209,LVEtransmission374,
LVEtransmission1209_to_LVEtransmission698_electricity,#3186cc,LV electricity distribution main,transmission,100000,1,20,LVEtransmission698,LVEtransmission1209,
LVEtransmission698_to_LVEtransmission947_electricity,#3186cc,LV electricity distribution main,transmission,100000,1,20,LVEtransmission947,LVEtransmission698,
LVEtransmission947_to_LVEtransmission1079_electricity,#3186cc,LV electricity distribution main,transmission,100000,1,20,LVEtransmission1079,LVEtransmission947,
LVEtransmission1079_to_LVEtransmission1744_electricity,#3186cc,LV electricity distribution main,transmission,100000,1,20,LVEtransmission1744,LVEtransmission1079,
LVEtransmission1744_to_LVEtransmission623_electricity,#3186cc,LV electricity distribution main,transmission,100000,1,20,LVEtransmission623,LVEtransmission1744,
LVEtransmission623_to_LVEtransmission1841_electricity,#3186cc,LV electricity distribution main,transmission,100000,1,20,LVEtransmission1841,LVEtransmission623,
LVEtransmission1841_to_LVEtransmission1908_electricity,#3186cc,LV electricity distribution main,transmission,100000,1,20,LVEtransmission1908,LVEtransmission1841,
LVEtransmission1908_to_LVEtransmission202_electricity,#3186cc,LV electricity distribution main,transmission,100000,1,20,LVEtransmission202,LVEtransmission1908,
LVEtransmission202_to_LVEtransmission33_electricity,#3186cc,LV electricity distribution main,transmission,100000,1,20,LVEtransmission33,LVEtransmission202,
LVEtransmission33_to_LVEtransmission1578_electricity,#3186cc,LV electricity distribution main,transmission,100000,1,20,LVEtransmission1578,LVEtransmission33,
LVEtransmission1578_to_LVEtransmission1510_electricity,#3186cc,LV electricity distribution main,transmission,100000,1,20,LVEtransmission1510,LVEtransmission1578,
LVEtransmission1510_to_LVEtransmission1886_electricity,#3186cc,LV electricity distribution main,transmission,100000,1,20,LVEtransmission1886,LVEtransmission1510,
LVEtransmission1886_to_LVEtransmission1326_electricity,#3186cc,LV electricity distribution main,transmission,100000,1,20,LVEtransmission1326,LVEtransmission1886,
LVEtransmission1326_to_LVEtransmission166_electricity,#3186cc,LV electricity distribution main,transmission,100000,1,20,LVEtransmission166,LVEtransmission1326,
LVEtransmission166_to_LVEtransmission341_electricity,#3186cc,LV electricity distribution main,transmission,100000,1,20,LVEtransmission341,LVEtransmission166,
LVEtransmission341_to_LVEtransmission597_electricity,#3186cc,LV electricity distribution main,transmission,100000,1,20,LVEtransmission597,LVEtransmission341,
LVEtransmission597_to_LVEtransmission1000_electricity,#3186cc,LV electricity distribution main,transmission,100000,1,20,LVEtransmission1000,LVEtransmission597,
LVEtransmission1000_to_LVEtransmission487_electricity,#3186cc,LV electricity distribution main,transmission,100000,1,20,LVEtransmission487,LVEtransmission1000,
LVEtransmission487_to_LVEtransmission1310_electricity,#3186cc,LV electricity distribution main,transmission,100000,1,20,LVEtransmission1310,LVEtransmission487,
LVEtransmission35_to_LVEtransmission1117_electricity,#3186cc,LV electricity distribution main,transmission,100000,1,20,LVEtransmission1117,LVEtransmission35,
LVEtransmission1117_to_LVEtransmission1910_electricity,#3186cc,LV electricity distribution main,transmission,100000,1,20,LVEtransmission1910,LVEtransmission1117,
LVEtransmission1952_to_LVEtransmission1408_electricity,#3186cc,LV electricity distribution main,transmission,100000,1,20,LVEtransmission1408,LVEtransmission1952,
LVEtransmission1408_to_LVEtransmission801_electricity,#3186cc,LV electricity distribution main,transmission,100000,1,20,LVEtransmission801,LVEtransmission1408,
LVEtransmission801_to_LVEtransmission1666_electricity,#3186cc,LV electricity distribution main,transmission,100000,1,20,LVEtransmission1666,LVEtransmission801,
LVEtransmission1666_to_LVEtransmission911_electricity,#3186cc,LV electricity distribution main,transmission,100000,1,20,LVEtransmission911,LVEtransmission1666,
LVEtransmission911_to_LVEtransmission632_electricity,#3186cc,LV electricity distribution main,transmission,100000,1,20,LVEtransmission632,LVEtransmission911,
LVEtransmission632_to_LVEtransmission183_electricity,#3186cc,LV electricity distribution main,transmission,100000,1,20,LVEtransmission183,LVEtransmission632,
LVEtransmission183_to_LVEtransmission161_electricity,#3186cc,LV electricity distribution main,transmission,100000,1,20,LVEtransmission161,LVEtransmission183,
LVEtransmission161_to_LVEtransmission1875_electricity,#3186cc,LV electricity distribution main,transmission,100000,1,20,LVEtransmission1875,LVEtransmission161,
LVEtransmission1875_to_LVEtransmission468_electricity,#3186cc,LV electricity distribution main,transmission,100000,1,20,LVEtransmission468,LVEtransmission1875,
LVEtransmission468_to_LVEtransmission1062_electricity,#3186cc,LV electricity distribution main,transmission,100000,1,20,LVEtransmission1062,LVEtransmission468,
LVEtransmission1062_to_LVEtransmission1848_electricity,#3186cc,LV electricity distribution main,transmission,100000,1,20,LVEtransmission1848,LVEtransmission1062,
LVEtransmission1848_to_LVEtransmission1707_electricity,#3186cc,LV electricity distribution main,transmission,100000,1,20,LVEtransmission1707,LVEtransmission1848,
LVEtransmission1707_to_LVEtransmission1465_electricity,#3186cc,LV electricity distribution main,transmission,100000,1,20,LVEtransmission1465,LVEtransmission1707,
LVEtransmission1465_to_LVEtransmission1940_electricity,#3186cc,LV electricity distribution main,transmission,100000,1,20,LVEtransmission1940,LVEtransmission1465,
LVEtransmission1940_to_LVEtransmission1069_electricity,#3186cc,LV electricity distribution main,transmission,100000,1,20,LVEtransmission1069,LVEtransmission1940,
LVEtransmission1069_to_LVEtransmission548_electricity,#3186cc,LV electricity distribution main,transmission,100000,1,20,LVEtransmission548,LVEtransmission1069,
LVEtransmission548_to_LVEtransmission1947_electricity,#3186cc,LV electricity distribution main,transmission,100000,1,20,LVEtransmission1947,LVEtransmission548,
LVEtransmission1947_to_LVEtransmission1276_electricity,#3186cc,LV electricity distribution main,transmission,100000,1,20,LVEtransmission1276,LVEtransmission1947,
LVEtransmission1276_to_LVEtransmission772_electricity,#3186cc,LV electricity distribution main,transmission,100000,1,20,LVEtransmission772,LVEtransmission1276,
LVEtransmission772_to_LVEtransmission160_electricity,#3186cc,LV electricity distribution main,transmission,100000,1,20,LVEtransmission160,LVEtransmission772,
LVEtransmission160_to_LVEtransmission915_electricity,#3186cc,LV electricity distribution main,transmission,100000,1,20,LVEtransmission915,LVEtransmission160,
LVEtransmission915_to_LVEtransmission437_electricity,#3186cc,LV electricity distribution main,transmission,100000,1,20,LVEtransmission437,LVEtransmission915,
LVEtransmission437_to_LVEtransmission445_electricity,#3186cc,LV electricity distribution main,transmission,100000,1,20,LVEtransmission445,LVEtransmission437,
LVEtransmission445_to_LVEtransmission87_electricity,#3186cc,LV electricity distribution main,transmission,100000,1,20,LVEtransmission87,LVEtransmission445,
LVEtransmission87_to_LVEtransmission422_electricity,#3186cc,LV electricity distribution main,transmission,100000,1,20,LVEtransmission422,LVEtransmission87,
LVEtransmission1462_to_LVEtransmission717_electricity,#3186cc,LV electricity distribution main,transmission,100000,1,20,LVEtransmission717,LVEtransmission1462,
LVEtransmission717_to_LVEtransmission715_electricity,#3186cc,LV electricity distribution main,transmission,100000,1,20,LVEtransmission715,LVEtransmission717,
LVEtransmission715_to_LVEtransmission1148_electricity,#3186cc,LV electricity distribution main,transmission,100000,1,20,LVEtransmission1148,LVEtransmission715,
LVEtransmission1148_to_LVEtransmission674_electricity,#3186cc,LV electricity distribution main,transmission,100000,1,20,LVEtransmission674,LVEtransmission1148,
LVEtransmission674_to_LVEtransmission1516_electricity,#3186cc,LV electricity distribution main,transmission,100000,1,20,LVEtransmission1516,LVEtransmission674,
LVEtransmission1516_to_LVEtransmission1166_electricity,#3186cc,LV electricity distribution main,transmission,100000,1,20,LVEtransmission1166,LVEtransmission1516,
LVEtransmission1166_to_LVEtransmission1241_electricity,#3186cc,LV electricity distribution main,transmission,100000,1,20,LVEtransmission1241,LVEtransmission1166,
LVEtransmission1241_to_LVEtransmission771_electricity,#3186cc,LV electricity distribution main,transmission,100000,1,20,LVEtransmission771,LVEtransmission1241,
LVEtransmission771_to_LVEtransmission1607_electricity,#3186cc,LV electricity distribution main,transmission,100000,1,20,LVEtransmission1607,LVEtransmission771,
LVEtransmission1607_to_LVEtransmission1465_electricity,#3186cc,LV electricity distribution main,transmission,100000,1,20,LVEtransmission1465,LVEtransmission1607,
LVEtransmission1465_to_LVEtransmission569_electricity,#3186cc,LV electricity distribution main,transmission,100000,1,20,LVEtransmission569,LVEtransmission1465,
LVEtransmission569_to_LVEtransmission1848_electricity,#3186cc,LV electricity distribution main,transmission,100000,1,20,LVEtransmission1848,LVEtransmission569,
LVEtransmission1819_to_LVEtransmission2007_electricity,#3186cc,LV electricity distribution main,transmission,100000,1,20,LVEtransmission2007,LVEtransmission1819,
LVEtransmission2007_to_LVEtransmission922_electricity,#3186cc,LV electricity distribution main,transmission,100000,1,20,LVEtransmission922,LVEtransmission2007,
LVEtransmission922_to_LVEtransmission948_electricity,#3186cc,LV electricity distribution main,transmission,100000,1,20,LVEtransmission948,LVEtransmission922,
LVEtransmission948_to_LVEtransmission200_electricity,#3186cc,LV electricity distribution main,transmission,100000,1,20,LVEtransmission200,LVEtransmission948,
LVEtransmission200_to_LVEtransmission413_electricity,#3186cc,LV electricity distribution main,transmission,100000,1,20,LVEtransmission413,LVEtransmission200,
LVEtransmission413_to_LVEtransmission1667_electricity,#3186cc,LV electricity distribution main,transmission,100000,1,20,LVEtransmission1667,LVEtransmission413,
LVEtransmission1667_to_LVEtransmission825_electricity,#3186cc,LV electricity distribution main,transmission,100000,1,20,LVEtransmission825,LVEtransmission1667,
LVEtransmission825_to_LVEtransmission1764_electricity,#3186cc,LV electricity distribution main,transmission,100000,1,20,LVEtransmission1764,LVEtransmission825,
LVEtransmission1764_to_LVEtransmission1228_electricity,#3186cc,LV electricity distribution main,transmission,100000,1,20,LVEtransmission1228,LVEtransmission1764,
LVEtransmission1228_to_LVEtransmission1512_electricity,#3186cc,LV electricity distribution main,transmission,100000,1,20,LVEtransmission1512,LVEtransmission1228,
LVEtransmission1512_to_LVEtransmission1624_electricity,#3186cc,LV electricity distribution main,transmission,100000,1,20,LVEtransmission1624,LVEtransmission1512,
LVEtransmission1624_to_LVEtransmission1033_electricity,#3186cc,LV electricity distribution main,transmission,100000,1,20,LVEtransmission1033,LVEtransmission1624,
LVEtransmission1033_to_LVEtransmission1256_electricity,#3186cc,LV electricity distribution main,transmission,100000,1,20,LVEtransmission1256,LVEtransmission1033,
LVEtransmission1256_to_LVEtransmission210_electricity,#3186cc,LV electricity distribution main,transmission,100000,1,20,LVEtransmission210,LVEtransmission1256,
LVEtransmission210_to_LVEtransmission1327_electricity,#3186cc,LV electricity distribution main,transmission,100000,1,20,LVEtransmission1327,LVEtransmission210,
LVEtransmission1327_to_LVEtransmission265_electricity,#3186cc,LV electricity distribution main,transmission,100000,1,20,LVEtransmission265,LVEtransmission1327,
LVEtransmission1819_to_LVEtransmission1406_electricity,#3186cc,LV electricity distribution main,transmission,100000,1,20,LVEtransmission1406,LVEtransmission1819,
LVEtransmission1406_to_LVEtransmission1035_electricity,#3186cc,LV electricity distribution main,transmission,100000,1,20,LVEtransmission1035,LVEtransmission1406,
LVEtransmission1035_to_LVEtransmission469_electricity,#3186cc,LV electricity distribution main,transmission,100000,1,20,LVEtransmission469,LVEtransmission1035,
LVEtransmission9_to_LVEtransmission1022_electricity,#3186cc,LV electricity distribution main,transmission,100000,1,20,LVEtransmission1022,LVEtransmission9,
LVEtransmission1022_to_LVEtransmission1123_electricity,#3186cc,LV electricity distribution main,transmission,100000,1,20,LVEtransmission1123,LVEtransmission1022,
LVEtransmission1123_to_LVEtransmission1965_electricity,#3186cc,LV electricity distribution main,transmission,100000,1,20,LVEtransmission1965,LVEtransmission1123,
LVEtransmission1965_to_LVEtransmission1644_electricity,#3186cc,LV electricity distribution main,transmission,100000,1,20,LVEtransmission1644,LVEtransmission1965,
LVEtransmission1644_to_LVEtransmission1428_electricity,#3186cc,LV electricity distribution main,transmission,100000,1,20,LVEtransmission1428,LVEtransmission1644,
LVEtransmission1428_to_LVEtransmission565_electricity,#3186cc,LV electricity distribution main,transmission,100000,1,20,LVEtransmission565,LVEtransmission1428,
LVEtransmission565_to_LVEtransmission531_electricity,#3186cc,LV electricity distribution main,transmission,100000,1,20,LVEtransmission531,LVEtransmission565,
LVEtransmission531_to_LVEtransmission536_electricity,#3186cc,LV electricity distribution main,transmission,100000,1,20,LVEtransmission536,LVEtransmission531,
LVEtransmission536_to_LVEtransmission1691_electricity,#3186cc,LV electricity distribution main,transmission,100000,1,20,LVEtransmission1691,LVEtransmission536,
LVEtransmission1691_to_LVEtransmission57_electricity,#3186cc,LV electricity distribution main,transmission,100000,1,20,LVEtransmission57,LVEtransmission1691,
LVEtransmission57_to_LVEtransmission1648_electricity,#3186cc,LV electricity distribution main,transmission,100000,1,20,LVEtransmission1648,LVEtransmission57,
LVEtransmission1648_to_LVEtransmission763_electricity,#3186cc,LV electricity distribution main,transmission,100000,1,20,LVEtransmission763,LVEtransmission1648,
LVEtransmission763_to_LVEtransmission70_electricity,#3186cc,LV electricity distribution main,transmission,100000,1,20,LVEtransmission70,LVEtransmission763,
LVEtransmission70_to_LVEtransmission1188_electricity,#3186cc,LV electricity distribution main,transmission,100000,1,20,LVEtransmission1188,LVEtransmission70,
LVEtransmission1188_to_LVEtransmission42_electricity,#3186cc,LV electricity distribution main,transmission,100000,1,20,LVEtransmission42,LVEtransmission1188,
LVEtransmission42_to_LVEtransmission917_electricity,#3186cc,LV electricity distribution main,transmission,100000,1,20,LVEtransmission917,LVEtransmission42,
LVEtransmission917_to_LVEtransmission1738_electricity,#3186cc,LV electricity distribution main,transmission,100000,1,20,LVEtransmission1738,LVEtransmission917,
LVEtransmission1738_to_LVEtransmission1757_electricity,#3186cc,LV electricity distribution main,transmission,100000,1,20,LVEtransmission1757,LVEtransmission1738,
LVEtransmission1757_to_LVEtransmission593_electricity,#3186cc,LV electricity distribution main,transmission,100000,1,20,LVEtransmission593,LVEtransmission1757,
LVEtransmission593_to_LVEtransmission830_electricity,#3186cc,LV electricity distribution main,transmission,100000,1,20,LVEtransmission830,LVEtransmission593,
LVEtransmission830_to_LVEtransmission1099_electricity,#3186cc,LV electricity distribution main,transmission,100000,1,20,LVEtransmission1099,LVEtransmission830,
LVEtransmission1110_to_LVEtransmission1854_electricity,#3186cc,LV electricity distribution main,transmission,100000,1,20,LVEtransmission1854,LVEtransmission1110,
LVEtransmission1854_to_LVEtransmission1123_electricity,#3186cc,LV electricity distribution main,transmission,100000,1,20,LVEtransmission1123,LVEtransmission1854,
LVEtransmission1644_to_LVEtransmission598_electricity,#3186cc,LV electricity distribution main,transmission,100000,1,20,LVEtransmission598,LVEtransmission1644,
LVEtransmission598_to_LVEtransmission1791_electricity,#3186cc,LV electricity distribution main,transmission,100000,1,20,LVEtransmission1791,LVEtransmission598,
LVEtransmission1791_to_LVEtransmission1652_electricity,#3186cc,LV electricity distribution main,transmission,100000,1,20,LVEtransmission1652,LVEtransmission1791,
LVEtransmission1652_to_LVEtransmission554_electricity,#3186cc,LV electricity distribution main,transmission,100000,1,20,LVEtransmission554,LVEtransmission1652,
LVEtransmission554_to_LVEtransmission754_electricity,#3186cc,LV electricity distribution main,transmission,100000,1,20,LVEtransmission754,LVEtransmission554,
LVEtransmission754_to_LVEtransmission57_electricity,#3186cc,LV electricity distribution main,transmission,100000,1,20,LVEtransmission57,LVEtransmission754,
LVEtransmission57_to_LVEtransmission1691_electricity,#3186cc,LV electricity distribution main,transmission,100000,1,20,LVEtransmission1691,LVEtransmission57,
LVEtransmission1691_to_LVEtransmission1344_electricity,#3186cc,LV electricity distribution main,transmission,100000,1,20,LVEtransmission1344,LVEtransmission1691,
LVEtransmission1344_to_LVEtransmission1131_electricity,#3186cc,LV electricity distribution main,transmission,100000,1,20,LVEtransmission1131,LVEtransmission1344,
LVEtransmission1131_to_LVEtransmission1920_electricity,#3186cc,LV electricity distribution main,transmission,100000,1,20,LVEtransmission1920,LVEtransmission1131,
LVEtransmission1920_to_LVEtransmission1357_electricity,#3186cc,LV electricity distribution main,transmission,100000,1,20,LVEtransmission1357,LVEtransmission1920,
LVEtransmission1357_to_LVEtransmission1619_electricity,#3186cc,LV electricity distribution main,transmission,100000,1,20,LVEtransmission1619,LVEtransmission1357,
LVEtransmission1619_to_LVEtransmission1129_electricity,#3186cc,LV electricity distribution main,transmission,100000,1,20,LVEtransmission1129,LVEtransmission1619,
LVEtransmission1129_to_LVEtransmission721_electricity,#3186cc,LV electricity distribution main,transmission,100000,1,20,LVEtransmission721,LVEtransmission1129,
LVEtransmission721_to_LVEtransmission1824_electricity,#3186cc,LV electricity distribution main,transmission,100000,1,20,LVEtransmission1824,LVEtransmission721,
LVEtransmission1824_to_LVEtransmission719_electricity,#3186cc,LV electricity distribution main,transmission,100000,1,20,LVEtransmission719,LVEtransmission1824,
LVEtransmission719_to_LVEtransmission1771_electricity,#3186cc,LV electricity distribution main,transmission,100000,1,20,LVEtransmission1771,LVEtransmission719,
LVEtransmission1771_to_LVEtransmission789_electricity,#3186cc,LV electricity distribution main,transmission,100000,1,20,LVEtransmission789,LVEtransmission1771,
LVEtransmission789_to_LVEtransmission904_electricity,#3186cc,LV electricity distribution main,transmission,100000,1,20,LVEtransmission904,LVEtransmission789,
LVEtransmission904_to_LVEtransmission652_electricity,#3186cc,LV electricity distribution main,transmission,100000,1,20,LVEtransmission652,LVEtransmission904,
LVEtransmission652_to_LVEtransmission786_electricity,#3186cc,LV electricity distribution main,transmission,100000,1,20,LVEtransmission786,LVEtransmission652,
LVEtransmission786_to_LVEtransmission486_electricity,#3186cc,LV electricity distribution main,transmission,100000,1,20,LVEtransmission486,LVEtransmission786,
LVEtransmission486_to_LVEtransmission216_electricity,#3186cc,LV electricity distribution main,transmission,100000,1,20,LVEtransmission216,LVEtransmission486,
LVEtransmission216_to_LVEtransmission990_electricity,#3186cc,LV electricity distribution main,transmission,100000,1,20,LVEtransmission990,LVEtransmission216,
LVEtransmission990_to_LVEtransmission1390_electricity,#3186cc,LV electricity distribution main,transmission,100000,1,20,LVEtransmission1390,LVEtransmission990,
LVEtransmission1390_to_LVEtransmission199_electricity,#3186cc,LV electricity distribution main,transmission,100000,1,20,LVEtransmission199,LVEtransmission1390,
LVEtransmission199_to_LVEtransmission69_electricity,#3186cc,LV electricity distribution main,transmission,100000,1,20,LVEtransmission69,LVEtransmission199,
LVEtransmission612_to_LVEtransmission1345_electricity,#3186cc,LV electricity distribution main,transmission,100000,1,20,LVEtransmission1345,LVEtransmission612,
LVEtransmission612_to_LVEtransmission1767_electricity,#3186cc,LV electricity distribution main,transmission,100000,1,20,LVEtransmission1767,LVEtransmission612,
LVEtransmission1767_to_LVEtransmission852_electricity,#3186cc,LV electricity distribution main,transmission,100000,1,20,LVEtransmission852,LVEtransmission1767,
LVEtransmission852_to_LVEtransmission869_electricity,#3186cc,LV electricity distribution main,transmission,100000,1,20,LVEtransmission869,LVEtransmission852,
LVEtransmission869_to_LVEtransmission338_electricity,#3186cc,LV electricity distribution main,transmission,100000,1,20,LVEtransmission338,LVEtransmission869,
LVEtransmission338_to_LVEtransmission1399_electricity,#3186cc,LV electricity distribution main,transmission,100000,1,20,LVEtransmission1399,LVEtransmission338,
LVEtransmission1399_to_LVEtransmission1215_electricity,#3186cc,LV electricity distribution main,transmission,100000,1,20,LVEtransmission1215,LVEtransmission1399,
LVEtransmission1215_to_LVEtransmission923_electricity,#3186cc,LV electricity distribution main,transmission,100000,1,20,LVEtransmission923,LVEtransmission1215,
LVEtransmission923_to_LVEtransmission367_electricity,#3186cc,LV electricity distribution main,transmission,100000,1,20,LVEtransmission367,LVEtransmission923,
LVEtransmission1128_to_LVEtransmission842_electricity,#3186cc,LV electricity distribution main,transmission,100000,1,20,LVEtransmission842,LVEtransmission1128,
LVEtransmission842_to_LVEtransmission1506_electricity,#3186cc,LV electricity distribution main,transmission,100000,1,20,LVEtransmission1506,LVEtransmission842,
LVEtransmission1506_to_LVEtransmission1972_electricity,#3186cc,LV electricity distribution main,transmission,100000,1,20,LVEtransmission1972,LVEtransmission1506,
LVEtransmission1972_to_LVEtransmission256_electricity,#3186cc,LV electricity distribution main,transmission,100000,1,20,LVEtransmission256,LVEtransmission1972,
LVEtransmission256_to_LVEtransmission682_electricity,#3186cc,LV electricity distribution main,transmission,100000,1,20,LVEtransmission682,LVEtransmission256,
LVEtransmission682_to_LVEtransmission1672_electricity,#3186cc,LV electricity distribution main,transmission,100000,1,20,LVEtransmission1672,LVEtransmission682,
LVEtransmission1672_to_LVEtransmission1746_electricity,#3186cc,LV electricity distribution main,transmission,100000,1,20,LVEtransmission1746,LVEtransmission1672,
LVEtransmission1746_to_LVEtransmission672_electricity,#3186cc,LV electricity distribution main,transmission,100000,1,20,LVEtransmission672,LVEtransmission1746,
LVEtransmission672_to_LVEtransmission559_electricity,#3186cc,LV electricity distribution main,transmission,100000,1,20,LVEtransmission559,LVEtransmission672,
LVEtransmission559_to_LVEtransmission770_electricity,#3186cc,LV electricity distribution main,transmission,100000,1,20,LVEtransmission770,LVEtransmission559,
LVEtransmission770_to_LVEtransmission532_electricity,#3186cc,LV electricity distribution main,transmission,100000,1,20,LVEtransmission532,LVEtransmission770,
LVEtransmission532_to_LVEtransmission379_electricity,#3186cc,LV electricity distribution main,transmission,100000,1,20,LVEtransmission379,LVEtransmission532,
LVEtransmission379_to_LVEtransmission1942_electricity,#3186cc,LV electricity distribution main,transmission,100000,1,20,LVEtransmission1942,LVEtransmission379,
LVEtransmission1942_to_LVEtransmission1345_electricity,#3186cc,LV electricity distribution main,transmission,100000,1,20,LVEtransmission1345,LVEtransmission1942,
LVEtransmission1372_to_LVEtransmission1259_electricity,#3186cc,LV electricity distribution main,transmission,100000,1,20,LVEtransmission1259,LVEtransmission1372,
LVEtransmission1259_to_LVEtransmission1530_electricity,#3186cc,LV electricity distribution main,transmission,100000,1,20,LVEtransmission1530,LVEtransmission1259,
LVEtransmission1530_to_LVEtransmission1661_electricity,#3186cc,LV electricity distribution main,transmission,100000,1,20,LVEtransmission1661,LVEtransmission1530,
LVEtransmission1661_to_LVEtransmission179_electricity,#3186cc,LV electricity distribution main,transmission,100000,1,20,LVEtransmission179,LVEtransmission1661,
LVEtransmission179_to_LVEtransmission71_electricity,#3186cc,LV electricity distribution main,transmission,100000,1,20,LVEtransmission71,LVEtransmission179,
LVEtransmission71_to_LVEtransmission1900_electricity,#3186cc,LV electricity distribution main,transmission,100000,1,20,LVEtransmission1900,LVEtransmission71,
LVEtransmission1900_to_LVEtransmission1702_electricity,#3186cc,LV electricity distribution main,transmission,100000,1,20,LVEtransmission1702,LVEtransmission1900,
LVEtransmission1702_to_LVEtransmission1121_electricity,#3186cc,LV electricity distribution main,transmission,100000,1,20,LVEtransmission1121,LVEtransmission1702,
LVEtransmission1121_to_LVEtransmission1681_electricity,#3186cc,LV electricity distribution main,transmission,100000,1,20,LVEtransmission1681,LVEtransmission1121,
LVEtransmission1681_to_LVEtransmission64_electricity,#3186cc,LV electricity distribution main,transmission,100000,1,20,LVEtransmission64,LVEtransmission1681,
LVEtransmission64_to_LVEtransmission530_electricity,#3186cc,LV electricity distribution main,transmission,100000,1,20,LVEtransmission530,LVEtransmission64,
LVEtransmission314_to_LVEtransmission1960_electricity,#3186cc,LV electricity distribution main,transmission,100000,1,20,LVEtransmission1960,LVEtransmission314,
LVEtransmission1960_to_LVEtransmission18_electricity,#3186cc,LV electricity distribution main,transmission,100000,1,20,LVEtransmission18,LVEtransmission1960,
LVEtransmission18_to_LVEtransmission1812_electricity,#3186cc,LV electricity distribution main,transmission,100000,1,20,LVEtransmission1812,LVEtransmission18,
LVEtransmission1812_to_LVEtransmission889_electricity,#3186cc,LV electricity distribution main,transmission,100000,1,20,LVEtransmission889,LVEtransmission1812,
LVEtransmission889_to_LVEtransmission640_electricity,#3186cc,LV electricity distribution main,transmission,100000,1,20,LVEtransmission640,LVEtransmission889,
LVEtransmission640_to_LVEtransmission624_electricity,#3186cc,LV electricity distribution main,transmission,100000,1,20,LVEtransmission624,LVEtransmission640,
LVEtransmission858_to_LVEtransmission1514_electricity,#3186cc,LV electricity distribution main,transmission,100000,1,20,LVEtransmission1514,LVEtransmission858,
LVEtransmission1514_to_LVEtransmission1902_electricity,#3186cc,LV electricity distribution main,transmission,100000,1,20,LVEtransmission1902,LVEtransmission1514,
LVEtransmission1902_to_LVEtransmission391_electricity,#3186cc,LV electricity distribution main,transmission,100000,1,20,LVEtransmission391,LVEtransmission1902,
LVEtransmission391_to_LVEtransmission804_electricity,#3186cc,LV electricity distribution main,transmission,100000,1,20,LVEtransmission804,LVEtransmission391,
LVEtransmission804_to_LVEtransmission744_electricity,#3186cc,LV electricity distribution main,transmission,100000,1,20,LVEtransmission744,LVEtransmission804,
LVEtransmission744_to_LVEtransmission1074_electricity,#3186cc,LV electricity distribution main,transmission,100000,1,20,LVEtransmission1074,LVEtransmission744,
LVEtransmission1074_to_LVEtransmission1498_electricity,#3186cc,LV electricity distribution main,transmission,100000,1,20,LVEtransmission1498,LVEtransmission1074,
LVEtransmission1498_to_LVEtransmission151_electricity,#3186cc,LV electricity distribution main,transmission,100000,1,20,LVEtransmission151,LVEtransmission1498,
LVEtransmission151_to_LVEtransmission1849_electricity,#3186cc,LV electricity distribution main,transmission,100000,1,20,LVEtransmission1849,LVEtransmission151,
LVEtransmission1849_to_LVEtransmission1592_electricity,#3186cc,LV electricity distribution main,transmission,100000,1,20,LVEtransmission1592,LVEtransmission1849,
LVEtransmission1592_to_LVEtransmission1471_electricity,#3186cc,LV electricity distribution main,transmission,100000,1,20,LVEtransmission1471,LVEtransmission1592,
LVEtransmission1471_to_LVEtransmission1548_electricity,#3186cc,LV electricity distribution main,transmission,100000,1,20,LVEtransmission1548,LVEtransmission1471,
LVEtransmission1548_to_LVEtransmission1631_electricity,#3186cc,LV electricity distribution main,transmission,100000,1,20,LVEtransmission1631,LVEtransmission1548,
LVEtransmission1631_to_LVEtransmission862_electricity,#3186cc,LV electricity distribution main,transmission,100000,1,20,LVEtransmission862,LVEtransmission1631,
LVEtransmission862_to_LVEtransmission1448_electricity,#3186cc,LV electricity distribution main,transmission,100000,1,20,LVEtransmission1448,LVEtransmission862,
LVEtransmission1448_to_LVEtransmission1958_electricity,#3186cc,LV electricity distribution main,transmission,100000,1,20,LVEtransmission1958,LVEtransmission1448,
LVEtransmission1958_to_LVEtransmission1077_electricity,#3186cc,LV electricity distribution main,transmission,100000,1,20,LVEtransmission1077,LVEtransmission1958,
LVEtransmission1077_to_LVEtransmission1957_electricity,#3186cc,LV electricity distribution main,transmission,100000,1,20,LVEtransmission1957,LVEtransmission1077,
LVEtransmission1957_to_LVEtransmission1678_electricity,#3186cc,LV electricity distribution main,transmission,100000,1,20,LVEtransmission1678,LVEtransmission1957,
LVEtransmission688_to_LVEtransmission1042_electricity,#3186cc,LV electricity distribution main,transmission,100000,1,20,LVEtransmission1042,LVEtransmission688,
LVEtransmission1042_to_LVEtransmission136_electricity,#3186cc,LV electricity distribution main,transmission,100000,1,20,LVEtransmission136,LVEtransmission1042,
LVEtransmission136_to_LVEtransmission492_electricity,#3186cc,LV electricity distribution main,transmission,100000,1,20,LVEtransmission492,LVEtransmission136,
LVEtransmission492_to_LVEtransmission1678_electricity,#3186cc,LV electricity distribution main,transmission,100000,1,20,LVEtransmission1678,LVEtransmission492,
LVEtransmission466_to_LVEtransmission2020_electricity,#3186cc,LV electricity distribution main,transmission,100000,1,20,LVEtransmission2020,LVEtransmission466,
LVEtransmission2020_to_LVEtransmission494_electricity,#3186cc,LV electricity distribution main,transmission,100000,1,20,LVEtransmission494,LVEtransmission2020,
LVEtransmission494_to_LVEtransmission286_electricity,#3186cc,LV electricity distribution main,transmission,100000,1,20,LVEtransmission286,LVEtransmission494,
LVEtransmission286_to_LVEtransmission1038_electricity,#3186cc,LV electricity distribution main,transmission,100000,1,20,LVEtransmission1038,LVEtransmission286,
LVEtransmission1038_to_LVEtransmission400_electricity,#3186cc,LV electricity distribution main,transmission,100000,1,20,LVEtransmission400,LVEtransmission1038,
LVEtransmission400_to_LVEtransmission633_electricity,#3186cc,LV electricity distribution main,transmission,100000,1,20,LVEtransmission633,LVEtransmission400,
LVEtransmission633_to_LVEtransmission631_electricity,#3186cc,LV electricity distribution main,transmission,100000,1,20,LVEtransmission631,LVEtransmission633,
LVEtransmission631_to_LVEtransmission1068_electricity,#3186cc,LV electricity distribution main,transmission,100000,1,20,LVEtransmission1068,LVEtransmission631,
LVEtransmission1068_to_LVEtransmission1849_electricity,#3186cc,LV electricity distribution main,transmission,100000,1,20,LVEtransmission1849,LVEtransmission1068,
LVEtransmission1592_to_LVEtransmission939_electricity,#3186cc,LV electricity distribution main,transmission,100000,1,20,LVEtransmission939,LVEtransmission1592,
LVEtransmission939_to_LVEtransmission1417_electricity,#3186cc,LV electricity distribution main,transmission,100000,1,20,LVEtransmission1417,LVEtransmission939,
LVEtransmission1417_to_LVEtransmission744_electricity,#3186cc,LV electricity distribution main,transmission,100000,1,20,LVEtransmission744,LVEtransmission1417,
LVEtransmission744_to_LVEtransmission391_electricity,#3186cc,LV electricity distribution main,transmission,100000,1,20,LVEtransmission391,LVEtransmission744,
LVEtransmission391_to_LVEtransmission1106_electricity,#3186cc,LV electricity distribution main,transmission,100000,1,20,LVEtransmission1106,LVEtransmission391,
LVEtransmission1106_to_LVEtransmission1514_electricity,#3186cc,LV electricity distribution main,transmission,100000,1,20,LVEtransmission1514,LVEtransmission1106,
LVEtransmission1514_to_LVEtransmission449_electricity,#3186cc,LV electricity distribution main,transmission,100000,1,20,LVEtransmission449,LVEtransmission1514,
LVEtransmission1264_to_LVEtransmission1477_electricity,#3186cc,LV electricity distribution main,transmission,100000,1,20,LVEtransmission1477,LVEtransmission1264,
LVEtransmission1477_to_LVEtransmission422_electricity,#3186cc,LV electricity distribution main,transmission,100000,1,20,LVEtransmission422,LVEtransmission1477,
LVEtransmission422_to_LVEtransmission1378_electricity,#3186cc,LV electricity distribution main,transmission,100000,1,20,LVEtransmission1378,LVEtransmission422,
LVEtransmission1508_to_LVEtransmission1569_electricity,#3186cc,LV electricity distribution main,transmission,100000,1,20,LVEtransmission1569,LVEtransmission1508,
LVEtransmission1569_to_LVEtransmission758_electricity,#3186cc,LV electricity distribution main,transmission,100000,1,20,LVEtransmission758,LVEtransmission1569,
LVEtransmission758_to_LVEtransmission1533_electricity,#3186cc,LV electricity distribution main,transmission,100000,1,20,LVEtransmission1533,LVEtransmission758,
LVEtransmission1533_to_LVEtransmission648_electricity,#3186cc,LV electricity distribution main,transmission,100000,1,20,LVEtransmission648,LVEtransmission1533,
LVEtransmission648_to_LVEtransmission1516_electricity,#3186cc,LV electricity distribution main,transmission,100000,1,20,LVEtransmission1516,LVEtransmission648,
LVEtransmission1516_to_LVEtransmission1921_electricity,#3186cc,LV electricity distribution main,transmission,100000,1,20,LVEtransmission1921,LVEtransmission1516,
LVEtransmission324_to_LVEtransmission1743_electricity,#3186cc,LV electricity distribution main,transmission,100000,1,20,LVEtransmission1743,LVEtransmission324,
LVEtransmission1743_to_LVEtransmission330_electricity,#3186cc,LV electricity distribution main,transmission,100000,1,20,LVEtransmission330,LVEtransmission1743,
LVEtransmission324_to_LVEtransmission1381_electricity,#3186cc,LV electricity distribution main,transmission,100000,1,20,LVEtransmission1381,LVEtransmission324,
LVEtransmission1381_to_LVEtransmission891_electricity,#3186cc,LV electricity distribution main,transmission,100000,1,20,LVEtransmission891,LVEtransmission1381,
LVEtransmission891_to_LVEtransmission1302_electricity,#3186cc,LV electricity distribution main,transmission,100000,1,20,LVEtransmission1302,LVEtransmission891,
LVEtransmission1302_to_LVEtransmission1994_electricity,#3186cc,LV electricity distribution main,transmission,100000,1,20,LVEtransmission1994,LVEtransmission1302,
LVEtransmission1994_to_LVEtransmission1806_electricity,#3186cc,LV electricity distribution main,transmission,100000,1,20,LVEtransmission1806,LVEtransmission1994,
LVEtransmission1806_to_LVEtransmission1056_electricity,#3186cc,LV electricity distribution main,transmission,100000,1,20,LVEtransmission1056,LVEtransmission1806,
LVEtransmission1056_to_LVEtransmission1562_electricity,#3186cc,LV electricity distribution main,transmission,100000,1,20,LVEtransmission1562,LVEtransmission1056,
LVEtransmission1562_to_LVEtransmission541_electricity,#3186cc,LV electricity distribution main,transmission,100000,1,20,LVEtransmission541,LVEtransmission1562,
LVEtransmission541_to_LVEtransmission1496_electricity,#3186cc,LV electricity distribution main,transmission,100000,1,20,LVEtransmission1496,LVEtransmission541,
LVEtransmission1496_to_LVEtransmission755_electricity,#3186cc,LV electricity distribution main,transmission,100000,1,20,LVEtransmission755,LVEtransmission1496,
LVEtransmission755_to_LVEtransmission613_electricity,#3186cc,LV electricity distribution main,transmission,100000,1,20,LVEtransmission613,LVEtransmission755,
LVEtransmission613_to_LVEtransmission107_electricity,#3186cc,LV electricity distribution main,transmission,100000,1,20,LVEtransmission107,LVEtransmission613,
LVEtransmission107_to_LVEtransmission666_electricity,#3186cc,LV electricity distribution main,transmission,100000,1,20,LVEtransmission666,LVEtransmission107,
LVEtransmission666_to_LVEtransmission623_electricity,#3186cc,LV electricity distribution main,transmission,100000,1,20,LVEtransmission623,LVEtransmission666,
LVEtransmission623_to_LVEtransmission1908_electricity,#3186cc,LV electricity distribution main,transmission,100000,1,20,LVEtransmission1908,LVEtransmission623,
LVEtransmission33_to_LVEtransmission1029_electricity,#3186cc,LV electricity distribution main,transmission,100000,1,20,LVEtransmission1029,LVEtransmission33,
LVEtransmission1029_to_LVEtransmission329_electricity,#3186cc,LV electricity distribution main,transmission,100000,1,20,LVEtransmission329,LVEtransmission1029,
LVEtransmission329_to_LVEtransmission1886_electricity,#3186cc,LV electricity distribution main,transmission,100000,1,20,LVEtransmission1886,LVEtransmission329,
LVEtransmission341_to_LVEtransmission37_electricity,#3186cc,LV electricity distribution main,transmission,100000,1,20,LVEtransmission37,LVEtransmission341,
LVEtransmission37_to_LVEtransmission1000_electricity,#3186cc,LV electricity distribution main,transmission,100000,1,20,LVEtransmission1000,LVEtransmission37,
LVEtransmission1310_to_LVEtransmission487_electricity,#3186cc,LV electricity distribution main,transmission,100000,1,20,LVEtransmission487,LVEtransmission1310,
LVEtransmission487_to_LVEtransmission1000_electricity,#3186cc,LV electricity distribution main,transmission,100000,1,20,LVEtransmission1000,LVEtransmission487,
LVEtransmission1000_to_LVEtransmission37_electricity,#3186cc,LV electricity distribution main,transmission,100000,1,20,LVEtransmission37,LVEtransmission1000,
LVEtransmission37_to_LVEtransmission341_electricity,#3186cc,LV electricity distribution main,transmission,100000,1,20,LVEtransmission341,LVEtransmission37,
LVEtransmission341_to_LVEtransmission166_electricity,#3186cc,LV electricity distribution main,transmission,100000,1,20,LVEtransmission166,LVEtransmission341,
LVEtransmission166_to_LVEtransmission1326_electricity,#3186cc,LV electricity distribution main,transmission,100000,1,20,LVEtransmission1326,LVEtransmission166,
LVEtransmission1326_to_LVEtransmission1886_electricity,#3186cc,LV electricity distribution main,transmission,100000,1,20,LVEtransmission1886,LVEtransmission1326,
LVEtransmission1886_to_LVEtransmission329_electricity,#3186cc,LV electricity distribution main,transmission,100000,1,20,LVEtransmission329,LVEtransmission1886,
LVEtransmission329_to_LVEtransmission1029_electricity,#3186cc,LV electricity distribution main,transmission,100000,1,20,LVEtransmission1029,LVEtransmission329,
LVEtransmission1029_to_LVEtransmission33_electricity,#3186cc,LV electricity distribution main,transmission,100000,1,20,LVEtransmission33,LVEtransmission1029,
LVEtransmission33_to_LVEtransmission202_electricity,#3186cc,LV electricity distribution main,transmission,100000,1,20,LVEtransmission202,LVEtransmission33,
LVEtransmission202_to_LVEtransmission1908_electricity,#3186cc,LV electricity distribution main,transmission,100000,1,20,LVEtransmission1908,LVEtransmission202,
LVEtransmission1908_to_LVEtransmission623_electricity,#3186cc,LV electricity distribution main,transmission,100000,1,20,LVEtransmission623,LVEtransmission1908,
LVEtransmission623_to_LVEtransmission666_electricity,#3186cc,LV electricity distribution main,transmission,100000,1,20,LVEtransmission666,LVEtransmission623,
LVEtransmission666_to_LVEtransmission107_electricity,#3186cc,LV electricity distribution main,transmission,100000,1,20,LVEtransmission107,LVEtransmission666,
LVEtransmission107_to_LVEtransmission613_electricity,#3186cc,LV electricity distribution main,transmission,100000,1,20,LVEtransmission613,LVEtransmission107,
LVEtransmission613_to_LVEtransmission755_electricity,#3186cc,LV electricity distribution main,transmission,100000,1,20,LVEtransmission755,LVEtransmission613,
LVEtransmission755_to_LVEtransmission1513_electricity,#3186cc,LV electricity distribution main,transmission,100000,1,20,LVEtransmission1513,LVEtransmission755,
LVEtransmission1949_to_LVEtransmission1354_electricity,#3186cc,LV electricity distribution main,transmission,100000,1,20,LVEtransmission1354,LVEtransmission1949,
LVEtransmission1354_to_LVEtransmission2022_electricity,#3186cc,LV electricity distribution main,transmission,100000,1,20,LVEtransmission2022,LVEtransmission1354,
LVEtransmission2022_to_LVEtransmission228_electricity,#3186cc,LV electricity distribution main,transmission,100000,1,20,LVEtransmission228,LVEtransmission2022,
LVEtransmission228_to_LVEtransmission1585_electricity,#3186cc,LV electricity distribution main,transmission,100000,1,20,LVEtransmission1585,LVEtransmission228,
LVEtransmission1585_to_LVEtransmission1164_electricity,#3186cc,LV electricity distribution main,transmission,100000,1,20,LVEtransmission1164,LVEtransmission1585,
LVEtransmission1164_to_LVEtransmission795_electricity,#3186cc,LV electricity distribution main,transmission,100000,1,20,LVEtransmission795,LVEtransmission1164,
LVEtransmission795_to_LVEtransmission1915_electricity,#3186cc,LV electricity distribution main,transmission,100000,1,20,LVEtransmission1915,LVEtransmission795,
LVEtransmission1915_to_LVEtransmission1446_electricity,#3186cc,LV electricity distribution main,transmission,100000,1,20,LVEtransmission1446,LVEtransmission1915,
LVEtransmission1446_to_LVEtransmission1174_electricity,#3186cc,LV electricity distribution main,transmission,100000,1,20,LVEtransmission1174,LVEtransmission1446,
LVEtransmission1174_to_LVEtransmission1154_electricity,#3186cc,LV electricity distribution main,transmission,100000,1,20,LVEtransmission1154,LVEtransmission1174,
LVEtransmission1154_to_LVEtransmission815_electricity,#3186cc,LV electricity distribution main,transmission,100000,1,20,LVEtransmission815,LVEtransmission1154,
LVEtransmission815_to_LVEtransmission1009_electricity,#3186cc,LV electricity distribution main,transmission,100000,1,20,LVEtransmission1009,LVEtransmission815,
LVEtransmission1009_to_LVEtransmission964_electricity,#3186cc,LV electricity distribution main,transmission,100000,1,20,LVEtransmission964,LVEtransmission1009,
LVEtransmission964_to_LVEtransmission372_electricity,#3186cc,LV electricity distribution main,transmission,100000,1,20,LVEtransmission372,LVEtransmission964,
LVEtransmission372_to_LVEtransmission1186_electricity,#3186cc,LV electricity distribution main,transmission,100000,1,20,LVEtransmission1186,LVEtransmission372,
LVEtransmission1186_to_LVEtransmission1840_electricity,#3186cc,LV electricity distribution main,transmission,100000,1,20,LVEtransmission1840,LVEtransmission1186,
LVEtransmission1840_to_LVEtransmission1749_electricity,#3186cc,LV electricity distribution main,transmission,100000,1,20,LVEtransmission1749,LVEtransmission1840,
LVEtransmission1749_to_LVEtransmission1873_electricity,#3186cc,LV electricity distribution main,transmission,100000,1,20,LVEtransmission1873,LVEtransmission1749,
LVEtransmission1873_to_LVEtransmission726_electricity,#3186cc,LV electricity distribution main,transmission,100000,1,20,LVEtransmission726,LVEtransmission1873,
LVEtransmission726_to_LVEtransmission172_electricity,#3186cc,LV electricity distribution main,transmission,100000,1,20,LVEtransmission172,LVEtransmission726,
LVEtransmission172_to_LVEtransmission1513_electricity,#3186cc,LV electricity distribution main,transmission,100000,1,20,LVEtransmission1513,LVEtransmission172,
LVEtransmission336_to_LVEtransmission642_electricity,#3186cc,LV electricity distribution main,transmission,100000,1,20,LVEtransmission642,LVEtransmission336,
LVEtransmission642_to_LVEtransmission405_electricity,#3186cc,LV electricity distribution main,transmission,100000,1,20,LVEtransmission405,LVEtransmission642,
LVEtransmission405_to_LVEtransmission505_electricity,#3186cc,LV electricity distribution main,transmission,100000,1,20,LVEtransmission505,LVEtransmission405,
LVEtransmission505_to_LVEtransmission40_electricity,#3186cc,LV electricity distribution main,transmission,100000,1,20,LVEtransmission40,LVEtransmission505,
LVEtransmission40_to_LVEtransmission1083_electricity,#3186cc,LV electricity distribution main,transmission,100000,1,20,LVEtransmission1083,LVEtransmission40,
LVEtransmission1083_to_LVEtransmission177_electricity,#3186cc,LV electricity distribution main,transmission,100000,1,20,LVEtransmission177,LVEtransmission1083,
LVEtransmission177_to_LVEtransmission892_electricity,#3186cc,LV electricity distribution main,transmission,100000,1,20,LVEtransmission892,LVEtransmission177,
LVEtransmission892_to_LVEtransmission370_electricity,#3186cc,LV electricity distribution main,transmission,100000,1,20,LVEtransmission370,LVEtransmission892,
LVEtransmission370_to_LVEtransmission75_electricity,#3186cc,LV electricity distribution main,transmission,100000,1,20,LVEtransmission75,LVEtransmission370,
LVEtransmission75_to_LVEtransmission292_electricity,#3186cc,LV electricity distribution main,transmission,100000,1,20,LVEtransmission292,LVEtransmission75,
LVEtransmission292_to_LVEtransmission896_electricity,#3186cc,LV electricity distribution main,transmission,100000,1,20,LVEtransmission896,LVEtransmission292,
LVEtransmission896_to_LVEtransmission154_electricity,#3186cc,LV electricity distribution main,transmission,100000,1,20,LVEtransmission154,LVEtransmission896,
LVEtransmission154_to_LVEtransmission196_electricity,#3186cc,LV electricity distribution main,transmission,100000,1,20,LVEtransmission196,LVEtransmission154,
LVEtransmission196_to_LVEtransmission202_electricity,#3186cc,LV electricity distribution main,transmission,100000,1,20,LVEtransmission202,LVEtransmission196,
LVEtransmission202_to_LVEtransmission1029_electricity,#3186cc,LV electricity distribution main,transmission,100000,1,20,LVEtransmission1029,LVEtransmission202,
LVEtransmission1029_to_LVEtransmission1217_electricity,#3186cc,LV electricity distribution main,transmission,100000,1,20,LVEtransmission1217,LVEtransmission1029,
LVEtransmission1217_to_LVEtransmission1788_electricity,#3186cc,LV electricity distribution main,transmission,100000,1,20,LVEtransmission1788,LVEtransmission1217,
LVEtransmission1788_to_LVEtransmission1326_electricity,#3186cc,LV electricity distribution main,transmission,100000,1,20,LVEtransmission1326,LVEtransmission1788,
LVEtransmission1326_to_LVEtransmission37_electricity,#3186cc,LV electricity distribution main,transmission,100000,1,20,LVEtransmission37,LVEtransmission1326,
LVEtransmission37_to_LVEtransmission1726_electricity,#3186cc,LV electricity distribution main,transmission,100000,1,20,LVEtransmission1726,LVEtransmission37,
LVEtransmission1726_to_LVEtransmission487_electricity,#3186cc,LV electricity distribution main,transmission,100000,1,20,LVEtransmission487,LVEtransmission1726,
LVEtransmission487_to_LVEtransmission1726_electricity,#3186cc,LV electricity distribution main,transmission,100000,1,20,LVEtransmission1726,LVEtransmission487,
LVEtransmission1726_to_LVEtransmission37_electricity,#3186cc,LV electricity distribution main,transmission,100000,1,20,LVEtransmission37,LVEtransmission1726,
LVEtransmission37_to_LVEtransmission1326_electricity,#3186cc,LV electricity distribution main,transmission,100000,1,20,LVEtransmission1326,LVEtransmission37,
LVEtransmission1326_to_LVEtransmission1788_electricity,#3186cc,LV electricity distribution main,transmission,100000,1,20,LVEtransmission1788,LVEtransmission1326,
LVEtransmission1788_to_LVEtransmission1217_electricity,#3186cc,LV electricity distribution main,transmission,100000,1,20,LVEtransmission1217,LVEtransmission1788,
LVEtransmission1217_to_LVEtransmission1029_electricity,#3186cc,LV electricity distribution main,transmission,100000,1,20,LVEtransmission1029,LVEtransmission1217,
LVEtransmission1029_to_LVEtransmission202_electricity,#3186cc,LV electricity distribution main,transmission,100000,1,20,LVEtransmission202,LVEtransmission1029,
LVEtransmission202_to_LVEtransmission196_electricity,#3186cc,LV electricity distribution main,transmission,100000,1,20,LVEtransmission196,LVEtransmission202,
LVEtransmission196_to_LVEtransmission154_electricity,#3186cc,LV electricity distribution main,transmission,100000,1,20,LVEtransmission154,LVEtransmission196,
LVEtransmission154_to_LVEtransmission896_electricity,#3186cc,LV electricity distribution main,transmission,100000,1,20,LVEtransmission896,LVEtransmission154,
LVEtransmission896_to_LVEtransmission292_electricity,#3186cc,LV electricity distribution main,transmission,100000,1,20,LVEtransmission292,LVEtransmission896,
LVEtransmission292_to_LVEtransmission395_electricity,#3186cc,LV electricity distribution main,transmission,100000,1,20,LVEtransmission395,LVEtransmission292,
LVEtransmission395_to_LVEtransmission115_electricity,#3186cc,LV electricity distribution main,transmission,100000,1,20,LVEtransmission115,LVEtransmission395,
LVEtransmission115_to_LVEtransmission1347_electricity,#3186cc,LV electricity distribution main,transmission,100000,1,20,LVEtransmission1347,LVEtransmission115,
LVEtransmission1347_to_LVEtransmission1873_electricity,#3186cc,LV electricity distribution main,transmission,100000,1,20,LVEtransmission1873,LVEtransmission1347,
LVEtransmission1873_to_LVEtransmission1840_electricity,#3186cc,LV electricity distribution main,transmission,100000,1,20,LVEtransmission1840,LVEtransmission1873,
LVEtransmission1840_to_LVEtransmission372_electricity,#3186cc,LV electricity distribution main,transmission,100000,1,20,LVEtransmission372,LVEtransmission1840,
LVEtransmission372_to_LVEtransmission964_electricity,#3186cc,LV electricity distribution main,transmission,100000,1,20,LVEtransmission964,LVEtransmission372,
LVEtransmission964_to_LVEtransmission1009_electricity,#3186cc,LV electricity distribution main,transmission,100000,1,20,LVEtransmission1009,LVEtransmission964,
LVEtransmission1009_to_LVEtransmission815_electricity,#3186cc,LV electricity distribution main,transmission,100000,1,20,LVEtransmission815,LVEtransmission1009,
LVEtransmission815_to_LVEtransmission185_electricity,#3186cc,LV electricity distribution main,transmission,100000,1,20,LVEtransmission185,LVEtransmission815,
LVEtransmission185_to_LVEtransmission1574_electricity,#3186cc,LV electricity distribution main,transmission,100000,1,20,LVEtransmission1574,LVEtransmission185,
LVEtransmission1574_to_LVEtransmission1412_electricity,#3186cc,LV electricity distribution main,transmission,100000,1,20,LVEtransmission1412,LVEtransmission1574,
LVEtransmission1412_to_LVEtransmission1867_electricity,#3186cc,LV electricity distribution main,transmission,100000,1,20,LVEtransmission1867,LVEtransmission1412,
LVEtransmission1867_to_LVEtransmission589_electricity,#3186cc,LV electricity distribution main,transmission,100000,1,20,LVEtransmission589,LVEtransmission1867,
LVEtransmission589_to_LVEtransmission625_electricity,#3186cc,LV electricity distribution main,transmission,100000,1,20,LVEtransmission625,LVEtransmission589,
LVEtransmission625_to_LVEtransmission795_electricity,#3186cc,LV electricity distribution main,transmission,100000,1,20,LVEtransmission795,LVEtransmission625,
LVEtransmission795_to_LVEtransmission1337_electricity,#3186cc,LV electricity distribution main,transmission,100000,1,20,LVEtransmission1337,LVEtransmission795,
LVEtransmission1337_to_LVEtransmission1164_electricity,#3186cc,LV electricity distribution main,transmission,100000,1,20,LVEtransmission1164,LVEtransmission1337,
LVEtransmission1164_to_LVEtransmission1917_electricity,#3186cc,LV electricity distribution main,transmission,100000,1,20,LVEtransmission1917,LVEtransmission1164,
LVEtransmission1917_to_LVEtransmission817_electricity,#3186cc,LV electricity distribution main,transmission,100000,1,20,LVEtransmission817,LVEtransmission1917,
LVEtransmission817_to_LVEtransmission231_electricity,#3186cc,LV electricity distribution main,transmission,100000,1,20,LVEtransmission231,LVEtransmission817,
LVEtransmission231_to_LVEtransmission1354_electricity,#3186cc,LV electricity distribution main,transmission,100000,1,20,LVEtransmission1354,LVEtransmission231,
LVEtransmission958_to_LVEtransmission1521_electricity,#3186cc,LV electricity distribution main,transmission,100000,1,20,LVEtransmission1521,LVEtransmission958,
LVEtransmission1521_to_LVEtransmission340_electricity,#3186cc,LV electricity distribution main,transmission,100000,1,20,LVEtransmission340,LVEtransmission1521,
LVEtransmission340_to_LVEtransmission1246_electricity,#3186cc,LV electricity distribution main,transmission,100000,1,20,LVEtransmission1246,LVEtransmission340,
LVEtransmission1246_to_LVEtransmission299_electricity,#3186cc,LV electricity distribution main,transmission,100000,1,20,LVEtransmission299,LVEtransmission1246,
LVEtransmission299_to_LVEtransmission405_electricity,#3186cc,LV electricity distribution main,transmission,100000,1,20,LVEtransmission405,LVEtransmission299,
LVEtransmission405_to_LVEtransmission1481_electricity,#3186cc,LV electricity distribution main,transmission,100000,1,20,LVEtransmission1481,LVEtransmission405,
LVEtransmission1481_to_LVEtransmission668_electricity,#3186cc,LV electricity distribution main,transmission,100000,1,20,LVEtransmission668,LVEtransmission1481,
LVEtransmission735_to_LVEtransmission404_electricity,#3186cc,LV electricity distribution main,transmission,100000,1,20,LVEtransmission404,LVEtransmission735,
LVEtransmission404_to_LVEtransmission1215_electricity,#3186cc,LV electricity distribution main,transmission,100000,1,20,LVEtransmission1215,LVEtransmission404,
LVEtransmission1215_to_LVEtransmission34_electricity,#3186cc,LV electricity distribution main,transmission,100000,1,20,LVEtransmission34,LVEtransmission1215,
LVEtransmission34_to_LVEtransmission561_electricity,#3186cc,LV electricity distribution main,transmission,100000,1,20,LVEtransmission561,LVEtransmission34,
LVEtransmission561_to_LVEtransmission193_electricity,#3186cc,LV electricity distribution main,transmission,100000,1,20,LVEtransmission193,LVEtransmission561,
LVEtransmission193_to_LVEtransmission1985_electricity,#3186cc,LV electricity distribution main,transmission,100000,1,20,LVEtransmission1985,LVEtransmission193,
LVEtransmission1985_to_LVEtransmission1340_electricity,#3186cc,LV electricity distribution main,transmission,100000,1,20,LVEtransmission1340,LVEtransmission1985,
LVEtransmission1340_to_LVEtransmission693_electricity,#3186cc,LV electricity distribution main,transmission,100000,1,20,LVEtransmission693,LVEtransmission1340,
LVEtransmission693_to_LVEtransmission49_electricity,#3186cc,LV electricity distribution main,transmission,100000,1,20,LVEtransmission49,LVEtransmission693,
LVEtransmission49_to_LVEtransmission477_electricity,#3186cc,LV electricity distribution main,transmission,100000,1,20,LVEtransmission477,LVEtransmission49,
LVEtransmission477_to_LVEtransmission1852_electricity,#3186cc,LV electricity distribution main,transmission,100000,1,20,LVEtransmission1852,LVEtransmission477,
LVEtransmission1852_to_LVEtransmission1070_electricity,#3186cc,LV electricity distribution main,transmission,100000,1,20,LVEtransmission1070,LVEtransmission1852,
LVEtransmission1070_to_LVEtransmission704_electricity,#3186cc,LV electricity distribution main,transmission,100000,1,20,LVEtransmission704,LVEtransmission1070,
LVEtransmission704_to_LVEtransmission991_electricity,#3186cc,LV electricity distribution main,transmission,100000,1,20,LVEtransmission991,LVEtransmission704,
LVEtransmission991_to_LVEtransmission349_electricity,#3186cc,LV electricity distribution main,transmission,100000,1,20,LVEtransmission349,LVEtransmission991,
LVEtransmission349_to_LVEtransmission10_electricity,#3186cc,LV electricity distribution main,transmission,100000,1,20,LVEtransmission10,LVEtransmission349,
LVEtransmission10_to_LVEtransmission1601_electricity,#3186cc,LV electricity distribution main,transmission,100000,1,20,LVEtransmission1601,LVEtransmission10,
LVEtransmission1596_to_LVEtransmission1720_electricity,#3186cc,LV electricity distribution main,transmission,100000,1,20,LVEtransmission1720,LVEtransmission1596,
LVEtransmission1720_to_LVEtransmission1361_electricity,#3186cc,LV electricity distribution main,transmission,100000,1,20,LVEtransmission1361,LVEtransmission1720,
LVEtransmission1361_to_LVEtransmission1601_electricity,#3186cc,LV electricity distribution main,transmission,100000,1,20,LVEtransmission1601,LVEtransmission1361,
LVEtransmission923_to_LVEtransmission1603_electricity,#3186cc,LV electricity distribution main,transmission,100000,1,20,LVEtransmission1603,LVEtransmission923,
LVEtransmission1603_to_LVEtransmission1215_electricity,#3186cc,LV electricity distribution main,transmission,100000,1,20,LVEtransmission1215,LVEtransmission1603,
LVEtransmission1215_to_LVEtransmission295_electricity,#3186cc,LV electricity distribution main,transmission,100000,1,20,LVEtransmission295,LVEtransmission1215,
LVEtransmission295_to_LVEtransmission1842_electricity,#3186cc,LV electricity distribution main,transmission,100000,1,20,LVEtransmission1842,LVEtransmission295,
LVEtransmission1842_to_LVEtransmission579_electricity,#3186cc,LV electricity distribution main,transmission,100000,1,20,LVEtransmission579,LVEtransmission1842,
LVEtransmission579_to_LVEtransmission1668_electricity,#3186cc,LV electricity distribution main,transmission,100000,1,20,LVEtransmission1668,LVEtransmission579,
LVEtransmission1668_to_LVEtransmission1053_electricity,#3186cc,LV electricity distribution main,transmission,100000,1,20,LVEtransmission1053,LVEtransmission1668,
LVEtransmission1053_to_LVEtransmission1447_electricity,#3186cc,LV electricity distribution main,transmission,100000,1,20,LVEtransmission1447,LVEtransmission1053,
LVEtransmission1447_to_LVEtransmission1274_electricity,#3186cc,LV electricity distribution main,transmission,100000,1,20,LVEtransmission1274,LVEtransmission1447,
LVEtransmission1731_to_LVEtransmission887_electricity,#3186cc,LV electricity distribution main,transmission,100000,1,20,LVEtransmission887,LVEtransmission1731,
LVEtransmission887_to_LVEtransmission1603_electricity,#3186cc,LV electricity distribution main,transmission,100000,1,20,LVEtransmission1603,LVEtransmission887,
LVEtransmission1603_to_LVEtransmission318_electricity,#3186cc,LV electricity distribution main,transmission,100000,1,20,LVEtransmission318,LVEtransmission1603,
LVEtransmission318_to_LVEtransmission1215_electricity,#3186cc,LV electricity distribution main,transmission,100000,1,20,LVEtransmission1215,LVEtransmission318,
LVEtransmission295_to_LVEtransmission112_electricity,#3186cc,LV electricity distribution main,transmission,100000,1,20,LVEtransmission112,LVEtransmission295,
LVEtransmission112_to_LVEtransmission102_electricity,#3186cc,LV electricity distribution main,transmission,100000,1,20,LVEtransmission102,LVEtransmission112,
LVEtransmission102_to_LVEtransmission773_electricity,#3186cc,LV electricity distribution main,transmission,100000,1,20,LVEtransmission773,LVEtransmission102,
LVEtransmission773_to_LVEtransmission1384_electricity,#3186cc,LV electricity distribution main,transmission,100000,1,20,LVEtransmission1384,LVEtransmission773,
LVEtransmission1384_to_LVEtransmission736_electricity,#3186cc,LV electricity distribution main,transmission,100000,1,20,LVEtransmission736,LVEtransmission1384,
LVEtransmission736_to_LVEtransmission288_electricity,#3186cc,LV electricity distribution main,transmission,100000,1,20,LVEtransmission288,LVEtransmission736,
LVEtransmission288_to_LVEtransmission1628_electricity,#3186cc,LV electricity distribution main,transmission,100000,1,20,LVEtransmission1628,LVEtransmission288,
LVEtransmission974_to_LVEtransmission1845_electricity,#3186cc,LV electricity distribution main,transmission,100000,1,20,LVEtransmission1845,LVEtransmission974,
LVEtransmission1845_to_LVEtransmission318_electricity,#3186cc,LV electricity distribution main,transmission,100000,1,20,LVEtransmission318,LVEtransmission1845,
LVEtransmission318_to_LVEtransmission2010_electricity,#3186cc,LV electricity distribution main,transmission,100000,1,20,LVEtransmission2010,LVEtransmission318,
LVEtransmission2010_to_LVEtransmission34_electricity,#3186cc,LV electricity distribution main,transmission,100000,1,20,LVEtransmission34,LVEtransmission2010,
LVEtransmission34_to_LVEtransmission1931_electricity,#3186cc,LV electricity distribution main,transmission,100000,1,20,LVEtransmission1931,LVEtransmission34,
LVEtransmission1931_to_LVEtransmission267_electricity,#3186cc,LV electricity distribution main,transmission,100000,1,20,LVEtransmission267,LVEtransmission1931,
LVEtransmission267_to_LVEtransmission781_electricity,#3186cc,LV electricity distribution main,transmission,100000,1,20,LVEtransmission781,LVEtransmission267,
LVEtransmission781_to_LVEtransmission1524_electricity,#3186cc,LV electricity distribution main,transmission,100000,1,20,LVEtransmission1524,LVEtransmission781,
LVEtransmission1524_to_LVEtransmission835_electricity,#3186cc,LV electricity distribution main,transmission,100000,1,20,LVEtransmission835,LVEtransmission1524,
LVEtransmission835_to_LVEtransmission288_electricity,#3186cc,LV electricity distribution main,transmission,100000,1,20,LVEtransmission288,LVEtransmission835,
LVEtransmission288_to_LVEtransmission409_electricity,#3186cc,LV electricity distribution main,transmission,100000,1,20,LVEtransmission409,LVEtransmission288,
LVEtransmission409_to_LVEtransmission517_electricity,#3186cc,LV electricity distribution main,transmission,100000,1,20,LVEtransmission517,LVEtransmission409,
LVEtransmission517_to_LVEtransmission308_electricity,#3186cc,LV electricity distribution main,transmission,100000,1,20,LVEtransmission308,LVEtransmission517,
LVEtransmission308_to_LVEtransmission999_electricity,#3186cc,LV electricity distribution main,transmission,100000,1,20,LVEtransmission999,LVEtransmission308,
LVEtransmission999_to_LVEtransmission1305_electricity,#3186cc,LV electricity distribution main,transmission,100000,1,20,LVEtransmission1305,LVEtransmission999,
LVEtransmission1305_to_LVEtransmission723_electricity,#3186cc,LV electricity distribution main,transmission,100000,1,20,LVEtransmission723,LVEtransmission1305,
LVEtransmission723_to_LVEtransmission1429_electricity,#3186cc,LV electricity distribution main,transmission,100000,1,20,LVEtransmission1429,LVEtransmission723,
LVEtransmission1429_to_LVEtransmission1452_electricity,#3186cc,LV electricity distribution main,transmission,100000,1,20,LVEtransmission1452,LVEtransmission1429,
LVEtransmission1452_to_LVEtransmission1138_electricity,#3186cc,LV electricity distribution main,transmission,100000,1,20,LVEtransmission1138,LVEtransmission1452,
LVEtransmission1138_to_LVEtransmission1364_electricity,#3186cc,LV electricity distribution main,transmission,100000,1,20,LVEtransmission1364,LVEtransmission1138,
LVEtransmission1921_to_LVEtransmission1928_electricity,#3186cc,LV electricity distribution main,transmission,100000,1,20,LVEtransmission1928,LVEtransmission1921,
LVEtransmission1276_to_LVEtransmission1947_electricity,#3186cc,LV electricity distribution main,transmission,100000,1,20,LVEtransmission1947,LVEtransmission1276,
LVEtransmission1947_to_LVEtransmission548_electricity,#3186cc,LV electricity distribution main,transmission,100000,1,20,LVEtransmission548,LVEtransmission1947,
LVEtransmission548_to_LVEtransmission1069_electricity,#3186cc,LV electricity distribution main,transmission,100000,1,20,LVEtransmission1069,LVEtransmission548,
LVEtransmission1069_to_LVEtransmission1940_electricity,#3186cc,LV electricity distribution main,transmission,100000,1,20,LVEtransmission1940,LVEtransmission1069,
LVEtransmission1940_to_LVEtransmission1465_electricity,#3186cc,LV electricity distribution main,transmission,100000,1,20,LVEtransmission1465,LVEtransmission1940,
LVEtransmission1465_to_LVEtransmission1707_electricity,#3186cc,LV electricity distribution main,transmission,100000,1,20,LVEtransmission1707,LVEtransmission1465,
LVEtransmission1707_to_LVEtransmission615_electricity,#3186cc,LV electricity distribution main,transmission,100000,1,20,LVEtransmission615,LVEtransmission1707,
LVEtransmission615_to_LVEtransmission1438_electricity,#3186cc,LV electricity distribution main,transmission,100000,1,20,LVEtransmission1438,LVEtransmission615,
LVEtransmission1438_to_LVEtransmission427_electricity,#3186cc,LV electricity distribution main,transmission,100000,1,20,LVEtransmission427,LVEtransmission1438,
LVEtransmission427_to_LVEtransmission1928_electricity,#3186cc,LV electricity distribution main,transmission,100000,1,20,LVEtransmission1928,LVEtransmission427,
LVEtransmission772_to_LVEtransmission1829_electricity,#3186cc,LV electricity distribution main,transmission,100000,1,20,LVEtransmission1829,LVEtransmission772,
LVEtransmission1829_to_LVEtransmission1264_electricity,#3186cc,LV electricity distribution main,transmission,100000,1,20,LVEtransmission1264,LVEtransmission1829,
LVEtransmission1846_to_LVEtransmission1776_electricity,#3186cc,LV electricity distribution main,transmission,100000,1,20,LVEtransmission1776,LVEtransmission1846,
LVEtransmission1776_to_LVEtransmission1044_electricity,#3186cc,LV electricity distribution main,transmission,100000,1,20,LVEtransmission1044,LVEtransmission1776,
LVEtransmission1044_to_LVEtransmission1833_electricity,#3186cc,LV electricity distribution main,transmission,100000,1,20,LVEtransmission1833,LVEtransmission1044,
LVEtransmission1833_to_LVEtransmission1239_electricity,#3186cc,LV electricity distribution main,transmission,100000,1,20,LVEtransmission1239,LVEtransmission1833,
LVEtransmission1239_to_LVEtransmission180_electricity,#3186cc,LV electricity distribution main,transmission,100000,1,20,LVEtransmission180,LVEtransmission1239,
LVEtransmission180_to_LVEtransmission996_electricity,#3186cc,LV electricity distribution main,transmission,100000,1,20,LVEtransmission996,LVEtransmission180,
LVEtransmission996_to_LVEtransmission1127_electricity,#3186cc,LV electricity distribution main,transmission,100000,1,20,LVEtransmission1127,LVEtransmission996,
LVEtransmission1127_to_LVEtransmission1281_electricity,#3186cc,LV electricity distribution main,transmission,100000,1,20,LVEtransmission1281,LVEtransmission1127,
LVEtransmission1281_to_LVEtransmission824_electricity,#3186cc,LV electricity distribution main,transmission,100000,1,20,LVEtransmission824,LVEtransmission1281,
LVEtransmission824_to_LVEtransmission1296_electricity,#3186cc,LV electricity distribution main,transmission,100000,1,20,LVEtransmission1296,LVEtransmission824,
LVEtransmission1296_to_LVEtransmission1992_electricity,#3186cc,LV electricity distribution main,transmission,100000,1,20,LVEtransmission1992,LVEtransmission1296,
LVEtransmission1992_to_LVEtransmission278_electricity,#3186cc,LV electricity distribution main,transmission,100000,1,20,LVEtransmission278,LVEtransmission1992,
LVEtransmission278_to_LVEtransmission1092_electricity,#3186cc,LV electricity distribution main,transmission,100000,1,20,LVEtransmission1092,LVEtransmission278,
LVEtransmission1092_to_LVEtransmission1316_electricity,#3186cc,LV electricity distribution main,transmission,100000,1,20,LVEtransmission1316,LVEtransmission1092,
LVEtransmission1316_to_LVEtransmission1344_electricity,#3186cc,LV electricity distribution main,transmission,100000,1,20,LVEtransmission1344,LVEtransmission1316,
LVEtransmission1344_to_LVEtransmission2017_electricity,#3186cc,LV electricity distribution main,transmission,100000,1,20,LVEtransmission2017,LVEtransmission1344,
LVEtransmission2017_to_LVEtransmission547_electricity,#3186cc,LV electricity distribution main,transmission,100000,1,20,LVEtransmission547,LVEtransmission2017,
LVEtransmission547_to_LVEtransmission787_electricity,#3186cc,LV electricity distribution main,transmission,100000,1,20,LVEtransmission787,LVEtransmission547,
LVEtransmission787_to_LVEtransmission1965_electricity,#3186cc,LV electricity distribution main,transmission,100000,1,20,LVEtransmission1965,LVEtransmission787,
LVEtransmission1965_to_LVEtransmission1123_electricity,#3186cc,LV electricity distribution main,transmission,100000,1,20,LVEtransmission1123,LVEtransmission1965,
LVEtransmission1123_to_LVEtransmission1022_electricity,#3186cc,LV electricity distribution main,transmission,100000,1,20,LVEtransmission1022,LVEtransmission1123,
LVEtransmission1022_to_LVEtransmission298_electricity,#3186cc,LV electricity distribution main,transmission,100000,1,20,LVEtransmission298,LVEtransmission1022,
LVEtransmission298_to_LVEtransmission1925_electricity,#3186cc,LV electricity distribution main,transmission,100000,1,20,LVEtransmission1925,LVEtransmission298,
LVEtransmission1925_to_LVEtransmission973_electricity,#3186cc,LV electricity distribution main,transmission,100000,1,20,LVEtransmission973,LVEtransmission1925,
LVEtransmission1779_to_LVEtransmission1838_electricity,#3186cc,LV electricity distribution main,transmission,100000,1,20,LVEtransmission1838,LVEtransmission1779,
LVEtransmission1838_to_LVEtransmission1035_electricity,#3186cc,LV electricity distribution main,transmission,100000,1,20,LVEtransmission1035,LVEtransmission1838,
LVEtransmission1035_to_LVEtransmission87_electricity,#3186cc,LV electricity distribution main,transmission,100000,1,20,LVEtransmission87,LVEtransmission1035,
LVEtransmission1846_to_LVEtransmission772_electricity,#3186cc,LV electricity distribution main,transmission,100000,1,20,LVEtransmission772,LVEtransmission1846,
LVEtransmission160_to_LVEtransmission1162_electricity,#3186cc,LV electricity distribution main,transmission,100000,1,20,LVEtransmission1162,LVEtransmission160,
LVEtransmission1162_to_LVEtransmission1779_electricity,#3186cc,LV electricity distribution main,transmission,100000,1,20,LVEtransmission1779,LVEtransmission1162,
LVEtransmission1781_to_LVEtransmission512_electricity,#3186cc,LV electricity distribution main,transmission,100000,1,20,LVEtransmission512,LVEtransmission1781,
LVEtransmission512_to_LVEtransmission210_electricity,#3186cc,LV electricity distribution main,transmission,100000,1,20,LVEtransmission210,LVEtransmission512,
LVEtransmission210_to_LVEtransmission1033_electricity,#3186cc,LV electricity distribution main,transmission,100000,1,20,LVEtransmission1033,LVEtransmission210,
LVEtransmission1033_to_LVEtransmission982_electricity,#3186cc,LV electricity distribution main,transmission,100000,1,20,LVEtransmission982,LVEtransmission1033,
LVEtransmission982_to_LVEtransmission1472_electricity,#3186cc,LV electricity distribution main,transmission,100000,1,20,LVEtransmission1472,LVEtransmission982,
LVEtransmission1472_to_LVEtransmission1901_electricity,#3186cc,LV electricity distribution main,transmission,100000,1,20,LVEtransmission1901,LVEtransmission1472,
LVEtransmission1901_to_LVEtransmission1395_electricity,#3186cc,LV electricity distribution main,transmission,100000,1,20,LVEtransmission1395,LVEtransmission1901,
LVEtransmission1395_to_LVEtransmission1881_electricity,#3186cc,LV electricity distribution main,transmission,100000,1,20,LVEtransmission1881,LVEtransmission1395,
LVEtransmission1881_to_LVEtransmission1363_electricity,#3186cc,LV electricity distribution main,transmission,100000,1,20,LVEtransmission1363,LVEtransmission1881,
LVEtransmission1363_to_LVEtransmission117_electricity,#3186cc,LV electricity distribution main,transmission,100000,1,20,LVEtransmission117,LVEtransmission1363,
LVEtransmission117_to_LVEtransmission1196_electricity,#3186cc,LV electricity distribution main,transmission,100000,1,20,LVEtransmission1196,LVEtransmission117,
LVEtransmission1196_to_LVEtransmission1433_electricity,#3186cc,LV electricity distribution main,transmission,100000,1,20,LVEtransmission1433,LVEtransmission1196,
LVEtransmission1433_to_LVEtransmission1243_electricity,#3186cc,LV electricity distribution main,transmission,100000,1,20,LVEtransmission1243,LVEtransmission1433,
LVEtransmission1243_to_LVEtransmission321_electricity,#3186cc,LV electricity distribution main,transmission,100000,1,20,LVEtransmission321,LVEtransmission1243,
LVEtransmission321_to_LVEtransmission585_electricity,#3186cc,LV electricity distribution main,transmission,100000,1,20,LVEtransmission585,LVEtransmission321,
LVEtransmission585_to_LVEtransmission1286_electricity,#3186cc,LV electricity distribution main,transmission,100000,1,20,LVEtransmission1286,LVEtransmission585,
LVEtransmission1286_to_LVEtransmission782_electricity,#3186cc,LV electricity distribution main,transmission,100000,1,20,LVEtransmission782,LVEtransmission1286,
LVEtransmission782_to_LVEtransmission1926_electricity,#3186cc,LV electricity distribution main,transmission,100000,1,20,LVEtransmission1926,LVEtransmission782,
LVEtransmission1926_to_LVEtransmission1048_electricity,#3186cc,LV electricity distribution main,transmission,100000,1,20,LVEtransmission1048,LVEtransmission1926,
LVEtransmission247_to_LVEtransmission811_electricity,#3186cc,LV electricity distribution main,transmission,100000,1,20,LVEtransmission811,LVEtransmission247,
LVEtransmission811_to_LVEtransmission701_electricity,#3186cc,LV electricity distribution main,transmission,100000,1,20,LVEtransmission701,LVEtransmission811,
LVEtransmission701_to_LVEtransmission1523_electricity,#3186cc,LV electricity distribution main,transmission,100000,1,20,LVEtransmission1523,LVEtransmission701,
LVEtransmission1523_to_LVEtransmission106_electricity,#3186cc,LV electricity distribution main,transmission,100000,1,20,LVEtransmission106,LVEtransmission1523,
LVEtransmission106_to_LVEtransmission1277_electricity,#3186cc,LV electricity distribution main,transmission,100000,1,20,LVEtransmission1277,LVEtransmission106,
LVEtransmission1277_to_LVEtransmission605_electricity,#3186cc,LV electricity distribution main,transmission,100000,1,20,LVEtransmission605,LVEtransmission1277,
LVEtransmission605_to_LVEtransmission1637_electricity,#3186cc,LV electricity distribution main,transmission,100000,1,20,LVEtransmission1637,LVEtransmission605,
LVEtransmission1637_to_LVEtransmission1090_electricity,#3186cc,LV electricity distribution main,transmission,100000,1,20,LVEtransmission1090,LVEtransmission1637,
LVEtransmission1090_to_LVEtransmission1909_electricity,#3186cc,LV electricity distribution main,transmission,100000,1,20,LVEtransmission1909,LVEtransmission1090,
LVEtransmission1909_to_LVEtransmission868_electricity,#3186cc,LV electricity distribution main,transmission,100000,1,20,LVEtransmission868,LVEtransmission1909,
LVEtransmission868_to_LVEtransmission402_electricity,#3186cc,LV electricity distribution main,transmission,100000,1,20,LVEtransmission402,LVEtransmission868,
LVEtransmission402_to_LVEtransmission957_electricity,#3186cc,LV electricity distribution main,transmission,100000,1,20,LVEtransmission957,LVEtransmission402,
LVEtransmission957_to_LVEtransmission221_electricity,#3186cc,LV electricity distribution main,transmission,100000,1,20,LVEtransmission221,LVEtransmission957,
LVEtransmission221_to_LVEtransmission63_electricity,#3186cc,LV electricity distribution main,transmission,100000,1,20,LVEtransmission63,LVEtransmission221,
LVEtransmission63_to_LVEtransmission277_electricity,#3186cc,LV electricity distribution main,transmission,100000,1,20,LVEtransmission277,LVEtransmission63,
LVEtransmission277_to_LVEtransmission943_electricity,#3186cc,LV electricity distribution main,transmission,100000,1,20,LVEtransmission943,LVEtransmission277,
LVEtransmission943_to_LVEtransmission1934_electricity,#3186cc,LV electricity distribution main,transmission,100000,1,20,LVEtransmission1934,LVEtransmission943,
LVEtransmission1934_to_LVEtransmission1847_electricity,#3186cc,LV electricity distribution main,transmission,100000,1,20,LVEtransmission1847,LVEtransmission1934,
LVEtransmission1847_to_LVEtransmission1650_electricity,#3186cc,LV electricity distribution main,transmission,100000,1,20,LVEtransmission1650,LVEtransmission1847,
LVEtransmission1650_to_LVEtransmission1421_electricity,#3186cc,LV electricity distribution main,transmission,100000,1,20,LVEtransmission1421,LVEtransmission1650,
LVEtransmission1421_to_LVEtransmission1700_electricity,#3186cc,LV electricity distribution main,transmission,100000,1,20,LVEtransmission1700,LVEtransmission1421,
LVEtransmission1700_to_LVEtransmission239_electricity,#3186cc,LV electricity distribution main,transmission,100000,1,20,LVEtransmission239,LVEtransmission1700,
LVEtransmission239_to_LVEtransmission1937_electricity,#3186cc,LV electricity distribution main,transmission,100000,1,20,LVEtransmission1937,LVEtransmission239,
LVEtransmission1937_to_LVEtransmission470_electricity,#3186cc,LV electricity distribution main,transmission,100000,1,20,LVEtransmission470,LVEtransmission1937,
LVEtransmission470_to_LVEtransmission167_electricity,#3186cc,LV electricity distribution main,transmission,100000,1,20,LVEtransmission167,LVEtransmission470,
LVEtransmission167_to_LVEtransmission775_electricity,#3186cc,LV electricity distribution main,transmission,100000,1,20,LVEtransmission775,LVEtransmission167,
LVEtransmission412_to_LVEtransmission1075_electricity,#3186cc,LV electricity distribution main,transmission,100000,1,20,LVEtransmission1075,LVEtransmission412,
LVEtransmission1075_to_LVEtransmission1358_electricity,#3186cc,LV electricity distribution main,transmission,100000,1,20,LVEtransmission1358,LVEtransmission1075,
LVEtransmission1358_to_LVEtransmission1818_electricity,#3186cc,LV electricity distribution main,transmission,100000,1,20,LVEtransmission1818,LVEtransmission1358,
LVEtransmission1818_to_LVEtransmission263_electricity,#3186cc,LV electricity distribution main,transmission,100000,1,20,LVEtransmission263,LVEtransmission1818,
LVEtransmission263_to_LVEtransmission220_electricity,#3186cc,LV electricity distribution main,transmission,100000,1,20,LVEtransmission220,LVEtransmission263,
LVEtransmission220_to_LVEtransmission951_electricity,#3186cc,LV electricity distribution main,transmission,100000,1,20,LVEtransmission951,LVEtransmission220,
LVEtransmission951_to_LVEtransmission397_electricity,#3186cc,LV electricity distribution main,transmission,100000,1,20,LVEtransmission397,LVEtransmission951,
LVEtransmission397_to_LVEtransmission416_electricity,#3186cc,LV electricity distribution main,transmission,100000,1,20,LVEtransmission416,LVEtransmission397,
LVEtransmission416_to_LVEtransmission1341_electricity,#3186cc,LV electricity distribution main,transmission,100000,1,20,LVEtransmission1341,LVEtransmission416,
LVEtransmission1341_to_LVEtransmission1079_electricity,#3186cc,LV electricity distribution main,transmission,100000,1,20,LVEtransmission1079,LVEtransmission1341,
LVEtransmission1079_to_LVEtransmission152_electricity,#3186cc,LV electricity distribution main,transmission,100000,1,20,LVEtransmission152,LVEtransmission1079,
LVEtransmission152_to_LVEtransmission1525_electricity,#3186cc,LV electricity distribution main,transmission,100000,1,20,LVEtransmission1525,LVEtransmission152,
LVEtransmission1525_to_LVEtransmission498_electricity,#3186cc,LV electricity distribution main,transmission,100000,1,20,LVEtransmission498,LVEtransmission1525,
LVEtransmission498_to_LVEtransmission1841_electricity,#3186cc,LV electricity distribution main,transmission,100000,1,20,LVEtransmission1841,LVEtransmission498,
LVEtransmission1908_to_LVEtransmission1495_electricity,#3186cc,LV electricity distribution main,transmission,100000,1,20,LVEtransmission1495,LVEtransmission1908,
LVEtransmission1495_to_LVEtransmission1396_electricity,#3186cc,LV electricity distribution main,transmission,100000,1,20,LVEtransmission1396,LVEtransmission1495,
LVEtransmission1396_to_LVEtransmission993_electricity,#3186cc,LV electricity distribution main,transmission,100000,1,20,LVEtransmission993,LVEtransmission1396,
LVEtransmission993_to_LVEtransmission1510_electricity,#3186cc,LV electricity distribution main,transmission,100000,1,20,LVEtransmission1510,LVEtransmission993,
LVEtransmission166_to_LVEtransmission1511_electricity,#3186cc,LV electricity distribution main,transmission,100000,1,20,LVEtransmission1511,LVEtransmission166,
LVEtransmission1511_to_LVEtransmission903_electricity,#3186cc,LV electricity distribution main,transmission,100000,1,20,LVEtransmission903,LVEtransmission1511,
LVEtransmission429_to_LVEtransmission1961_electricity,#3186cc,LV electricity distribution main,transmission,100000,1,20,LVEtransmission1961,LVEtransmission429,
LVEtransmission1961_to_LVEtransmission1231_electricity,#3186cc,LV electricity distribution main,transmission,100000,1,20,LVEtransmission1231,LVEtransmission1961,
LVEtransmission1231_to_LVEtransmission1893_electricity,#3186cc,LV electricity distribution main,transmission,100000,1,20,LVEtransmission1893,LVEtransmission1231,
LVEtransmission1893_to_LVEtransmission192_electricity,#3186cc,LV electricity distribution main,transmission,100000,1,20,LVEtransmission192,LVEtransmission1893,
LVEtransmission192_to_LVEtransmission733_electricity,#3186cc,LV electricity distribution main,transmission,100000,1,20,LVEtransmission733,LVEtransmission192,
LVEtransmission733_to_LVEtransmission1285_electricity,#3186cc,LV electricity distribution main,transmission,100000,1,20,LVEtransmission1285,LVEtransmission733,
LVEtransmission1285_to_LVEtransmission1319_electricity,#3186cc,LV electricity distribution main,transmission,100000,1,20,LVEtransmission1319,LVEtransmission1285,
LVEtransmission1319_to_LVEtransmission2002_electricity,#3186cc,LV electricity distribution main,transmission,100000,1,20,LVEtransmission2002,LVEtransmission1319,
LVEtransmission2002_to_LVEtransmission1948_electricity,#3186cc,LV electricity distribution main,transmission,100000,1,20,LVEtransmission1948,LVEtransmission2002,
LVEtransmission1948_to_LVEtransmission1226_electricity,#3186cc,LV electricity distribution main,transmission,100000,1,20,LVEtransmission1226,LVEtransmission1948,
LVEtransmission1226_to_LVEtransmission419_electricity,#3186cc,LV electricity distribution main,transmission,100000,1,20,LVEtransmission419,LVEtransmission1226,
LVEtransmission419_to_LVEtransmission1015_electricity,#3186cc,LV electricity distribution main,transmission,100000,1,20,LVEtransmission1015,LVEtransmission419,
LVEtransmission1015_to_LVEtransmission1263_electricity,#3186cc,LV electricity distribution main,transmission,100000,1,20,LVEtransmission1263,LVEtransmission1015,
LVEtransmission1093_to_LVEtransmission1742_electricity,#3186cc,LV electricity distribution main,transmission,100000,1,20,LVEtransmission1742,LVEtransmission1093,
LVEtransmission1263_to_LVEtransmission864_electricity,#3186cc,LV electricity distribution main,transmission,100000,1,20,LVEtransmission864,LVEtransmission1263,
LVEtransmission864_to_LVEtransmission1742_electricity,#3186cc,LV electricity distribution main,transmission,100000,1,20,LVEtransmission1742,LVEtransmission864,
LVEtransmission1093_to_LVEtransmission1955_electricity,#3186cc,LV electricity distribution main,transmission,100000,1,20,LVEtransmission1955,LVEtransmission1093,
LVEtransmission1955_to_LVEtransmission1304_electricity,#3186cc,LV electricity distribution main,transmission,100000,1,20,LVEtransmission1304,LVEtransmission1955,
LVEtransmission1304_to_LVEtransmission343_electricity,#3186cc,LV electricity distribution main,transmission,100000,1,20,LVEtransmission343,LVEtransmission1304,
LVEtransmission343_to_LVEtransmission836_electricity,#3186cc,LV electricity distribution main,transmission,100000,1,20,LVEtransmission836,LVEtransmission343,
LVEtransmission836_to_LVEtransmission1489_electricity,#3186cc,LV electricity distribution main,transmission,100000,1,20,LVEtransmission1489,LVEtransmission836,
LVEtransmission1489_to_LVEtransmission680_electricity,#3186cc,LV electricity distribution main,transmission,100000,1,20,LVEtransmission680,LVEtransmission1489,
LVEtransmission680_to_LVEtransmission533_electricity,#3186cc,LV electricity distribution main,transmission,100000,1,20,LVEtransmission533,LVEtransmission680,
LVEtransmission533_to_LVEtransmission1750_electricity,#3186cc,LV electricity distribution main,transmission,100000,1,20,LVEtransmission1750,LVEtransmission533,
LVEtransmission1750_to_LVEtransmission1680_electricity,#3186cc,LV electricity distribution main,transmission,100000,1,20,LVEtransmission1680,LVEtransmission1750,
LVEtransmission1680_to_LVEtransmission945_electricity,#3186cc,LV electricity distribution main,transmission,100000,1,20,LVEtransmission945,LVEtransmission1680,
LVEtransmission945_to_LVEtransmission686_electricity,#3186cc,LV electricity distribution main,transmission,100000,1,20,LVEtransmission686,LVEtransmission945,
LVEtransmission686_to_LVEtransmission872_electricity,#3186cc,LV electricity distribution main,transmission,100000,1,20,LVEtransmission872,LVEtransmission686,
LVEtransmission872_to_LVEtransmission997_electricity,#3186cc,LV electricity distribution main,transmission,100000,1,20,LVEtransmission997,LVEtransmission872,
LVEtransmission997_to_LVEtransmission1483_electricity,#3186cc,LV electricity distribution main,transmission,100000,1,20,LVEtransmission1483,LVEtransmission997,
LVEtransmission1483_to_LVEtransmission1630_electricity,#3186cc,LV electricity distribution main,transmission,100000,1,20,LVEtransmission1630,LVEtransmission1483,
LVEtransmission509_to_LVEtransmission1568_electricity,#3186cc,LV electricity distribution main,transmission,100000,1,20,LVEtransmission1568,LVEtransmission509,
LVEtransmission1568_to_LVEtransmission621_electricity,#3186cc,LV electricity distribution main,transmission,100000,1,20,LVEtransmission621,LVEtransmission1568,
LVEtransmission621_to_LVEtransmission812_electricity,#3186cc,LV electricity distribution main,transmission,100000,1,20,LVEtransmission812,LVEtransmission621,
LVEtransmission812_to_LVEtransmission1587_electricity,#3186cc,LV electricity distribution main,transmission,100000,1,20,LVEtransmission1587,LVEtransmission812,
LVEtransmission1587_to_LVEtransmission421_electricity,#3186cc,LV electricity distribution main,transmission,100000,1,20,LVEtransmission421,LVEtransmission1587,
LVEtransmission421_to_LVEtransmission1444_electricity,#3186cc,LV electricity distribution main,transmission,100000,1,20,LVEtransmission1444,LVEtransmission421,
LVEtransmission1444_to_LVEtransmission575_electricity,#3186cc,LV electricity distribution main,transmission,100000,1,20,LVEtransmission575,LVEtransmission1444,
LVEtransmission575_to_LVEtransmission1630_electricity,#3186cc,LV electricity distribution main,transmission,100000,1,20,LVEtransmission1630,LVEtransmission575,
LVEtransmission1010_to_LVEtransmission1234_electricity,#3186cc,LV electricity distribution main,transmission,100000,1,20,LVEtransmission1234,LVEtransmission1010,
LVEtransmission1717_to_LVEtransmission839_electricity,#3186cc,LV electricity distribution main,transmission,100000,1,20,LVEtransmission839,LVEtransmission1717,
LVEtransmission839_to_LVEtransmission415_electricity,#3186cc,LV electricity distribution main,transmission,100000,1,20,LVEtransmission415,LVEtransmission839,
LVEtransmission415_to_LVEtransmission1953_electricity,#3186cc,LV electricity distribution main,transmission,100000,1,20,LVEtransmission1953,LVEtransmission415,
LVEtransmission1953_to_LVEtransmission2016_electricity,#3186cc,LV electricity distribution main,transmission,100000,1,20,LVEtransmission2016,LVEtransmission1953,
LVEtransmission2016_to_LVEtransmission1570_electricity,#3186cc,LV electricity distribution main,transmission,100000,1,20,LVEtransmission1570,LVEtransmission2016,
LVEtransmission1570_to_LVEtransmission272_electricity,#3186cc,LV electricity distribution main,transmission,100000,1,20,LVEtransmission272,LVEtransmission1570,
LVEtransmission272_to_LVEtransmission1001_electricity,#3186cc,LV electricity distribution main,transmission,100000,1,20,LVEtransmission1001,LVEtransmission272,
LVEtransmission1001_to_LVEtransmission1576_electricity,#3186cc,LV electricity distribution main,transmission,100000,1,20,LVEtransmission1576,LVEtransmission1001,
LVEtransmission1576_to_LVEtransmission1386_electricity,#3186cc,LV electricity distribution main,transmission,100000,1,20,LVEtransmission1386,LVEtransmission1576,
LVEtransmission1386_to_LVEtransmission309_electricity,#3186cc,LV electricity distribution main,transmission,100000,1,20,LVEtransmission309,LVEtransmission1386,
LVEtransmission309_to_LVEtransmission1147_electricity,#3186cc,LV electricity distribution main,transmission,100000,1,20,LVEtransmission1147,LVEtransmission309,
LVEtransmission1147_to_LVEtransmission514_electricity,#3186cc,LV electricity distribution main,transmission,100000,1,20,LVEtransmission514,LVEtransmission1147,
LVEtransmission1240_to_LVEtransmission1112_electricity,#3186cc,LV electricity distribution main,transmission,100000,1,20,LVEtransmission1112,LVEtransmission1240,
LVEtransmission1112_to_LVEtransmission543_electricity,#3186cc,LV electricity distribution main,transmission,100000,1,20,LVEtransmission543,LVEtransmission1112,
LVEtransmission543_to_LVEtransmission236_electricity,#3186cc,LV electricity distribution main,transmission,100000,1,20,LVEtransmission236,LVEtransmission543,
LVEtransmission236_to_LVEtransmission697_electricity,#3186cc,LV electricity distribution main,transmission,100000,1,20,LVEtransmission697,LVEtransmission236,
LVEtransmission697_to_LVEtransmission658_electricity,#3186cc,LV electricity distribution main,transmission,100000,1,20,LVEtransmission658,LVEtransmission697,
LVEtransmission658_to_LVEtransmission1999_electricity,#3186cc,LV electricity distribution main,transmission,100000,1,20,LVEtransmission1999,LVEtransmission658,
LVEtransmission1999_to_LVEtransmission1789_electricity,#3186cc,LV electricity distribution main,transmission,100000,1,20,LVEtransmission1789,LVEtransmission1999,
LVEtransmission1789_to_LVEtransmission909_electricity,#3186cc,LV electricity distribution main,transmission,100000,1,20,LVEtransmission909,LVEtransmission1789,
LVEtransmission909_to_LVEtransmission1758_electricity,#3186cc,LV electricity distribution main,transmission,100000,1,20,LVEtransmission1758,LVEtransmission909,
LVEtransmission1758_to_LVEtransmission1714_electricity,#3186cc,LV electricity distribution main,transmission,100000,1,20,LVEtransmission1714,LVEtransmission1758,
LVEtransmission1714_to_LVEtransmission1248_electricity,#3186cc,LV electricity distribution main,transmission,100000,1,20,LVEtransmission1248,LVEtransmission1714,
LVEtransmission1248_to_LVEtransmission1876_electricity,#3186cc,LV electricity distribution main,transmission,100000,1,20,LVEtransmission1876,LVEtransmission1248,
LVEtransmission1876_to_LVEtransmission741_electricity,#3186cc,LV electricity distribution main,transmission,100000,1,20,LVEtransmission741,LVEtransmission1876,
LVEtransmission741_to_LVEtransmission285_electricity,#3186cc,LV electricity distribution main,transmission,100000,1,20,LVEtransmission285,LVEtransmission741,
LVEtransmission285_to_LVEtransmission1102_electricity,#3186cc,LV electricity distribution main,transmission,100000,1,20,LVEtransmission1102,LVEtransmission285,
LVEtransmission1102_to_LVEtransmission1487_electricity,#3186cc,LV electricity distribution main,transmission,100000,1,20,LVEtransmission1487,LVEtransmission1102,
LVEtransmission1487_to_LVEtransmission1185_electricity,#3186cc,LV electricity distribution main,transmission,100000,1,20,LVEtransmission1185,LVEtransmission1487,
LVEtransmission1185_to_LVEtransmission1085_electricity,#3186cc,LV electricity distribution main,transmission,100000,1,20,LVEtransmission1085,LVEtransmission1185,
LVEtransmission646_to_LVEtransmission644_electricity,#3186cc,LV electricity distribution main,transmission,100000,1,20,LVEtransmission644,LVEtransmission646,
LVEtransmission644_to_LVEtransmission359_electricity,#3186cc,LV electricity distribution main,transmission,100000,1,20,LVEtransmission359,LVEtransmission644,
LVEtransmission359_to_LVEtransmission941_electricity,#3186cc,LV electricity distribution main,transmission,100000,1,20,LVEtransmission941,LVEtransmission359,
LVEtransmission385_to_LVEtransmission1546_electricity,#3186cc,LV electricity distribution main,transmission,100000,1,20,LVEtransmission1546,LVEtransmission385,
LVEtransmission1546_to_LVEtransmission351_electricity,#3186cc,LV electricity distribution main,transmission,100000,1,20,LVEtransmission351,LVEtransmission1546,
LVEtransmission1473_to_LVEtransmission2024_electricity,#3186cc,LV electricity distribution main,transmission,100000,1,20,LVEtransmission2024,LVEtransmission1473,
LVEtransmission2024_to_LVEtransmission1379_electricity,#3186cc,LV electricity distribution main,transmission,100000,1,20,LVEtransmission1379,LVEtransmission2024,
LVEtransmission1379_to_LVEtransmission1478_electricity,#3186cc,LV electricity distribution main,transmission,100000,1,20,LVEtransmission1478,LVEtransmission1379,
LVEtransmission1478_to_LVEtransmission796_electricity,#3186cc,LV electricity distribution main,transmission,100000,1,20,LVEtransmission796,LVEtransmission1478,
LVEtransmission796_to_LVEtransmission1752_electricity,#3186cc,LV electricity distribution main,transmission,100000,1,20,LVEtransmission1752,LVEtransmission796,
LVEtransmission1752_to_LVEtransmission420_electricity,#3186cc,LV electricity distribution main,transmission,100000,1,20,LVEtransmission420,LVEtransmission1752,
LVEtransmission420_to_LVEtransmission665_electricity,#3186cc,LV electricity distribution main,transmission,100000,1,20,LVEtransmission665,LVEtransmission420,
LVEtransmission665_to_LVEtransmission1537_electricity,#3186cc,LV electricity distribution main,transmission,100000,1,20,LVEtransmission1537,LVEtransmission665,
LVEtransmission1537_to_LVEtransmission195_electricity,#3186cc,LV electricity distribution main,transmission,100000,1,20,LVEtransmission195,LVEtransmission1537,
LVEtransmission195_to_LVEtransmission1502_electricity,#3186cc,LV electricity distribution main,transmission,100000,1,20,LVEtransmission1502,LVEtransmission195,
LVEtransmission1502_to_LVEtransmission707_electricity,#3186cc,LV electricity distribution main,transmission,100000,1,20,LVEtransmission707,LVEtransmission1502,
LVEtransmission707_to_LVEtransmission1808_electricity,#3186cc,LV electricity distribution main,transmission,100000,1,20,LVEtransmission1808,LVEtransmission707,
LVEtransmission1808_to_LVEtransmission1313_electricity,#3186cc,LV electricity distribution main,transmission,100000,1,20,LVEtransmission1313,LVEtransmission1808,
LVEtransmission1313_to_LVEtransmission1993_electricity,#3186cc,LV electricity distribution main,transmission,100000,1,20,LVEtransmission1993,LVEtransmission1313,
LVEtransmission1993_to_LVEtransmission592_electricity,#3186cc,LV electricity distribution main,transmission,100000,1,20,LVEtransmission592,LVEtransmission1993,
LVEtransmission592_to_LVEtransmission1527_electricity,#3186cc,LV electricity distribution main,transmission,100000,1,20,LVEtransmission1527,LVEtransmission592,
LVEtransmission1773_to_LVEtransmission473_electricity,#3186cc,LV electricity distribution main,transmission,100000,1,20,LVEtransmission473,LVEtransmission1773,
LVEtransmission473_to_LVEtransmission706_electricity,#3186cc,LV electricity distribution main,transmission,100000,1,20,LVEtransmission706,LVEtransmission473,
LVEtransmission706_to_LVEtransmission369_electricity,#3186cc,LV electricity distribution main,transmission,100000,1,20,LVEtransmission369,LVEtransmission706,
LVEtransmission369_to_LVEtransmission617_electricity,#3186cc,LV electricity distribution main,transmission,100000,1,20,LVEtransmission617,LVEtransmission369,
LVEtransmission617_to_LVEtransmission1832_electricity,#3186cc,LV electricity distribution main,transmission,100000,1,20,LVEtransmission1832,LVEtransmission617,
LVEtransmission1832_to_LVEtransmission1202_electricity,#3186cc,LV electricity distribution main,transmission,100000,1,20,LVEtransmission1202,LVEtransmission1832,
LVEtransmission1202_to_LVEtransmission1682_electricity,#3186cc,LV electricity distribution main,transmission,100000,1,20,LVEtransmission1682,LVEtransmission1202,
LVEtransmission1682_to_LVEtransmission578_electricity,#3186cc,LV electricity distribution main,transmission,100000,1,20,LVEtransmission578,LVEtransmission1682,
LVEtransmission578_to_LVEtransmission1527_electricity,#3186cc,LV electricity distribution main,transmission,100000,1,20,LVEtransmission1527,LVEtransmission578,
warmtenet8_to_substation_multatulibuurt,#823747,Heat transmission main,transmission,100000,1,20,warmtenet8,substation_multatulibuurt,
MV_LV_transformer1_to_LVEtransmission351_electricity,#3186cc,LV electricity distribution main,transmission,100000,1,20,LVEtransmission351,MV_LV_transformer1,
MV_LV_transformer2_to_LVEtransmission735_electricity,#3186cc,LV electricity distribution main,transmission,100000,1,20,LVEtransmission735,MV_LV_transformer2,
MV_LV_transformer3_to_LVEtransmission450_electricity,#3186cc,LV electricity distribution main,transmission,100000,1,20,LVEtransmission450,MV_LV_transformer3,
MV_LV_transformer4_to_LVEtransmission461_electricity,#3186cc,LV electricity distribution main,transmission,100000,1,20,LVEtransmission461,MV_LV_transformer4,
MV_LV_transformer5_to_LVEtransmission1234_electricity,#3186cc,LV electricity distribution main,transmission,100000,1,20,LVEtransmission1234,MV_LV_transformer5,
MV_LV_transformer6_to_LVEtransmission1773_electricity,#3186cc,LV electricity distribution main,transmission,100000,1,20,LVEtransmission1773,MV_LV_transformer6,
MV_LV_transformer7_to_LVEtransmission1905_electricity,#3186cc,LV electricity distribution main,transmission,100000,1,20,LVEtransmission1905,MV_LV_transformer7,
MV_LV_transformer8_to_LVEtransmission571_electricity,#3186cc,LV electricity distribution main,transmission,100000,1,20,LVEtransmission571,MV_LV_transformer8,
MV_LV_transformer9_to_LVEtransmission1914_electricity,#3186cc,LV electricity distribution main,transmission,100000,1,20,LVEtransmission1914,MV_LV_transformer9,
MV_LV_transformer10_to_LVEtransmission1046_electricity,#3186cc,LV electricity distribution main,transmission,100000,1,20,LVEtransmission1046,MV_LV_transformer10,
MV_LV_transformer11_to_LVEtransmission586_electricity,#3186cc,LV electricity distribution main,transmission,100000,1,20,LVEtransmission586,MV_LV_transformer11,
MV_LV_transformer12_to_LVEtransmission469_electricity,#3186cc,LV electricity distribution main,transmission,100000,1,20,LVEtransmission469,MV_LV_transformer12,
D0503100000000190_to_LVEtransmission170_electricity,#3186cc,LV electricity distribution secondary,transmission,100000,1,20,LVEtransmission170,D0503100000000190,
D0503100000000191_to_LVEtransmission86_electricity,#3186cc,LV electricity distribution secondary,transmission,100000,1,20,LVEtransmission86,D0503100000000191,
D0503100000000193_to_LVEtransmission336_electricity,#3186cc,LV electricity distribution secondary,transmission,100000,1,20,LVEtransmission336,D0503100000000193,
D0503100000001933_to_LVEtransmission1255_electricity,#3186cc,LV electricity distribution secondary,transmission,100000,1,20,LVEtransmission1255,D0503100000001933,
D0503100000001936_to_LVEtransmission1776_electricity,#3186cc,LV electricity distribution secondary,transmission,100000,1,20,LVEtransmission1776,D0503100000001936,
D0503100000001937_to_LVEtransmission911_electricity,#3186cc,LV electricity distribution secondary,transmission,100000,1,20,LVEtransmission911,D0503100000001937,
D0503100000001938_to_LVEtransmission911_electricity,#3186cc,LV electricity distribution secondary,transmission,100000,1,20,LVEtransmission911,D0503100000001938,
D0503100000002020_to_LVEtransmission406_electricity,#3186cc,LV electricity distribution secondary,transmission,100000,1,20,LVEtransmission406,D0503100000002020,
D0503100000002021_to_LVEtransmission1348_electricity,#3186cc,LV electricity distribution secondary,transmission,100000,1,20,LVEtransmission1348,D0503100000002021,
D0503100000002023_to_LVEtransmission1006_electricity,#3186cc,LV electricity distribution secondary,transmission,100000,1,20,LVEtransmission1006,D0503100000002023,
D0503100000002025_to_LVEtransmission1454_electricity,#3186cc,LV electricity distribution secondary,transmission,100000,1,20,LVEtransmission1454,D0503100000002025,
D0503100000002026_to_LVEtransmission218_electricity,#3186cc,LV electricity distribution secondary,transmission,100000,1,20,LVEtransmission218,D0503100000002026,
D0503100000002031_to_LVEtransmission1454_electricity,#3186cc,LV electricity distribution secondary,transmission,100000,1,20,LVEtransmission1454,D0503100000002031,
D0503100000002032_to_LVEtransmission1183_electricity,#3186cc,LV electricity distribution secondary,transmission,100000,1,20,LVEtransmission1183,D0503100000002032,
D0503100000002033_to_LVEtransmission888_electricity,#3186cc,LV electricity distribution secondary,transmission,100000,1,20,LVEtransmission888,D0503100000002033,
D0503100000013778_to_LVEtransmission627_electricity,#3186cc,LV electricity distribution secondary,transmission,100000,1,20,LVEtransmission627,D0503100000013778,
D0503100000013779_to_LVEtransmission1252_electricity,#3186cc,LV electricity distribution secondary,transmission,100000,1,20,LVEtransmission1252,D0503100000013779,
D0503100000013780_to_LVEtransmission1318_electricity,#3186cc,LV electricity distribution secondary,transmission,100000,1,20,LVEtransmission1318,D0503100000013780,
D0503100000013831_to_LVEtransmission255_electricity,#3186cc,LV electricity distribution secondary,transmission,100000,1,20,LVEtransmission255,D0503100000013831,
D0503100000013832_to_LVEtransmission1804_electricity,#3186cc,LV electricity distribution secondary,transmission,100000,1,20,LVEtransmission1804,D0503100000013832,
D0503100000013834_to_LVEtransmission463_electricity,#3186cc,LV electricity distribution secondary,transmission,100000,1,20,LVEtransmission463,D0503100000013834,
D0503100000013838_to_LVEtransmission1611_electricity,#3186cc,LV electricity distribution secondary,transmission,100000,1,20,LVEtransmission1611,D0503100000013838,
D0503100000013839_to_LVEtransmission785_electricity,#3186cc,LV electricity distribution secondary,transmission,100000,1,20,LVEtransmission785,D0503100000013839,
D0503100000013840_to_LVEtransmission463_electricity,#3186cc,LV electricity distribution secondary,transmission,100000,1,20,LVEtransmission463,D0503100000013840,
D0503100000013841_to_LVEtransmission956_electricity,#3186cc,LV electricity distribution secondary,transmission,100000,1,20,LVEtransmission956,D0503100000013841,
D0503100000013842_to_LVEtransmission645_electricity,#3186cc,LV electricity distribution secondary,transmission,100000,1,20,LVEtransmission645,D0503100000013842,
D0503100000013843_to_LVEtransmission233_electricity,#3186cc,LV electricity distribution secondary,transmission,100000,1,20,LVEtransmission233,D0503100000013843,
D0503100000013844_to_LVEtransmission1814_electricity,#3186cc,LV electricity distribution secondary,transmission,100000,1,20,LVEtransmission1814,D0503100000013844,
D0503100000013845_to_LVEtransmission694_electricity,#3186cc,LV electricity distribution secondary,transmission,100000,1,20,LVEtransmission694,D0503100000013845,
D0503100000013846_to_LVEtransmission1929_electricity,#3186cc,LV electricity distribution secondary,transmission,100000,1,20,LVEtransmission1929,D0503100000013846,
D0503100000013849_to_LVEtransmission1181_electricity,#3186cc,LV electricity distribution secondary,transmission,100000,1,20,LVEtransmission1181,D0503100000013849,
D0503100000013850_to_LVEtransmission233_electricity,#3186cc,LV electricity distribution secondary,transmission,100000,1,20,LVEtransmission233,D0503100000013850,
D0503100000013851_to_LVEtransmission491_electricity,#3186cc,LV electricity distribution secondary,transmission,100000,1,20,LVEtransmission491,D0503100000013851,
D0503100000013852_to_LVEtransmission1611_electricity,#3186cc,LV electricity distribution secondary,transmission,100000,1,20,LVEtransmission1611,D0503100000013852,
D0503100000013853_to_LVEtransmission255_electricity,#3186cc,LV electricity distribution secondary,transmission,100000,1,20,LVEtransmission255,D0503100000013853,
D0503100000013854_to_LVEtransmission1181_electricity,#3186cc,LV electricity distribution secondary,transmission,100000,1,20,LVEtransmission1181,D0503100000013854,
D0503100000013855_to_LVEtransmission1247_electricity,#3186cc,LV electricity distribution secondary,transmission,100000,1,20,LVEtransmission1247,D0503100000013855,
D0503100000013864_to_LVEtransmission1183_electricity,#3186cc,LV electricity distribution secondary,transmission,100000,1,20,LVEtransmission1183,D0503100000013864,
D0503100000013866_to_LVEtransmission1975_electricity,#3186cc,LV electricity distribution secondary,transmission,100000,1,20,LVEtransmission1975,D0503100000013866,
D0503100000013867_to_LVEtransmission39_electricity,#3186cc,LV electricity distribution secondary,transmission,100000,1,20,LVEtransmission39,D0503100000013867,
D0503100000013868_to_LVEtransmission1582_electricity,#3186cc,LV electricity distribution secondary,transmission,100000,1,20,LVEtransmission1582,D0503100000013868,
D0503100000013869_to_LVEtransmission720_electricity,#3186cc,LV electricity distribution secondary,transmission,100000,1,20,LVEtransmission720,D0503100000013869,
D0503100000013870_to_LVEtransmission388_electricity,#3186cc,LV electricity distribution secondary,transmission,100000,1,20,LVEtransmission388,D0503100000013870,
D0503100000013871_to_LVEtransmission1324_electricity,#3186cc,LV electricity distribution secondary,transmission,100000,1,20,LVEtransmission1324,D0503100000013871,
D0503100000013872_to_LVEtransmission1549_electricity,#3186cc,LV electricity distribution secondary,transmission,100000,1,20,LVEtransmission1549,D0503100000013872,
D0503100000013873_to_LVEtransmission1710_electricity,#3186cc,LV electricity distribution secondary,transmission,100000,1,20,LVEtransmission1710,D0503100000013873,
D0503100000013875_to_LVEtransmission314_electricity,#3186cc,LV electricity distribution secondary,transmission,100000,1,20,LVEtransmission314,D0503100000013875,
D0503100000013876_to_LVEtransmission1716_electricity,#3186cc,LV electricity distribution secondary,transmission,100000,1,20,LVEtransmission1716,D0503100000013876,
D0503100000013877_to_LVEtransmission2011_electricity,#3186cc,LV electricity distribution secondary,transmission,100000,1,20,LVEtransmission2011,D0503100000013877,
D0503100000013878_to_LVEtransmission1716_electricity,#3186cc,LV electricity distribution secondary,transmission,100000,1,20,LVEtransmission1716,D0503100000013878,
D0503100000013880_to_LVEtransmission116_electricity,#3186cc,LV electricity distribution secondary,transmission,100000,1,20,LVEtransmission116,D0503100000013880,
D0503100000013881_to_LVEtransmission116_electricity,#3186cc,LV electricity distribution secondary,transmission,100000,1,20,LVEtransmission116,D0503100000013881,
D0503100000014645_to_LVEtransmission1299_electricity,#3186cc,LV electricity distribution secondary,transmission,100000,1,20,LVEtransmission1299,D0503100000014645,
D0503100000014648_to_LVEtransmission1621_electricity,#3186cc,LV electricity distribution secondary,transmission,100000,1,20,LVEtransmission1621,D0503100000014648,
D0503100000014649_to_LVEtransmission1621_electricity,#3186cc,LV electricity distribution secondary,transmission,100000,1,20,LVEtransmission1621,D0503100000014649,
D0503100000014654_to_LVEtransmission856_electricity,#3186cc,LV electricity distribution secondary,transmission,100000,1,20,LVEtransmission856,D0503100000014654,
D0503100000014719_to_LVEtransmission1299_electricity,#3186cc,LV electricity distribution secondary,transmission,100000,1,20,LVEtransmission1299,D0503100000014719,
D0503100000014723_to_LVEtransmission1912_electricity,#3186cc,LV electricity distribution secondary,transmission,100000,1,20,LVEtransmission1912,D0503100000014723,
D0503100000014725_to_LVEtransmission1737_electricity,#3186cc,LV electricity distribution secondary,transmission,100000,1,20,LVEtransmission1737,D0503100000014725,
D0503100000014726_to_LVEtransmission753_electricity,#3186cc,LV electricity distribution secondary,transmission,100000,1,20,LVEtransmission753,D0503100000014726,
D0503100000014729_to_LVEtransmission2026_electricity,#3186cc,LV electricity distribution secondary,transmission,100000,1,20,LVEtransmission2026,D0503100000014729,
D0503100000014731_to_LVEtransmission1369_electricity,#3186cc,LV electricity distribution secondary,transmission,100000,1,20,LVEtransmission1369,D0503100000014731,
D0503100000014733_to_LVEtransmission1255_electricity,#3186cc,LV electricity distribution secondary,transmission,100000,1,20,LVEtransmission1255,D0503100000014733,
D0503100000014739_to_LVEtransmission488_electricity,#3186cc,LV electricity distribution secondary,transmission,100000,1,20,LVEtransmission488,D0503100000014739,
D0503100000014741_to_LVEtransmission443_electricity,#3186cc,LV electricity distribution secondary,transmission,100000,1,20,LVEtransmission443,D0503100000014741,
D0503100000014744_to_LVEtransmission320_electricity,#3186cc,LV electricity distribution secondary,transmission,100000,1,20,LVEtransmission320,D0503100000014744,
D0503100000014745_to_LVEtransmission1235_electricity,#3186cc,LV electricity distribution secondary,transmission,100000,1,20,LVEtransmission1235,D0503100000014745,
D0503100000014747_to_LVEtransmission784_electricity,#3186cc,LV electricity distribution secondary,transmission,100000,1,20,LVEtransmission784,D0503100000014747,
D0503100000014748_to_LVEtransmission884_electricity,#3186cc,LV electricity distribution secondary,transmission,100000,1,20,LVEtransmission884,D0503100000014748,
D0503100000014835_to_LVEtransmission1666_electricity,#3186cc,LV electricity distribution secondary,transmission,100000,1,20,LVEtransmission1666,D0503100000014835,
D0503100000014836_to_LVEtransmission884_electricity,#3186cc,LV electricity distribution secondary,transmission,100000,1,20,LVEtransmission884,D0503100000014836,
D0503100000014837_to_LVEtransmission801_electricity,#3186cc,LV electricity distribution secondary,transmission,100000,1,20,LVEtransmission801,D0503100000014837,
D0503100000014838_to_LVEtransmission469_electricity,#3186cc,LV electricity distribution secondary,transmission,100000,1,20,LVEtransmission469,D0503100000014838,
D0503100000014843_to_LVEtransmission548_electricity,#3186cc,LV electricity distribution secondary,transmission,100000,1,20,LVEtransmission548,D0503100000014843,
D0503100000014847_to_LVEtransmission183_electricity,#3186cc,LV electricity distribution secondary,transmission,100000,1,20,LVEtransmission183,D0503100000014847,
D0503100000014848_to_LVEtransmission109_electricity,#3186cc,LV electricity distribution secondary,transmission,100000,1,20,LVEtransmission109,D0503100000014848,
D0503100000014850_to_LVEtransmission1378_electricity,#3186cc,LV electricity distribution secondary,transmission,100000,1,20,LVEtransmission1378,D0503100000014850,
D0503100000014852_to_LVEtransmission1062_electricity,#3186cc,LV electricity distribution secondary,transmission,100000,1,20,LVEtransmission1062,D0503100000014852,
D0503100000014854_to_LVEtransmission161_electricity,#3186cc,LV electricity distribution secondary,transmission,100000,1,20,LVEtransmission161,D0503100000014854,
D0503100000015289_to_LVEtransmission1301_electricity,#3186cc,LV electricity distribution secondary,transmission,100000,1,20,LVEtransmission1301,D0503100000015289,
D0503100000015290_to_LVEtransmission1322_electricity,#3186cc,LV electricity distribution secondary,transmission,100000,1,20,LVEtransmission1322,D0503100000015290,
D0503100000015291_to_LVEtransmission886_electricity,#3186cc,LV electricity distribution secondary,transmission,100000,1,20,LVEtransmission886,D0503100000015291,
D0503100000015292_to_LVEtransmission252_electricity,#3186cc,LV electricity distribution secondary,transmission,100000,1,20,LVEtransmission252,D0503100000015292,
D0503100000015293_to_LVEtransmission691_electricity,#3186cc,LV electricity distribution secondary,transmission,100000,1,20,LVEtransmission691,D0503100000015293,
D0503100000015294_to_LVEtransmission1301_electricity,#3186cc,LV electricity distribution secondary,transmission,100000,1,20,LVEtransmission1301,D0503100000015294,
D0503100000015295_to_LVEtransmission659_electricity,#3186cc,LV electricity distribution secondary,transmission,100000,1,20,LVEtransmission659,D0503100000015295,
D0503100000015297_to_LVEtransmission1484_electricity,#3186cc,LV electricity distribution secondary,transmission,100000,1,20,LVEtransmission1484,D0503100000015297,
D0503100000015298_to_LVEtransmission218_electricity,#3186cc,LV electricity distribution secondary,transmission,100000,1,20,LVEtransmission218,D0503100000015298,
D0503100000015299_to_LVEtransmission1036_electricity,#3186cc,LV electricity distribution secondary,transmission,100000,1,20,LVEtransmission1036,D0503100000015299,
D0503100000015300_to_LVEtransmission328_electricity,#3186cc,LV electricity distribution secondary,transmission,100000,1,20,LVEtransmission328,D0503100000015300,
D0503100000015304_to_LVEtransmission297_electricity,#3186cc,LV electricity distribution secondary,transmission,100000,1,20,LVEtransmission297,D0503100000015304,
D0503100000015305_to_LVEtransmission886_electricity,#3186cc,LV electricity distribution secondary,transmission,100000,1,20,LVEtransmission886,D0503100000015305,
D0503100000015306_to_LVEtransmission1282_electricity,#3186cc,LV electricity distribution secondary,transmission,100000,1,20,LVEtransmission1282,D0503100000015306,
D0503100000015307_to_LVEtransmission1322_electricity,#3186cc,LV electricity distribution secondary,transmission,100000,1,20,LVEtransmission1322,D0503100000015307,
D0503100000015312_to_LVEtransmission1282_electricity,#3186cc,LV electricity distribution secondary,transmission,100000,1,20,LVEtransmission1282,D0503100000015312,
D0503100000015314_to_LVEtransmission1800_electricity,#3186cc,LV electricity distribution secondary,transmission,100000,1,20,LVEtransmission1800,D0503100000015314,
D0503100000015316_to_LVEtransmission253_electricity,#3186cc,LV electricity distribution secondary,transmission,100000,1,20,LVEtransmission253,D0503100000015316,
D0503100000015317_to_LVEtransmission20_electricity,#3186cc,LV electricity distribution secondary,transmission,100000,1,20,LVEtransmission20,D0503100000015317,
D0503100000015318_to_LVEtransmission1032_electricity,#3186cc,LV electricity distribution secondary,transmission,100000,1,20,LVEtransmission1032,D0503100000015318,
D0503100000015402_to_LVEtransmission381_electricity,#3186cc,LV electricity distribution secondary,transmission,100000,1,20,LVEtransmission381,D0503100000015402,
D0503100000015404_to_LVEtransmission85_electricity,#3186cc,LV electricity distribution secondary,transmission,100000,1,20,LVEtransmission85,D0503100000015404,
D0503100000015405_to_LVEtransmission1251_electricity,#3186cc,LV electricity distribution secondary,transmission,100000,1,20,LVEtransmission1251,D0503100000015405,
D0503100000015406_to_LVEtransmission1100_electricity,#3186cc,LV electricity distribution secondary,transmission,100000,1,20,LVEtransmission1100,D0503100000015406,
D0503100000015408_to_LVEtransmission713_electricity,#3186cc,LV electricity distribution secondary,transmission,100000,1,20,LVEtransmission713,D0503100000015408,
D0503100000015409_to_LVEtransmission346_electricity,#3186cc,LV electricity distribution secondary,transmission,100000,1,20,LVEtransmission346,D0503100000015409,
D0503100000015410_to_LVEtransmission274_electricity,#3186cc,LV electricity distribution secondary,transmission,100000,1,20,LVEtransmission274,D0503100000015410,
D0503100000015412_to_LVEtransmission346_electricity,#3186cc,LV electricity distribution secondary,transmission,100000,1,20,LVEtransmission346,D0503100000015412,
D0503100000015413_to_LVEtransmission918_electricity,#3186cc,LV electricity distribution secondary,transmission,100000,1,20,LVEtransmission918,D0503100000015413,
D0503100000015414_to_LVEtransmission203_electricity,#3186cc,LV electricity distribution secondary,transmission,100000,1,20,LVEtransmission203,D0503100000015414,
D0503100000015415_to_LVEtransmission459_electricity,#3186cc,LV electricity distribution secondary,transmission,100000,1,20,LVEtransmission459,D0503100000015415,
D0503100000015416_to_LVEtransmission253_electricity,#3186cc,LV electricity distribution secondary,transmission,100000,1,20,LVEtransmission253,D0503100000015416,
D0503100000015418_to_LVEtransmission274_electricity,#3186cc,LV electricity distribution secondary,transmission,100000,1,20,LVEtransmission274,D0503100000015418,
D0503100000015420_to_LVEtransmission1343_electricity,#3186cc,LV electricity distribution secondary,transmission,100000,1,20,LVEtransmission1343,D0503100000015420,
D0503100000015424_to_LVEtransmission702_electricity,#3186cc,LV electricity distribution secondary,transmission,100000,1,20,LVEtransmission702,D0503100000015424,
D0503100000015425_to_LVEtransmission785_electricity,#3186cc,LV electricity distribution secondary,transmission,100000,1,20,LVEtransmission785,D0503100000015425,
D0503100000015428_to_LVEtransmission1929_electricity,#3186cc,LV electricity distribution secondary,transmission,100000,1,20,LVEtransmission1929,D0503100000015428,
D0503100000015431_to_LVEtransmission491_electricity,#3186cc,LV electricity distribution secondary,transmission,100000,1,20,LVEtransmission491,D0503100000015431,
D0503100000015432_to_LVEtransmission1636_electricity,#3186cc,LV electricity distribution secondary,transmission,100000,1,20,LVEtransmission1636,D0503100000015432,
D0503100000018688_to_LVEtransmission573_electricity,#3186cc,LV electricity distribution secondary,transmission,100000,1,20,LVEtransmission573,D0503100000018688,
D0503100000018691_to_LVEtransmission353_electricity,#3186cc,LV electricity distribution secondary,transmission,100000,1,20,LVEtransmission353,D0503100000018691,
D0503100000018692_to_LVEtransmission66_electricity,#3186cc,LV electricity distribution secondary,transmission,100000,1,20,LVEtransmission66,D0503100000018692,
D0503100000018693_to_LVEtransmission1039_electricity,#3186cc,LV electricity distribution secondary,transmission,100000,1,20,LVEtransmission1039,D0503100000018693,
D0503100000018694_to_LVEtransmission855_electricity,#3186cc,LV electricity distribution secondary,transmission,100000,1,20,LVEtransmission855,D0503100000018694,
D0503100000018695_to_LVEtransmission171_electricity,#3186cc,LV electricity distribution secondary,transmission,100000,1,20,LVEtransmission171,D0503100000018695,
D0503100000018698_to_LVEtransmission156_electricity,#3186cc,LV electricity distribution secondary,transmission,100000,1,20,LVEtransmission156,D0503100000018698,
D0503100000018699_to_LVEtransmission156_electricity,#3186cc,LV electricity distribution secondary,transmission,100000,1,20,LVEtransmission156,D0503100000018699,
D0503100000018700_to_LVEtransmission667_electricity,#3186cc,LV electricity distribution secondary,transmission,100000,1,20,LVEtransmission667,D0503100000018700,
D0503100000018701_to_LVEtransmission1125_electricity,#3186cc,LV electricity distribution secondary,transmission,100000,1,20,LVEtransmission1125,D0503100000018701,
D0503100000018704_to_LVEtransmission1552_electricity,#3186cc,LV electricity distribution secondary,transmission,100000,1,20,LVEtransmission1552,D0503100000018704,
D0503100000018705_to_LVEtransmission556_electricity,#3186cc,LV electricity distribution secondary,transmission,100000,1,20,LVEtransmission556,D0503100000018705,
D0503100000018706_to_LVEtransmission326_electricity,#3186cc,LV electricity distribution secondary,transmission,100000,1,20,LVEtransmission326,D0503100000018706,
D0503100000018707_to_LVEtransmission182_electricity,#3186cc,LV electricity distribution secondary,transmission,100000,1,20,LVEtransmission182,D0503100000018707,
D0503100000018708_to_LVEtransmission525_electricity,#3186cc,LV electricity distribution secondary,transmission,100000,1,20,LVEtransmission525,D0503100000018708,
D0503100000018710_to_LVEtransmission1019_electricity,#3186cc,LV electricity distribution secondary,transmission,100000,1,20,LVEtransmission1019,D0503100000018710,
D0503100000018711_to_LVEtransmission1266_electricity,#3186cc,LV electricity distribution secondary,transmission,100000,1,20,LVEtransmission1266,D0503100000018711,
D0503100000018712_to_LVEtransmission1669_electricity,#3186cc,LV electricity distribution secondary,transmission,100000,1,20,LVEtransmission1669,D0503100000018712,
D0503100000018785_to_LVEtransmission1777_electricity,#3186cc,LV electricity distribution secondary,transmission,100000,1,20,LVEtransmission1777,D0503100000018785,
D0503100000018786_to_LVEtransmission1165_electricity,#3186cc,LV electricity distribution secondary,transmission,100000,1,20,LVEtransmission1165,D0503100000018786,
D0503100000018787_to_LVEtransmission1306_electricity,#3186cc,LV electricity distribution secondary,transmission,100000,1,20,LVEtransmission1306,D0503100000018787,
D0503100000018788_to_LVEtransmission1063_electricity,#3186cc,LV electricity distribution secondary,transmission,100000,1,20,LVEtransmission1063,D0503100000018788,
D0503100000018789_to_LVEtransmission1063_electricity,#3186cc,LV electricity distribution secondary,transmission,100000,1,20,LVEtransmission1063,D0503100000018789,
D0503100000018790_to_LVEtransmission1984_electricity,#3186cc,LV electricity distribution secondary,transmission,100000,1,20,LVEtransmission1984,D0503100000018790,
D0503100000018791_to_LVEtransmission1393_electricity,#3186cc,LV electricity distribution secondary,transmission,100000,1,20,LVEtransmission1393,D0503100000018791,
D0503100000018792_to_LVEtransmission1393_electricity,#3186cc,LV electricity distribution secondary,transmission,100000,1,20,LVEtransmission1393,D0503100000018792,
D0503100000018793_to_LVEtransmission1393_electricity,#3186cc,LV electricity distribution secondary,transmission,100000,1,20,LVEtransmission1393,D0503100000018793,
D0503100000018794_to_LVEtransmission434_electricity,#3186cc,LV electricity distribution secondary,transmission,100000,1,20,LVEtransmission434,D0503100000018794,
D0503100000018795_to_LVEtransmission434_electricity,#3186cc,LV electricity distribution secondary,transmission,100000,1,20,LVEtransmission434,D0503100000018795,
D0503100000018796_to_LVEtransmission1125_electricity,#3186cc,LV electricity distribution secondary,transmission,100000,1,20,LVEtransmission1125,D0503100000018796,
D0503100000018797_to_LVEtransmission853_electricity,#3186cc,LV electricity distribution secondary,transmission,100000,1,20,LVEtransmission853,D0503100000018797,
D0503100000018798_to_LVEtransmission853_electricity,#3186cc,LV electricity distribution secondary,transmission,100000,1,20,LVEtransmission853,D0503100000018798,
D0503100000018799_to_LVEtransmission125_electricity,#3186cc,LV electricity distribution secondary,transmission,100000,1,20,LVEtransmission125,D0503100000018799,
D0503100000018800_to_LVEtransmission77_electricity,#3186cc,LV electricity distribution secondary,transmission,100000,1,20,LVEtransmission77,D0503100000018800,
D0503100000018801_to_LVEtransmission1158_electricity,#3186cc,LV electricity distribution secondary,transmission,100000,1,20,LVEtransmission1158,D0503100000018801,
D0503100000018802_to_LVEtransmission1325_electricity,#3186cc,LV electricity distribution secondary,transmission,100000,1,20,LVEtransmission1325,D0503100000018802,
D0503100000018803_to_LVEtransmission1723_electricity,#3186cc,LV electricity distribution secondary,transmission,100000,1,20,LVEtransmission1723,D0503100000018803,
D0503100000018804_to_LVEtransmission94_electricity,#3186cc,LV electricity distribution secondary,transmission,100000,1,20,LVEtransmission94,D0503100000018804,
D0503100000018805_to_LVEtransmission1558_electricity,#3186cc,LV electricity distribution secondary,transmission,100000,1,20,LVEtransmission1558,D0503100000018805,
D0503100000018806_to_LVEtransmission1558_electricity,#3186cc,LV electricity distribution secondary,transmission,100000,1,20,LVEtransmission1558,D0503100000018806,
D0503100000018807_to_LVEtransmission384_electricity,#3186cc,LV electricity distribution secondary,transmission,100000,1,20,LVEtransmission384,D0503100000018807,
D0503100000018808_to_LVEtransmission792_electricity,#3186cc,LV electricity distribution secondary,transmission,100000,1,20,LVEtransmission792,D0503100000018808,
D0503100000018809_to_LVEtransmission1649_electricity,#3186cc,LV electricity distribution secondary,transmission,100000,1,20,LVEtransmission1649,D0503100000018809,
D0503100000018810_to_LVEtransmission1267_electricity,#3186cc,LV electricity distribution secondary,transmission,100000,1,20,LVEtransmission1267,D0503100000018810,
D0503100000018811_to_LVEtransmission1556_electricity,#3186cc,LV electricity distribution secondary,transmission,100000,1,20,LVEtransmission1556,D0503100000018811,
D0503100000018812_to_LVEtransmission1141_electricity,#3186cc,LV electricity distribution secondary,transmission,100000,1,20,LVEtransmission1141,D0503100000018812,
D0503100000018813_to_LVEtransmission377_electricity,#3186cc,LV electricity distribution secondary,transmission,100000,1,20,LVEtransmission377,D0503100000018813,
D0503100000018814_to_LVEtransmission833_electricity,#3186cc,LV electricity distribution secondary,transmission,100000,1,20,LVEtransmission833,D0503100000018814,
D0503100000018815_to_LVEtransmission1786_electricity,#3186cc,LV electricity distribution secondary,transmission,100000,1,20,LVEtransmission1786,D0503100000018815,
D0503100000018879_to_LVEtransmission2006_electricity,#3186cc,LV electricity distribution secondary,transmission,100000,1,20,LVEtransmission2006,D0503100000018879,
D0503100000018880_to_LVEtransmission1227_electricity,#3186cc,LV electricity distribution secondary,transmission,100000,1,20,LVEtransmission1227,D0503100000018880,
D0503100000018881_to_LVEtransmission300_electricity,#3186cc,LV electricity distribution secondary,transmission,100000,1,20,LVEtransmission300,D0503100000018881,
D0503100000018882_to_LVEtransmission1_electricity,#3186cc,LV electricity distribution secondary,transmission,100000,1,20,LVEtransmission1,D0503100000018882,
D0503100000018883_to_LVEtransmission1_electricity,#3186cc,LV electricity distribution secondary,transmission,100000,1,20,LVEtransmission1,D0503100000018883,
D0503100000018884_to_LVEtransmission1643_electricity,#3186cc,LV electricity distribution secondary,transmission,100000,1,20,LVEtransmission1643,D0503100000018884,
D0503100000018892_to_LVEtransmission326_electricity,#3186cc,LV electricity distribution secondary,transmission,100000,1,20,LVEtransmission326,D0503100000018892,
D0503100000018893_to_LVEtransmission1430_electricity,#3186cc,LV electricity distribution secondary,transmission,100000,1,20,LVEtransmission1430,D0503100000018893,
D0503100000018894_to_LVEtransmission908_electricity,#3186cc,LV electricity distribution secondary,transmission,100000,1,20,LVEtransmission908,D0503100000018894,
D0503100000018895_to_LVEtransmission182_electricity,#3186cc,LV electricity distribution secondary,transmission,100000,1,20,LVEtransmission182,D0503100000018895,
D0503100000018896_to_LVEtransmission137_electricity,#3186cc,LV electricity distribution secondary,transmission,100000,1,20,LVEtransmission137,D0503100000018896,
D0503100000018897_to_LVEtransmission1938_electricity,#3186cc,LV electricity distribution secondary,transmission,100000,1,20,LVEtransmission1938,D0503100000018897,
D0503100000018899_to_LVEtransmission1598_electricity,#3186cc,LV electricity distribution secondary,transmission,100000,1,20,LVEtransmission1598,D0503100000018899,
D0503100000018900_to_LVEtransmission362_electricity,#3186cc,LV electricity distribution secondary,transmission,100000,1,20,LVEtransmission362,D0503100000018900,
D0503100000018901_to_LVEtransmission362_electricity,#3186cc,LV electricity distribution secondary,transmission,100000,1,20,LVEtransmission362,D0503100000018901,
D0503100000018902_to_LVEtransmission739_electricity,#3186cc,LV electricity distribution secondary,transmission,100000,1,20,LVEtransmission739,D0503100000018902,
D0503100000018903_to_LVEtransmission1026_electricity,#3186cc,LV electricity distribution secondary,transmission,100000,1,20,LVEtransmission1026,D0503100000018903,
D0503100000018904_to_LVEtransmission1026_electricity,#3186cc,LV electricity distribution secondary,transmission,100000,1,20,LVEtransmission1026,D0503100000018904,
D0503100000018905_to_LVEtransmission960_electricity,#3186cc,LV electricity distribution secondary,transmission,100000,1,20,LVEtransmission960,D0503100000018905,
D0503100000018906_to_LVEtransmission995_electricity,#3186cc,LV electricity distribution secondary,transmission,100000,1,20,LVEtransmission995,D0503100000018906,
D0503100000018907_to_LVEtransmission1674_electricity,#3186cc,LV electricity distribution secondary,transmission,100000,1,20,LVEtransmission1674,D0503100000018907,
D0503100000018908_to_LVEtransmission1822_electricity,#3186cc,LV electricity distribution secondary,transmission,100000,1,20,LVEtransmission1822,D0503100000018908,
D0503100000018909_to_LVEtransmission1822_electricity,#3186cc,LV electricity distribution secondary,transmission,100000,1,20,LVEtransmission1822,D0503100000018909,
D0503100000018910_to_LVEtransmission1028_electricity,#3186cc,LV electricity distribution secondary,transmission,100000,1,20,LVEtransmission1028,D0503100000018910,
D0503100000018911_to_LVEtransmission1382_electricity,#3186cc,LV electricity distribution secondary,transmission,100000,1,20,LVEtransmission1382,D0503100000018911,
D0503100000018912_to_LVEtransmission1026_electricity,#3186cc,LV electricity distribution secondary,transmission,100000,1,20,LVEtransmission1026,D0503100000018912,
D0503100000018979_to_LVEtransmission1598_electricity,#3186cc,LV electricity distribution secondary,transmission,100000,1,20,LVEtransmission1598,D0503100000018979,
D0503100000018980_to_LVEtransmission1739_electricity,#3186cc,LV electricity distribution secondary,transmission,100000,1,20,LVEtransmission1739,D0503100000018980,
D0503100000018981_to_LVEtransmission1333_electricity,#3186cc,LV electricity distribution secondary,transmission,100000,1,20,LVEtransmission1333,D0503100000018981,
D0503100000018982_to_LVEtransmission1333_electricity,#3186cc,LV electricity distribution secondary,transmission,100000,1,20,LVEtransmission1333,D0503100000018982,
D0503100000018983_to_LVEtransmission89_electricity,#3186cc,LV electricity distribution secondary,transmission,100000,1,20,LVEtransmission89,D0503100000018983,
D0503100000018984_to_LVEtransmission1586_electricity,#3186cc,LV electricity distribution secondary,transmission,100000,1,20,LVEtransmission1586,D0503100000018984,
D0503100000018985_to_LVEtransmission1586_electricity,#3186cc,LV electricity distribution secondary,transmission,100000,1,20,LVEtransmission1586,D0503100000018985,
D0503100000018986_to_LVEtransmission819_electricity,#3186cc,LV electricity distribution secondary,transmission,100000,1,20,LVEtransmission819,D0503100000018986,
D0503100000018987_to_LVEtransmission1935_electricity,#3186cc,LV electricity distribution secondary,transmission,100000,1,20,LVEtransmission1935,D0503100000018987,
D0503100000018988_to_LVEtransmission213_electricity,#3186cc,LV electricity distribution secondary,transmission,100000,1,20,LVEtransmission213,D0503100000018988,
D0503100000018989_to_LVEtransmission901_electricity,#3186cc,LV electricity distribution secondary,transmission,100000,1,20,LVEtransmission901,D0503100000018989,
D0503100000018990_to_LVEtransmission556_electricity,#3186cc,LV electricity distribution secondary,transmission,100000,1,20,LVEtransmission556,D0503100000018990,
D0503100000019096_to_LVEtransmission1988_electricity,#3186cc,LV electricity distribution secondary,transmission,100000,1,20,LVEtransmission1988,D0503100000019096,
D0503100000019098_to_LVEtransmission250_electricity,#3186cc,LV electricity distribution secondary,transmission,100000,1,20,LVEtransmission250,D0503100000019098,
D0503100000019099_to_LVEtransmission1927_electricity,#3186cc,LV electricity distribution secondary,transmission,100000,1,20,LVEtransmission1927,D0503100000019099,
D0503100000019100_to_LVEtransmission1376_electricity,#3186cc,LV electricity distribution secondary,transmission,100000,1,20,LVEtransmission1376,D0503100000019100,
D0503100000019102_to_LVEtransmission2025_electricity,#3186cc,LV electricity distribution secondary,transmission,100000,1,20,LVEtransmission2025,D0503100000019102,
D0503100000019103_to_LVEtransmission104_electricity,#3186cc,LV electricity distribution secondary,transmission,100000,1,20,LVEtransmission104,D0503100000019103,
D0503100000019104_to_LVEtransmission1783_electricity,#3186cc,LV electricity distribution secondary,transmission,100000,1,20,LVEtransmission1783,D0503100000019104,
D0503100000019105_to_LVEtransmission722_electricity,#3186cc,LV electricity distribution secondary,transmission,100000,1,20,LVEtransmission722,D0503100000019105,
D0503100000019106_to_LVEtransmission722_electricity,#3186cc,LV electricity distribution secondary,transmission,100000,1,20,LVEtransmission722,D0503100000019106,
D0503100000019107_to_LVEtransmission1071_electricity,#3186cc,LV electricity distribution secondary,transmission,100000,1,20,LVEtransmission1071,D0503100000019107,
D0503100000019108_to_LVEtransmission1193_electricity,#3186cc,LV electricity distribution secondary,transmission,100000,1,20,LVEtransmission1193,D0503100000019108,
D0503100000019109_to_LVEtransmission1193_electricity,#3186cc,LV electricity distribution secondary,transmission,100000,1,20,LVEtransmission1193,D0503100000019109,
D0503100000019110_to_LVEtransmission73_electricity,#3186cc,LV electricity distribution secondary,transmission,100000,1,20,LVEtransmission73,D0503100000019110,
D0503100000019111_to_LVEtransmission1933_electricity,#3186cc,LV electricity distribution secondary,transmission,100000,1,20,LVEtransmission1933,D0503100000019111,
D0503100000019112_to_LVEtransmission1933_electricity,#3186cc,LV electricity distribution secondary,transmission,100000,1,20,LVEtransmission1933,D0503100000019112,
D0503100000019113_to_LVEtransmission970_electricity,#3186cc,LV electricity distribution secondary,transmission,100000,1,20,LVEtransmission970,D0503100000019113,
D0503100000019114_to_LVEtransmission1589_electricity,#3186cc,LV electricity distribution secondary,transmission,100000,1,20,LVEtransmission1589,D0503100000019114,
D0503100000019115_to_LVEtransmission1914_electricity,#3186cc,LV electricity distribution secondary,transmission,100000,1,20,LVEtransmission1914,D0503100000019115,
D0503100000019116_to_LVEtransmission1203_electricity,#3186cc,LV electricity distribution secondary,transmission,100000,1,20,LVEtransmission1203,D0503100000019116,
D0503100000019117_to_LVEtransmission510_electricity,#3186cc,LV electricity distribution secondary,transmission,100000,1,20,LVEtransmission510,D0503100000019117,
D0503100000019194_to_LVEtransmission1878_electricity,#3186cc,LV electricity distribution secondary,transmission,100000,1,20,LVEtransmission1878,D0503100000019194,
D0503100000019195_to_LVEtransmission1617_electricity,#3186cc,LV electricity distribution secondary,transmission,100000,1,20,LVEtransmission1617,D0503100000019195,
D0503100000019196_to_LVEtransmission1617_electricity,#3186cc,LV electricity distribution secondary,transmission,100000,1,20,LVEtransmission1617,D0503100000019196,
D0503100000019197_to_LVEtransmission1654_electricity,#3186cc,LV electricity distribution secondary,transmission,100000,1,20,LVEtransmission1654,D0503100000019197,
D0503100000019198_to_LVEtransmission626_electricity,#3186cc,LV electricity distribution secondary,transmission,100000,1,20,LVEtransmission626,D0503100000019198,
D0503100000019223_to_LVEtransmission315_electricity,#3186cc,LV electricity distribution secondary,transmission,100000,1,20,LVEtransmission315,D0503100000019223,
D0503100000019224_to_LVEtransmission1554_electricity,#3186cc,LV electricity distribution secondary,transmission,100000,1,20,LVEtransmission1554,D0503100000019224,
D0503100000019225_to_LVEtransmission681_electricity,#3186cc,LV electricity distribution secondary,transmission,100000,1,20,LVEtransmission681,D0503100000019225,
D0503100000019226_to_LVEtransmission681_electricity,#3186cc,LV electricity distribution secondary,transmission,100000,1,20,LVEtransmission681,D0503100000019226,
D0503100000019427_to_LVEtransmission306_electricity,#3186cc,LV electricity distribution secondary,transmission,100000,1,20,LVEtransmission306,D0503100000019427,
D0503100000019429_to_LVEtransmission939_electricity,#3186cc,LV electricity distribution secondary,transmission,100000,1,20,LVEtransmission939,D0503100000019429,
D0503100000019430_to_LVEtransmission1471_electricity,#3186cc,LV electricity distribution secondary,transmission,100000,1,20,LVEtransmission1471,D0503100000019430,
D0503100000019431_to_LVEtransmission1548_electricity,#3186cc,LV electricity distribution secondary,transmission,100000,1,20,LVEtransmission1548,D0503100000019431,
D0503100000019432_to_LVEtransmission1631_electricity,#3186cc,LV electricity distribution secondary,transmission,100000,1,20,LVEtransmission1631,D0503100000019432,
D0503100000019433_to_LVEtransmission1631_electricity,#3186cc,LV electricity distribution secondary,transmission,100000,1,20,LVEtransmission1631,D0503100000019433,
D0503100000019435_to_LVEtransmission306_electricity,#3186cc,LV electricity distribution secondary,transmission,100000,1,20,LVEtransmission306,D0503100000019435,
D0503100000019436_to_LVEtransmission1620_electricity,#3186cc,LV electricity distribution secondary,transmission,100000,1,20,LVEtransmission1620,D0503100000019436,
D0503100000019437_to_LVEtransmission1844_electricity,#3186cc,LV electricity distribution secondary,transmission,100000,1,20,LVEtransmission1844,D0503100000019437,
D0503100000019438_to_LVEtransmission438_electricity,#3186cc,LV electricity distribution secondary,transmission,100000,1,20,LVEtransmission438,D0503100000019438,
D0503100000019439_to_LVEtransmission438_electricity,#3186cc,LV electricity distribution secondary,transmission,100000,1,20,LVEtransmission438,D0503100000019439,
D0503100000019440_to_LVEtransmission196_electricity,#3186cc,LV electricity distribution secondary,transmission,100000,1,20,LVEtransmission196,D0503100000019440,
D0503100000019441_to_LVEtransmission154_electricity,#3186cc,LV electricity distribution secondary,transmission,100000,1,20,LVEtransmission154,D0503100000019441,
D0503100000019442_to_LVEtransmission896_electricity,#3186cc,LV electricity distribution secondary,transmission,100000,1,20,LVEtransmission896,D0503100000019442,
D0503100000019443_to_LVEtransmission951_electricity,#3186cc,LV electricity distribution secondary,transmission,100000,1,20,LVEtransmission951,D0503100000019443,
D0503100000019444_to_LVEtransmission263_electricity,#3186cc,LV electricity distribution secondary,transmission,100000,1,20,LVEtransmission263,D0503100000019444,
D0503100000019513_to_LVEtransmission1818_electricity,#3186cc,LV electricity distribution secondary,transmission,100000,1,20,LVEtransmission1818,D0503100000019513,
D0503100000019514_to_LVEtransmission1358_electricity,#3186cc,LV electricity distribution secondary,transmission,100000,1,20,LVEtransmission1358,D0503100000019514,
D0503100000019515_to_LVEtransmission1678_electricity,#3186cc,LV electricity distribution secondary,transmission,100000,1,20,LVEtransmission1678,D0503100000019515,
D0503100000019516_to_LVEtransmission1678_electricity,#3186cc,LV electricity distribution secondary,transmission,100000,1,20,LVEtransmission1678,D0503100000019516,
D0503100000019517_to_LVEtransmission492_electricity,#3186cc,LV electricity distribution secondary,transmission,100000,1,20,LVEtransmission492,D0503100000019517,
D0503100000019518_to_LVEtransmission136_electricity,#3186cc,LV electricity distribution secondary,transmission,100000,1,20,LVEtransmission136,D0503100000019518,
D0503100000019519_to_LVEtransmission688_electricity,#3186cc,LV electricity distribution secondary,transmission,100000,1,20,LVEtransmission688,D0503100000019519,
D0503100000019520_to_LVEtransmission1042_electricity,#3186cc,LV electricity distribution secondary,transmission,100000,1,20,LVEtransmission1042,D0503100000019520,
D0503100000019534_to_LVEtransmission1181_electricity,#3186cc,LV electricity distribution secondary,transmission,100000,1,20,LVEtransmission1181,D0503100000019534,
D0503100000019535_to_LVEtransmission65_electricity,#3186cc,LV electricity distribution secondary,transmission,100000,1,20,LVEtransmission65,D0503100000019535,
D0503100000019536_to_LVEtransmission382_electricity,#3186cc,LV electricity distribution secondary,transmission,100000,1,20,LVEtransmission382,D0503100000019536,
D0503100000019537_to_LVEtransmission211_electricity,#3186cc,LV electricity distribution secondary,transmission,100000,1,20,LVEtransmission211,D0503100000019537,
D0503100000019538_to_LVEtransmission1889_electricity,#3186cc,LV electricity distribution secondary,transmission,100000,1,20,LVEtransmission1889,D0503100000019538,
D0503100000019539_to_LVEtransmission1889_electricity,#3186cc,LV electricity distribution secondary,transmission,100000,1,20,LVEtransmission1889,D0503100000019539,
D0503100000019619_to_LVEtransmission1355_electricity,#3186cc,LV electricity distribution secondary,transmission,100000,1,20,LVEtransmission1355,D0503100000019619,
D0503100000019620_to_LVEtransmission1353_electricity,#3186cc,LV electricity distribution secondary,transmission,100000,1,20,LVEtransmission1353,D0503100000019620,
D0503100000019621_to_LVEtransmission1353_electricity,#3186cc,LV electricity distribution secondary,transmission,100000,1,20,LVEtransmission1353,D0503100000019621,
D0503100000019622_to_LVEtransmission1038_electricity,#3186cc,LV electricity distribution secondary,transmission,100000,1,20,LVEtransmission1038,D0503100000019622,
D0503100000019623_to_LVEtransmission400_electricity,#3186cc,LV electricity distribution secondary,transmission,100000,1,20,LVEtransmission400,D0503100000019623,
D0503100000019624_to_LVEtransmission633_electricity,#3186cc,LV electricity distribution secondary,transmission,100000,1,20,LVEtransmission633,D0503100000019624,
D0503100000019625_to_LVEtransmission664_electricity,#3186cc,LV electricity distribution secondary,transmission,100000,1,20,LVEtransmission664,D0503100000019625,
D0503100000019626_to_LVEtransmission876_electricity,#3186cc,LV electricity distribution secondary,transmission,100000,1,20,LVEtransmission876,D0503100000019626,
D0503100000019627_to_LVEtransmission1559_electricity,#3186cc,LV electricity distribution secondary,transmission,100000,1,20,LVEtransmission1559,D0503100000019627,
D0503100000019628_to_LVEtransmission76_electricity,#3186cc,LV electricity distribution secondary,transmission,100000,1,20,LVEtransmission76,D0503100000019628,
D0503100000019629_to_LVEtransmission88_electricity,#3186cc,LV electricity distribution secondary,transmission,100000,1,20,LVEtransmission88,D0503100000019629,
D0503100000019630_to_LVEtransmission698_electricity,#3186cc,LV electricity distribution secondary,transmission,100000,1,20,LVEtransmission698,D0503100000019630,
D0503100000019631_to_LVEtransmission698_electricity,#3186cc,LV electricity distribution secondary,transmission,100000,1,20,LVEtransmission698,D0503100000019631,
D0503100000019632_to_LVEtransmission947_electricity,#3186cc,LV electricity distribution secondary,transmission,100000,1,20,LVEtransmission947,D0503100000019632,
D0503100000019939_to_LVEtransmission1709_electricity,#3186cc,LV electricity distribution secondary,transmission,100000,1,20,LVEtransmission1709,D0503100000019939,
D0503100000019940_to_LVEtransmission1095_electricity,#3186cc,LV electricity distribution secondary,transmission,100000,1,20,LVEtransmission1095,D0503100000019940,
D0503100000019941_to_LVEtransmission906_electricity,#3186cc,LV electricity distribution secondary,transmission,100000,1,20,LVEtransmission906,D0503100000019941,
D0503100000019942_to_LVEtransmission748_electricity,#3186cc,LV electricity distribution secondary,transmission,100000,1,20,LVEtransmission748,D0503100000019942,
D0503100000019943_to_LVEtransmission1282_electricity,#3186cc,LV electricity distribution secondary,transmission,100000,1,20,LVEtransmission1282,D0503100000019943,
D0503100000019944_to_LVEtransmission1766_electricity,#3186cc,LV electricity distribution secondary,transmission,100000,1,20,LVEtransmission1766,D0503100000019944,
D0503100000019945_to_LVEtransmission1282_electricity,#3186cc,LV electricity distribution secondary,transmission,100000,1,20,LVEtransmission1282,D0503100000019945,
D0503100000019946_to_LVEtransmission30_electricity,#3186cc,LV electricity distribution secondary,transmission,100000,1,20,LVEtransmission30,D0503100000019946,
D0503100000019947_to_LVEtransmission1597_electricity,#3186cc,LV electricity distribution secondary,transmission,100000,1,20,LVEtransmission1597,D0503100000019947,
D0503100000019950_to_LVEtransmission243_electricity,#3186cc,LV electricity distribution secondary,transmission,100000,1,20,LVEtransmission243,D0503100000019950,
D0503100000019951_to_LVEtransmission1871_electricity,#3186cc,LV electricity distribution secondary,transmission,100000,1,20,LVEtransmission1871,D0503100000019951,
D0503100000019952_to_LVEtransmission1871_electricity,#3186cc,LV electricity distribution secondary,transmission,100000,1,20,LVEtransmission1871,D0503100000019952,
D0503100000019953_to_LVEtransmission1641_electricity,#3186cc,LV electricity distribution secondary,transmission,100000,1,20,LVEtransmission1641,D0503100000019953,
D0503100000020024_to_LVEtransmission1057_electricity,#3186cc,LV electricity distribution secondary,transmission,100000,1,20,LVEtransmission1057,D0503100000020024,
D0503100000020025_to_LVEtransmission1057_electricity,#3186cc,LV electricity distribution secondary,transmission,100000,1,20,LVEtransmission1057,D0503100000020025,
D0503100000020026_to_LVEtransmission1349_electricity,#3186cc,LV electricity distribution secondary,transmission,100000,1,20,LVEtransmission1349,D0503100000020026,
D0503100000020027_to_LVEtransmission793_electricity,#3186cc,LV electricity distribution secondary,transmission,100000,1,20,LVEtransmission793,D0503100000020027,
D0503100000020028_to_LVEtransmission1095_electricity,#3186cc,LV electricity distribution secondary,transmission,100000,1,20,LVEtransmission1095,D0503100000020028,
D0503100000020030_to_LVEtransmission1974_electricity,#3186cc,LV electricity distribution secondary,transmission,100000,1,20,LVEtransmission1974,D0503100000020030,
D0503100000020032_to_LVEtransmission1365_electricity,#3186cc,LV electricity distribution secondary,transmission,100000,1,20,LVEtransmission1365,D0503100000020032,
D0503100000020033_to_LVEtransmission761_electricity,#3186cc,LV electricity distribution secondary,transmission,100000,1,20,LVEtransmission761,D0503100000020033,
D0503100000020034_to_LVEtransmission1709_electricity,#3186cc,LV electricity distribution secondary,transmission,100000,1,20,LVEtransmission1709,D0503100000020034,
D0503100000020035_to_LVEtransmission371_electricity,#3186cc,LV electricity distribution secondary,transmission,100000,1,20,LVEtransmission371,D0503100000020035,
D0503100000020036_to_LVEtransmission1826_electricity,#3186cc,LV electricity distribution secondary,transmission,100000,1,20,LVEtransmission1826,D0503100000020036,
D0503100000020037_to_LVEtransmission1493_electricity,#3186cc,LV electricity distribution secondary,transmission,100000,1,20,LVEtransmission1493,D0503100000020037,
D0503100000020038_to_LVEtransmission1493_electricity,#3186cc,LV electricity distribution secondary,transmission,100000,1,20,LVEtransmission1493,D0503100000020038,
D0503100000020039_to_LVEtransmission1528_electricity,#3186cc,LV electricity distribution secondary,transmission,100000,1,20,LVEtransmission1528,D0503100000020039,
D0503100000020040_to_LVEtransmission542_electricity,#3186cc,LV electricity distribution secondary,transmission,100000,1,20,LVEtransmission542,D0503100000020040,
D0503100000020041_to_LVEtransmission29_electricity,#3186cc,LV electricity distribution secondary,transmission,100000,1,20,LVEtransmission29,D0503100000020041,
D0503100000020042_to_LVEtransmission992_electricity,#3186cc,LV electricity distribution secondary,transmission,100000,1,20,LVEtransmission992,D0503100000020042,
D0503100000020043_to_LVEtransmission1647_electricity,#3186cc,LV electricity distribution secondary,transmission,100000,1,20,LVEtransmission1647,D0503100000020043,
D0503100000020044_to_LVEtransmission992_electricity,#3186cc,LV electricity distribution secondary,transmission,100000,1,20,LVEtransmission992,D0503100000020044,
D0503100000020045_to_LVEtransmission1571_electricity,#3186cc,LV electricity distribution secondary,transmission,100000,1,20,LVEtransmission1571,D0503100000020045,
D0503100000020046_to_LVEtransmission1856_electricity,#3186cc,LV electricity distribution secondary,transmission,100000,1,20,LVEtransmission1856,D0503100000020046,
D0503100000020047_to_LVEtransmission1371_electricity,#3186cc,LV electricity distribution secondary,transmission,100000,1,20,LVEtransmission1371,D0503100000020047,
D0503100000020048_to_LVEtransmission905_electricity,#3186cc,LV electricity distribution secondary,transmission,100000,1,20,LVEtransmission905,D0503100000020048,
D0503100000020049_to_LVEtransmission1701_electricity,#3186cc,LV electricity distribution secondary,transmission,100000,1,20,LVEtransmission1701,D0503100000020049,
D0503100000020050_to_LVEtransmission1212_electricity,#3186cc,LV electricity distribution secondary,transmission,100000,1,20,LVEtransmission1212,D0503100000020050,
D0503100000020051_to_LVEtransmission279_electricity,#3186cc,LV electricity distribution secondary,transmission,100000,1,20,LVEtransmission279,D0503100000020051,
D0503100000020052_to_LVEtransmission902_electricity,#3186cc,LV electricity distribution secondary,transmission,100000,1,20,LVEtransmission902,D0503100000020052,
D0503100000020053_to_LVEtransmission574_electricity,#3186cc,LV electricity distribution secondary,transmission,100000,1,20,LVEtransmission574,D0503100000020053,
D0503100000020054_to_LVEtransmission1934_electricity,#3186cc,LV electricity distribution secondary,transmission,100000,1,20,LVEtransmission1934,D0503100000020054,
D0503100000020055_to_LVEtransmission63_electricity,#3186cc,LV electricity distribution secondary,transmission,100000,1,20,LVEtransmission63,D0503100000020055,
D0503100000020056_to_LVEtransmission1637_electricity,#3186cc,LV electricity distribution secondary,transmission,100000,1,20,LVEtransmission1637,D0503100000020056,
D0503100000020131_to_LVEtransmission607_electricity,#3186cc,LV electricity distribution secondary,transmission,100000,1,20,LVEtransmission607,D0503100000020131,
D0503100000020132_to_LVEtransmission402_electricity,#3186cc,LV electricity distribution secondary,transmission,100000,1,20,LVEtransmission402,D0503100000020132,
D0503100000020133_to_LVEtransmission402_electricity,#3186cc,LV electricity distribution secondary,transmission,100000,1,20,LVEtransmission402,D0503100000020133,
D0503100000020145_to_LVEtransmission743_electricity,#3186cc,LV electricity distribution secondary,transmission,100000,1,20,LVEtransmission743,D0503100000020145,
D0503100000020146_to_LVEtransmission906_electricity,#3186cc,LV electricity distribution secondary,transmission,100000,1,20,LVEtransmission906,D0503100000020146,
D0503100000020147_to_LVEtransmission1847_electricity,#3186cc,LV electricity distribution secondary,transmission,100000,1,20,LVEtransmission1847,D0503100000020147,
D0503100000020148_to_LVEtransmission1847_electricity,#3186cc,LV electricity distribution secondary,transmission,100000,1,20,LVEtransmission1847,D0503100000020148,
D0503100000020149_to_LVEtransmission899_electricity,#3186cc,LV electricity distribution secondary,transmission,100000,1,20,LVEtransmission899,D0503100000020149,
D0503100000020157_to_LVEtransmission1453_electricity,#3186cc,LV electricity distribution secondary,transmission,100000,1,20,LVEtransmission1453,D0503100000020157,
D0503100000020158_to_LVEtransmission2023_electricity,#3186cc,LV electricity distribution secondary,transmission,100000,1,20,LVEtransmission2023,D0503100000020158,
D0503100000020159_to_LVEtransmission1778_electricity,#3186cc,LV electricity distribution secondary,transmission,100000,1,20,LVEtransmission1778,D0503100000020159,
D0503100000020165_to_LVEtransmission916_electricity,#3186cc,LV electricity distribution secondary,transmission,100000,1,20,LVEtransmission916,D0503100000020165,
D0503100000028572_to_LVEtransmission1069_electricity,#3186cc,LV electricity distribution secondary,transmission,100000,1,20,LVEtransmission1069,D0503100000028572,
D0503100000028573_to_LVEtransmission841_electricity,#3186cc,LV electricity distribution secondary,transmission,100000,1,20,LVEtransmission841,D0503100000028573,
D0503100000028575_to_LVEtransmission1069_electricity,#3186cc,LV electricity distribution secondary,transmission,100000,1,20,LVEtransmission1069,D0503100000028575,
D0503100000030019_to_LVEtransmission1401_electricity,#3186cc,LV electricity distribution secondary,transmission,100000,1,20,LVEtransmission1401,D0503100000030019,
D0503100000030020_to_LVEtransmission1871_electricity,#3186cc,LV electricity distribution secondary,transmission,100000,1,20,LVEtransmission1871,D0503100000030020,
D0503100000030021_to_LVEtransmission905_electricity,#3186cc,LV electricity distribution secondary,transmission,100000,1,20,LVEtransmission905,D0503100000030021,
D0503100000030022_to_LVEtransmission957_electricity,#3186cc,LV electricity distribution secondary,transmission,100000,1,20,LVEtransmission957,D0503100000030022,
D0503100000030024_to_LVEtransmission1989_electricity,#3186cc,LV electricity distribution secondary,transmission,100000,1,20,LVEtransmission1989,D0503100000030024,
D0503100000030026_to_LVEtransmission366_electricity,#3186cc,LV electricity distribution secondary,transmission,100000,1,20,LVEtransmission366,D0503100000030026,
D0503100000030027_to_LVEtransmission709_electricity,#3186cc,LV electricity distribution secondary,transmission,100000,1,20,LVEtransmission709,D0503100000030027,
D0503100000030105_to_LVEtransmission1450_electricity,#3186cc,LV electricity distribution secondary,transmission,100000,1,20,LVEtransmission1450,D0503100000030105,
D0503100000030106_to_LVEtransmission846_electricity,#3186cc,LV electricity distribution secondary,transmission,100000,1,20,LVEtransmission846,D0503100000030106,
D0503100000030108_to_LVEtransmission1369_electricity,#3186cc,LV electricity distribution secondary,transmission,100000,1,20,LVEtransmission1369,D0503100000030108,
D0503100000030111_to_LVEtransmission320_electricity,#3186cc,LV electricity distribution secondary,transmission,100000,1,20,LVEtransmission320,D0503100000030111,
D0503100000030112_to_LVEtransmission1996_electricity,#3186cc,LV electricity distribution secondary,transmission,100000,1,20,LVEtransmission1996,D0503100000030112,
D0503100000030113_to_LVEtransmission632_electricity,#3186cc,LV electricity distribution secondary,transmission,100000,1,20,LVEtransmission632,D0503100000030113,
D0503100000030115_to_LVEtransmission632_electricity,#3186cc,LV electricity distribution secondary,transmission,100000,1,20,LVEtransmission632,D0503100000030115,
D0503100000030235_to_LVEtransmission1766_electricity,#3186cc,LV electricity distribution secondary,transmission,100000,1,20,LVEtransmission1766,D0503100000030235,
D0503100000030237_to_LVEtransmission1271_electricity,#3186cc,LV electricity distribution secondary,transmission,100000,1,20,LVEtransmission1271,D0503100000030237,
D0503100000030238_to_LVEtransmission918_electricity,#3186cc,LV electricity distribution secondary,transmission,100000,1,20,LVEtransmission918,D0503100000030238,
D0503100000030304_to_LVEtransmission280_electricity,#3186cc,LV electricity distribution secondary,transmission,100000,1,20,LVEtransmission280,D0503100000030304,
D0503100000030305_to_LVEtransmission1804_electricity,#3186cc,LV electricity distribution secondary,transmission,100000,1,20,LVEtransmission1804,D0503100000030305,
D0503100000031368_to_LVEtransmission1380_electricity,#3186cc,LV electricity distribution secondary,transmission,100000,1,20,LVEtransmission1380,D0503100000031368,
D0503100000031429_to_LVEtransmission1218_electricity,#3186cc,LV electricity distribution secondary,transmission,100000,1,20,LVEtransmission1218,D0503100000031429,
D0503100000031431_to_LVEtransmission1984_electricity,#3186cc,LV electricity distribution secondary,transmission,100000,1,20,LVEtransmission1984,D0503100000031431,
D0503100000031432_to_LVEtransmission1108_electricity,#3186cc,LV electricity distribution secondary,transmission,100000,1,20,LVEtransmission1108,D0503100000031432,
D0503100000031433_to_LVEtransmission1325_electricity,#3186cc,LV electricity distribution secondary,transmission,100000,1,20,LVEtransmission1325,D0503100000031433,
D0503100000031434_to_LVEtransmission1649_electricity,#3186cc,LV electricity distribution secondary,transmission,100000,1,20,LVEtransmission1649,D0503100000031434,
D0503100000031435_to_LVEtransmission1786_electricity,#3186cc,LV electricity distribution secondary,transmission,100000,1,20,LVEtransmission1786,D0503100000031435,
D0503100000031436_to_LVEtransmission1145_electricity,#3186cc,LV electricity distribution secondary,transmission,100000,1,20,LVEtransmission1145,D0503100000031436,
D0503100000031438_to_LVEtransmission1938_electricity,#3186cc,LV electricity distribution secondary,transmission,100000,1,20,LVEtransmission1938,D0503100000031438,
D0503100000031439_to_LVEtransmission960_electricity,#3186cc,LV electricity distribution secondary,transmission,100000,1,20,LVEtransmission960,D0503100000031439,
D0503100000031440_to_LVEtransmission1028_electricity,#3186cc,LV electricity distribution secondary,transmission,100000,1,20,LVEtransmission1028,D0503100000031440,
D0503100000031441_to_LVEtransmission89_electricity,#3186cc,LV electricity distribution secondary,transmission,100000,1,20,LVEtransmission89,D0503100000031441,
D0503100000031455_to_LVEtransmission373_electricity,#3186cc,LV electricity distribution secondary,transmission,100000,1,20,LVEtransmission373,D0503100000031455,
D0503100000031457_to_LVEtransmission1638_electricity,#3186cc,LV electricity distribution secondary,transmission,100000,1,20,LVEtransmission1638,D0503100000031457,
D0503100000031822_to_LVEtransmission1905_electricity,#3186cc,LV electricity distribution secondary,transmission,100000,1,20,LVEtransmission1905,D0503100000031822,
D0503100000031824_to_LVEtransmission842_electricity,#3186cc,LV electricity distribution secondary,transmission,100000,1,20,LVEtransmission842,D0503100000031824,
D0503100000032612_to_LVEtransmission1077_electricity,#3186cc,LV electricity distribution secondary,transmission,100000,1,20,LVEtransmission1077,D0503100000032612,
D0503100000032613_to_LVEtransmission1075_electricity,#3186cc,LV electricity distribution secondary,transmission,100000,1,20,LVEtransmission1075,D0503100000032613,
D0503100000032617_to_LVEtransmission664_electricity,#3186cc,LV electricity distribution secondary,transmission,100000,1,20,LVEtransmission664,D0503100000032617,
D0503100000032618_to_LVEtransmission1525_electricity,#3186cc,LV electricity distribution secondary,transmission,100000,1,20,LVEtransmission1525,D0503100000032618,
D0503100000019939_to_LVEtransmission1593_electricity,#505596,LV electricity distribution secondary,transmission,100000,1,20,LVEtransmission1593,D0503100000019939,1.8980506838309503e-05
D0503100000019940_to_LVEtransmission1593_electricity,#505596,LV electricity distribution secondary,transmission,100000,1,20,LVEtransmission1593,D0503100000019940,2.4062760475130907e-05
D0503100000020028_to_LVEtransmission1593_electricity,#505596,LV electricity distribution secondary,transmission,100000,1,20,LVEtransmission1593,D0503100000020028,2.914265469722045e-05
D0503100000020032_to_LVEtransmission1593_electricity,#505596,LV electricity distribution secondary,transmission,100000,1,20,LVEtransmission1593,D0503100000020032,3.999534011310998e-06
D0503100000020033_to_LVEtransmission1593_electricity,#505596,LV electricity distribution secondary,transmission,100000,1,20,LVEtransmission1593,D0503100000020033,8.873979532355367e-06
D0503100000020034_to_LVEtransmission1593_electricity,#505596,LV electricity distribution secondary,transmission,100000,1,20,LVEtransmission1593,D0503100000020034,1.3910646150761617e-05
