techs,color,name,base_tech,flow_cap_max,flow_out_eff_per_distance,lifetime,link_to,link_from
geothermie_delft_to_warmtenet1,#823739,Heat transmission main,transmission,100000,1,20,geothermie_delft,warmtenet1
warmtenet1_to_warmtenet2,#823740,Heat transmission main,transmission,100000,1,20,warmtenet1,warmtenet2
warmtenet2_to_warmtenet3,#823741,Heat transmission main,transmission,100000,1,20,warmtenet2,warmtenet3
warmtenet3_to_warmtenet4,#823742,Heat transmission main,transmission,100000,1,20,warmtenet3,warmtenet4
warmtenet4_to_warmtenet5,#823743,Heat transmission main,transmission,100000,1,20,warmtenet4,warmtenet5
warmtenet5_to_warmtenet6,#823744,Heat transmission main,transmission,100000,1,20,warmtenet5,warmtenet6
warmtenet6_to_warmtenet7,#823745,Heat transmission main,transmission,100000,1,20,warmtenet6,warmtenet7
warmtenet7_to_warmtenet8,#823746,Heat transmission main,transmission,100000,1,20,warmtenet7,warmtenet8
warmtenet8_to_warmtenet9,#823747,Heat transmission main,transmission,100000,1,20,warmtenet8,warmtenet9
warmtenet9_to_warmtenet10,#823748,Heat transmission main,transmission,100000,1,20,warmtenet9,warmtenet10
warmtenet10_to_warmtenet11,#823749,Heat transmission main,transmission,100000,1,20,warmtenet10,warmtenet11
warmtenet11_to_warmtenet12,#823750,Heat transmission main,transmission,100000,1,20,warmtenet11,warmtenet12
warmtenet4_to_warmtenet13,#823751,Heat transmission main,transmission,100000,1,20,warmtenet4,warmtenet13
warmtenet13_to_warmtenet14,#823752,Heat transmission main,transmission,100000,1,20,warmtenet13,warmtenet14
warmtenet14_to_warmtenet15,#823753,Heat transmission main,transmission,100000,1,20,warmtenet14,warmtenet15
LVEtransmission1413_to_LVEtransmission578_electricity,#3186cc,LV electricity distribution main,transmission,100000,1,20,LVEtransmission578,LVEtransmission1413
LVEtransmission578_to_LVEtransmission1342_electricity,#3186cc,LV electricity distribution main,transmission,100000,1,20,LVEtransmission1342,LVEtransmission578
LVEtransmission1342_to_LVEtransmission340_electricity,#3186cc,LV electricity distribution main,transmission,100000,1,20,LVEtransmission340,LVEtransmission1342
LVEtransmission340_to_LVEtransmission1850_electricity,#3186cc,LV electricity distribution main,transmission,100000,1,20,LVEtransmission1850,LVEtransmission340
LVEtransmission1850_to_LVEtransmission1866_electricity,#3186cc,LV electricity distribution main,transmission,100000,1,20,LVEtransmission1866,LVEtransmission1850
LVEtransmission1866_to_LVEtransmission1376_electricity,#3186cc,LV electricity distribution main,transmission,100000,1,20,LVEtransmission1376,LVEtransmission1866
LVEtransmission1376_to_LVEtransmission1580_electricity,#3186cc,LV electricity distribution main,transmission,100000,1,20,LVEtransmission1580,LVEtransmission1376
LVEtransmission1580_to_LVEtransmission1648_electricity,#3186cc,LV electricity distribution main,transmission,100000,1,20,LVEtransmission1648,LVEtransmission1580
LVEtransmission1648_to_LVEtransmission1300_electricity,#3186cc,LV electricity distribution main,transmission,100000,1,20,LVEtransmission1300,LVEtransmission1648
LVEtransmission1300_to_LVEtransmission1611_electricity,#3186cc,LV electricity distribution main,transmission,100000,1,20,LVEtransmission1611,LVEtransmission1300
LVEtransmission1611_to_LVEtransmission1563_electricity,#3186cc,LV electricity distribution main,transmission,100000,1,20,LVEtransmission1563,LVEtransmission1611
LVEtransmission1563_to_LVEtransmission292_electricity,#3186cc,LV electricity distribution main,transmission,100000,1,20,LVEtransmission292,LVEtransmission1563
LVEtransmission292_to_LVEtransmission1994_electricity,#3186cc,LV electricity distribution main,transmission,100000,1,20,LVEtransmission1994,LVEtransmission292
LVEtransmission1994_to_LVEtransmission1196_electricity,#3186cc,LV electricity distribution main,transmission,100000,1,20,LVEtransmission1196,LVEtransmission1994
LVEtransmission1196_to_LVEtransmission226_electricity,#3186cc,LV electricity distribution main,transmission,100000,1,20,LVEtransmission226,LVEtransmission1196
LVEtransmission226_to_LVEtransmission1889_electricity,#3186cc,LV electricity distribution main,transmission,100000,1,20,LVEtransmission1889,LVEtransmission226
LVEtransmission1889_to_LVEtransmission197_electricity,#3186cc,LV electricity distribution main,transmission,100000,1,20,LVEtransmission197,LVEtransmission1889
LVEtransmission197_to_LVEtransmission938_electricity,#3186cc,LV electricity distribution main,transmission,100000,1,20,LVEtransmission938,LVEtransmission197
LVEtransmission938_to_LVEtransmission1922_electricity,#3186cc,LV electricity distribution main,transmission,100000,1,20,LVEtransmission1922,LVEtransmission938
LVEtransmission1922_to_LVEtransmission1371_electricity,#3186cc,LV electricity distribution main,transmission,100000,1,20,LVEtransmission1371,LVEtransmission1922
LVEtransmission1371_to_LVEtransmission1305_electricity,#3186cc,LV electricity distribution main,transmission,100000,1,20,LVEtransmission1305,LVEtransmission1371
LVEtransmission1305_to_LVEtransmission1874_electricity,#3186cc,LV electricity distribution main,transmission,100000,1,20,LVEtransmission1874,LVEtransmission1305
LVEtransmission1874_to_LVEtransmission1367_electricity,#3186cc,LV electricity distribution main,transmission,100000,1,20,LVEtransmission1367,LVEtransmission1874
LVEtransmission1367_to_LVEtransmission1356_electricity,#3186cc,LV electricity distribution main,transmission,100000,1,20,LVEtransmission1356,LVEtransmission1367
LVEtransmission1356_to_LVEtransmission1826_electricity,#3186cc,LV electricity distribution main,transmission,100000,1,20,LVEtransmission1826,LVEtransmission1356
LVEtransmission1826_to_LVEtransmission1996_electricity,#3186cc,LV electricity distribution main,transmission,100000,1,20,LVEtransmission1996,LVEtransmission1826
LVEtransmission1996_to_LVEtransmission1988_electricity,#3186cc,LV electricity distribution main,transmission,100000,1,20,LVEtransmission1988,LVEtransmission1996
LVEtransmission1988_to_LVEtransmission853_electricity,#3186cc,LV electricity distribution main,transmission,100000,1,20,LVEtransmission853,LVEtransmission1988
LVEtransmission853_to_LVEtransmission397_electricity,#3186cc,LV electricity distribution main,transmission,100000,1,20,LVEtransmission397,LVEtransmission853
LVEtransmission397_to_LVEtransmission633_electricity,#3186cc,LV electricity distribution main,transmission,100000,1,20,LVEtransmission633,LVEtransmission397
LVEtransmission633_to_LVEtransmission355_electricity,#3186cc,LV electricity distribution main,transmission,100000,1,20,LVEtransmission355,LVEtransmission633
LVEtransmission355_to_LVEtransmission638_electricity,#3186cc,LV electricity distribution main,transmission,100000,1,20,LVEtransmission638,LVEtransmission355
LVEtransmission638_to_LVEtransmission653_electricity,#3186cc,LV electricity distribution main,transmission,100000,1,20,LVEtransmission653,LVEtransmission638
LVEtransmission653_to_LVEtransmission379_electricity,#3186cc,LV electricity distribution main,transmission,100000,1,20,LVEtransmission379,LVEtransmission653
LVEtransmission379_to_LVEtransmission366_electricity,#3186cc,LV electricity distribution main,transmission,100000,1,20,LVEtransmission366,LVEtransmission379
LVEtransmission366_to_LVEtransmission652_electricity,#3186cc,LV electricity distribution main,transmission,100000,1,20,LVEtransmission652,LVEtransmission366
LVEtransmission652_to_LVEtransmission378_electricity,#3186cc,LV electricity distribution main,transmission,100000,1,20,LVEtransmission378,LVEtransmission652
LVEtransmission378_to_LVEtransmission1758_electricity,#3186cc,LV electricity distribution main,transmission,100000,1,20,LVEtransmission1758,LVEtransmission378
LVEtransmission1758_to_LVEtransmission678_electricity,#3186cc,LV electricity distribution main,transmission,100000,1,20,LVEtransmission678,LVEtransmission1758
LVEtransmission678_to_LVEtransmission1772_electricity,#3186cc,LV electricity distribution main,transmission,100000,1,20,LVEtransmission1772,LVEtransmission678
LVEtransmission1772_to_LVEtransmission1833_electricity,#3186cc,LV electricity distribution main,transmission,100000,1,20,LVEtransmission1833,LVEtransmission1772
LVEtransmission1833_to_LVEtransmission1189_electricity,#3186cc,LV electricity distribution main,transmission,100000,1,20,LVEtransmission1189,LVEtransmission1833
LVEtransmission1189_to_LVEtransmission273_electricity,#3186cc,LV electricity distribution main,transmission,100000,1,20,LVEtransmission273,LVEtransmission1189
LVEtransmission273_to_LVEtransmission590_electricity,#3186cc,LV electricity distribution main,transmission,100000,1,20,LVEtransmission590,LVEtransmission273
LVEtransmission590_to_LVEtransmission12_electricity,#3186cc,LV electricity distribution main,transmission,100000,1,20,LVEtransmission12,LVEtransmission590
LVEtransmission12_to_LVEtransmission1950_electricity,#3186cc,LV electricity distribution main,transmission,100000,1,20,LVEtransmission1950,LVEtransmission12
LVEtransmission1950_to_LVEtransmission712_electricity,#3186cc,LV electricity distribution main,transmission,100000,1,20,LVEtransmission712,LVEtransmission1950
LVEtransmission712_to_LVEtransmission1689_electricity,#3186cc,LV electricity distribution main,transmission,100000,1,20,LVEtransmission1689,LVEtransmission712
LVEtransmission1689_to_LVEtransmission1107_electricity,#3186cc,LV electricity distribution main,transmission,100000,1,20,LVEtransmission1107,LVEtransmission1689
LVEtransmission1107_to_LVEtransmission54_electricity,#3186cc,LV electricity distribution main,transmission,100000,1,20,LVEtransmission54,LVEtransmission1107
LVEtransmission54_to_LVEtransmission1986_electricity,#3186cc,LV electricity distribution main,transmission,100000,1,20,LVEtransmission1986,LVEtransmission54
LVEtransmission1986_to_LVEtransmission766_electricity,#3186cc,LV electricity distribution main,transmission,100000,1,20,LVEtransmission766,LVEtransmission1986
LVEtransmission766_to_LVEtransmission1742_electricity,#3186cc,LV electricity distribution main,transmission,100000,1,20,LVEtransmission1742,LVEtransmission766
LVEtransmission1149_to_LVEtransmission1474_electricity,#3186cc,LV electricity distribution main,transmission,100000,1,20,LVEtransmission1474,LVEtransmission1149
LVEtransmission1474_to_LVEtransmission56_electricity,#3186cc,LV electricity distribution main,transmission,100000,1,20,LVEtransmission56,LVEtransmission1474
LVEtransmission56_to_LVEtransmission1005_electricity,#3186cc,LV electricity distribution main,transmission,100000,1,20,LVEtransmission1005,LVEtransmission56
LVEtransmission1005_to_LVEtransmission1359_electricity,#3186cc,LV electricity distribution main,transmission,100000,1,20,LVEtransmission1359,LVEtransmission1005
LVEtransmission1359_to_LVEtransmission946_electricity,#3186cc,LV electricity distribution main,transmission,100000,1,20,LVEtransmission946,LVEtransmission1359
LVEtransmission946_to_LVEtransmission19_electricity,#3186cc,LV electricity distribution main,transmission,100000,1,20,LVEtransmission19,LVEtransmission946
LVEtransmission19_to_LVEtransmission921_electricity,#3186cc,LV electricity distribution main,transmission,100000,1,20,LVEtransmission921,LVEtransmission19
LVEtransmission921_to_LVEtransmission667_electricity,#3186cc,LV electricity distribution main,transmission,100000,1,20,LVEtransmission667,LVEtransmission921
LVEtransmission667_to_LVEtransmission1789_electricity,#3186cc,LV electricity distribution main,transmission,100000,1,20,LVEtransmission1789,LVEtransmission667
LVEtransmission1789_to_LVEtransmission644_electricity,#3186cc,LV electricity distribution main,transmission,100000,1,20,LVEtransmission644,LVEtransmission1789
LVEtransmission644_to_LVEtransmission1405_electricity,#3186cc,LV electricity distribution main,transmission,100000,1,20,LVEtransmission1405,LVEtransmission644
LVEtransmission1405_to_LVEtransmission240_electricity,#3186cc,LV electricity distribution main,transmission,100000,1,20,LVEtransmission240,LVEtransmission1405
LVEtransmission240_to_LVEtransmission1383_electricity,#3186cc,LV electricity distribution main,transmission,100000,1,20,LVEtransmission1383,LVEtransmission240
LVEtransmission1383_to_LVEtransmission941_electricity,#3186cc,LV electricity distribution main,transmission,100000,1,20,LVEtransmission941,LVEtransmission1383
LVEtransmission941_to_LVEtransmission939_electricity,#3186cc,LV electricity distribution main,transmission,100000,1,20,LVEtransmission939,LVEtransmission941
LVEtransmission939_to_LVEtransmission1222_electricity,#3186cc,LV electricity distribution main,transmission,100000,1,20,LVEtransmission1222,LVEtransmission939
LVEtransmission1222_to_LVEtransmission1524_electricity,#3186cc,LV electricity distribution main,transmission,100000,1,20,LVEtransmission1524,LVEtransmission1222
LVEtransmission1524_to_LVEtransmission1951_electricity,#3186cc,LV electricity distribution main,transmission,100000,1,20,LVEtransmission1951,LVEtransmission1524
LVEtransmission1951_to_LVEtransmission411_electricity,#3186cc,LV electricity distribution main,transmission,100000,1,20,LVEtransmission411,LVEtransmission1951
LVEtransmission411_to_LVEtransmission1930_electricity,#3186cc,LV electricity distribution main,transmission,100000,1,20,LVEtransmission1930,LVEtransmission411
LVEtransmission1930_to_LVEtransmission483_electricity,#3186cc,LV electricity distribution main,transmission,100000,1,20,LVEtransmission483,LVEtransmission1930
LVEtransmission483_to_LVEtransmission929_electricity,#3186cc,LV electricity distribution main,transmission,100000,1,20,LVEtransmission929,LVEtransmission483
LVEtransmission929_to_LVEtransmission654_electricity,#3186cc,LV electricity distribution main,transmission,100000,1,20,LVEtransmission654,LVEtransmission929
LVEtransmission654_to_LVEtransmission1181_electricity,#3186cc,LV electricity distribution main,transmission,100000,1,20,LVEtransmission1181,LVEtransmission654
LVEtransmission1181_to_LVEtransmission430_electricity,#3186cc,LV electricity distribution main,transmission,100000,1,20,LVEtransmission430,LVEtransmission1181
LVEtransmission430_to_LVEtransmission1197_electricity,#3186cc,LV electricity distribution main,transmission,100000,1,20,LVEtransmission1197,LVEtransmission430
LVEtransmission1197_to_LVEtransmission1735_electricity,#3186cc,LV electricity distribution main,transmission,100000,1,20,LVEtransmission1735,LVEtransmission1197
LVEtransmission1735_to_LVEtransmission443_electricity,#3186cc,LV electricity distribution main,transmission,100000,1,20,LVEtransmission443,LVEtransmission1735
LVEtransmission443_to_LVEtransmission479_electricity,#3186cc,LV electricity distribution main,transmission,100000,1,20,LVEtransmission479,LVEtransmission443
LVEtransmission479_to_LVEtransmission547_electricity,#3186cc,LV electricity distribution main,transmission,100000,1,20,LVEtransmission547,LVEtransmission479
LVEtransmission547_to_LVEtransmission322_electricity,#3186cc,LV electricity distribution main,transmission,100000,1,20,LVEtransmission322,LVEtransmission547
LVEtransmission322_to_LVEtransmission1328_electricity,#3186cc,LV electricity distribution main,transmission,100000,1,20,LVEtransmission1328,LVEtransmission322
LVEtransmission1328_to_LVEtransmission1399_electricity,#3186cc,LV electricity distribution main,transmission,100000,1,20,LVEtransmission1399,LVEtransmission1328
LVEtransmission1399_to_LVEtransmission1243_electricity,#3186cc,LV electricity distribution main,transmission,100000,1,20,LVEtransmission1243,LVEtransmission1399
LVEtransmission1243_to_LVEtransmission1119_electricity,#3186cc,LV electricity distribution main,transmission,100000,1,20,LVEtransmission1119,LVEtransmission1243
LVEtransmission1119_to_LVEtransmission1355_electricity,#3186cc,LV electricity distribution main,transmission,100000,1,20,LVEtransmission1355,LVEtransmission1119
LVEtransmission1355_to_LVEtransmission1419_electricity,#3186cc,LV electricity distribution main,transmission,100000,1,20,LVEtransmission1419,LVEtransmission1355
LVEtransmission1419_to_LVEtransmission1912_electricity,#3186cc,LV electricity distribution main,transmission,100000,1,20,LVEtransmission1912,LVEtransmission1419
LVEtransmission1912_to_LVEtransmission1945_electricity,#3186cc,LV electricity distribution main,transmission,100000,1,20,LVEtransmission1945,LVEtransmission1912
LVEtransmission1945_to_LVEtransmission376_electricity,#3186cc,LV electricity distribution main,transmission,100000,1,20,LVEtransmission376,LVEtransmission1945
LVEtransmission376_to_LVEtransmission1550_electricity,#3186cc,LV electricity distribution main,transmission,100000,1,20,LVEtransmission1550,LVEtransmission376
LVEtransmission1550_to_LVEtransmission591_electricity,#3186cc,LV electricity distribution main,transmission,100000,1,20,LVEtransmission591,LVEtransmission1550
LVEtransmission591_to_LVEtransmission1088_electricity,#3186cc,LV electricity distribution main,transmission,100000,1,20,LVEtransmission1088,LVEtransmission591
LVEtransmission1088_to_LVEtransmission162_electricity,#3186cc,LV electricity distribution main,transmission,100000,1,20,LVEtransmission162,LVEtransmission1088
LVEtransmission162_to_LVEtransmission202_electricity,#3186cc,LV electricity distribution main,transmission,100000,1,20,LVEtransmission202,LVEtransmission162
LVEtransmission1635_to_LVEtransmission272_electricity,#3186cc,LV electricity distribution main,transmission,100000,1,20,LVEtransmission272,LVEtransmission1635
LVEtransmission272_to_LVEtransmission731_electricity,#3186cc,LV electricity distribution main,transmission,100000,1,20,LVEtransmission731,LVEtransmission272
LVEtransmission731_to_LVEtransmission1002_electricity,#3186cc,LV electricity distribution main,transmission,100000,1,20,LVEtransmission1002,LVEtransmission731
LVEtransmission1002_to_LVEtransmission385_electricity,#3186cc,LV electricity distribution main,transmission,100000,1,20,LVEtransmission385,LVEtransmission1002
LVEtransmission385_to_LVEtransmission183_electricity,#3186cc,LV electricity distribution main,transmission,100000,1,20,LVEtransmission183,LVEtransmission385
LVEtransmission183_to_LVEtransmission211_electricity,#3186cc,LV electricity distribution main,transmission,100000,1,20,LVEtransmission211,LVEtransmission183
LVEtransmission211_to_LVEtransmission278_electricity,#3186cc,LV electricity distribution main,transmission,100000,1,20,LVEtransmission278,LVEtransmission211
LVEtransmission278_to_LVEtransmission1370_electricity,#3186cc,LV electricity distribution main,transmission,100000,1,20,LVEtransmission1370,LVEtransmission278
LVEtransmission1370_to_LVEtransmission504_electricity,#3186cc,LV electricity distribution main,transmission,100000,1,20,LVEtransmission504,LVEtransmission1370
LVEtransmission504_to_LVEtransmission541_electricity,#3186cc,LV electricity distribution main,transmission,100000,1,20,LVEtransmission541,LVEtransmission504
LVEtransmission541_to_LVEtransmission166_electricity,#3186cc,LV electricity distribution main,transmission,100000,1,20,LVEtransmission166,LVEtransmission541
LVEtransmission166_to_LVEtransmission202_electricity,#3186cc,LV electricity distribution main,transmission,100000,1,20,LVEtransmission202,LVEtransmission166
LVEtransmission202_to_LVEtransmission1226_electricity,#3186cc,LV electricity distribution main,transmission,100000,1,20,LVEtransmission1226,LVEtransmission202
LVEtransmission1226_to_LVEtransmission1306_electricity,#3186cc,LV electricity distribution main,transmission,100000,1,20,LVEtransmission1306,LVEtransmission1226
LVEtransmission1306_to_LVEtransmission301_electricity,#3186cc,LV electricity distribution main,transmission,100000,1,20,LVEtransmission301,LVEtransmission1306
LVEtransmission301_to_LVEtransmission933_electricity,#3186cc,LV electricity distribution main,transmission,100000,1,20,LVEtransmission933,LVEtransmission301
LVEtransmission933_to_LVEtransmission1958_electricity,#3186cc,LV electricity distribution main,transmission,100000,1,20,LVEtransmission1958,LVEtransmission933
LVEtransmission1958_to_LVEtransmission1397_electricity,#3186cc,LV electricity distribution main,transmission,100000,1,20,LVEtransmission1397,LVEtransmission1958
LVEtransmission1397_to_LVEtransmission392_electricity,#3186cc,LV electricity distribution main,transmission,100000,1,20,LVEtransmission392,LVEtransmission1397
LVEtransmission392_to_LVEtransmission942_electricity,#3186cc,LV electricity distribution main,transmission,100000,1,20,LVEtransmission942,LVEtransmission392
LVEtransmission942_to_LVEtransmission1939_electricity,#3186cc,LV electricity distribution main,transmission,100000,1,20,LVEtransmission1939,LVEtransmission942
LVEtransmission1939_to_LVEtransmission1011_electricity,#3186cc,LV electricity distribution main,transmission,100000,1,20,LVEtransmission1011,LVEtransmission1939
LVEtransmission1011_to_LVEtransmission587_electricity,#3186cc,LV electricity distribution main,transmission,100000,1,20,LVEtransmission587,LVEtransmission1011
LVEtransmission587_to_LVEtransmission1268_electricity,#3186cc,LV electricity distribution main,transmission,100000,1,20,LVEtransmission1268,LVEtransmission587
LVEtransmission1268_to_LVEtransmission108_electricity,#3186cc,LV electricity distribution main,transmission,100000,1,20,LVEtransmission108,LVEtransmission1268
LVEtransmission108_to_LVEtransmission1631_electricity,#3186cc,LV electricity distribution main,transmission,100000,1,20,LVEtransmission1631,LVEtransmission108
LVEtransmission1631_to_LVEtransmission874_electricity,#3186cc,LV electricity distribution main,transmission,100000,1,20,LVEtransmission874,LVEtransmission1631
LVEtransmission874_to_LVEtransmission995_electricity,#3186cc,LV electricity distribution main,transmission,100000,1,20,LVEtransmission995,LVEtransmission874
LVEtransmission995_to_LVEtransmission925_electricity,#3186cc,LV electricity distribution main,transmission,100000,1,20,LVEtransmission925,LVEtransmission995
LVEtransmission925_to_LVEtransmission1942_electricity,#3186cc,LV electricity distribution main,transmission,100000,1,20,LVEtransmission1942,LVEtransmission925
LVEtransmission1942_to_LVEtransmission245_electricity,#3186cc,LV electricity distribution main,transmission,100000,1,20,LVEtransmission245,LVEtransmission1942
LVEtransmission245_to_LVEtransmission787_electricity,#3186cc,LV electricity distribution main,transmission,100000,1,20,LVEtransmission787,LVEtransmission245
LVEtransmission787_to_LVEtransmission1830_electricity,#3186cc,LV electricity distribution main,transmission,100000,1,20,LVEtransmission1830,LVEtransmission787
LVEtransmission1830_to_LVEtransmission1591_electricity,#3186cc,LV electricity distribution main,transmission,100000,1,20,LVEtransmission1591,LVEtransmission1830
LVEtransmission1591_to_LVEtransmission336_electricity,#3186cc,LV electricity distribution main,transmission,100000,1,20,LVEtransmission336,LVEtransmission1591
LVEtransmission336_to_LVEtransmission943_electricity,#3186cc,LV electricity distribution main,transmission,100000,1,20,LVEtransmission943,LVEtransmission336
LVEtransmission943_to_LVEtransmission820_electricity,#3186cc,LV electricity distribution main,transmission,100000,1,20,LVEtransmission820,LVEtransmission943
LVEtransmission820_to_LVEtransmission1934_electricity,#3186cc,LV electricity distribution main,transmission,100000,1,20,LVEtransmission1934,LVEtransmission820
LVEtransmission1934_to_LVEtransmission83_electricity,#3186cc,LV electricity distribution main,transmission,100000,1,20,LVEtransmission83,LVEtransmission1934
LVEtransmission83_to_LVEtransmission1237_electricity,#3186cc,LV electricity distribution main,transmission,100000,1,20,LVEtransmission1237,LVEtransmission83
LVEtransmission1237_to_LVEtransmission913_electricity,#3186cc,LV electricity distribution main,transmission,100000,1,20,LVEtransmission913,LVEtransmission1237
LVEtransmission913_to_LVEtransmission1332_electricity,#3186cc,LV electricity distribution main,transmission,100000,1,20,LVEtransmission1332,LVEtransmission913
LVEtransmission1332_to_LVEtransmission1763_electricity,#3186cc,LV electricity distribution main,transmission,100000,1,20,LVEtransmission1763,LVEtransmission1332
LVEtransmission1763_to_LVEtransmission603_electricity,#3186cc,LV electricity distribution main,transmission,100000,1,20,LVEtransmission603,LVEtransmission1763
LVEtransmission603_to_LVEtransmission758_electricity,#3186cc,LV electricity distribution main,transmission,100000,1,20,LVEtransmission758,LVEtransmission603
LVEtransmission758_to_LVEtransmission1876_electricity,#3186cc,LV electricity distribution main,transmission,100000,1,20,LVEtransmission1876,LVEtransmission758
LVEtransmission1876_to_LVEtransmission546_electricity,#3186cc,LV electricity distribution main,transmission,100000,1,20,LVEtransmission546,LVEtransmission1876
LVEtransmission546_to_LVEtransmission1182_electricity,#3186cc,LV electricity distribution main,transmission,100000,1,20,LVEtransmission1182,LVEtransmission546
LVEtransmission1182_to_LVEtransmission973_electricity,#3186cc,LV electricity distribution main,transmission,100000,1,20,LVEtransmission973,LVEtransmission1182
LVEtransmission973_to_LVEtransmission556_electricity,#3186cc,LV electricity distribution main,transmission,100000,1,20,LVEtransmission556,LVEtransmission973
LVEtransmission556_to_LVEtransmission364_electricity,#3186cc,LV electricity distribution main,transmission,100000,1,20,LVEtransmission364,LVEtransmission556
LVEtransmission364_to_LVEtransmission985_electricity,#3186cc,LV electricity distribution main,transmission,100000,1,20,LVEtransmission985,LVEtransmission364
LVEtransmission985_to_LVEtransmission324_electricity,#3186cc,LV electricity distribution main,transmission,100000,1,20,LVEtransmission324,LVEtransmission985
LVEtransmission324_to_LVEtransmission1508_electricity,#3186cc,LV electricity distribution main,transmission,100000,1,20,LVEtransmission1508,LVEtransmission324
LVEtransmission1508_to_LVEtransmission1730_electricity,#3186cc,LV electricity distribution main,transmission,100000,1,20,LVEtransmission1730,LVEtransmission1508
LVEtransmission1730_to_LVEtransmission1896_electricity,#3186cc,LV electricity distribution main,transmission,100000,1,20,LVEtransmission1896,LVEtransmission1730
LVEtransmission1896_to_LVEtransmission615_electricity,#3186cc,LV electricity distribution main,transmission,100000,1,20,LVEtransmission615,LVEtransmission1896
LVEtransmission615_to_LVEtransmission204_electricity,#3186cc,LV electricity distribution main,transmission,100000,1,20,LVEtransmission204,LVEtransmission615
LVEtransmission204_to_LVEtransmission384_electricity,#3186cc,LV electricity distribution main,transmission,100000,1,20,LVEtransmission384,LVEtransmission204
LVEtransmission384_to_LVEtransmission1959_electricity,#3186cc,LV electricity distribution main,transmission,100000,1,20,LVEtransmission1959,LVEtransmission384
LVEtransmission1959_to_LVEtransmission1584_electricity,#3186cc,LV electricity distribution main,transmission,100000,1,20,LVEtransmission1584,LVEtransmission1959
LVEtransmission1584_to_LVEtransmission1393_electricity,#3186cc,LV electricity distribution main,transmission,100000,1,20,LVEtransmission1393,LVEtransmission1584
LVEtransmission1089_to_LVEtransmission1434_electricity,#3186cc,LV electricity distribution main,transmission,100000,1,20,LVEtransmission1434,LVEtransmission1089
LVEtransmission1434_to_LVEtransmission663_electricity,#3186cc,LV electricity distribution main,transmission,100000,1,20,LVEtransmission663,LVEtransmission1434
LVEtransmission663_to_LVEtransmission1272_electricity,#3186cc,LV electricity distribution main,transmission,100000,1,20,LVEtransmission1272,LVEtransmission663
LVEtransmission1272_to_LVEtransmission1715_electricity,#3186cc,LV electricity distribution main,transmission,100000,1,20,LVEtransmission1715,LVEtransmission1272
LVEtransmission1715_to_LVEtransmission1031_electricity,#3186cc,LV electricity distribution main,transmission,100000,1,20,LVEtransmission1031,LVEtransmission1715
LVEtransmission1031_to_LVEtransmission1285_electricity,#3186cc,LV electricity distribution main,transmission,100000,1,20,LVEtransmission1285,LVEtransmission1031
LVEtransmission1285_to_LVEtransmission1728_electricity,#3186cc,LV electricity distribution main,transmission,100000,1,20,LVEtransmission1728,LVEtransmission1285
LVEtransmission1728_to_LVEtransmission157_electricity,#3186cc,LV electricity distribution main,transmission,100000,1,20,LVEtransmission157,LVEtransmission1728
LVEtransmission157_to_LVEtransmission1798_electricity,#3186cc,LV electricity distribution main,transmission,100000,1,20,LVEtransmission1798,LVEtransmission157
LVEtransmission1798_to_LVEtransmission1555_electricity,#3186cc,LV electricity distribution main,transmission,100000,1,20,LVEtransmission1555,LVEtransmission1798
LVEtransmission1555_to_LVEtransmission215_electricity,#3186cc,LV electricity distribution main,transmission,100000,1,20,LVEtransmission215,LVEtransmission1555
LVEtransmission215_to_LVEtransmission1567_electricity,#3186cc,LV electricity distribution main,transmission,100000,1,20,LVEtransmission1567,LVEtransmission215
LVEtransmission1567_to_LVEtransmission1774_electricity,#3186cc,LV electricity distribution main,transmission,100000,1,20,LVEtransmission1774,LVEtransmission1567
LVEtransmission1774_to_LVEtransmission866_electricity,#3186cc,LV electricity distribution main,transmission,100000,1,20,LVEtransmission866,LVEtransmission1774
LVEtransmission866_to_LVEtransmission159_electricity,#3186cc,LV electricity distribution main,transmission,100000,1,20,LVEtransmission159,LVEtransmission866
LVEtransmission159_to_LVEtransmission1340_electricity,#3186cc,LV electricity distribution main,transmission,100000,1,20,LVEtransmission1340,LVEtransmission159
LVEtransmission1340_to_LVEtransmission630_electricity,#3186cc,LV electricity distribution main,transmission,100000,1,20,LVEtransmission630,LVEtransmission1340
LVEtransmission630_to_LVEtransmission836_electricity,#3186cc,LV electricity distribution main,transmission,100000,1,20,LVEtransmission836,LVEtransmission630
LVEtransmission836_to_LVEtransmission1935_electricity,#3186cc,LV electricity distribution main,transmission,100000,1,20,LVEtransmission1935,LVEtransmission836
LVEtransmission1935_to_LVEtransmission1254_electricity,#3186cc,LV electricity distribution main,transmission,100000,1,20,LVEtransmission1254,LVEtransmission1935
LVEtransmission1254_to_LVEtransmission1317_electricity,#3186cc,LV electricity distribution main,transmission,100000,1,20,LVEtransmission1317,LVEtransmission1254
LVEtransmission1317_to_LVEtransmission1723_electricity,#3186cc,LV electricity distribution main,transmission,100000,1,20,LVEtransmission1723,LVEtransmission1317
LVEtransmission1723_to_LVEtransmission1316_electricity,#3186cc,LV electricity distribution main,transmission,100000,1,20,LVEtransmission1316,LVEtransmission1723
LVEtransmission1316_to_LVEtransmission949_electricity,#3186cc,LV electricity distribution main,transmission,100000,1,20,LVEtransmission949,LVEtransmission1316
LVEtransmission949_to_LVEtransmission1120_electricity,#3186cc,LV electricity distribution main,transmission,100000,1,20,LVEtransmission1120,LVEtransmission949
LVEtransmission1120_to_LVEtransmission1660_electricity,#3186cc,LV electricity distribution main,transmission,100000,1,20,LVEtransmission1660,LVEtransmission1120
LVEtransmission1660_to_LVEtransmission1740_electricity,#3186cc,LV electricity distribution main,transmission,100000,1,20,LVEtransmission1740,LVEtransmission1660
LVEtransmission1740_to_LVEtransmission1817_electricity,#3186cc,LV electricity distribution main,transmission,100000,1,20,LVEtransmission1817,LVEtransmission1740
LVEtransmission1817_to_LVEtransmission1417_electricity,#3186cc,LV electricity distribution main,transmission,100000,1,20,LVEtransmission1417,LVEtransmission1817
LVEtransmission1417_to_LVEtransmission1947_electricity,#3186cc,LV electricity distribution main,transmission,100000,1,20,LVEtransmission1947,LVEtransmission1417
LVEtransmission1947_to_LVEtransmission1025_electricity,#3186cc,LV electricity distribution main,transmission,100000,1,20,LVEtransmission1025,LVEtransmission1947
LVEtransmission1025_to_LVEtransmission1751_electricity,#3186cc,LV electricity distribution main,transmission,100000,1,20,LVEtransmission1751,LVEtransmission1025
LVEtransmission1751_to_LVEtransmission689_electricity,#3186cc,LV electricity distribution main,transmission,100000,1,20,LVEtransmission689,LVEtransmission1751
LVEtransmission689_to_LVEtransmission1217_electricity,#3186cc,LV electricity distribution main,transmission,100000,1,20,LVEtransmission1217,LVEtransmission689
LVEtransmission1217_to_LVEtransmission1946_electricity,#3186cc,LV electricity distribution main,transmission,100000,1,20,LVEtransmission1946,LVEtransmission1217
LVEtransmission1946_to_LVEtransmission33_electricity,#3186cc,LV electricity distribution main,transmission,100000,1,20,LVEtransmission33,LVEtransmission1946
LVEtransmission33_to_LVEtransmission1565_electricity,#3186cc,LV electricity distribution main,transmission,100000,1,20,LVEtransmission1565,LVEtransmission33
LVEtransmission1565_to_LVEtransmission1167_electricity,#3186cc,LV electricity distribution main,transmission,100000,1,20,LVEtransmission1167,LVEtransmission1565
LVEtransmission1167_to_LVEtransmission1248_electricity,#3186cc,LV electricity distribution main,transmission,100000,1,20,LVEtransmission1248,LVEtransmission1167
LVEtransmission1248_to_LVEtransmission996_electricity,#3186cc,LV electricity distribution main,transmission,100000,1,20,LVEtransmission996,LVEtransmission1248
LVEtransmission996_to_LVEtransmission1767_electricity,#3186cc,LV electricity distribution main,transmission,100000,1,20,LVEtransmission1767,LVEtransmission996
LVEtransmission1548_to_LVEtransmission1734_electricity,#3186cc,LV electricity distribution main,transmission,100000,1,20,LVEtransmission1734,LVEtransmission1548
LVEtransmission1734_to_LVEtransmission26_electricity,#3186cc,LV electricity distribution main,transmission,100000,1,20,LVEtransmission26,LVEtransmission1734
LVEtransmission26_to_LVEtransmission48_electricity,#3186cc,LV electricity distribution main,transmission,100000,1,20,LVEtransmission48,LVEtransmission26
LVEtransmission48_to_LVEtransmission765_electricity,#3186cc,LV electricity distribution main,transmission,100000,1,20,LVEtransmission765,LVEtransmission48
LVEtransmission765_to_LVEtransmission1925_electricity,#3186cc,LV electricity distribution main,transmission,100000,1,20,LVEtransmission1925,LVEtransmission765
LVEtransmission1925_to_LVEtransmission566_electricity,#3186cc,LV electricity distribution main,transmission,100000,1,20,LVEtransmission566,LVEtransmission1925
LVEtransmission566_to_LVEtransmission1993_electricity,#3186cc,LV electricity distribution main,transmission,100000,1,20,LVEtransmission1993,LVEtransmission566
LVEtransmission1993_to_LVEtransmission259_electricity,#3186cc,LV electricity distribution main,transmission,100000,1,20,LVEtransmission259,LVEtransmission1993
LVEtransmission259_to_LVEtransmission506_electricity,#3186cc,LV electricity distribution main,transmission,100000,1,20,LVEtransmission506,LVEtransmission259
LVEtransmission506_to_LVEtransmission120_electricity,#3186cc,LV electricity distribution main,transmission,100000,1,20,LVEtransmission120,LVEtransmission506
LVEtransmission120_to_LVEtransmission576_electricity,#3186cc,LV electricity distribution main,transmission,100000,1,20,LVEtransmission576,LVEtransmission120
LVEtransmission576_to_LVEtransmission857_electricity,#3186cc,LV electricity distribution main,transmission,100000,1,20,LVEtransmission857,LVEtransmission576
LVEtransmission857_to_LVEtransmission17_electricity,#3186cc,LV electricity distribution main,transmission,100000,1,20,LVEtransmission17,LVEtransmission857
LVEtransmission17_to_LVEtransmission734_electricity,#3186cc,LV electricity distribution main,transmission,100000,1,20,LVEtransmission734,LVEtransmission17
LVEtransmission734_to_LVEtransmission88_electricity,#3186cc,LV electricity distribution main,transmission,100000,1,20,LVEtransmission88,LVEtransmission734
LVEtransmission88_to_LVEtransmission522_electricity,#3186cc,LV electricity distribution main,transmission,100000,1,20,LVEtransmission522,LVEtransmission88
LVEtransmission522_to_LVEtransmission969_electricity,#3186cc,LV electricity distribution main,transmission,100000,1,20,LVEtransmission969,LVEtransmission522
LVEtransmission969_to_LVEtransmission1443_electricity,#3186cc,LV electricity distribution main,transmission,100000,1,20,LVEtransmission1443,LVEtransmission969
LVEtransmission1443_to_LVEtransmission63_electricity,#3186cc,LV electricity distribution main,transmission,100000,1,20,LVEtransmission63,LVEtransmission1443
LVEtransmission63_to_LVEtransmission1820_electricity,#3186cc,LV electricity distribution main,transmission,100000,1,20,LVEtransmission1820,LVEtransmission63
LVEtransmission1820_to_LVEtransmission1562_electricity,#3186cc,LV electricity distribution main,transmission,100000,1,20,LVEtransmission1562,LVEtransmission1820
LVEtransmission1562_to_LVEtransmission154_electricity,#3186cc,LV electricity distribution main,transmission,100000,1,20,LVEtransmission154,LVEtransmission1562
LVEtransmission154_to_LVEtransmission1198_electricity,#3186cc,LV electricity distribution main,transmission,100000,1,20,LVEtransmission1198,LVEtransmission154
LVEtransmission1198_to_LVEtransmission221_electricity,#3186cc,LV electricity distribution main,transmission,100000,1,20,LVEtransmission221,LVEtransmission1198
LVEtransmission221_to_LVEtransmission816_electricity,#3186cc,LV electricity distribution main,transmission,100000,1,20,LVEtransmission816,LVEtransmission221
LVEtransmission816_to_LVEtransmission970_electricity,#3186cc,LV electricity distribution main,transmission,100000,1,20,LVEtransmission970,LVEtransmission816
LVEtransmission970_to_LVEtransmission1403_electricity,#3186cc,LV electricity distribution main,transmission,100000,1,20,LVEtransmission1403,LVEtransmission970
LVEtransmission1403_to_LVEtransmission1701_electricity,#3186cc,LV electricity distribution main,transmission,100000,1,20,LVEtransmission1701,LVEtransmission1403
LVEtransmission456_to_LVEtransmission800_electricity,#3186cc,LV electricity distribution main,transmission,100000,1,20,LVEtransmission800,LVEtransmission456
LVEtransmission800_to_LVEtransmission417_electricity,#3186cc,LV electricity distribution main,transmission,100000,1,20,LVEtransmission417,LVEtransmission800
LVEtransmission417_to_LVEtransmission835_electricity,#3186cc,LV electricity distribution main,transmission,100000,1,20,LVEtransmission835,LVEtransmission417
LVEtransmission835_to_LVEtransmission1062_electricity,#3186cc,LV electricity distribution main,transmission,100000,1,20,LVEtransmission1062,LVEtransmission835
LVEtransmission1062_to_LVEtransmission1547_electricity,#3186cc,LV electricity distribution main,transmission,100000,1,20,LVEtransmission1547,LVEtransmission1062
LVEtransmission1547_to_LVEtransmission1510_electricity,#3186cc,LV electricity distribution main,transmission,100000,1,20,LVEtransmission1510,LVEtransmission1547
LVEtransmission1510_to_LVEtransmission1969_electricity,#3186cc,LV electricity distribution main,transmission,100000,1,20,LVEtransmission1969,LVEtransmission1510
LVEtransmission1969_to_LVEtransmission885_electricity,#3186cc,LV electricity distribution main,transmission,100000,1,20,LVEtransmission885,LVEtransmission1969
LVEtransmission885_to_LVEtransmission390_electricity,#3186cc,LV electricity distribution main,transmission,100000,1,20,LVEtransmission390,LVEtransmission885
LVEtransmission390_to_LVEtransmission1343_electricity,#3186cc,LV electricity distribution main,transmission,100000,1,20,LVEtransmission1343,LVEtransmission390
LVEtransmission1343_to_LVEtransmission1073_electricity,#3186cc,LV electricity distribution main,transmission,100000,1,20,LVEtransmission1073,LVEtransmission1343
LVEtransmission486_to_LVEtransmission441_electricity,#3186cc,LV electricity distribution main,transmission,100000,1,20,LVEtransmission441,LVEtransmission486
LVEtransmission441_to_LVEtransmission267_electricity,#3186cc,LV electricity distribution main,transmission,100000,1,20,LVEtransmission267,LVEtransmission441
LVEtransmission267_to_LVEtransmission637_electricity,#3186cc,LV electricity distribution main,transmission,100000,1,20,LVEtransmission637,LVEtransmission267
LVEtransmission637_to_LVEtransmission1886_electricity,#3186cc,LV electricity distribution main,transmission,100000,1,20,LVEtransmission1886,LVEtransmission637
LVEtransmission1886_to_LVEtransmission1577_electricity,#3186cc,LV electricity distribution main,transmission,100000,1,20,LVEtransmission1577,LVEtransmission1886
LVEtransmission1577_to_LVEtransmission1494_electricity,#3186cc,LV electricity distribution main,transmission,100000,1,20,LVEtransmission1494,LVEtransmission1577
LVEtransmission1494_to_LVEtransmission1963_electricity,#3186cc,LV electricity distribution main,transmission,100000,1,20,LVEtransmission1963,LVEtransmission1494
LVEtransmission1963_to_LVEtransmission1875_electricity,#3186cc,LV electricity distribution main,transmission,100000,1,20,LVEtransmission1875,LVEtransmission1963
LVEtransmission1875_to_LVEtransmission815_electricity,#3186cc,LV electricity distribution main,transmission,100000,1,20,LVEtransmission815,LVEtransmission1875
LVEtransmission815_to_LVEtransmission452_electricity,#3186cc,LV electricity distribution main,transmission,100000,1,20,LVEtransmission452,LVEtransmission815
LVEtransmission452_to_LVEtransmission1586_electricity,#3186cc,LV electricity distribution main,transmission,100000,1,20,LVEtransmission1586,LVEtransmission452
LVEtransmission1586_to_LVEtransmission1948_electricity,#3186cc,LV electricity distribution main,transmission,100000,1,20,LVEtransmission1948,LVEtransmission1586
LVEtransmission1948_to_LVEtransmission959_electricity,#3186cc,LV electricity distribution main,transmission,100000,1,20,LVEtransmission959,LVEtransmission1948
LVEtransmission959_to_LVEtransmission1888_electricity,#3186cc,LV electricity distribution main,transmission,100000,1,20,LVEtransmission1888,LVEtransmission959
LVEtransmission1888_to_LVEtransmission1483_electricity,#3186cc,LV electricity distribution main,transmission,100000,1,20,LVEtransmission1483,LVEtransmission1888
LVEtransmission1483_to_LVEtransmission1297_electricity,#3186cc,LV electricity distribution main,transmission,100000,1,20,LVEtransmission1297,LVEtransmission1483
LVEtransmission1297_to_LVEtransmission1931_electricity,#3186cc,LV electricity distribution main,transmission,100000,1,20,LVEtransmission1931,LVEtransmission1297
LVEtransmission1931_to_LVEtransmission867_electricity,#3186cc,LV electricity distribution main,transmission,100000,1,20,LVEtransmission867,LVEtransmission1931
LVEtransmission867_to_LVEtransmission1135_electricity,#3186cc,LV electricity distribution main,transmission,100000,1,20,LVEtransmission1135,LVEtransmission867
LVEtransmission1135_to_LVEtransmission769_electricity,#3186cc,LV electricity distribution main,transmission,100000,1,20,LVEtransmission769,LVEtransmission1135
LVEtransmission769_to_LVEtransmission595_electricity,#3186cc,LV electricity distribution main,transmission,100000,1,20,LVEtransmission595,LVEtransmission769
LVEtransmission595_to_LVEtransmission59_electricity,#3186cc,LV electricity distribution main,transmission,100000,1,20,LVEtransmission59,LVEtransmission595
LVEtransmission59_to_LVEtransmission1246_electricity,#3186cc,LV electricity distribution main,transmission,100000,1,20,LVEtransmission1246,LVEtransmission59
LVEtransmission1246_to_LVEtransmission238_electricity,#3186cc,LV electricity distribution main,transmission,100000,1,20,LVEtransmission238,LVEtransmission1246
LVEtransmission238_to_LVEtransmission1122_electricity,#3186cc,LV electricity distribution main,transmission,100000,1,20,LVEtransmission1122,LVEtransmission238
LVEtransmission1122_to_LVEtransmission341_electricity,#3186cc,LV electricity distribution main,transmission,100000,1,20,LVEtransmission341,LVEtransmission1122
LVEtransmission341_to_LVEtransmission1520_electricity,#3186cc,LV electricity distribution main,transmission,100000,1,20,LVEtransmission1520,LVEtransmission341
LVEtransmission1520_to_LVEtransmission351_electricity,#3186cc,LV electricity distribution main,transmission,100000,1,20,LVEtransmission351,LVEtransmission1520
LVEtransmission351_to_LVEtransmission255_electricity,#3186cc,LV electricity distribution main,transmission,100000,1,20,LVEtransmission255,LVEtransmission351
LVEtransmission255_to_LVEtransmission1151_electricity,#3186cc,LV electricity distribution main,transmission,100000,1,20,LVEtransmission1151,LVEtransmission255
LVEtransmission1151_to_LVEtransmission1154_electricity,#3186cc,LV electricity distribution main,transmission,100000,1,20,LVEtransmission1154,LVEtransmission1151
LVEtransmission1154_to_LVEtransmission910_electricity,#3186cc,LV electricity distribution main,transmission,100000,1,20,LVEtransmission910,LVEtransmission1154
LVEtransmission910_to_LVEtransmission468_electricity,#3186cc,LV electricity distribution main,transmission,100000,1,20,LVEtransmission468,LVEtransmission910
LVEtransmission468_to_LVEtransmission881_electricity,#3186cc,LV electricity distribution main,transmission,100000,1,20,LVEtransmission881,LVEtransmission468
LVEtransmission881_to_LVEtransmission647_electricity,#3186cc,LV electricity distribution main,transmission,100000,1,20,LVEtransmission647,LVEtransmission881
LVEtransmission647_to_LVEtransmission430_electricity,#3186cc,LV electricity distribution main,transmission,100000,1,20,LVEtransmission430,LVEtransmission647
LVEtransmission1390_to_LVEtransmission854_electricity,#3186cc,LV electricity distribution main,transmission,100000,1,20,LVEtransmission854,LVEtransmission1390
LVEtransmission854_to_LVEtransmission67_electricity,#3186cc,LV electricity distribution main,transmission,100000,1,20,LVEtransmission67,LVEtransmission854
LVEtransmission67_to_LVEtransmission1983_electricity,#3186cc,LV electricity distribution main,transmission,100000,1,20,LVEtransmission1983,LVEtransmission67
LVEtransmission1983_to_LVEtransmission643_electricity,#3186cc,LV electricity distribution main,transmission,100000,1,20,LVEtransmission643,LVEtransmission1983
LVEtransmission643_to_LVEtransmission289_electricity,#3186cc,LV electricity distribution main,transmission,100000,1,20,LVEtransmission289,LVEtransmission643
LVEtransmission289_to_LVEtransmission421_electricity,#3186cc,LV electricity distribution main,transmission,100000,1,20,LVEtransmission421,LVEtransmission289
LVEtransmission421_to_LVEtransmission1865_electricity,#3186cc,LV electricity distribution main,transmission,100000,1,20,LVEtransmission1865,LVEtransmission421
LVEtransmission1865_to_LVEtransmission1647_electricity,#3186cc,LV electricity distribution main,transmission,100000,1,20,LVEtransmission1647,LVEtransmission1865
LVEtransmission1647_to_LVEtransmission230_electricity,#3186cc,LV electricity distribution main,transmission,100000,1,20,LVEtransmission230,LVEtransmission1647
LVEtransmission230_to_LVEtransmission1708_electricity,#3186cc,LV electricity distribution main,transmission,100000,1,20,LVEtransmission1708,LVEtransmission230
LVEtransmission1708_to_LVEtransmission1027_electricity,#3186cc,LV electricity distribution main,transmission,100000,1,20,LVEtransmission1027,LVEtransmission1708
LVEtransmission1027_to_LVEtransmission1904_electricity,#3186cc,LV electricity distribution main,transmission,100000,1,20,LVEtransmission1904,LVEtransmission1027
LVEtransmission401_to_LVEtransmission1595_electricity,#3186cc,LV electricity distribution main,transmission,100000,1,20,LVEtransmission1595,LVEtransmission401
LVEtransmission1595_to_LVEtransmission110_electricity,#3186cc,LV electricity distribution main,transmission,100000,1,20,LVEtransmission110,LVEtransmission1595
LVEtransmission110_to_LVEtransmission1869_electricity,#3186cc,LV electricity distribution main,transmission,100000,1,20,LVEtransmission1869,LVEtransmission110
LVEtransmission1869_to_LVEtransmission1289_electricity,#3186cc,LV electricity distribution main,transmission,100000,1,20,LVEtransmission1289,LVEtransmission1869
LVEtransmission1289_to_LVEtransmission1823_electricity,#3186cc,LV electricity distribution main,transmission,100000,1,20,LVEtransmission1823,LVEtransmission1289
LVEtransmission1823_to_LVEtransmission1592_electricity,#3186cc,LV electricity distribution main,transmission,100000,1,20,LVEtransmission1592,LVEtransmission1823
LVEtransmission1592_to_LVEtransmission762_electricity,#3186cc,LV electricity distribution main,transmission,100000,1,20,LVEtransmission762,LVEtransmission1592
LVEtransmission1359_to_LVEtransmission1462_electricity,#3186cc,LV electricity distribution main,transmission,100000,1,20,LVEtransmission1462,LVEtransmission1359
LVEtransmission1462_to_LVEtransmission583_electricity,#3186cc,LV electricity distribution main,transmission,100000,1,20,LVEtransmission583,LVEtransmission1462
LVEtransmission583_to_LVEtransmission212_electricity,#3186cc,LV electricity distribution main,transmission,100000,1,20,LVEtransmission212,LVEtransmission583
LVEtransmission212_to_LVEtransmission964_electricity,#3186cc,LV electricity distribution main,transmission,100000,1,20,LVEtransmission964,LVEtransmission212
LVEtransmission964_to_LVEtransmission388_electricity,#3186cc,LV electricity distribution main,transmission,100000,1,20,LVEtransmission388,LVEtransmission964
LVEtransmission388_to_LVEtransmission431_electricity,#3186cc,LV electricity distribution main,transmission,100000,1,20,LVEtransmission431,LVEtransmission388
LVEtransmission431_to_LVEtransmission1082_electricity,#3186cc,LV electricity distribution main,transmission,100000,1,20,LVEtransmission1082,LVEtransmission431
LVEtransmission1082_to_LVEtransmission1588_electricity,#3186cc,LV electricity distribution main,transmission,100000,1,20,LVEtransmission1588,LVEtransmission1082
LVEtransmission1588_to_LVEtransmission1804_electricity,#3186cc,LV electricity distribution main,transmission,100000,1,20,LVEtransmission1804,LVEtransmission1588
LVEtransmission1804_to_LVEtransmission561_electricity,#3186cc,LV electricity distribution main,transmission,100000,1,20,LVEtransmission561,LVEtransmission1804
LVEtransmission561_to_LVEtransmission1770_electricity,#3186cc,LV electricity distribution main,transmission,100000,1,20,LVEtransmission1770,LVEtransmission561
LVEtransmission1770_to_LVEtransmission803_electricity,#3186cc,LV electricity distribution main,transmission,100000,1,20,LVEtransmission803,LVEtransmission1770
LVEtransmission803_to_LVEtransmission486_electricity,#3186cc,LV electricity distribution main,transmission,100000,1,20,LVEtransmission486,LVEtransmission803
LVEtransmission486_to_LVEtransmission111_electricity,#3186cc,LV electricity distribution main,transmission,100000,1,20,LVEtransmission111,LVEtransmission486
LVEtransmission111_to_LVEtransmission1302_electricity,#3186cc,LV electricity distribution main,transmission,100000,1,20,LVEtransmission1302,LVEtransmission111
LVEtransmission1302_to_LVEtransmission199_electricity,#3186cc,LV electricity distribution main,transmission,100000,1,20,LVEtransmission199,LVEtransmission1302
LVEtransmission199_to_LVEtransmission1799_electricity,#3186cc,LV electricity distribution main,transmission,100000,1,20,LVEtransmission1799,LVEtransmission199
LVEtransmission1799_to_LVEtransmission1661_electricity,#3186cc,LV electricity distribution main,transmission,100000,1,20,LVEtransmission1661,LVEtransmission1799
LVEtransmission1661_to_LVEtransmission1068_electricity,#3186cc,LV electricity distribution main,transmission,100000,1,20,LVEtransmission1068,LVEtransmission1661
LVEtransmission1068_to_LVEtransmission1779_electricity,#3186cc,LV electricity distribution main,transmission,100000,1,20,LVEtransmission1779,LVEtransmission1068
LVEtransmission1779_to_LVEtransmission180_electricity,#3186cc,LV electricity distribution main,transmission,100000,1,20,LVEtransmission180,LVEtransmission1779
LVEtransmission180_to_LVEtransmission1598_electricity,#3186cc,LV electricity distribution main,transmission,100000,1,20,LVEtransmission1598,LVEtransmission180
LVEtransmission1598_to_LVEtransmission1422_electricity,#3186cc,LV electricity distribution main,transmission,100000,1,20,LVEtransmission1422,LVEtransmission1598
LVEtransmission1422_to_LVEtransmission1913_electricity,#3186cc,LV electricity distribution main,transmission,100000,1,20,LVEtransmission1913,LVEtransmission1422
LVEtransmission1913_to_LVEtransmission1547_electricity,#3186cc,LV electricity distribution main,transmission,100000,1,20,LVEtransmission1547,LVEtransmission1913
LVEtransmission550_to_LVEtransmission171_electricity,#3186cc,LV electricity distribution main,transmission,100000,1,20,LVEtransmission171,LVEtransmission550
LVEtransmission171_to_LVEtransmission774_electricity,#3186cc,LV electricity distribution main,transmission,100000,1,20,LVEtransmission774,LVEtransmission171
LVEtransmission774_to_LVEtransmission1190_electricity,#3186cc,LV electricity distribution main,transmission,100000,1,20,LVEtransmission1190,LVEtransmission774
LVEtransmission1190_to_LVEtransmission1791_electricity,#3186cc,LV electricity distribution main,transmission,100000,1,20,LVEtransmission1791,LVEtransmission1190
LVEtransmission1791_to_LVEtransmission1638_electricity,#3186cc,LV electricity distribution main,transmission,100000,1,20,LVEtransmission1638,LVEtransmission1791
LVEtransmission1638_to_LVEtransmission213_electricity,#3186cc,LV electricity distribution main,transmission,100000,1,20,LVEtransmission213,LVEtransmission1638
LVEtransmission213_to_LVEtransmission1970_electricity,#3186cc,LV electricity distribution main,transmission,100000,1,20,LVEtransmission1970,LVEtransmission213
LVEtransmission1970_to_LVEtransmission562_electricity,#3186cc,LV electricity distribution main,transmission,100000,1,20,LVEtransmission562,LVEtransmission1970
LVEtransmission562_to_LVEtransmission990_electricity,#3186cc,LV electricity distribution main,transmission,100000,1,20,LVEtransmission990,LVEtransmission562
LVEtransmission990_to_LVEtransmission543_electricity,#3186cc,LV electricity distribution main,transmission,100000,1,20,LVEtransmission543,LVEtransmission990
LVEtransmission543_to_LVEtransmission455_electricity,#3186cc,LV electricity distribution main,transmission,100000,1,20,LVEtransmission455,LVEtransmission543
LVEtransmission455_to_LVEtransmission1535_electricity,#3186cc,LV electricity distribution main,transmission,100000,1,20,LVEtransmission1535,LVEtransmission455
LVEtransmission1535_to_LVEtransmission438_electricity,#3186cc,LV electricity distribution main,transmission,100000,1,20,LVEtransmission438,LVEtransmission1535
LVEtransmission438_to_LVEtransmission1509_electricity,#3186cc,LV electricity distribution main,transmission,100000,1,20,LVEtransmission1509,LVEtransmission438
LVEtransmission1509_to_LVEtransmission1469_electricity,#3186cc,LV electricity distribution main,transmission,100000,1,20,LVEtransmission1469,LVEtransmission1509
LVEtransmission1469_to_LVEtransmission288_electricity,#3186cc,LV electricity distribution main,transmission,100000,1,20,LVEtransmission288,LVEtransmission1469
LVEtransmission288_to_LVEtransmission1892_electricity,#3186cc,LV electricity distribution main,transmission,100000,1,20,LVEtransmission1892,LVEtransmission288
LVEtransmission1892_to_LVEtransmission263_electricity,#3186cc,LV electricity distribution main,transmission,100000,1,20,LVEtransmission263,LVEtransmission1892
LVEtransmission263_to_LVEtransmission1900_electricity,#3186cc,LV electricity distribution main,transmission,100000,1,20,LVEtransmission1900,LVEtransmission263
LVEtransmission1900_to_LVEtransmission681_electricity,#3186cc,LV electricity distribution main,transmission,100000,1,20,LVEtransmission681,LVEtransmission1900
LVEtransmission681_to_LVEtransmission493_electricity,#3186cc,LV electricity distribution main,transmission,100000,1,20,LVEtransmission493,LVEtransmission681
LVEtransmission493_to_LVEtransmission617_electricity,#3186cc,LV electricity distribution main,transmission,100000,1,20,LVEtransmission617,LVEtransmission493
LVEtransmission617_to_LVEtransmission702_electricity,#3186cc,LV electricity distribution main,transmission,100000,1,20,LVEtransmission702,LVEtransmission617
LVEtransmission702_to_LVEtransmission817_electricity,#3186cc,LV electricity distribution main,transmission,100000,1,20,LVEtransmission817,LVEtransmission702
LVEtransmission817_to_LVEtransmission1585_electricity,#3186cc,LV electricity distribution main,transmission,100000,1,20,LVEtransmission1585,LVEtransmission817
LVEtransmission1585_to_LVEtransmission400_electricity,#3186cc,LV electricity distribution main,transmission,100000,1,20,LVEtransmission400,LVEtransmission1585
LVEtransmission400_to_LVEtransmission1860_electricity,#3186cc,LV electricity distribution main,transmission,100000,1,20,LVEtransmission1860,LVEtransmission400
LVEtransmission1860_to_LVEtransmission781_electricity,#3186cc,LV electricity distribution main,transmission,100000,1,20,LVEtransmission781,LVEtransmission1860
LVEtransmission781_to_LVEtransmission1264_electricity,#3186cc,LV electricity distribution main,transmission,100000,1,20,LVEtransmission1264,LVEtransmission781
LVEtransmission193_to_LVEtransmission129_electricity,#3186cc,LV electricity distribution main,transmission,100000,1,20,LVEtransmission129,LVEtransmission193
LVEtransmission129_to_LVEtransmission930_electricity,#3186cc,LV electricity distribution main,transmission,100000,1,20,LVEtransmission930,LVEtransmission129
LVEtransmission930_to_LVEtransmission675_electricity,#3186cc,LV electricity distribution main,transmission,100000,1,20,LVEtransmission675,LVEtransmission930
LVEtransmission675_to_LVEtransmission1283_electricity,#3186cc,LV electricity distribution main,transmission,100000,1,20,LVEtransmission1283,LVEtransmission675
LVEtransmission1283_to_LVEtransmission1413_electricity,#3186cc,LV electricity distribution main,transmission,100000,1,20,LVEtransmission1413,LVEtransmission1283
LVEtransmission1413_to_LVEtransmission195_electricity,#3186cc,LV electricity distribution main,transmission,100000,1,20,LVEtransmission195,LVEtransmission1413
LVEtransmission195_to_LVEtransmission768_electricity,#3186cc,LV electricity distribution main,transmission,100000,1,20,LVEtransmission768,LVEtransmission195
LVEtransmission768_to_LVEtransmission106_electricity,#3186cc,LV electricity distribution main,transmission,100000,1,20,LVEtransmission106,LVEtransmission768
LVEtransmission106_to_LVEtransmission657_electricity,#3186cc,LV electricity distribution main,transmission,100000,1,20,LVEtransmission657,LVEtransmission106
LVEtransmission657_to_LVEtransmission553_electricity,#3186cc,LV electricity distribution main,transmission,100000,1,20,LVEtransmission553,LVEtransmission657
LVEtransmission553_to_LVEtransmission877_electricity,#3186cc,LV electricity distribution main,transmission,100000,1,20,LVEtransmission877,LVEtransmission553
LVEtransmission877_to_LVEtransmission491_electricity,#3186cc,LV electricity distribution main,transmission,100000,1,20,LVEtransmission491,LVEtransmission877
LVEtransmission491_to_LVEtransmission149_electricity,#3186cc,LV electricity distribution main,transmission,100000,1,20,LVEtransmission149,LVEtransmission491
LVEtransmission149_to_LVEtransmission627_electricity,#3186cc,LV electricity distribution main,transmission,100000,1,20,LVEtransmission627,LVEtransmission149
LVEtransmission627_to_LVEtransmission520_electricity,#3186cc,LV electricity distribution main,transmission,100000,1,20,LVEtransmission520,LVEtransmission627
LVEtransmission520_to_LVEtransmission840_electricity,#3186cc,LV electricity distribution main,transmission,100000,1,20,LVEtransmission840,LVEtransmission520
LVEtransmission840_to_LVEtransmission501_electricity,#3186cc,LV electricity distribution main,transmission,100000,1,20,LVEtransmission501,LVEtransmission840
LVEtransmission1512_to_LVEtransmission1337_electricity,#3186cc,LV electricity distribution main,transmission,100000,1,20,LVEtransmission1337,LVEtransmission1512
LVEtransmission1337_to_LVEtransmission1614_electricity,#3186cc,LV electricity distribution main,transmission,100000,1,20,LVEtransmission1614,LVEtransmission1337
LVEtransmission1614_to_LVEtransmission1909_electricity,#3186cc,LV electricity distribution main,transmission,100000,1,20,LVEtransmission1909,LVEtransmission1614
LVEtransmission1909_to_LVEtransmission649_electricity,#3186cc,LV electricity distribution main,transmission,100000,1,20,LVEtransmission649,LVEtransmission1909
LVEtransmission649_to_LVEtransmission472_electricity,#3186cc,LV electricity distribution main,transmission,100000,1,20,LVEtransmission472,LVEtransmission649
LVEtransmission472_to_LVEtransmission285_electricity,#3186cc,LV electricity distribution main,transmission,100000,1,20,LVEtransmission285,LVEtransmission472
LVEtransmission285_to_LVEtransmission94_electricity,#3186cc,LV electricity distribution main,transmission,100000,1,20,LVEtransmission94,LVEtransmission285
LVEtransmission94_to_LVEtransmission358_electricity,#3186cc,LV electricity distribution main,transmission,100000,1,20,LVEtransmission358,LVEtransmission94
LVEtransmission358_to_LVEtransmission1581_electricity,#3186cc,LV electricity distribution main,transmission,100000,1,20,LVEtransmission1581,LVEtransmission358
LVEtransmission1581_to_LVEtransmission473_electricity,#3186cc,LV electricity distribution main,transmission,100000,1,20,LVEtransmission473,LVEtransmission1581
LVEtransmission473_to_LVEtransmission790_electricity,#3186cc,LV electricity distribution main,transmission,100000,1,20,LVEtransmission790,LVEtransmission473
LVEtransmission790_to_LVEtransmission344_electricity,#3186cc,LV electricity distribution main,transmission,100000,1,20,LVEtransmission344,LVEtransmission790
LVEtransmission344_to_LVEtransmission832_electricity,#3186cc,LV electricity distribution main,transmission,100000,1,20,LVEtransmission832,LVEtransmission344
LVEtransmission832_to_LVEtransmission1749_electricity,#3186cc,LV electricity distribution main,transmission,100000,1,20,LVEtransmission1749,LVEtransmission832
LVEtransmission1749_to_LVEtransmission99_electricity,#3186cc,LV electricity distribution main,transmission,100000,1,20,LVEtransmission99,LVEtransmission1749
LVEtransmission99_to_LVEtransmission608_electricity,#3186cc,LV electricity distribution main,transmission,100000,1,20,LVEtransmission608,LVEtransmission99
LVEtransmission608_to_LVEtransmission1916_electricity,#3186cc,LV electricity distribution main,transmission,100000,1,20,LVEtransmission1916,LVEtransmission608
LVEtransmission1916_to_LVEtransmission155_electricity,#3186cc,LV electricity distribution main,transmission,100000,1,20,LVEtransmission155,LVEtransmission1916
LVEtransmission155_to_LVEtransmission109_electricity,#3186cc,LV electricity distribution main,transmission,100000,1,20,LVEtransmission109,LVEtransmission155
LVEtransmission109_to_LVEtransmission1307_electricity,#3186cc,LV electricity distribution main,transmission,100000,1,20,LVEtransmission1307,LVEtransmission109
LVEtransmission1075_to_LVEtransmission1664_electricity,#3186cc,LV electricity distribution main,transmission,100000,1,20,LVEtransmission1664,LVEtransmission1075
LVEtransmission1664_to_LVEtransmission777_electricity,#3186cc,LV electricity distribution main,transmission,100000,1,20,LVEtransmission777,LVEtransmission1664
LVEtransmission777_to_LVEtransmission890_electricity,#3186cc,LV electricity distribution main,transmission,100000,1,20,LVEtransmission890,LVEtransmission777
LVEtransmission890_to_LVEtransmission6_electricity,#3186cc,LV electricity distribution main,transmission,100000,1,20,LVEtransmission6,LVEtransmission890
LVEtransmission6_to_LVEtransmission509_electricity,#3186cc,LV electricity distribution main,transmission,100000,1,20,LVEtransmission509,LVEtransmission6
LVEtransmission509_to_LVEtransmission1573_electricity,#3186cc,LV electricity distribution main,transmission,100000,1,20,LVEtransmission1573,LVEtransmission509
LVEtransmission1573_to_LVEtransmission744_electricity,#3186cc,LV electricity distribution main,transmission,100000,1,20,LVEtransmission744,LVEtransmission1573
LVEtransmission744_to_LVEtransmission1053_electricity,#3186cc,LV electricity distribution main,transmission,100000,1,20,LVEtransmission1053,LVEtransmission744
LVEtransmission1053_to_LVEtransmission1327_electricity,#3186cc,LV electricity distribution main,transmission,100000,1,20,LVEtransmission1327,LVEtransmission1053
LVEtransmission1327_to_LVEtransmission1675_electricity,#3186cc,LV electricity distribution main,transmission,100000,1,20,LVEtransmission1675,LVEtransmission1327
LVEtransmission1675_to_LVEtransmission136_electricity,#3186cc,LV electricity distribution main,transmission,100000,1,20,LVEtransmission136,LVEtransmission1675
LVEtransmission136_to_LVEtransmission1838_electricity,#3186cc,LV electricity distribution main,transmission,100000,1,20,LVEtransmission1838,LVEtransmission136
LVEtransmission1838_to_LVEtransmission1467_electricity,#3186cc,LV electricity distribution main,transmission,100000,1,20,LVEtransmission1467,LVEtransmission1838
LVEtransmission1467_to_LVEtransmission692_electricity,#3186cc,LV electricity distribution main,transmission,100000,1,20,LVEtransmission692,LVEtransmission1467
LVEtransmission692_to_LVEtransmission290_electricity,#3186cc,LV electricity distribution main,transmission,100000,1,20,LVEtransmission290,LVEtransmission692
LVEtransmission290_to_LVEtransmission1982_electricity,#3186cc,LV electricity distribution main,transmission,100000,1,20,LVEtransmission1982,LVEtransmission290
LVEtransmission1982_to_LVEtransmission469_electricity,#3186cc,LV electricity distribution main,transmission,100000,1,20,LVEtransmission469,LVEtransmission1982
LVEtransmission720_to_LVEtransmission1828_electricity,#3186cc,LV electricity distribution main,transmission,100000,1,20,LVEtransmission1828,LVEtransmission720
LVEtransmission1828_to_LVEtransmission1597_electricity,#3186cc,LV electricity distribution main,transmission,100000,1,20,LVEtransmission1597,LVEtransmission1828
LVEtransmission1597_to_LVEtransmission500_electricity,#3186cc,LV electricity distribution main,transmission,100000,1,20,LVEtransmission500,LVEtransmission1597
LVEtransmission500_to_LVEtransmission280_electricity,#3186cc,LV electricity distribution main,transmission,100000,1,20,LVEtransmission280,LVEtransmission500
LVEtransmission280_to_LVEtransmission1423_electricity,#3186cc,LV electricity distribution main,transmission,100000,1,20,LVEtransmission1423,LVEtransmission280
LVEtransmission425_to_LVEtransmission1451_electricity,#3186cc,LV electricity distribution main,transmission,100000,1,20,LVEtransmission1451,LVEtransmission425
LVEtransmission1451_to_LVEtransmission1943_electricity,#3186cc,LV electricity distribution main,transmission,100000,1,20,LVEtransmission1943,LVEtransmission1451
LVEtransmission1943_to_LVEtransmission123_electricity,#3186cc,LV electricity distribution main,transmission,100000,1,20,LVEtransmission123,LVEtransmission1943
LVEtransmission123_to_LVEtransmission1049_electricity,#3186cc,LV electricity distribution main,transmission,100000,1,20,LVEtransmission1049,LVEtransmission123
LVEtransmission1049_to_LVEtransmission760_electricity,#3186cc,LV electricity distribution main,transmission,100000,1,20,LVEtransmission760,LVEtransmission1049
LVEtransmission760_to_LVEtransmission1824_electricity,#3186cc,LV electricity distribution main,transmission,100000,1,20,LVEtransmission1824,LVEtransmission760
LVEtransmission1824_to_LVEtransmission711_electricity,#3186cc,LV electricity distribution main,transmission,100000,1,20,LVEtransmission711,LVEtransmission1824
LVEtransmission711_to_LVEtransmission414_electricity,#3186cc,LV electricity distribution main,transmission,100000,1,20,LVEtransmission414,LVEtransmission711
LVEtransmission414_to_LVEtransmission1785_electricity,#3186cc,LV electricity distribution main,transmission,100000,1,20,LVEtransmission1785,LVEtransmission414
LVEtransmission1785_to_LVEtransmission362_electricity,#3186cc,LV electricity distribution main,transmission,100000,1,20,LVEtransmission362,LVEtransmission1785
LVEtransmission362_to_LVEtransmission85_electricity,#3186cc,LV electricity distribution main,transmission,100000,1,20,LVEtransmission85,LVEtransmission362
LVEtransmission85_to_LVEtransmission1457_electricity,#3186cc,LV electricity distribution main,transmission,100000,1,20,LVEtransmission1457,LVEtransmission85
LVEtransmission1457_to_LVEtransmission1364_electricity,#3186cc,LV electricity distribution main,transmission,100000,1,20,LVEtransmission1364,LVEtransmission1457
LVEtransmission1364_to_LVEtransmission27_electricity,#3186cc,LV electricity distribution main,transmission,100000,1,20,LVEtransmission27,LVEtransmission1364
LVEtransmission27_to_LVEtransmission1110_electricity,#3186cc,LV electricity distribution main,transmission,100000,1,20,LVEtransmission1110,LVEtransmission27
LVEtransmission1110_to_LVEtransmission1385_electricity,#3186cc,LV electricity distribution main,transmission,100000,1,20,LVEtransmission1385,LVEtransmission1110
LVEtransmission1385_to_LVEtransmission878_electricity,#3186cc,LV electricity distribution main,transmission,100000,1,20,LVEtransmission878,LVEtransmission1385
LVEtransmission878_to_LVEtransmission745_electricity,#3186cc,LV electricity distribution main,transmission,100000,1,20,LVEtransmission745,LVEtransmission878
LVEtransmission745_to_LVEtransmission1528_electricity,#3186cc,LV electricity distribution main,transmission,100000,1,20,LVEtransmission1528,LVEtransmission745
LVEtransmission1528_to_LVEtransmission757_electricity,#3186cc,LV electricity distribution main,transmission,100000,1,20,LVEtransmission757,LVEtransmission1528
LVEtransmission757_to_LVEtransmission1906_electricity,#3186cc,LV electricity distribution main,transmission,100000,1,20,LVEtransmission1906,LVEtransmission757
LVEtransmission1906_to_LVEtransmission1373_electricity,#3186cc,LV electricity distribution main,transmission,100000,1,20,LVEtransmission1373,LVEtransmission1906
LVEtransmission1373_to_LVEtransmission1507_electricity,#3186cc,LV electricity distribution main,transmission,100000,1,20,LVEtransmission1507,LVEtransmission1373
LVEtransmission1507_to_LVEtransmission585_electricity,#3186cc,LV electricity distribution main,transmission,100000,1,20,LVEtransmission585,LVEtransmission1507
LVEtransmission738_to_LVEtransmission463_electricity,#3186cc,LV electricity distribution main,transmission,100000,1,20,LVEtransmission463,LVEtransmission738
LVEtransmission463_to_LVEtransmission1083_electricity,#3186cc,LV electricity distribution main,transmission,100000,1,20,LVEtransmission1083,LVEtransmission463
LVEtransmission1083_to_LVEtransmission1054_electricity,#3186cc,LV electricity distribution main,transmission,100000,1,20,LVEtransmission1054,LVEtransmission1083
LVEtransmission1054_to_LVEtransmission316_electricity,#3186cc,LV electricity distribution main,transmission,100000,1,20,LVEtransmission316,LVEtransmission1054
LVEtransmission316_to_LVEtransmission1839_electricity,#3186cc,LV electricity distribution main,transmission,100000,1,20,LVEtransmission1839,LVEtransmission316
LVEtransmission1839_to_LVEtransmission960_electricity,#3186cc,LV electricity distribution main,transmission,100000,1,20,LVEtransmission960,LVEtransmission1839
LVEtransmission960_to_LVEtransmission38_electricity,#3186cc,LV electricity distribution main,transmission,100000,1,20,LVEtransmission38,LVEtransmission960
LVEtransmission1767_to_LVEtransmission1018_electricity,#3186cc,LV electricity distribution main,transmission,100000,1,20,LVEtransmission1018,LVEtransmission1767
LVEtransmission1018_to_LVEtransmission1202_electricity,#3186cc,LV electricity distribution main,transmission,100000,1,20,LVEtransmission1202,LVEtransmission1018
LVEtransmission1202_to_LVEtransmission73_electricity,#3186cc,LV electricity distribution main,transmission,100000,1,20,LVEtransmission73,LVEtransmission1202
LVEtransmission73_to_LVEtransmission1553_electricity,#3186cc,LV electricity distribution main,transmission,100000,1,20,LVEtransmission1553,LVEtransmission73
LVEtransmission1553_to_LVEtransmission1540_electricity,#3186cc,LV electricity distribution main,transmission,100000,1,20,LVEtransmission1540,LVEtransmission1553
LVEtransmission1540_to_LVEtransmission361_electricity,#3186cc,LV electricity distribution main,transmission,100000,1,20,LVEtransmission361,LVEtransmission1540
LVEtransmission361_to_LVEtransmission1374_electricity,#3186cc,LV electricity distribution main,transmission,100000,1,20,LVEtransmission1374,LVEtransmission361
LVEtransmission1374_to_LVEtransmission458_electricity,#3186cc,LV electricity distribution main,transmission,100000,1,20,LVEtransmission458,LVEtransmission1374
LVEtransmission458_to_LVEtransmission1932_electricity,#3186cc,LV electricity distribution main,transmission,100000,1,20,LVEtransmission1932,LVEtransmission458
LVEtransmission1932_to_LVEtransmission1897_electricity,#3186cc,LV electricity distribution main,transmission,100000,1,20,LVEtransmission1897,LVEtransmission1932
LVEtransmission1897_to_LVEtransmission505_electricity,#3186cc,LV electricity distribution main,transmission,100000,1,20,LVEtransmission505,LVEtransmission1897
LVEtransmission505_to_LVEtransmission1346_electricity,#3186cc,LV electricity distribution main,transmission,100000,1,20,LVEtransmission1346,LVEtransmission505
LVEtransmission1346_to_LVEtransmission1938_electricity,#3186cc,LV electricity distribution main,transmission,100000,1,20,LVEtransmission1938,LVEtransmission1346
LVEtransmission1938_to_LVEtransmission1206_electricity,#3186cc,LV electricity distribution main,transmission,100000,1,20,LVEtransmission1206,LVEtransmission1938
LVEtransmission1206_to_LVEtransmission98_electricity,#3186cc,LV electricity distribution main,transmission,100000,1,20,LVEtransmission98,LVEtransmission1206
LVEtransmission98_to_LVEtransmission1635_electricity,#3186cc,LV electricity distribution main,transmission,100000,1,20,LVEtransmission1635,LVEtransmission98
LVEtransmission1905_to_LVEtransmission1605_electricity,#3186cc,LV electricity distribution main,transmission,100000,1,20,LVEtransmission1605,LVEtransmission1905
LVEtransmission1605_to_LVEtransmission1416_electricity,#3186cc,LV electricity distribution main,transmission,100000,1,20,LVEtransmission1416,LVEtransmission1605
LVEtransmission1416_to_LVEtransmission50_electricity,#3186cc,LV electricity distribution main,transmission,100000,1,20,LVEtransmission50,LVEtransmission1416
LVEtransmission50_to_LVEtransmission58_electricity,#3186cc,LV electricity distribution main,transmission,100000,1,20,LVEtransmission58,LVEtransmission50
LVEtransmission58_to_LVEtransmission78_electricity,#3186cc,LV electricity distribution main,transmission,100000,1,20,LVEtransmission78,LVEtransmission58
LVEtransmission78_to_LVEtransmission741_electricity,#3186cc,LV electricity distribution main,transmission,100000,1,20,LVEtransmission741,LVEtransmission78
LVEtransmission741_to_LVEtransmission548_electricity,#3186cc,LV electricity distribution main,transmission,100000,1,20,LVEtransmission548,LVEtransmission741
LVEtransmission548_to_LVEtransmission30_electricity,#3186cc,LV electricity distribution main,transmission,100000,1,20,LVEtransmission30,LVEtransmission548
LVEtransmission30_to_LVEtransmission611_electricity,#3186cc,LV electricity distribution main,transmission,100000,1,20,LVEtransmission611,LVEtransmission30
LVEtransmission611_to_LVEtransmission1365_electricity,#3186cc,LV electricity distribution main,transmission,100000,1,20,LVEtransmission1365,LVEtransmission611
LVEtransmission1365_to_LVEtransmission188_electricity,#3186cc,LV electricity distribution main,transmission,100000,1,20,LVEtransmission188,LVEtransmission1365
LVEtransmission188_to_LVEtransmission801_electricity,#3186cc,LV electricity distribution main,transmission,100000,1,20,LVEtransmission801,LVEtransmission188
LVEtransmission801_to_LVEtransmission1132_electricity,#3186cc,LV electricity distribution main,transmission,100000,1,20,LVEtransmission1132,LVEtransmission801
LVEtransmission1132_to_LVEtransmission302_electricity,#3186cc,LV electricity distribution main,transmission,100000,1,20,LVEtransmission302,LVEtransmission1132
LVEtransmission302_to_LVEtransmission1131_electricity,#3186cc,LV electricity distribution main,transmission,100000,1,20,LVEtransmission1131,LVEtransmission302
LVEtransmission1131_to_LVEtransmission121_electricity,#3186cc,LV electricity distribution main,transmission,100000,1,20,LVEtransmission121,LVEtransmission1131
LVEtransmission121_to_LVEtransmission76_electricity,#3186cc,LV electricity distribution main,transmission,100000,1,20,LVEtransmission76,LVEtransmission121
LVEtransmission76_to_LVEtransmission1043_electricity,#3186cc,LV electricity distribution main,transmission,100000,1,20,LVEtransmission1043,LVEtransmission76
LVEtransmission1043_to_LVEtransmission342_electricity,#3186cc,LV electricity distribution main,transmission,100000,1,20,LVEtransmission342,LVEtransmission1043
LVEtransmission342_to_LVEtransmission1331_electricity,#3186cc,LV electricity distribution main,transmission,100000,1,20,LVEtransmission1331,LVEtransmission342
LVEtransmission1331_to_LVEtransmission1899_electricity,#3186cc,LV electricity distribution main,transmission,100000,1,20,LVEtransmission1899,LVEtransmission1331
LVEtransmission1899_to_LVEtransmission57_electricity,#3186cc,LV electricity distribution main,transmission,100000,1,20,LVEtransmission57,LVEtransmission1899
LVEtransmission57_to_LVEtransmission1291_electricity,#3186cc,LV electricity distribution main,transmission,100000,1,20,LVEtransmission1291,LVEtransmission57
LVEtransmission1291_to_LVEtransmission971_electricity,#3186cc,LV electricity distribution main,transmission,100000,1,20,LVEtransmission971,LVEtransmission1291
LVEtransmission971_to_LVEtransmission1106_electricity,#3186cc,LV electricity distribution main,transmission,100000,1,20,LVEtransmission1106,LVEtransmission971
LVEtransmission1106_to_LVEtransmission1213_electricity,#3186cc,LV electricity distribution main,transmission,100000,1,20,LVEtransmission1213,LVEtransmission1106
LVEtransmission920_to_LVEtransmission1505_electricity,#3186cc,LV electricity distribution main,transmission,100000,1,20,LVEtransmission1505,LVEtransmission920
LVEtransmission1505_to_LVEtransmission134_electricity,#3186cc,LV electricity distribution main,transmission,100000,1,20,LVEtransmission134,LVEtransmission1505
LVEtransmission134_to_LVEtransmission693_electricity,#3186cc,LV electricity distribution main,transmission,100000,1,20,LVEtransmission693,LVEtransmission134
LVEtransmission693_to_LVEtransmission72_electricity,#3186cc,LV electricity distribution main,transmission,100000,1,20,LVEtransmission72,LVEtransmission693
LVEtransmission72_to_LVEtransmission1269_electricity,#3186cc,LV electricity distribution main,transmission,100000,1,20,LVEtransmission1269,LVEtransmission72
LVEtransmission1269_to_LVEtransmission152_electricity,#3186cc,LV electricity distribution main,transmission,100000,1,20,LVEtransmission152,LVEtransmission1269
LVEtransmission152_to_LVEtransmission851_electricity,#3186cc,LV electricity distribution main,transmission,100000,1,20,LVEtransmission851,LVEtransmission152
LVEtransmission851_to_LVEtransmission1980_electricity,#3186cc,LV electricity distribution main,transmission,100000,1,20,LVEtransmission1980,LVEtransmission851
LVEtransmission1980_to_LVEtransmission723_electricity,#3186cc,LV electricity distribution main,transmission,100000,1,20,LVEtransmission723,LVEtransmission1980
LVEtransmission723_to_LVEtransmission806_electricity,#3186cc,LV electricity distribution main,transmission,100000,1,20,LVEtransmission806,LVEtransmission723
LVEtransmission806_to_LVEtransmission1033_electricity,#3186cc,LV electricity distribution main,transmission,100000,1,20,LVEtransmission1033,LVEtransmission806
LVEtransmission1033_to_LVEtransmission1349_electricity,#3186cc,LV electricity distribution main,transmission,100000,1,20,LVEtransmission1349,LVEtransmission1033
LVEtransmission1349_to_LVEtransmission264_electricity,#3186cc,LV electricity distribution main,transmission,100000,1,20,LVEtransmission264,LVEtransmission1349
LVEtransmission264_to_LVEtransmission1927_electricity,#3186cc,LV electricity distribution main,transmission,100000,1,20,LVEtransmission1927,LVEtransmission264
LVEtransmission1927_to_LVEtransmission1539_electricity,#3186cc,LV electricity distribution main,transmission,100000,1,20,LVEtransmission1539,LVEtransmission1927
LVEtransmission1539_to_LVEtransmission1163_electricity,#3186cc,LV electricity distribution main,transmission,100000,1,20,LVEtransmission1163,LVEtransmission1539
LVEtransmission1163_to_LVEtransmission1764_electricity,#3186cc,LV electricity distribution main,transmission,100000,1,20,LVEtransmission1764,LVEtransmission1163
LVEtransmission1764_to_LVEtransmission117_electricity,#3186cc,LV electricity distribution main,transmission,100000,1,20,LVEtransmission117,LVEtransmission1764
LVEtransmission117_to_LVEtransmission428_electricity,#3186cc,LV electricity distribution main,transmission,100000,1,20,LVEtransmission428,LVEtransmission117
LVEtransmission428_to_LVEtransmission1549_electricity,#3186cc,LV electricity distribution main,transmission,100000,1,20,LVEtransmission1549,LVEtransmission428
LVEtransmission1549_to_LVEtransmission1478_electricity,#3186cc,LV electricity distribution main,transmission,100000,1,20,LVEtransmission1478,LVEtransmission1549
LVEtransmission1478_to_LVEtransmission1928_electricity,#3186cc,LV electricity distribution main,transmission,100000,1,20,LVEtransmission1928,LVEtransmission1478
LVEtransmission1928_to_LVEtransmission623_electricity,#3186cc,LV electricity distribution main,transmission,100000,1,20,LVEtransmission623,LVEtransmission1928
LVEtransmission623_to_LVEtransmission1110_electricity,#3186cc,LV electricity distribution main,transmission,100000,1,20,LVEtransmission1110,LVEtransmission623
LVEtransmission1307_to_LVEtransmission772_electricity,#3186cc,LV electricity distribution main,transmission,100000,1,20,LVEtransmission772,LVEtransmission1307
LVEtransmission772_to_LVEtransmission709_electricity,#3186cc,LV electricity distribution main,transmission,100000,1,20,LVEtransmission709,LVEtransmission772
LVEtransmission709_to_LVEtransmission1809_electricity,#3186cc,LV electricity distribution main,transmission,100000,1,20,LVEtransmission1809,LVEtransmission709
LVEtransmission1809_to_LVEtransmission1231_electricity,#3186cc,LV electricity distribution main,transmission,100000,1,20,LVEtransmission1231,LVEtransmission1809
LVEtransmission1231_to_LVEtransmission1465_electricity,#3186cc,LV electricity distribution main,transmission,100000,1,20,LVEtransmission1465,LVEtransmission1231
LVEtransmission1465_to_LVEtransmission143_electricity,#3186cc,LV electricity distribution main,transmission,100000,1,20,LVEtransmission143,LVEtransmission1465
LVEtransmission143_to_LVEtransmission1552_electricity,#3186cc,LV electricity distribution main,transmission,100000,1,20,LVEtransmission1552,LVEtransmission143
LVEtransmission1552_to_LVEtransmission153_electricity,#3186cc,LV electricity distribution main,transmission,100000,1,20,LVEtransmission153,LVEtransmission1552
LVEtransmission153_to_LVEtransmission77_electricity,#3186cc,LV electricity distribution main,transmission,100000,1,20,LVEtransmission77,LVEtransmission153
LVEtransmission77_to_LVEtransmission717_electricity,#3186cc,LV electricity distribution main,transmission,100000,1,20,LVEtransmission717,LVEtransmission77
LVEtransmission717_to_LVEtransmission1205_electricity,#3186cc,LV electricity distribution main,transmission,100000,1,20,LVEtransmission1205,LVEtransmission717
LVEtransmission1205_to_LVEtransmission161_electricity,#3186cc,LV electricity distribution main,transmission,100000,1,20,LVEtransmission161,LVEtransmission1205
LVEtransmission161_to_LVEtransmission550_electricity,#3186cc,LV electricity distribution main,transmission,100000,1,20,LVEtransmission550,LVEtransmission161
LVEtransmission550_to_LVEtransmission386_electricity,#3186cc,LV electricity distribution main,transmission,100000,1,20,LVEtransmission386,LVEtransmission550
LVEtransmission386_to_LVEtransmission70_electricity,#3186cc,LV electricity distribution main,transmission,100000,1,20,LVEtransmission70,LVEtransmission386
LVEtransmission70_to_LVEtransmission1050_electricity,#3186cc,LV electricity distribution main,transmission,100000,1,20,LVEtransmission1050,LVEtransmission70
LVEtransmission1050_to_LVEtransmission1277_electricity,#3186cc,LV electricity distribution main,transmission,100000,1,20,LVEtransmission1277,LVEtransmission1050
LVEtransmission1277_to_LVEtransmission1348_electricity,#3186cc,LV electricity distribution main,transmission,100000,1,20,LVEtransmission1348,LVEtransmission1277
LVEtransmission1348_to_LVEtransmission1288_electricity,#3186cc,LV electricity distribution main,transmission,100000,1,20,LVEtransmission1288,LVEtransmission1348
LVEtransmission1288_to_LVEtransmission4_electricity,#3186cc,LV electricity distribution main,transmission,100000,1,20,LVEtransmission4,LVEtransmission1288
LVEtransmission4_to_LVEtransmission1511_electricity,#3186cc,LV electricity distribution main,transmission,100000,1,20,LVEtransmission1511,LVEtransmission4
LVEtransmission1511_to_LVEtransmission1450_electricity,#3186cc,LV electricity distribution main,transmission,100000,1,20,LVEtransmission1450,LVEtransmission1511
LVEtransmission1450_to_LVEtransmission1421_electricity,#3186cc,LV electricity distribution main,transmission,100000,1,20,LVEtransmission1421,LVEtransmission1450
LVEtransmission1421_to_LVEtransmission315_electricity,#3186cc,LV electricity distribution main,transmission,100000,1,20,LVEtransmission315,LVEtransmission1421
LVEtransmission315_to_LVEtransmission1615_electricity,#3186cc,LV electricity distribution main,transmission,100000,1,20,LVEtransmission1615,LVEtransmission315
LVEtransmission1615_to_LVEtransmission1773_electricity,#3186cc,LV electricity distribution main,transmission,100000,1,20,LVEtransmission1773,LVEtransmission1615
LVEtransmission1773_to_LVEtransmission1309_electricity,#3186cc,LV electricity distribution main,transmission,100000,1,20,LVEtransmission1309,LVEtransmission1773
LVEtransmission202_to_LVEtransmission1795_electricity,#3186cc,LV electricity distribution main,transmission,100000,1,20,LVEtransmission1795,LVEtransmission202
LVEtransmission1795_to_LVEtransmission1482_electricity,#3186cc,LV electricity distribution main,transmission,100000,1,20,LVEtransmission1482,LVEtransmission1795
LVEtransmission1482_to_LVEtransmission882_electricity,#3186cc,LV electricity distribution main,transmission,100000,1,20,LVEtransmission882,LVEtransmission1482
LVEtransmission882_to_LVEtransmission1846_electricity,#3186cc,LV electricity distribution main,transmission,100000,1,20,LVEtransmission1846,LVEtransmission882
LVEtransmission1846_to_LVEtransmission1267_electricity,#3186cc,LV electricity distribution main,transmission,100000,1,20,LVEtransmission1267,LVEtransmission1846
LVEtransmission1267_to_LVEtransmission1778_electricity,#3186cc,LV electricity distribution main,transmission,100000,1,20,LVEtransmission1778,LVEtransmission1267
LVEtransmission1778_to_LVEtransmission739_electricity,#3186cc,LV electricity distribution main,transmission,100000,1,20,LVEtransmission739,LVEtransmission1778
LVEtransmission739_to_LVEtransmission1229_electricity,#3186cc,LV electricity distribution main,transmission,100000,1,20,LVEtransmission1229,LVEtransmission739
LVEtransmission1229_to_LVEtransmission391_electricity,#3186cc,LV electricity distribution main,transmission,100000,1,20,LVEtransmission391,LVEtransmission1229
LVEtransmission1267_to_LVEtransmission1312_electricity,#3186cc,LV electricity distribution main,transmission,100000,1,20,LVEtransmission1312,LVEtransmission1267
LVEtransmission1312_to_LVEtransmission1582_electricity,#3186cc,LV electricity distribution main,transmission,100000,1,20,LVEtransmission1582,LVEtransmission1312
LVEtransmission1582_to_LVEtransmission294_electricity,#3186cc,LV electricity distribution main,transmission,100000,1,20,LVEtransmission294,LVEtransmission1582
LVEtransmission294_to_LVEtransmission31_electricity,#3186cc,LV electricity distribution main,transmission,100000,1,20,LVEtransmission31,LVEtransmission294
LVEtransmission31_to_LVEtransmission614_electricity,#3186cc,LV electricity distribution main,transmission,100000,1,20,LVEtransmission614,LVEtransmission31
LVEtransmission614_to_LVEtransmission876_electricity,#3186cc,LV electricity distribution main,transmission,100000,1,20,LVEtransmission876,LVEtransmission614
LVEtransmission876_to_LVEtransmission422_electricity,#3186cc,LV electricity distribution main,transmission,100000,1,20,LVEtransmission422,LVEtransmission876
LVEtransmission422_to_LVEtransmission1366_electricity,#3186cc,LV electricity distribution main,transmission,100000,1,20,LVEtransmission1366,LVEtransmission422
LVEtransmission1366_to_LVEtransmission1678_electricity,#3186cc,LV electricity distribution main,transmission,100000,1,20,LVEtransmission1678,LVEtransmission1366
LVEtransmission1678_to_LVEtransmission1717_electricity,#3186cc,LV electricity distribution main,transmission,100000,1,20,LVEtransmission1717,LVEtransmission1678
LVEtransmission1717_to_LVEtransmission1525_electricity,#3186cc,LV electricity distribution main,transmission,100000,1,20,LVEtransmission1525,LVEtransmission1717
LVEtransmission1525_to_LVEtransmission1546_electricity,#3186cc,LV electricity distribution main,transmission,100000,1,20,LVEtransmission1546,LVEtransmission1525
LVEtransmission320_to_LVEtransmission1704_electricity,#3186cc,LV electricity distribution main,transmission,100000,1,20,LVEtransmission1704,LVEtransmission320
LVEtransmission1704_to_LVEtransmission1192_electricity,#3186cc,LV electricity distribution main,transmission,100000,1,20,LVEtransmission1192,LVEtransmission1704
LVEtransmission1192_to_LVEtransmission740_electricity,#3186cc,LV electricity distribution main,transmission,100000,1,20,LVEtransmission740,LVEtransmission1192
LVEtransmission740_to_LVEtransmission1546_electricity,#3186cc,LV electricity distribution main,transmission,100000,1,20,LVEtransmission1546,LVEtransmission740
LVEtransmission1546_to_LVEtransmission503_electricity,#3186cc,LV electricity distribution main,transmission,100000,1,20,LVEtransmission503,LVEtransmission1546
LVEtransmission503_to_LVEtransmission1140_electricity,#3186cc,LV electricity distribution main,transmission,100000,1,20,LVEtransmission1140,LVEtransmission503
LVEtransmission1140_to_LVEtransmission1884_electricity,#3186cc,LV electricity distribution main,transmission,100000,1,20,LVEtransmission1884,LVEtransmission1140
LVEtransmission1884_to_LVEtransmission903_electricity,#3186cc,LV electricity distribution main,transmission,100000,1,20,LVEtransmission903,LVEtransmission1884
LVEtransmission903_to_LVEtransmission1631_electricity,#3186cc,LV electricity distribution main,transmission,100000,1,20,LVEtransmission1631,LVEtransmission903
LVEtransmission1698_to_LVEtransmission554_electricity,#3186cc,LV electricity distribution main,transmission,100000,1,20,LVEtransmission554,LVEtransmission1698
LVEtransmission554_to_LVEtransmission1382_electricity,#3186cc,LV electricity distribution main,transmission,100000,1,20,LVEtransmission1382,LVEtransmission554
LVEtransmission1382_to_LVEtransmission847_electricity,#3186cc,LV electricity distribution main,transmission,100000,1,20,LVEtransmission847,LVEtransmission1382
LVEtransmission847_to_LVEtransmission1911_electricity,#3186cc,LV electricity distribution main,transmission,100000,1,20,LVEtransmission1911,LVEtransmission847
LVEtransmission731_to_LVEtransmission1019_electricity,#3186cc,LV electricity distribution main,transmission,100000,1,20,LVEtransmission1019,LVEtransmission731
LVEtransmission1019_to_LVEtransmission1741_electricity,#3186cc,LV electricity distribution main,transmission,100000,1,20,LVEtransmission1741,LVEtransmission1019
LVEtransmission1741_to_LVEtransmission1698_electricity,#3186cc,LV electricity distribution main,transmission,100000,1,20,LVEtransmission1698,LVEtransmission1741
LVEtransmission1911_to_LVEtransmission1460_electricity,#3186cc,LV electricity distribution main,transmission,100000,1,20,LVEtransmission1460,LVEtransmission1911
LVEtransmission1460_to_LVEtransmission86_electricity,#3186cc,LV electricity distribution main,transmission,100000,1,20,LVEtransmission86,LVEtransmission1460
LVEtransmission86_to_LVEtransmission1914_electricity,#3186cc,LV electricity distribution main,transmission,100000,1,20,LVEtransmission1914,LVEtransmission86
LVEtransmission1914_to_LVEtransmission1492_electricity,#3186cc,LV electricity distribution main,transmission,100000,1,20,LVEtransmission1492,LVEtransmission1914
LVEtransmission1492_to_LVEtransmission514_electricity,#3186cc,LV electricity distribution main,transmission,100000,1,20,LVEtransmission514,LVEtransmission1492
LVEtransmission514_to_LVEtransmission113_electricity,#3186cc,LV electricity distribution main,transmission,100000,1,20,LVEtransmission113,LVEtransmission514
LVEtransmission113_to_LVEtransmission1475_electricity,#3186cc,LV electricity distribution main,transmission,100000,1,20,LVEtransmission1475,LVEtransmission113
LVEtransmission1475_to_LVEtransmission1017_electricity,#3186cc,LV electricity distribution main,transmission,100000,1,20,LVEtransmission1017,LVEtransmission1475
LVEtransmission1017_to_LVEtransmission560_electricity,#3186cc,LV electricity distribution main,transmission,100000,1,20,LVEtransmission560,LVEtransmission1017
LVEtransmission560_to_LVEtransmission1667_electricity,#3186cc,LV electricity distribution main,transmission,100000,1,20,LVEtransmission1667,LVEtransmission560
LVEtransmission1667_to_LVEtransmission1203_electricity,#3186cc,LV electricity distribution main,transmission,100000,1,20,LVEtransmission1203,LVEtransmission1667
LVEtransmission1203_to_LVEtransmission1021_electricity,#3186cc,LV electricity distribution main,transmission,100000,1,20,LVEtransmission1021,LVEtransmission1203
LVEtransmission1021_to_LVEtransmission306_electricity,#3186cc,LV electricity distribution main,transmission,100000,1,20,LVEtransmission306,LVEtransmission1021
LVEtransmission306_to_LVEtransmission1208_electricity,#3186cc,LV electricity distribution main,transmission,100000,1,20,LVEtransmission1208,LVEtransmission306
LVEtransmission1136_to_LVEtransmission759_electricity,#3186cc,LV electricity distribution main,transmission,100000,1,20,LVEtransmission759,LVEtransmission1136
LVEtransmission759_to_LVEtransmission13_electricity,#3186cc,LV electricity distribution main,transmission,100000,1,20,LVEtransmission13,LVEtransmission759
LVEtransmission13_to_LVEtransmission1825_electricity,#3186cc,LV electricity distribution main,transmission,100000,1,20,LVEtransmission1825,LVEtransmission13
LVEtransmission1825_to_LVEtransmission677_electricity,#3186cc,LV electricity distribution main,transmission,100000,1,20,LVEtransmission677,LVEtransmission1825
LVEtransmission677_to_LVEtransmission1375_electricity,#3186cc,LV electricity distribution main,transmission,100000,1,20,LVEtransmission1375,LVEtransmission677
LVEtransmission1375_to_LVEtransmission796_electricity,#3186cc,LV electricity distribution main,transmission,100000,1,20,LVEtransmission796,LVEtransmission1375
LVEtransmission796_to_LVEtransmission139_electricity,#3186cc,LV electricity distribution main,transmission,100000,1,20,LVEtransmission139,LVEtransmission796
LVEtransmission139_to_LVEtransmission84_electricity,#3186cc,LV electricity distribution main,transmission,100000,1,20,LVEtransmission84,LVEtransmission139
LVEtransmission84_to_LVEtransmission1258_electricity,#3186cc,LV electricity distribution main,transmission,100000,1,20,LVEtransmission1258,LVEtransmission84
LVEtransmission1258_to_LVEtransmission1852_electricity,#3186cc,LV electricity distribution main,transmission,100000,1,20,LVEtransmission1852,LVEtransmission1258
LVEtransmission1852_to_LVEtransmission818_electricity,#3186cc,LV electricity distribution main,transmission,100000,1,20,LVEtransmission818,LVEtransmission1852
LVEtransmission818_to_LVEtransmission1818_electricity,#3186cc,LV electricity distribution main,transmission,100000,1,20,LVEtransmission1818,LVEtransmission818
LVEtransmission1818_to_LVEtransmission1776_electricity,#3186cc,LV electricity distribution main,transmission,100000,1,20,LVEtransmission1776,LVEtransmission1818
LVEtransmission1776_to_LVEtransmission920_electricity,#3186cc,LV electricity distribution main,transmission,100000,1,20,LVEtransmission920,LVEtransmission1776
LVEtransmission920_to_LVEtransmission1080_electricity,#3186cc,LV electricity distribution main,transmission,100000,1,20,LVEtransmission1080,LVEtransmission920
LVEtransmission1080_to_LVEtransmission1658_electricity,#3186cc,LV electricity distribution main,transmission,100000,1,20,LVEtransmission1658,LVEtransmission1080
LVEtransmission1658_to_LVEtransmission1294_electricity,#3186cc,LV electricity distribution main,transmission,100000,1,20,LVEtransmission1294,LVEtransmission1658
LVEtransmission1294_to_LVEtransmission1224_electricity,#3186cc,LV electricity distribution main,transmission,100000,1,20,LVEtransmission1224,LVEtransmission1294
LVEtransmission1224_to_LVEtransmission1569_electricity,#3186cc,LV electricity distribution main,transmission,100000,1,20,LVEtransmission1569,LVEtransmission1224
LVEtransmission1569_to_LVEtransmission771_electricity,#3186cc,LV electricity distribution main,transmission,100000,1,20,LVEtransmission771,LVEtransmission1569
LVEtransmission771_to_LVEtransmission753_electricity,#3186cc,LV electricity distribution main,transmission,100000,1,20,LVEtransmission753,LVEtransmission771
LVEtransmission753_to_LVEtransmission1992_electricity,#3186cc,LV electricity distribution main,transmission,100000,1,20,LVEtransmission1992,LVEtransmission753
LVEtransmission1992_to_LVEtransmission1786_electricity,#3186cc,LV electricity distribution main,transmission,100000,1,20,LVEtransmission1786,LVEtransmission1992
LVEtransmission1786_to_LVEtransmission1319_electricity,#3186cc,LV electricity distribution main,transmission,100000,1,20,LVEtransmission1319,LVEtransmission1786
LVEtransmission1319_to_LVEtransmission1085_electricity,#3186cc,LV electricity distribution main,transmission,100000,1,20,LVEtransmission1085,LVEtransmission1319
LVEtransmission1085_to_LVEtransmission871_electricity,#3186cc,LV electricity distribution main,transmission,100000,1,20,LVEtransmission871,LVEtransmission1085
LVEtransmission871_to_LVEtransmission548_electricity,#3186cc,LV electricity distribution main,transmission,100000,1,20,LVEtransmission548,LVEtransmission871
LVEtransmission1089_to_LVEtransmission915_electricity,#3186cc,LV electricity distribution main,transmission,100000,1,20,LVEtransmission915,LVEtransmission1089
LVEtransmission915_to_LVEtransmission1414_electricity,#3186cc,LV electricity distribution main,transmission,100000,1,20,LVEtransmission1414,LVEtransmission915
LVEtransmission1414_to_LVEtransmission1232_electricity,#3186cc,LV electricity distribution main,transmission,100000,1,20,LVEtransmission1232,LVEtransmission1414
LVEtransmission1232_to_LVEtransmission1262_electricity,#3186cc,LV electricity distribution main,transmission,100000,1,20,LVEtransmission1262,LVEtransmission1232
LVEtransmission1262_to_LVEtransmission11_electricity,#3186cc,LV electricity distribution main,transmission,100000,1,20,LVEtransmission11,LVEtransmission1262
LVEtransmission11_to_LVEtransmission497_electricity,#3186cc,LV electricity distribution main,transmission,100000,1,20,LVEtransmission497,LVEtransmission11
LVEtransmission497_to_LVEtransmission325_electricity,#3186cc,LV electricity distribution main,transmission,100000,1,20,LVEtransmission325,LVEtransmission497
LVEtransmission325_to_LVEtransmission827_electricity,#3186cc,LV electricity distribution main,transmission,100000,1,20,LVEtransmission827,LVEtransmission325
LVEtransmission827_to_LVEtransmission846_electricity,#3186cc,LV electricity distribution main,transmission,100000,1,20,LVEtransmission846,LVEtransmission827
LVEtransmission846_to_LVEtransmission1629_electricity,#3186cc,LV electricity distribution main,transmission,100000,1,20,LVEtransmission1629,LVEtransmission846
LVEtransmission1629_to_LVEtransmission100_electricity,#3186cc,LV electricity distribution main,transmission,100000,1,20,LVEtransmission100,LVEtransmission1629
LVEtransmission100_to_LVEtransmission1924_electricity,#3186cc,LV electricity distribution main,transmission,100000,1,20,LVEtransmission1924,LVEtransmission100
LVEtransmission1924_to_LVEtransmission411_electricity,#3186cc,LV electricity distribution main,transmission,100000,1,20,LVEtransmission411,LVEtransmission1924
LVEtransmission373_to_LVEtransmission613_electricity,#3186cc,LV electricity distribution main,transmission,100000,1,20,LVEtransmission613,LVEtransmission373
LVEtransmission613_to_LVEtransmission680_electricity,#3186cc,LV electricity distribution main,transmission,100000,1,20,LVEtransmission680,LVEtransmission613
LVEtransmission680_to_LVEtransmission1387_electricity,#3186cc,LV electricity distribution main,transmission,100000,1,20,LVEtransmission1387,LVEtransmission680
LVEtransmission1387_to_LVEtransmission484_electricity,#3186cc,LV electricity distribution main,transmission,100000,1,20,LVEtransmission484,LVEtransmission1387
LVEtransmission484_to_LVEtransmission981_electricity,#3186cc,LV electricity distribution main,transmission,100000,1,20,LVEtransmission981,LVEtransmission484
LVEtransmission981_to_LVEtransmission1420_electricity,#3186cc,LV electricity distribution main,transmission,100000,1,20,LVEtransmission1420,LVEtransmission981
LVEtransmission1420_to_LVEtransmission1649_electricity,#3186cc,LV electricity distribution main,transmission,100000,1,20,LVEtransmission1649,LVEtransmission1420
LVEtransmission1649_to_LVEtransmission1534_electricity,#3186cc,LV electricity distribution main,transmission,100000,1,20,LVEtransmission1534,LVEtransmission1649
LVEtransmission1534_to_LVEtransmission1519_electricity,#3186cc,LV electricity distribution main,transmission,100000,1,20,LVEtransmission1519,LVEtransmission1534
LVEtransmission1519_to_LVEtransmission1156_electricity,#3186cc,LV electricity distribution main,transmission,100000,1,20,LVEtransmission1156,LVEtransmission1519
LVEtransmission1156_to_LVEtransmission508_electricity,#3186cc,LV electricity distribution main,transmission,100000,1,20,LVEtransmission508,LVEtransmission1156
LVEtransmission508_to_LVEtransmission1676_electricity,#3186cc,LV electricity distribution main,transmission,100000,1,20,LVEtransmission1676,LVEtransmission508
LVEtransmission1676_to_LVEtransmission170_electricity,#3186cc,LV electricity distribution main,transmission,100000,1,20,LVEtransmission170,LVEtransmission1676
LVEtransmission170_to_LVEtransmission868_electricity,#3186cc,LV electricity distribution main,transmission,100000,1,20,LVEtransmission868,LVEtransmission170
LVEtransmission868_to_LVEtransmission1827_electricity,#3186cc,LV electricity distribution main,transmission,100000,1,20,LVEtransmission1827,LVEtransmission868
LVEtransmission1827_to_LVEtransmission494_electricity,#3186cc,LV electricity distribution main,transmission,100000,1,20,LVEtransmission494,LVEtransmission1827
LVEtransmission494_to_LVEtransmission1225_electricity,#3186cc,LV electricity distribution main,transmission,100000,1,20,LVEtransmission1225,LVEtransmission494
LVEtransmission1225_to_LVEtransmission750_electricity,#3186cc,LV electricity distribution main,transmission,100000,1,20,LVEtransmission750,LVEtransmission1225
LVEtransmission1244_to_LVEtransmission1069_electricity,#3186cc,LV electricity distribution main,transmission,100000,1,20,LVEtransmission1069,LVEtransmission1244
LVEtransmission1069_to_LVEtransmission244_electricity,#3186cc,LV electricity distribution main,transmission,100000,1,20,LVEtransmission244,LVEtransmission1069
LVEtransmission244_to_LVEtransmission1568_electricity,#3186cc,LV electricity distribution main,transmission,100000,1,20,LVEtransmission1568,LVEtransmission244
LVEtransmission1568_to_LVEtransmission1650_electricity,#3186cc,LV electricity distribution main,transmission,100000,1,20,LVEtransmission1650,LVEtransmission1568
LVEtransmission1650_to_LVEtransmission1907_electricity,#3186cc,LV electricity distribution main,transmission,100000,1,20,LVEtransmission1907,LVEtransmission1650
LVEtransmission1907_to_LVEtransmission1207_electricity,#3186cc,LV electricity distribution main,transmission,100000,1,20,LVEtransmission1207,LVEtransmission1907
LVEtransmission1207_to_LVEtransmission1299_electricity,#3186cc,LV electricity distribution main,transmission,100000,1,20,LVEtransmission1299,LVEtransmission1207
LVEtransmission1299_to_LVEtransmission1402_electricity,#3186cc,LV electricity distribution main,transmission,100000,1,20,LVEtransmission1402,LVEtransmission1299
LVEtransmission1402_to_LVEtransmission65_electricity,#3186cc,LV electricity distribution main,transmission,100000,1,20,LVEtransmission65,LVEtransmission1402
LVEtransmission65_to_LVEtransmission1967_electricity,#3186cc,LV electricity distribution main,transmission,100000,1,20,LVEtransmission1967,LVEtransmission65
LVEtransmission1967_to_LVEtransmission1046_electricity,#3186cc,LV electricity distribution main,transmission,100000,1,20,LVEtransmission1046,LVEtransmission1967
LVEtransmission1046_to_LVEtransmission1998_electricity,#3186cc,LV electricity distribution main,transmission,100000,1,20,LVEtransmission1998,LVEtransmission1046
LVEtransmission1998_to_LVEtransmission1636_electricity,#3186cc,LV electricity distribution main,transmission,100000,1,20,LVEtransmission1636,LVEtransmission1998
LVEtransmission1636_to_LVEtransmission345_electricity,#3186cc,LV electricity distribution main,transmission,100000,1,20,LVEtransmission345,LVEtransmission1636
LVEtransmission345_to_LVEtransmission1685_electricity,#3186cc,LV electricity distribution main,transmission,100000,1,20,LVEtransmission1685,LVEtransmission345
LVEtransmission1685_to_LVEtransmission1777_electricity,#3186cc,LV electricity distribution main,transmission,100000,1,20,LVEtransmission1777,LVEtransmission1685
LVEtransmission1777_to_LVEtransmission1780_electricity,#3186cc,LV electricity distribution main,transmission,100000,1,20,LVEtransmission1780,LVEtransmission1777
LVEtransmission1780_to_LVEtransmission1320_electricity,#3186cc,LV electricity distribution main,transmission,100000,1,20,LVEtransmission1320,LVEtransmission1780
LVEtransmission1320_to_LVEtransmission1295_electricity,#3186cc,LV electricity distribution main,transmission,100000,1,20,LVEtransmission1295,LVEtransmission1320
LVEtransmission1295_to_LVEtransmission1806_electricity,#3186cc,LV electricity distribution main,transmission,100000,1,20,LVEtransmission1806,LVEtransmission1295
LVEtransmission546_to_LVEtransmission1754_electricity,#3186cc,LV electricity distribution main,transmission,100000,1,20,LVEtransmission1754,LVEtransmission546
LVEtransmission1754_to_LVEtransmission312_electricity,#3186cc,LV electricity distribution main,transmission,100000,1,20,LVEtransmission312,LVEtransmission1754
LVEtransmission312_to_LVEtransmission228_electricity,#3186cc,LV electricity distribution main,transmission,100000,1,20,LVEtransmission228,LVEtransmission312
LVEtransmission228_to_LVEtransmission1038_electricity,#3186cc,LV electricity distribution main,transmission,100000,1,20,LVEtransmission1038,LVEtransmission228
LVEtransmission1038_to_LVEtransmission984_electricity,#3186cc,LV electricity distribution main,transmission,100000,1,20,LVEtransmission984,LVEtransmission1038
LVEtransmission984_to_LVEtransmission1315_electricity,#3186cc,LV electricity distribution main,transmission,100000,1,20,LVEtransmission1315,LVEtransmission984
LVEtransmission1315_to_LVEtransmission1155_electricity,#3186cc,LV electricity distribution main,transmission,100000,1,20,LVEtransmission1155,LVEtransmission1315
LVEtransmission1155_to_LVEtransmission1259_electricity,#3186cc,LV electricity distribution main,transmission,100000,1,20,LVEtransmission1259,LVEtransmission1155
LVEtransmission1396_to_LVEtransmission1737_electricity,#3186cc,LV electricity distribution main,transmission,100000,1,20,LVEtransmission1737,LVEtransmission1396
LVEtransmission1737_to_LVEtransmission18_electricity,#3186cc,LV electricity distribution main,transmission,100000,1,20,LVEtransmission18,LVEtransmission1737
LVEtransmission18_to_LVEtransmission532_electricity,#3186cc,LV electricity distribution main,transmission,100000,1,20,LVEtransmission532,LVEtransmission18
LVEtransmission532_to_LVEtransmission239_electricity,#3186cc,LV electricity distribution main,transmission,100000,1,20,LVEtransmission239,LVEtransmission532
LVEtransmission239_to_LVEtransmission1213_electricity,#3186cc,LV electricity distribution main,transmission,100000,1,20,LVEtransmission1213,LVEtransmission239
LVEtransmission1213_to_LVEtransmission405_electricity,#3186cc,LV electricity distribution main,transmission,100000,1,20,LVEtransmission405,LVEtransmission1213
LVEtransmission405_to_LVEtransmission317_electricity,#3186cc,LV electricity distribution main,transmission,100000,1,20,LVEtransmission317,LVEtransmission405
LVEtransmission317_to_LVEtransmission747_electricity,#3186cc,LV electricity distribution main,transmission,100000,1,20,LVEtransmission747,LVEtransmission317
LVEtransmission747_to_LVEtransmission1923_electricity,#3186cc,LV electricity distribution main,transmission,100000,1,20,LVEtransmission1923,LVEtransmission747
LVEtransmission6_to_LVEtransmission1990_electricity,#3186cc,LV electricity distribution main,transmission,100000,1,20,LVEtransmission1990,LVEtransmission6
LVEtransmission1990_to_LVEtransmission1953_electricity,#3186cc,LV electricity distribution main,transmission,100000,1,20,LVEtransmission1953,LVEtransmission1990
LVEtransmission1953_to_LVEtransmission1755_electricity,#3186cc,LV electricity distribution main,transmission,100000,1,20,LVEtransmission1755,LVEtransmission1953
LVEtransmission1755_to_LVEtransmission1851_electricity,#3186cc,LV electricity distribution main,transmission,100000,1,20,LVEtransmission1851,LVEtransmission1755
LVEtransmission1851_to_LVEtransmission151_electricity,#3186cc,LV electricity distribution main,transmission,100000,1,20,LVEtransmission151,LVEtransmission1851
LVEtransmission151_to_LVEtransmission1941_electricity,#3186cc,LV electricity distribution main,transmission,100000,1,20,LVEtransmission1941,LVEtransmission151
LVEtransmission1941_to_LVEtransmission510_electricity,#3186cc,LV electricity distribution main,transmission,100000,1,20,LVEtransmission510,LVEtransmission1941
LVEtransmission510_to_LVEtransmission1094_electricity,#3186cc,LV electricity distribution main,transmission,100000,1,20,LVEtransmission1094,LVEtransmission510
LVEtransmission1094_to_LVEtransmission1066_electricity,#3186cc,LV electricity distribution main,transmission,100000,1,20,LVEtransmission1066,LVEtransmission1094
LVEtransmission1066_to_LVEtransmission1496_electricity,#3186cc,LV electricity distribution main,transmission,100000,1,20,LVEtransmission1496,LVEtransmission1066
LVEtransmission238_to_LVEtransmission1081_electricity,#3186cc,LV electricity distribution main,transmission,100000,1,20,LVEtransmission1081,LVEtransmission238
LVEtransmission1081_to_LVEtransmission40_electricity,#3186cc,LV electricity distribution main,transmission,100000,1,20,LVEtransmission40,LVEtransmission1081
LVEtransmission40_to_LVEtransmission1720_electricity,#3186cc,LV electricity distribution main,transmission,100000,1,20,LVEtransmission1720,LVEtransmission40
LVEtransmission1720_to_LVEtransmission1936_electricity,#3186cc,LV electricity distribution main,transmission,100000,1,20,LVEtransmission1936,LVEtransmission1720
LVEtransmission1936_to_LVEtransmission380_electricity,#3186cc,LV electricity distribution main,transmission,100000,1,20,LVEtransmission380,LVEtransmission1936
LVEtransmission380_to_LVEtransmission1274_electricity,#3186cc,LV electricity distribution main,transmission,100000,1,20,LVEtransmission1274,LVEtransmission380
LVEtransmission1274_to_LVEtransmission402_electricity,#3186cc,LV electricity distribution main,transmission,100000,1,20,LVEtransmission402,LVEtransmission1274
LVEtransmission402_to_LVEtransmission811_electricity,#3186cc,LV electricity distribution main,transmission,100000,1,20,LVEtransmission811,LVEtransmission402
LVEtransmission811_to_LVEtransmission1230_electricity,#3186cc,LV electricity distribution main,transmission,100000,1,20,LVEtransmission1230,LVEtransmission811
LVEtransmission389_to_LVEtransmission1683_electricity,#3186cc,LV electricity distribution main,transmission,100000,1,20,LVEtransmission1683,LVEtransmission389
LVEtransmission1683_to_LVEtransmission1761_electricity,#3186cc,LV electricity distribution main,transmission,100000,1,20,LVEtransmission1761,LVEtransmission1683
LVEtransmission1761_to_LVEtransmission1713_electricity,#3186cc,LV electricity distribution main,transmission,100000,1,20,LVEtransmission1713,LVEtransmission1761
LVEtransmission1713_to_LVEtransmission1435_electricity,#3186cc,LV electricity distribution main,transmission,100000,1,20,LVEtransmission1435,LVEtransmission1713
LVEtransmission1435_to_LVEtransmission870_electricity,#3186cc,LV electricity distribution main,transmission,100000,1,20,LVEtransmission870,LVEtransmission1435
LVEtransmission870_to_LVEtransmission477_electricity,#3186cc,LV electricity distribution main,transmission,100000,1,20,LVEtransmission477,LVEtransmission870
LVEtransmission477_to_LVEtransmission1404_electricity,#3186cc,LV electricity distribution main,transmission,100000,1,20,LVEtransmission1404,LVEtransmission477
LVEtransmission1404_to_LVEtransmission1841_electricity,#3186cc,LV electricity distribution main,transmission,100000,1,20,LVEtransmission1841,LVEtransmission1404
LVEtransmission193_to_LVEtransmission1681_electricity,#3186cc,LV electricity distribution main,transmission,100000,1,20,LVEtransmission1681,LVEtransmission193
LVEtransmission1681_to_LVEtransmission1336_electricity,#3186cc,LV electricity distribution main,transmission,100000,1,20,LVEtransmission1336,LVEtransmission1681
LVEtransmission1336_to_LVEtransmission1009_electricity,#3186cc,LV electricity distribution main,transmission,100000,1,20,LVEtransmission1009,LVEtransmission1336
LVEtransmission1009_to_LVEtransmission210_electricity,#3186cc,LV electricity distribution main,transmission,100000,1,20,LVEtransmission210,LVEtransmission1009
LVEtransmission210_to_LVEtransmission138_electricity,#3186cc,LV electricity distribution main,transmission,100000,1,20,LVEtransmission138,LVEtransmission210
LVEtransmission138_to_LVEtransmission948_electricity,#3186cc,LV electricity distribution main,transmission,100000,1,20,LVEtransmission948,LVEtransmission138
LVEtransmission948_to_LVEtransmission610_electricity,#3186cc,LV electricity distribution main,transmission,100000,1,20,LVEtransmission610,LVEtransmission948
LVEtransmission610_to_LVEtransmission1186_electricity,#3186cc,LV electricity distribution main,transmission,100000,1,20,LVEtransmission1186,LVEtransmission610
LVEtransmission1186_to_LVEtransmission848_electricity,#3186cc,LV electricity distribution main,transmission,100000,1,20,LVEtransmission848,LVEtransmission1186
LVEtransmission848_to_LVEtransmission43_electricity,#3186cc,LV electricity distribution main,transmission,100000,1,20,LVEtransmission43,LVEtransmission848
LVEtransmission43_to_LVEtransmission1545_electricity,#3186cc,LV electricity distribution main,transmission,100000,1,20,LVEtransmission1545,LVEtransmission43
LVEtransmission1545_to_LVEtransmission1481_electricity,#3186cc,LV electricity distribution main,transmission,100000,1,20,LVEtransmission1481,LVEtransmission1545
LVEtransmission1543_to_LVEtransmission975_electricity,#3186cc,LV electricity distribution main,transmission,100000,1,20,LVEtransmission975,LVEtransmission1543
LVEtransmission975_to_LVEtransmission1485_electricity,#3186cc,LV electricity distribution main,transmission,100000,1,20,LVEtransmission1485,LVEtransmission975
LVEtransmission1485_to_LVEtransmission626_electricity,#3186cc,LV electricity distribution main,transmission,100000,1,20,LVEtransmission626,LVEtransmission1485
LVEtransmission626_to_LVEtransmission141_electricity,#3186cc,LV electricity distribution main,transmission,100000,1,20,LVEtransmission141,LVEtransmission626
LVEtransmission141_to_LVEtransmission1775_electricity,#3186cc,LV electricity distribution main,transmission,100000,1,20,LVEtransmission1775,LVEtransmission141
LVEtransmission1775_to_LVEtransmission75_electricity,#3186cc,LV electricity distribution main,transmission,100000,1,20,LVEtransmission75,LVEtransmission1775
LVEtransmission75_to_LVEtransmission434_electricity,#3186cc,LV electricity distribution main,transmission,100000,1,20,LVEtransmission434,LVEtransmission75
LVEtransmission434_to_LVEtransmission1479_electricity,#3186cc,LV electricity distribution main,transmission,100000,1,20,LVEtransmission1479,LVEtransmission434
LVEtransmission1479_to_LVEtransmission1361_electricity,#3186cc,LV electricity distribution main,transmission,100000,1,20,LVEtransmission1361,LVEtransmission1479
LVEtransmission1361_to_LVEtransmission571_electricity,#3186cc,LV electricity distribution main,transmission,100000,1,20,LVEtransmission571,LVEtransmission1361
LVEtransmission571_to_LVEtransmission460_electricity,#3186cc,LV electricity distribution main,transmission,100000,1,20,LVEtransmission460,LVEtransmission571
LVEtransmission460_to_LVEtransmission1070_electricity,#3186cc,LV electricity distribution main,transmission,100000,1,20,LVEtransmission1070,LVEtransmission460
LVEtransmission1070_to_LVEtransmission251_electricity,#3186cc,LV electricity distribution main,transmission,100000,1,20,LVEtransmission251,LVEtransmission1070
LVEtransmission251_to_LVEtransmission1470_electricity,#3186cc,LV electricity distribution main,transmission,100000,1,20,LVEtransmission1470,LVEtransmission251
LVEtransmission1470_to_LVEtransmission909_electricity,#3186cc,LV electricity distribution main,transmission,100000,1,20,LVEtransmission909,LVEtransmission1470
LVEtransmission909_to_LVEtransmission330_electricity,#3186cc,LV electricity distribution main,transmission,100000,1,20,LVEtransmission330,LVEtransmission909
LVEtransmission330_to_LVEtransmission229_electricity,#3186cc,LV electricity distribution main,transmission,100000,1,20,LVEtransmission229,LVEtransmission330
LVEtransmission1309_to_LVEtransmission21_electricity,#3186cc,LV electricity distribution main,transmission,100000,1,20,LVEtransmission21,LVEtransmission1309
LVEtransmission21_to_LVEtransmission409_electricity,#3186cc,LV electricity distribution main,transmission,100000,1,20,LVEtransmission409,LVEtransmission21
LVEtransmission409_to_LVEtransmission754_electricity,#3186cc,LV electricity distribution main,transmission,100000,1,20,LVEtransmission754,LVEtransmission409
LVEtransmission754_to_LVEtransmission1313_electricity,#3186cc,LV electricity distribution main,transmission,100000,1,20,LVEtransmission1313,LVEtransmission754
LVEtransmission1313_to_LVEtransmission601_electricity,#3186cc,LV electricity distribution main,transmission,100000,1,20,LVEtransmission601,LVEtransmission1313
LVEtransmission601_to_LVEtransmission1162_electricity,#3186cc,LV electricity distribution main,transmission,100000,1,20,LVEtransmission1162,LVEtransmission601
LVEtransmission1162_to_LVEtransmission1769_electricity,#3186cc,LV electricity distribution main,transmission,100000,1,20,LVEtransmission1769,LVEtransmission1162
LVEtransmission1769_to_LVEtransmission1960_electricity,#3186cc,LV electricity distribution main,transmission,100000,1,20,LVEtransmission1960,LVEtransmission1769
LVEtransmission1960_to_LVEtransmission1515_electricity,#3186cc,LV electricity distribution main,transmission,100000,1,20,LVEtransmission1515,LVEtransmission1960
LVEtransmission1515_to_LVEtransmission1542_electricity,#3186cc,LV electricity distribution main,transmission,100000,1,20,LVEtransmission1542,LVEtransmission1515
LVEtransmission1542_to_LVEtransmission190_electricity,#3186cc,LV electricity distribution main,transmission,100000,1,20,LVEtransmission190,LVEtransmission1542
LVEtransmission190_to_LVEtransmission1298_electricity,#3186cc,LV electricity distribution main,transmission,100000,1,20,LVEtransmission1298,LVEtransmission190
LVEtransmission1298_to_LVEtransmission34_electricity,#3186cc,LV electricity distribution main,transmission,100000,1,20,LVEtransmission34,LVEtransmission1298
LVEtransmission34_to_LVEtransmission234_electricity,#3186cc,LV electricity distribution main,transmission,100000,1,20,LVEtransmission234,LVEtransmission34
LVEtransmission234_to_LVEtransmission1732_electricity,#3186cc,LV electricity distribution main,transmission,100000,1,20,LVEtransmission1732,LVEtransmission234
LVEtransmission1732_to_LVEtransmission1391_electricity,#3186cc,LV electricity distribution main,transmission,100000,1,20,LVEtransmission1391,LVEtransmission1732
LVEtransmission1391_to_LVEtransmission828_electricity,#3186cc,LV electricity distribution main,transmission,100000,1,20,LVEtransmission828,LVEtransmission1391
LVEtransmission828_to_LVEtransmission743_electricity,#3186cc,LV electricity distribution main,transmission,100000,1,20,LVEtransmission743,LVEtransmission828
LVEtransmission743_to_LVEtransmission412_electricity,#3186cc,LV electricity distribution main,transmission,100000,1,20,LVEtransmission412,LVEtransmission743
LVEtransmission412_to_LVEtransmission150_electricity,#3186cc,LV electricity distribution main,transmission,100000,1,20,LVEtransmission150,LVEtransmission412
LVEtransmission150_to_LVEtransmission1384_electricity,#3186cc,LV electricity distribution main,transmission,100000,1,20,LVEtransmission1384,LVEtransmission150
LVEtransmission1384_to_LVEtransmission567_electricity,#3186cc,LV electricity distribution main,transmission,100000,1,20,LVEtransmission567,LVEtransmission1384
LVEtransmission567_to_LVEtransmission1345_electricity,#3186cc,LV electricity distribution main,transmission,100000,1,20,LVEtransmission1345,LVEtransmission567
LVEtransmission1345_to_LVEtransmission403_electricity,#3186cc,LV electricity distribution main,transmission,100000,1,20,LVEtransmission403,LVEtransmission1345
LVEtransmission403_to_LVEtransmission1725_electricity,#3186cc,LV electricity distribution main,transmission,100000,1,20,LVEtransmission1725,LVEtransmission403
LVEtransmission1725_to_LVEtransmission64_electricity,#3186cc,LV electricity distribution main,transmission,100000,1,20,LVEtransmission64,LVEtransmission1725
LVEtransmission64_to_LVEtransmission1587_electricity,#3186cc,LV electricity distribution main,transmission,100000,1,20,LVEtransmission1587,LVEtransmission64
LVEtransmission1587_to_LVEtransmission621_electricity,#3186cc,LV electricity distribution main,transmission,100000,1,20,LVEtransmission621,LVEtransmission1587
LVEtransmission621_to_LVEtransmission1915_electricity,#3186cc,LV electricity distribution main,transmission,100000,1,20,LVEtransmission1915,LVEtransmission621
LVEtransmission1915_to_LVEtransmission1234_electricity,#3186cc,LV electricity distribution main,transmission,100000,1,20,LVEtransmission1234,LVEtransmission1915
LVEtransmission1234_to_LVEtransmission236_electricity,#3186cc,LV electricity distribution main,transmission,100000,1,20,LVEtransmission236,LVEtransmission1234
LVEtransmission236_to_LVEtransmission1570_electricity,#3186cc,LV electricity distribution main,transmission,100000,1,20,LVEtransmission1570,LVEtransmission236
LVEtransmission1570_to_LVEtransmission1877_electricity,#3186cc,LV electricity distribution main,transmission,100000,1,20,LVEtransmission1877,LVEtransmission1570
LVEtransmission1877_to_LVEtransmission1543_electricity,#3186cc,LV electricity distribution main,transmission,100000,1,20,LVEtransmission1543,LVEtransmission1877
LVEtransmission802_to_LVEtransmission1640_electricity,#3186cc,LV electricity distribution main,transmission,100000,1,20,LVEtransmission1640,LVEtransmission802
LVEtransmission1640_to_LVEtransmission442_electricity,#3186cc,LV electricity distribution main,transmission,100000,1,20,LVEtransmission442,LVEtransmission1640
LVEtransmission442_to_LVEtransmission749_electricity,#3186cc,LV electricity distribution main,transmission,100000,1,20,LVEtransmission749,LVEtransmission442
LVEtransmission749_to_LVEtransmission1551_electricity,#3186cc,LV electricity distribution main,transmission,100000,1,20,LVEtransmission1551,LVEtransmission749
LVEtransmission1551_to_LVEtransmission163_electricity,#3186cc,LV electricity distribution main,transmission,100000,1,20,LVEtransmission163,LVEtransmission1551
LVEtransmission163_to_LVEtransmission1429_electricity,#3186cc,LV electricity distribution main,transmission,100000,1,20,LVEtransmission1429,LVEtransmission163
LVEtransmission1429_to_LVEtransmission716_electricity,#3186cc,LV electricity distribution main,transmission,100000,1,20,LVEtransmission716,LVEtransmission1429
LVEtransmission716_to_LVEtransmission1055_electricity,#3186cc,LV electricity distribution main,transmission,100000,1,20,LVEtransmission1055,LVEtransmission716
LVEtransmission1055_to_LVEtransmission323_electricity,#3186cc,LV electricity distribution main,transmission,100000,1,20,LVEtransmission323,LVEtransmission1055
LVEtransmission323_to_LVEtransmission664_electricity,#3186cc,LV electricity distribution main,transmission,100000,1,20,LVEtransmission664,LVEtransmission323
LVEtransmission664_to_LVEtransmission1259_electricity,#3186cc,LV electricity distribution main,transmission,100000,1,20,LVEtransmission1259,LVEtransmission664
LVEtransmission1259_to_LVEtransmission124_electricity,#3186cc,LV electricity distribution main,transmission,100000,1,20,LVEtransmission124,LVEtransmission1259
LVEtransmission124_to_LVEtransmission1575_electricity,#3186cc,LV electricity distribution main,transmission,100000,1,20,LVEtransmission1575,LVEtransmission124
LVEtransmission1575_to_LVEtransmission1792_electricity,#3186cc,LV electricity distribution main,transmission,100000,1,20,LVEtransmission1792,LVEtransmission1575
LVEtransmission1792_to_LVEtransmission1060_electricity,#3186cc,LV electricity distribution main,transmission,100000,1,20,LVEtransmission1060,LVEtransmission1792
LVEtransmission1060_to_LVEtransmission146_electricity,#3186cc,LV electricity distribution main,transmission,100000,1,20,LVEtransmission146,LVEtransmission1060
LVEtransmission146_to_LVEtransmission1180_electricity,#3186cc,LV electricity distribution main,transmission,100000,1,20,LVEtransmission1180,LVEtransmission146
LVEtransmission1180_to_LVEtransmission687_electricity,#3186cc,LV electricity distribution main,transmission,100000,1,20,LVEtransmission687,LVEtransmission1180
LVEtransmission687_to_LVEtransmission1040_electricity,#3186cc,LV electricity distribution main,transmission,100000,1,20,LVEtransmission1040,LVEtransmission687
LVEtransmission1040_to_LVEtransmission332_electricity,#3186cc,LV electricity distribution main,transmission,100000,1,20,LVEtransmission332,LVEtransmission1040
LVEtransmission332_to_LVEtransmission1144_electricity,#3186cc,LV electricity distribution main,transmission,100000,1,20,LVEtransmission1144,LVEtransmission332
LVEtransmission1144_to_LVEtransmission1781_electricity,#3186cc,LV electricity distribution main,transmission,100000,1,20,LVEtransmission1781,LVEtransmission1144
LVEtransmission1781_to_LVEtransmission1544_electricity,#3186cc,LV electricity distribution main,transmission,100000,1,20,LVEtransmission1544,LVEtransmission1781
LVEtransmission1544_to_LVEtransmission512_electricity,#3186cc,LV electricity distribution main,transmission,100000,1,20,LVEtransmission512,LVEtransmission1544
LVEtransmission512_to_LVEtransmission1169_electricity,#3186cc,LV electricity distribution main,transmission,100000,1,20,LVEtransmission1169,LVEtransmission512
LVEtransmission1169_to_LVEtransmission952_electricity,#3186cc,LV electricity distribution main,transmission,100000,1,20,LVEtransmission952,LVEtransmission1169
LVEtransmission952_to_LVEtransmission1471_electricity,#3186cc,LV electricity distribution main,transmission,100000,1,20,LVEtransmission1471,LVEtransmission952
LVEtransmission1471_to_LVEtransmission1251_electricity,#3186cc,LV electricity distribution main,transmission,100000,1,20,LVEtransmission1251,LVEtransmission1471
LVEtransmission1251_to_LVEtransmission329_electricity,#3186cc,LV electricity distribution main,transmission,100000,1,20,LVEtransmission329,LVEtransmission1251
LVEtransmission329_to_LVEtransmission1170_electricity,#3186cc,LV electricity distribution main,transmission,100000,1,20,LVEtransmission1170,LVEtransmission329
LVEtransmission1170_to_LVEtransmission1971_electricity,#3186cc,LV electricity distribution main,transmission,100000,1,20,LVEtransmission1971,LVEtransmission1170
LVEtransmission1971_to_LVEtransmission1278_electricity,#3186cc,LV electricity distribution main,transmission,100000,1,20,LVEtransmission1278,LVEtransmission1971
LVEtransmission1278_to_LVEtransmission495_electricity,#3186cc,LV electricity distribution main,transmission,100000,1,20,LVEtransmission495,LVEtransmission1278
LVEtransmission495_to_LVEtransmission1157_electricity,#3186cc,LV electricity distribution main,transmission,100000,1,20,LVEtransmission1157,LVEtransmission495
LVEtransmission1157_to_LVEtransmission1949_electricity,#3186cc,LV electricity distribution main,transmission,100000,1,20,LVEtransmission1949,LVEtransmission1157
LVEtransmission1949_to_LVEtransmission1253_electricity,#3186cc,LV electricity distribution main,transmission,100000,1,20,LVEtransmission1253,LVEtransmission1949
LVEtransmission1253_to_LVEtransmission525_electricity,#3186cc,LV electricity distribution main,transmission,100000,1,20,LVEtransmission525,LVEtransmission1253
LVEtransmission525_to_LVEtransmission1362_electricity,#3186cc,LV electricity distribution main,transmission,100000,1,20,LVEtransmission1362,LVEtransmission525
LVEtransmission1362_to_LVEtransmission164_electricity,#3186cc,LV electricity distribution main,transmission,100000,1,20,LVEtransmission164,LVEtransmission1362
LVEtransmission164_to_LVEtransmission997_electricity,#3186cc,LV electricity distribution main,transmission,100000,1,20,LVEtransmission997,LVEtransmission164
LVEtransmission997_to_LVEtransmission722_electricity,#3186cc,LV electricity distribution main,transmission,100000,1,20,LVEtransmission722,LVEtransmission997
LVEtransmission722_to_LVEtransmission721_electricity,#3186cc,LV electricity distribution main,transmission,100000,1,20,LVEtransmission721,LVEtransmission722
LVEtransmission721_to_LVEtransmission370_electricity,#3186cc,LV electricity distribution main,transmission,100000,1,20,LVEtransmission370,LVEtransmission721
LVEtransmission370_to_LVEtransmission104_electricity,#3186cc,LV electricity distribution main,transmission,100000,1,20,LVEtransmission104,LVEtransmission370
LVEtransmission104_to_LVEtransmission1453_electricity,#3186cc,LV electricity distribution main,transmission,100000,1,20,LVEtransmission1453,LVEtransmission104
LVEtransmission1453_to_LVEtransmission742_electricity,#3186cc,LV electricity distribution main,transmission,100000,1,20,LVEtransmission742,LVEtransmission1453
LVEtransmission742_to_LVEtransmission1554_electricity,#3186cc,LV electricity distribution main,transmission,100000,1,20,LVEtransmission1554,LVEtransmission742
LVEtransmission1554_to_LVEtransmission1074_electricity,#3186cc,LV electricity distribution main,transmission,100000,1,20,LVEtransmission1074,LVEtransmission1554
LVEtransmission1074_to_LVEtransmission60_electricity,#3186cc,LV electricity distribution main,transmission,100000,1,20,LVEtransmission60,LVEtransmission1074
LVEtransmission60_to_LVEtransmission703_electricity,#3186cc,LV electricity distribution main,transmission,100000,1,20,LVEtransmission703,LVEtransmission60
LVEtransmission703_to_LVEtransmission1805_electricity,#3186cc,LV electricity distribution main,transmission,100000,1,20,LVEtransmission1805,LVEtransmission703
LVEtransmission1805_to_LVEtransmission1007_electricity,#3186cc,LV electricity distribution main,transmission,100000,1,20,LVEtransmission1007,LVEtransmission1805
LVEtransmission1007_to_LVEtransmission90_electricity,#3186cc,LV electricity distribution main,transmission,100000,1,20,LVEtransmission90,LVEtransmission1007
LVEtransmission90_to_LVEtransmission912_electricity,#3186cc,LV electricity distribution main,transmission,100000,1,20,LVEtransmission912,LVEtransmission90
LVEtransmission912_to_LVEtransmission1745_electricity,#3186cc,LV electricity distribution main,transmission,100000,1,20,LVEtransmission1745,LVEtransmission912
LVEtransmission1745_to_LVEtransmission535_electricity,#3186cc,LV electricity distribution main,transmission,100000,1,20,LVEtransmission535,LVEtransmission1745
LVEtransmission535_to_LVEtransmission1841_electricity,#3186cc,LV electricity distribution main,transmission,100000,1,20,LVEtransmission1841,LVEtransmission535
LVEtransmission1841_to_LVEtransmission1204_electricity,#3186cc,LV electricity distribution main,transmission,100000,1,20,LVEtransmission1204,LVEtransmission1841
LVEtransmission1204_to_LVEtransmission1164_electricity,#3186cc,LV electricity distribution main,transmission,100000,1,20,LVEtransmission1164,LVEtransmission1204
LVEtransmission1164_to_LVEtransmission1653_electricity,#3186cc,LV electricity distribution main,transmission,100000,1,20,LVEtransmission1653,LVEtransmission1164
LVEtransmission1653_to_LVEtransmission499_electricity,#3186cc,LV electricity distribution main,transmission,100000,1,20,LVEtransmission499,LVEtransmission1653
LVEtransmission499_to_LVEtransmission931_electricity,#3186cc,LV electricity distribution main,transmission,100000,1,20,LVEtransmission931,LVEtransmission499
LVEtransmission931_to_LVEtransmission1617_electricity,#3186cc,LV electricity distribution main,transmission,100000,1,20,LVEtransmission1617,LVEtransmission931
LVEtransmission1617_to_LVEtransmission1987_electricity,#3186cc,LV electricity distribution main,transmission,100000,1,20,LVEtransmission1987,LVEtransmission1617
LVEtransmission1987_to_LVEtransmission924_electricity,#3186cc,LV electricity distribution main,transmission,100000,1,20,LVEtransmission924,LVEtransmission1987
LVEtransmission924_to_LVEtransmission1292_electricity,#3186cc,LV electricity distribution main,transmission,100000,1,20,LVEtransmission1292,LVEtransmission924
LVEtransmission1292_to_LVEtransmission1541_electricity,#3186cc,LV electricity distribution main,transmission,100000,1,20,LVEtransmission1541,LVEtransmission1292
LVEtransmission1541_to_LVEtransmission432_electricity,#3186cc,LV electricity distribution main,transmission,100000,1,20,LVEtransmission432,LVEtransmission1541
LVEtransmission432_to_LVEtransmission831_electricity,#3186cc,LV electricity distribution main,transmission,100000,1,20,LVEtransmission831,LVEtransmission432
LVEtransmission831_to_LVEtransmission1972_electricity,#3186cc,LV electricity distribution main,transmission,100000,1,20,LVEtransmission1972,LVEtransmission831
LVEtransmission1972_to_LVEtransmission1281_electricity,#3186cc,LV electricity distribution main,transmission,100000,1,20,LVEtransmission1281,LVEtransmission1972
LVEtransmission1281_to_LVEtransmission1301_electricity,#3186cc,LV electricity distribution main,transmission,100000,1,20,LVEtransmission1301,LVEtransmission1281
LVEtransmission1301_to_LVEtransmission1041_electricity,#3186cc,LV electricity distribution main,transmission,100000,1,20,LVEtransmission1041,LVEtransmission1301
LVEtransmission1041_to_LVEtransmission1861_electricity,#3186cc,LV electricity distribution main,transmission,100000,1,20,LVEtransmission1861,LVEtransmission1041
LVEtransmission1861_to_LVEtransmission223_electricity,#3186cc,LV electricity distribution main,transmission,100000,1,20,LVEtransmission223,LVEtransmission1861
LVEtransmission223_to_LVEtransmission950_electricity,#3186cc,LV electricity distribution main,transmission,100000,1,20,LVEtransmission950,LVEtransmission223
LVEtransmission950_to_LVEtransmission861_electricity,#3186cc,LV electricity distribution main,transmission,100000,1,20,LVEtransmission861,LVEtransmission950
LVEtransmission861_to_LVEtransmission1242_electricity,#3186cc,LV electricity distribution main,transmission,100000,1,20,LVEtransmission1242,LVEtransmission861
LVEtransmission1242_to_LVEtransmission604_electricity,#3186cc,LV electricity distribution main,transmission,100000,1,20,LVEtransmission604,LVEtransmission1242
LVEtransmission604_to_LVEtransmission989_electricity,#3186cc,LV electricity distribution main,transmission,100000,1,20,LVEtransmission989,LVEtransmission604
LVEtransmission989_to_LVEtransmission1599_electricity,#3186cc,LV electricity distribution main,transmission,100000,1,20,LVEtransmission1599,LVEtransmission989
LVEtransmission1599_to_LVEtransmission283_electricity,#3186cc,LV electricity distribution main,transmission,100000,1,20,LVEtransmission283,LVEtransmission1599
LVEtransmission283_to_LVEtransmission1124_electricity,#3186cc,LV electricity distribution main,transmission,100000,1,20,LVEtransmission1124,LVEtransmission283
LVEtransmission1124_to_LVEtransmission862_electricity,#3186cc,LV electricity distribution main,transmission,100000,1,20,LVEtransmission862,LVEtransmission1124
LVEtransmission862_to_LVEtransmission1322_electricity,#3186cc,LV electricity distribution main,transmission,100000,1,20,LVEtransmission1322,LVEtransmission862
LVEtransmission1322_to_LVEtransmission1379_electricity,#3186cc,LV electricity distribution main,transmission,100000,1,20,LVEtransmission1379,LVEtransmission1322
LVEtransmission1379_to_LVEtransmission1126_electricity,#3186cc,LV electricity distribution main,transmission,100000,1,20,LVEtransmission1126,LVEtransmission1379
LVEtransmission1126_to_LVEtransmission318_electricity,#3186cc,LV electricity distribution main,transmission,100000,1,20,LVEtransmission318,LVEtransmission1126
LVEtransmission318_to_LVEtransmission700_electricity,#3186cc,LV electricity distribution main,transmission,100000,1,20,LVEtransmission700,LVEtransmission318
LVEtransmission700_to_LVEtransmission1895_electricity,#3186cc,LV electricity distribution main,transmission,100000,1,20,LVEtransmission1895,LVEtransmission700
LVEtransmission1895_to_LVEtransmission308_electricity,#3186cc,LV electricity distribution main,transmission,100000,1,20,LVEtransmission308,LVEtransmission1895
LVEtransmission308_to_LVEtransmission1245_electricity,#3186cc,LV electricity distribution main,transmission,100000,1,20,LVEtransmission1245,LVEtransmission308
LVEtransmission1245_to_LVEtransmission632_electricity,#3186cc,LV electricity distribution main,transmission,100000,1,20,LVEtransmission632,LVEtransmission1245
LVEtransmission632_to_LVEtransmission383_electricity,#3186cc,LV electricity distribution main,transmission,100000,1,20,LVEtransmission383,LVEtransmission632
LVEtransmission383_to_LVEtransmission1954_electricity,#3186cc,LV electricity distribution main,transmission,100000,1,20,LVEtransmission1954,LVEtransmission383
LVEtransmission1954_to_LVEtransmission1556_electricity,#3186cc,LV electricity distribution main,transmission,100000,1,20,LVEtransmission1556,LVEtransmission1954
LVEtransmission1556_to_LVEtransmission934_electricity,#3186cc,LV electricity distribution main,transmission,100000,1,20,LVEtransmission934,LVEtransmission1556
LVEtransmission934_to_LVEtransmission1360_electricity,#3186cc,LV electricity distribution main,transmission,100000,1,20,LVEtransmission1360,LVEtransmission934
LVEtransmission1360_to_LVEtransmission447_electricity,#3186cc,LV electricity distribution main,transmission,100000,1,20,LVEtransmission447,LVEtransmission1360
LVEtransmission447_to_LVEtransmission1673_electricity,#3186cc,LV electricity distribution main,transmission,100000,1,20,LVEtransmission1673,LVEtransmission447
LVEtransmission1673_to_LVEtransmission1437_electricity,#3186cc,LV electricity distribution main,transmission,100000,1,20,LVEtransmission1437,LVEtransmission1673
LVEtransmission1437_to_LVEtransmission1496_electricity,#3186cc,LV electricity distribution main,transmission,100000,1,20,LVEtransmission1496,LVEtransmission1437
LVEtransmission1496_to_LVEtransmission1447_electricity,#3186cc,LV electricity distribution main,transmission,100000,1,20,LVEtransmission1447,LVEtransmission1496
LVEtransmission1447_to_LVEtransmission841_electricity,#3186cc,LV electricity distribution main,transmission,100000,1,20,LVEtransmission841,LVEtransmission1447
LVEtransmission841_to_LVEtransmission216_electricity,#3186cc,LV electricity distribution main,transmission,100000,1,20,LVEtransmission216,LVEtransmission841
LVEtransmission216_to_LVEtransmission668_electricity,#3186cc,LV electricity distribution main,transmission,100000,1,20,LVEtransmission668,LVEtransmission216
LVEtransmission668_to_LVEtransmission488_electricity,#3186cc,LV electricity distribution main,transmission,100000,1,20,LVEtransmission488,LVEtransmission668
LVEtransmission488_to_LVEtransmission918_electricity,#3186cc,LV electricity distribution main,transmission,100000,1,20,LVEtransmission918,LVEtransmission488
LVEtransmission918_to_LVEtransmission127_electricity,#3186cc,LV electricity distribution main,transmission,100000,1,20,LVEtransmission127,LVEtransmission918
LVEtransmission127_to_LVEtransmission1746_electricity,#3186cc,LV electricity distribution main,transmission,100000,1,20,LVEtransmission1746,LVEtransmission127
LVEtransmission1746_to_LVEtransmission142_electricity,#3186cc,LV electricity distribution main,transmission,100000,1,20,LVEtransmission142,LVEtransmission1746
LVEtransmission142_to_LVEtransmission1757_electricity,#3186cc,LV electricity distribution main,transmission,100000,1,20,LVEtransmission1757,LVEtransmission142
LVEtransmission1757_to_LVEtransmission410_electricity,#3186cc,LV electricity distribution main,transmission,100000,1,20,LVEtransmission410,LVEtransmission1757
LVEtransmission410_to_LVEtransmission1352_electricity,#3186cc,LV electricity distribution main,transmission,100000,1,20,LVEtransmission1352,LVEtransmission410
LVEtransmission1352_to_LVEtransmission1215_electricity,#3186cc,LV electricity distribution main,transmission,100000,1,20,LVEtransmission1215,LVEtransmission1352
LVEtransmission1215_to_LVEtransmission1666_electricity,#3186cc,LV electricity distribution main,transmission,100000,1,20,LVEtransmission1666,LVEtransmission1215
LVEtransmission1666_to_LVEtransmission1256_electricity,#3186cc,LV electricity distribution main,transmission,100000,1,20,LVEtransmission1256,LVEtransmission1666
LVEtransmission1256_to_LVEtransmission1139_electricity,#3186cc,LV electricity distribution main,transmission,100000,1,20,LVEtransmission1139,LVEtransmission1256
LVEtransmission1139_to_LVEtransmission1506_electricity,#3186cc,LV electricity distribution main,transmission,100000,1,20,LVEtransmission1506,LVEtransmission1139
LVEtransmission1506_to_LVEtransmission1388_electricity,#3186cc,LV electricity distribution main,transmission,100000,1,20,LVEtransmission1388,LVEtransmission1506
LVEtransmission1388_to_LVEtransmission254_electricity,#3186cc,LV electricity distribution main,transmission,100000,1,20,LVEtransmission254,LVEtransmission1388
LVEtransmission254_to_LVEtransmission352_electricity,#3186cc,LV electricity distribution main,transmission,100000,1,20,LVEtransmission352,LVEtransmission254
LVEtransmission352_to_LVEtransmission908_electricity,#3186cc,LV electricity distribution main,transmission,100000,1,20,LVEtransmission908,LVEtransmission352
LVEtransmission908_to_LVEtransmission1883_electricity,#3186cc,LV electricity distribution main,transmission,100000,1,20,LVEtransmission1883,LVEtransmission908
LVEtransmission1883_to_LVEtransmission1672_electricity,#3186cc,LV electricity distribution main,transmission,100000,1,20,LVEtransmission1672,LVEtransmission1883
LVEtransmission1672_to_LVEtransmission1822_electricity,#3186cc,LV electricity distribution main,transmission,100000,1,20,LVEtransmission1822,LVEtransmission1672
LVEtransmission1822_to_LVEtransmission1543_electricity,#3186cc,LV electricity distribution main,transmission,100000,1,20,LVEtransmission1543,LVEtransmission1822
LVEtransmission1570_to_LVEtransmission404_electricity,#3186cc,LV electricity distribution main,transmission,100000,1,20,LVEtransmission404,LVEtransmission1570
LVEtransmission404_to_LVEtransmission247_electricity,#3186cc,LV electricity distribution main,transmission,100000,1,20,LVEtransmission247,LVEtransmission404
LVEtransmission247_to_LVEtransmission1116_electricity,#3186cc,LV electricity distribution main,transmission,100000,1,20,LVEtransmission1116,LVEtransmission247
LVEtransmission1116_to_LVEtransmission715_electricity,#3186cc,LV electricity distribution main,transmission,100000,1,20,LVEtransmission715,LVEtransmission1116
LVEtransmission715_to_LVEtransmission1893_electricity,#3186cc,LV electricity distribution main,transmission,100000,1,20,LVEtransmission1893,LVEtransmission715
LVEtransmission1893_to_LVEtransmission175_electricity,#3186cc,LV electricity distribution main,transmission,100000,1,20,LVEtransmission175,LVEtransmission1893
LVEtransmission175_to_LVEtransmission685_electricity,#3186cc,LV electricity distribution main,transmission,100000,1,20,LVEtransmission685,LVEtransmission175
LVEtransmission685_to_LVEtransmission1411_electricity,#3186cc,LV electricity distribution main,transmission,100000,1,20,LVEtransmission1411,LVEtransmission685
LVEtransmission1411_to_LVEtransmission1712_electricity,#3186cc,LV electricity distribution main,transmission,100000,1,20,LVEtransmission1712,LVEtransmission1411
LVEtransmission1712_to_LVEtransmission858_electricity,#3186cc,LV electricity distribution main,transmission,100000,1,20,LVEtransmission858,LVEtransmission1712
LVEtransmission858_to_LVEtransmission1378_electricity,#3186cc,LV electricity distribution main,transmission,100000,1,20,LVEtransmission1378,LVEtransmission858
LVEtransmission1378_to_LVEtransmission1111_electricity,#3186cc,LV electricity distribution main,transmission,100000,1,20,LVEtransmission1111,LVEtransmission1378
LVEtransmission1111_to_LVEtransmission1558_electricity,#3186cc,LV electricity distribution main,transmission,100000,1,20,LVEtransmission1558,LVEtransmission1111
LVEtransmission1558_to_LVEtransmission1898_electricity,#3186cc,LV electricity distribution main,transmission,100000,1,20,LVEtransmission1898,LVEtransmission1558
LVEtransmission1898_to_LVEtransmission1454_electricity,#3186cc,LV electricity distribution main,transmission,100000,1,20,LVEtransmission1454,LVEtransmission1898
LVEtransmission1454_to_LVEtransmission1061_electricity,#3186cc,LV electricity distribution main,transmission,100000,1,20,LVEtransmission1061,LVEtransmission1454
LVEtransmission1061_to_LVEtransmission577_electricity,#3186cc,LV electricity distribution main,transmission,100000,1,20,LVEtransmission577,LVEtransmission1061
LVEtransmission577_to_LVEtransmission304_electricity,#3186cc,LV electricity distribution main,transmission,100000,1,20,LVEtransmission304,LVEtransmission577
LVEtransmission304_to_LVEtransmission746_electricity,#3186cc,LV electricity distribution main,transmission,100000,1,20,LVEtransmission746,LVEtransmission304
LVEtransmission746_to_LVEtransmission1137_electricity,#3186cc,LV electricity distribution main,transmission,100000,1,20,LVEtransmission1137,LVEtransmission746
LVEtransmission1137_to_LVEtransmission62_electricity,#3186cc,LV electricity distribution main,transmission,100000,1,20,LVEtransmission62,LVEtransmission1137
LVEtransmission62_to_LVEtransmission248_electricity,#3186cc,LV electricity distribution main,transmission,100000,1,20,LVEtransmission248,LVEtransmission62
LVEtransmission248_to_LVEtransmission642_electricity,#3186cc,LV electricity distribution main,transmission,100000,1,20,LVEtransmission642,LVEtransmission248
LVEtransmission642_to_LVEtransmission609_electricity,#3186cc,LV electricity distribution main,transmission,100000,1,20,LVEtransmission609,LVEtransmission642
LVEtransmission609_to_LVEtransmission1787_electricity,#3186cc,LV electricity distribution main,transmission,100000,1,20,LVEtransmission1787,LVEtransmission609
LVEtransmission1787_to_LVEtransmission1094_electricity,#3186cc,LV electricity distribution main,transmission,100000,1,20,LVEtransmission1094,LVEtransmission1787
LVEtransmission1094_to_LVEtransmission222_electricity,#3186cc,LV electricity distribution main,transmission,100000,1,20,LVEtransmission222,LVEtransmission1094
LVEtransmission222_to_LVEtransmission1834_electricity,#3186cc,LV electricity distribution main,transmission,100000,1,20,LVEtransmission1834,LVEtransmission222
LVEtransmission1834_to_LVEtransmission297_electricity,#3186cc,LV electricity distribution main,transmission,100000,1,20,LVEtransmission297,LVEtransmission1834
LVEtransmission297_to_LVEtransmission1955_electricity,#3186cc,LV electricity distribution main,transmission,100000,1,20,LVEtransmission1955,LVEtransmission297
LVEtransmission1955_to_LVEtransmission1976_electricity,#3186cc,LV electricity distribution main,transmission,100000,1,20,LVEtransmission1976,LVEtransmission1955
LVEtransmission1976_to_LVEtransmission1604_electricity,#3186cc,LV electricity distribution main,transmission,100000,1,20,LVEtransmission1604,LVEtransmission1976
LVEtransmission1604_to_LVEtransmission1523_electricity,#3186cc,LV electricity distribution main,transmission,100000,1,20,LVEtransmission1523,LVEtransmission1604
LVEtransmission1523_to_LVEtransmission174_electricity,#3186cc,LV electricity distribution main,transmission,100000,1,20,LVEtransmission174,LVEtransmission1523
LVEtransmission174_to_LVEtransmission1084_electricity,#3186cc,LV electricity distribution main,transmission,100000,1,20,LVEtransmission1084,LVEtransmission174
LVEtransmission1084_to_LVEtransmission1187_electricity,#3186cc,LV electricity distribution main,transmission,100000,1,20,LVEtransmission1187,LVEtransmission1084
LVEtransmission1187_to_LVEtransmission147_electricity,#3186cc,LV electricity distribution main,transmission,100000,1,20,LVEtransmission147,LVEtransmission1187
LVEtransmission147_to_LVEtransmission809_electricity,#3186cc,LV electricity distribution main,transmission,100000,1,20,LVEtransmission809,LVEtransmission147
LVEtransmission809_to_LVEtransmission916_electricity,#3186cc,LV electricity distribution main,transmission,100000,1,20,LVEtransmission916,LVEtransmission809
LVEtransmission916_to_LVEtransmission1415_electricity,#3186cc,LV electricity distribution main,transmission,100000,1,20,LVEtransmission1415,LVEtransmission916
LVEtransmission1415_to_LVEtransmission360_electricity,#3186cc,LV electricity distribution main,transmission,100000,1,20,LVEtransmission360,LVEtransmission1415
LVEtransmission360_to_LVEtransmission838_electricity,#3186cc,LV electricity distribution main,transmission,100000,1,20,LVEtransmission838,LVEtransmission360
LVEtransmission838_to_LVEtransmission1141_electricity,#3186cc,LV electricity distribution main,transmission,100000,1,20,LVEtransmission1141,LVEtransmission838
LVEtransmission1141_to_LVEtransmission41_electricity,#3186cc,LV electricity distribution main,transmission,100000,1,20,LVEtransmission41,LVEtransmission1141
LVEtransmission41_to_LVEtransmission511_electricity,#3186cc,LV electricity distribution main,transmission,100000,1,20,LVEtransmission511,LVEtransmission41
LVEtransmission511_to_LVEtransmission1493_electricity,#3186cc,LV electricity distribution main,transmission,100000,1,20,LVEtransmission1493,LVEtransmission511
LVEtransmission1493_to_LVEtransmission1134_electricity,#3186cc,LV electricity distribution main,transmission,100000,1,20,LVEtransmission1134,LVEtransmission1493
LVEtransmission1134_to_LVEtransmission257_electricity,#3186cc,LV electricity distribution main,transmission,100000,1,20,LVEtransmission257,LVEtransmission1134
LVEtransmission257_to_LVEtransmission1729_electricity,#3186cc,LV electricity distribution main,transmission,100000,1,20,LVEtransmission1729,LVEtransmission257
LVEtransmission1729_to_LVEtransmission1333_electricity,#3186cc,LV electricity distribution main,transmission,100000,1,20,LVEtransmission1333,LVEtransmission1729
LVEtransmission1333_to_LVEtransmission1989_electricity,#3186cc,LV electricity distribution main,transmission,100000,1,20,LVEtransmission1989,LVEtransmission1333
LVEtransmission1989_to_LVEtransmission1466_electricity,#3186cc,LV electricity distribution main,transmission,100000,1,20,LVEtransmission1466,LVEtransmission1989
LVEtransmission1466_to_LVEtransmission338_electricity,#3186cc,LV electricity distribution main,transmission,100000,1,20,LVEtransmission338,LVEtransmission1466
LVEtransmission338_to_LVEtransmission1514_electricity,#3186cc,LV electricity distribution main,transmission,100000,1,20,LVEtransmission1514,LVEtransmission338
LVEtransmission1514_to_LVEtransmission435_electricity,#3186cc,LV electricity distribution main,transmission,100000,1,20,LVEtransmission435,LVEtransmission1514
LVEtransmission435_to_LVEtransmission1904_electricity,#3186cc,LV electricity distribution main,transmission,100000,1,20,LVEtransmission1904,LVEtransmission435
LVEtransmission1904_to_LVEtransmission967_electricity,#3186cc,LV electricity distribution main,transmission,100000,1,20,LVEtransmission967,LVEtransmission1904
LVEtransmission967_to_LVEtransmission1472_electricity,#3186cc,LV electricity distribution main,transmission,100000,1,20,LVEtransmission1472,LVEtransmission967
LVEtransmission1472_to_LVEtransmission1093_electricity,#3186cc,LV electricity distribution main,transmission,100000,1,20,LVEtransmission1093,LVEtransmission1472
LVEtransmission1093_to_LVEtransmission665_electricity,#3186cc,LV electricity distribution main,transmission,100000,1,20,LVEtransmission665,LVEtransmission1093
LVEtransmission665_to_LVEtransmission1616_electricity,#3186cc,LV electricity distribution main,transmission,100000,1,20,LVEtransmission1616,LVEtransmission665
LVEtransmission1616_to_LVEtransmission15_electricity,#3186cc,LV electricity distribution main,transmission,100000,1,20,LVEtransmission15,LVEtransmission1616
LVEtransmission15_to_LVEtransmission1849_electricity,#3186cc,LV electricity distribution main,transmission,100000,1,20,LVEtransmission1849,LVEtransmission15
LVEtransmission1849_to_LVEtransmission539_electricity,#3186cc,LV electricity distribution main,transmission,100000,1,20,LVEtransmission539,LVEtransmission1849
LVEtransmission539_to_LVEtransmission356_electricity,#3186cc,LV electricity distribution main,transmission,100000,1,20,LVEtransmission356,LVEtransmission539
LVEtransmission356_to_LVEtransmission782_electricity,#3186cc,LV electricity distribution main,transmission,100000,1,20,LVEtransmission782,LVEtransmission356
LVEtransmission782_to_LVEtransmission1739_electricity,#3186cc,LV electricity distribution main,transmission,100000,1,20,LVEtransmission1739,LVEtransmission782
LVEtransmission1739_to_LVEtransmission1564_electricity,#3186cc,LV electricity distribution main,transmission,100000,1,20,LVEtransmission1564,LVEtransmission1739
LVEtransmission1564_to_LVEtransmission944_electricity,#3186cc,LV electricity distribution main,transmission,100000,1,20,LVEtransmission944,LVEtransmission1564
LVEtransmission944_to_LVEtransmission1880_electricity,#3186cc,LV electricity distribution main,transmission,100000,1,20,LVEtransmission1880,LVEtransmission944
LVEtransmission1880_to_LVEtransmission477_electricity,#3186cc,LV electricity distribution main,transmission,100000,1,20,LVEtransmission477,LVEtransmission1880
LVEtransmission477_to_LVEtransmission167_electricity,#3186cc,LV electricity distribution main,transmission,100000,1,20,LVEtransmission167,LVEtransmission477
LVEtransmission167_to_LVEtransmission684_electricity,#3186cc,LV electricity distribution main,transmission,100000,1,20,LVEtransmission684,LVEtransmission167
LVEtransmission684_to_LVEtransmission965_electricity,#3186cc,LV electricity distribution main,transmission,100000,1,20,LVEtransmission965,LVEtransmission684
LVEtransmission965_to_LVEtransmission1503_electricity,#3186cc,LV electricity distribution main,transmission,100000,1,20,LVEtransmission1503,LVEtransmission965
LVEtransmission1503_to_LVEtransmission1173_electricity,#3186cc,LV electricity distribution main,transmission,100000,1,20,LVEtransmission1173,LVEtransmission1503
LVEtransmission1173_to_LVEtransmission348_electricity,#3186cc,LV electricity distribution main,transmission,100000,1,20,LVEtransmission348,LVEtransmission1173
LVEtransmission348_to_LVEtransmission1721_electricity,#3186cc,LV electricity distribution main,transmission,100000,1,20,LVEtransmission1721,LVEtransmission348
LVEtransmission1721_to_LVEtransmission1862_electricity,#3186cc,LV electricity distribution main,transmission,100000,1,20,LVEtransmission1862,LVEtransmission1721
LVEtransmission1862_to_LVEtransmission353_electricity,#3186cc,LV electricity distribution main,transmission,100000,1,20,LVEtransmission353,LVEtransmission1862
LVEtransmission353_to_LVEtransmission1973_electricity,#3186cc,LV electricity distribution main,transmission,100000,1,20,LVEtransmission1973,LVEtransmission353
LVEtransmission1973_to_LVEtransmission699_electricity,#3186cc,LV electricity distribution main,transmission,100000,1,20,LVEtransmission699,LVEtransmission1973
LVEtransmission699_to_LVEtransmission1426_electricity,#3186cc,LV electricity distribution main,transmission,100000,1,20,LVEtransmission1426,LVEtransmission699
LVEtransmission1426_to_LVEtransmission1077_electricity,#3186cc,LV electricity distribution main,transmission,100000,1,20,LVEtransmission1077,LVEtransmission1426
LVEtransmission1077_to_LVEtransmission733_electricity,#3186cc,LV electricity distribution main,transmission,100000,1,20,LVEtransmission733,LVEtransmission1077
LVEtransmission733_to_LVEtransmission1468_electricity,#3186cc,LV electricity distribution main,transmission,100000,1,20,LVEtransmission1468,LVEtransmission733
LVEtransmission1468_to_LVEtransmission1099_electricity,#3186cc,LV electricity distribution main,transmission,100000,1,20,LVEtransmission1099,LVEtransmission1468
LVEtransmission1099_to_LVEtransmission220_electricity,#3186cc,LV electricity distribution main,transmission,100000,1,20,LVEtransmission220,LVEtransmission1099
LVEtransmission220_to_LVEtransmission1733_electricity,#3186cc,LV electricity distribution main,transmission,100000,1,20,LVEtransmission1733,LVEtransmission220
LVEtransmission1733_to_LVEtransmission429_electricity,#3186cc,LV electricity distribution main,transmission,100000,1,20,LVEtransmission429,LVEtransmission1733
LVEtransmission429_to_LVEtransmission1821_electricity,#3186cc,LV electricity distribution main,transmission,100000,1,20,LVEtransmission1821,LVEtransmission429
LVEtransmission1821_to_LVEtransmission991_electricity,#3186cc,LV electricity distribution main,transmission,100000,1,20,LVEtransmission991,LVEtransmission1821
LVEtransmission991_to_LVEtransmission1148_electricity,#3186cc,LV electricity distribution main,transmission,100000,1,20,LVEtransmission1148,LVEtransmission991
LVEtransmission1148_to_LVEtransmission1790_electricity,#3186cc,LV electricity distribution main,transmission,100000,1,20,LVEtransmission1790,LVEtransmission1148
LVEtransmission1790_to_LVEtransmission1487_electricity,#3186cc,LV electricity distribution main,transmission,100000,1,20,LVEtransmission1487,LVEtransmission1790
LVEtransmission1487_to_LVEtransmission1965_electricity,#3186cc,LV electricity distribution main,transmission,100000,1,20,LVEtransmission1965,LVEtransmission1487
LVEtransmission1965_to_LVEtransmission1677_electricity,#3186cc,LV electricity distribution main,transmission,100000,1,20,LVEtransmission1677,LVEtransmission1965
LVEtransmission1677_to_LVEtransmission1526_electricity,#3186cc,LV electricity distribution main,transmission,100000,1,20,LVEtransmission1526,LVEtransmission1677
LVEtransmission1526_to_LVEtransmission209_electricity,#3186cc,LV electricity distribution main,transmission,100000,1,20,LVEtransmission209,LVEtransmission1526
LVEtransmission209_to_LVEtransmission725_electricity,#3186cc,LV electricity distribution main,transmission,100000,1,20,LVEtransmission725,LVEtransmission209
LVEtransmission725_to_LVEtransmission331_electricity,#3186cc,LV electricity distribution main,transmission,100000,1,20,LVEtransmission331,LVEtransmission725
LVEtransmission331_to_LVEtransmission20_electricity,#3186cc,LV electricity distribution main,transmission,100000,1,20,LVEtransmission20,LVEtransmission331
LVEtransmission20_to_LVEtransmission1212_electricity,#3186cc,LV electricity distribution main,transmission,100000,1,20,LVEtransmission1212,LVEtransmission20
LVEtransmission1212_to_LVEtransmission399_electricity,#3186cc,LV electricity distribution main,transmission,100000,1,20,LVEtransmission399,LVEtransmission1212
LVEtransmission399_to_LVEtransmission1102_electricity,#3186cc,LV electricity distribution main,transmission,100000,1,20,LVEtransmission1102,LVEtransmission399
LVEtransmission1102_to_LVEtransmission778_electricity,#3186cc,LV electricity distribution main,transmission,100000,1,20,LVEtransmission778,LVEtransmission1102
LVEtransmission778_to_LVEtransmission1766_electricity,#3186cc,LV electricity distribution main,transmission,100000,1,20,LVEtransmission1766,LVEtransmission778
LVEtransmission1766_to_LVEtransmission16_electricity,#3186cc,LV electricity distribution main,transmission,100000,1,20,LVEtransmission16,LVEtransmission1766
LVEtransmission16_to_LVEtransmission74_electricity,#3186cc,LV electricity distribution main,transmission,100000,1,20,LVEtransmission74,LVEtransmission16
LVEtransmission74_to_LVEtransmission420_electricity,#3186cc,LV electricity distribution main,transmission,100000,1,20,LVEtransmission420,LVEtransmission74
LVEtransmission420_to_LVEtransmission448_electricity,#3186cc,LV electricity distribution main,transmission,100000,1,20,LVEtransmission448,LVEtransmission420
LVEtransmission448_to_LVEtransmission775_electricity,#3186cc,LV electricity distribution main,transmission,100000,1,20,LVEtransmission775,LVEtransmission448
LVEtransmission775_to_LVEtransmission1517_electricity,#3186cc,LV electricity distribution main,transmission,100000,1,20,LVEtransmission1517,LVEtransmission775
LVEtransmission1517_to_LVEtransmission1168_electricity,#3186cc,LV electricity distribution main,transmission,100000,1,20,LVEtransmission1168,LVEtransmission1517
LVEtransmission1168_to_LVEtransmission1625_electricity,#3186cc,LV electricity distribution main,transmission,100000,1,20,LVEtransmission1625,LVEtransmission1168
LVEtransmission1625_to_LVEtransmission1315_electricity,#3186cc,LV electricity distribution main,transmission,100000,1,20,LVEtransmission1315,LVEtransmission1625
LVEtransmission1315_to_LVEtransmission1158_electricity,#3186cc,LV electricity distribution main,transmission,100000,1,20,LVEtransmission1158,LVEtransmission1315
LVEtransmission1158_to_LVEtransmission1682_electricity,#3186cc,LV electricity distribution main,transmission,100000,1,20,LVEtransmission1682,LVEtransmission1158
LVEtransmission1682_to_LVEtransmission1273_electricity,#3186cc,LV electricity distribution main,transmission,100000,1,20,LVEtransmission1273,LVEtransmission1682
LVEtransmission1273_to_LVEtransmission897_electricity,#3186cc,LV electricity distribution main,transmission,100000,1,20,LVEtransmission897,LVEtransmission1273
LVEtransmission897_to_LVEtransmission1887_electricity,#3186cc,LV electricity distribution main,transmission,100000,1,20,LVEtransmission1887,LVEtransmission897
LVEtransmission1887_to_LVEtransmission1743_electricity,#3186cc,LV electricity distribution main,transmission,100000,1,20,LVEtransmission1743,LVEtransmission1887
LVEtransmission1743_to_LVEtransmission37_electricity,#3186cc,LV electricity distribution main,transmission,100000,1,20,LVEtransmission37,LVEtransmission1743
LVEtransmission37_to_LVEtransmission1238_electricity,#3186cc,LV electricity distribution main,transmission,100000,1,20,LVEtransmission1238,LVEtransmission37
LVEtransmission1238_to_LVEtransmission889_electricity,#3186cc,LV electricity distribution main,transmission,100000,1,20,LVEtransmission889,LVEtransmission1238
LVEtransmission889_to_LVEtransmission518_electricity,#3186cc,LV electricity distribution main,transmission,100000,1,20,LVEtransmission518,LVEtransmission889
LVEtransmission518_to_LVEtransmission1252_electricity,#3186cc,LV electricity distribution main,transmission,100000,1,20,LVEtransmission1252,LVEtransmission518
LVEtransmission1252_to_LVEtransmission1086_electricity,#3186cc,LV electricity distribution main,transmission,100000,1,20,LVEtransmission1086,LVEtransmission1252
LVEtransmission1086_to_LVEtransmission714_electricity,#3186cc,LV electricity distribution main,transmission,100000,1,20,LVEtransmission714,LVEtransmission1086
LVEtransmission714_to_LVEtransmission1669_electricity,#3186cc,LV electricity distribution main,transmission,100000,1,20,LVEtransmission1669,LVEtransmission714
LVEtransmission1669_to_LVEtransmission1321_electricity,#3186cc,LV electricity distribution main,transmission,100000,1,20,LVEtransmission1321,LVEtransmission1669
LVEtransmission1321_to_LVEtransmission3_electricity,#3186cc,LV electricity distribution main,transmission,100000,1,20,LVEtransmission3,LVEtransmission1321
LVEtransmission3_to_LVEtransmission1655_electricity,#3186cc,LV electricity distribution main,transmission,100000,1,20,LVEtransmission1655,LVEtransmission3
LVEtransmission1655_to_LVEtransmission1303_electricity,#3186cc,LV electricity distribution main,transmission,100000,1,20,LVEtransmission1303,LVEtransmission1655
LVEtransmission1303_to_LVEtransmission1174_electricity,#3186cc,LV electricity distribution main,transmission,100000,1,20,LVEtransmission1174,LVEtransmission1303
LVEtransmission1174_to_LVEtransmission795_electricity,#3186cc,LV electricity distribution main,transmission,100000,1,20,LVEtransmission795,LVEtransmission1174
LVEtransmission795_to_LVEtransmission1991_electricity,#3186cc,LV electricity distribution main,transmission,100000,1,20,LVEtransmission1991,LVEtransmission795
LVEtransmission1991_to_LVEtransmission1646_electricity,#3186cc,LV electricity distribution main,transmission,100000,1,20,LVEtransmission1646,LVEtransmission1991
LVEtransmission1646_to_LVEtransmission519_electricity,#3186cc,LV electricity distribution main,transmission,100000,1,20,LVEtransmission519,LVEtransmission1646
LVEtransmission519_to_LVEtransmission177_electricity,#3186cc,LV electricity distribution main,transmission,100000,1,20,LVEtransmission177,LVEtransmission519
LVEtransmission177_to_LVEtransmission1607_electricity,#3186cc,LV electricity distribution main,transmission,100000,1,20,LVEtransmission1607,LVEtransmission177
LVEtransmission1607_to_LVEtransmission1448_electricity,#3186cc,LV electricity distribution main,transmission,100000,1,20,LVEtransmission1448,LVEtransmission1607
LVEtransmission1448_to_LVEtransmission1464_electricity,#3186cc,LV electricity distribution main,transmission,100000,1,20,LVEtransmission1464,LVEtransmission1448
LVEtransmission1742_to_LVEtransmission1105_electricity,#3186cc,LV electricity distribution main,transmission,100000,1,20,LVEtransmission1105,LVEtransmission1742
LVEtransmission1105_to_LVEtransmission281_electricity,#3186cc,LV electricity distribution main,transmission,100000,1,20,LVEtransmission281,LVEtransmission1105
LVEtransmission281_to_LVEtransmission47_electricity,#3186cc,LV electricity distribution main,transmission,100000,1,20,LVEtransmission47,LVEtransmission281
LVEtransmission47_to_LVEtransmission1870_electricity,#3186cc,LV electricity distribution main,transmission,100000,1,20,LVEtransmission1870,LVEtransmission47
LVEtransmission1870_to_LVEtransmission80_electricity,#3186cc,LV electricity distribution main,transmission,100000,1,20,LVEtransmission80,LVEtransmission1870
LVEtransmission80_to_LVEtransmission1536_electricity,#3186cc,LV electricity distribution main,transmission,100000,1,20,LVEtransmission1536,LVEtransmission80
LVEtransmission1536_to_LVEtransmission172_electricity,#3186cc,LV electricity distribution main,transmission,100000,1,20,LVEtransmission172,LVEtransmission1536
LVEtransmission172_to_LVEtransmission1968_electricity,#3186cc,LV electricity distribution main,transmission,100000,1,20,LVEtransmission1968,LVEtransmission172
LVEtransmission1968_to_LVEtransmission1842_electricity,#3186cc,LV electricity distribution main,transmission,100000,1,20,LVEtransmission1842,LVEtransmission1968
LVEtransmission1842_to_LVEtransmission1872_electricity,#3186cc,LV electricity distribution main,transmission,100000,1,20,LVEtransmission1872,LVEtransmission1842
LVEtransmission1872_to_LVEtransmission287_electricity,#3186cc,LV electricity distribution main,transmission,100000,1,20,LVEtransmission287,LVEtransmission1872
LVEtransmission287_to_LVEtransmission1956_electricity,#3186cc,LV electricity distribution main,transmission,100000,1,20,LVEtransmission1956,LVEtransmission287
LVEtransmission1956_to_LVEtransmission32_electricity,#3186cc,LV electricity distribution main,transmission,100000,1,20,LVEtransmission32,LVEtransmission1956
LVEtransmission32_to_LVEtransmission462_electricity,#3186cc,LV electricity distribution main,transmission,100000,1,20,LVEtransmission462,LVEtransmission32
LVEtransmission462_to_LVEtransmission122_electricity,#3186cc,LV electricity distribution main,transmission,100000,1,20,LVEtransmission122,LVEtransmission462
LVEtransmission1651_to_LVEtransmission1687_electricity,#3186cc,LV electricity distribution main,transmission,100000,1,20,LVEtransmission1687,LVEtransmission1651
LVEtransmission1687_to_LVEtransmission568_electricity,#3186cc,LV electricity distribution main,transmission,100000,1,20,LVEtransmission568,LVEtransmission1687
LVEtransmission568_to_LVEtransmission526_electricity,#3186cc,LV electricity distribution main,transmission,100000,1,20,LVEtransmission526,LVEtransmission568
LVEtransmission526_to_LVEtransmission71_electricity,#3186cc,LV electricity distribution main,transmission,100000,1,20,LVEtransmission71,LVEtransmission526
LVEtransmission71_to_LVEtransmission1854_electricity,#3186cc,LV electricity distribution main,transmission,100000,1,20,LVEtransmission1854,LVEtransmission71
LVEtransmission1854_to_LVEtransmission66_electricity,#3186cc,LV electricity distribution main,transmission,100000,1,20,LVEtransmission66,LVEtransmission1854
LVEtransmission66_to_LVEtransmission1879_electricity,#3186cc,LV electricity distribution main,transmission,100000,1,20,LVEtransmission1879,LVEtransmission66
LVEtransmission1879_to_LVEtransmission95_electricity,#3186cc,LV electricity distribution main,transmission,100000,1,20,LVEtransmission95,LVEtransmission1879
LVEtransmission95_to_LVEtransmission1706_electricity,#3186cc,LV electricity distribution main,transmission,100000,1,20,LVEtransmission1706,LVEtransmission95
LVEtransmission1706_to_LVEtransmission1489_electricity,#3186cc,LV electricity distribution main,transmission,100000,1,20,LVEtransmission1489,LVEtransmission1706
LVEtransmission1052_to_LVEtransmission474_electricity,#3186cc,LV electricity distribution main,transmission,100000,1,20,LVEtransmission474,LVEtransmission1052
LVEtransmission474_to_LVEtransmission444_electricity,#3186cc,LV electricity distribution main,transmission,100000,1,20,LVEtransmission444,LVEtransmission474
LVEtransmission444_to_LVEtransmission690_electricity,#3186cc,LV electricity distribution main,transmission,100000,1,20,LVEtransmission690,LVEtransmission444
LVEtransmission690_to_LVEtransmission648_electricity,#3186cc,LV electricity distribution main,transmission,100000,1,20,LVEtransmission648,LVEtransmission690
LVEtransmission648_to_LVEtransmission1408_electricity,#3186cc,LV electricity distribution main,transmission,100000,1,20,LVEtransmission1408,LVEtransmission648
LVEtransmission1408_to_LVEtransmission636_electricity,#3186cc,LV electricity distribution main,transmission,100000,1,20,LVEtransmission636,LVEtransmission1408
LVEtransmission636_to_LVEtransmission1726_electricity,#3186cc,LV electricity distribution main,transmission,100000,1,20,LVEtransmission1726,LVEtransmission636
LVEtransmission1726_to_LVEtransmission592_electricity,#3186cc,LV electricity distribution main,transmission,100000,1,20,LVEtransmission592,LVEtransmission1726
LVEtransmission592_to_LVEtransmission303_electricity,#3186cc,LV electricity distribution main,transmission,100000,1,20,LVEtransmission303,LVEtransmission592
LVEtransmission303_to_LVEtransmission1788_electricity,#3186cc,LV electricity distribution main,transmission,100000,1,20,LVEtransmission1788,LVEtransmission303
LVEtransmission1788_to_LVEtransmission1891_electricity,#3186cc,LV electricity distribution main,transmission,100000,1,20,LVEtransmission1891,LVEtransmission1788
LVEtransmission1891_to_LVEtransmission1363_electricity,#3186cc,LV electricity distribution main,transmission,100000,1,20,LVEtransmission1363,LVEtransmission1891
LVEtransmission1363_to_LVEtransmission217_electricity,#3186cc,LV electricity distribution main,transmission,100000,1,20,LVEtransmission217,LVEtransmission1363
LVEtransmission217_to_LVEtransmission1195_electricity,#3186cc,LV electricity distribution main,transmission,100000,1,20,LVEtransmission1195,LVEtransmission217
LVEtransmission1195_to_LVEtransmission1048_electricity,#3186cc,LV electricity distribution main,transmission,100000,1,20,LVEtransmission1048,LVEtransmission1195
LVEtransmission1048_to_LVEtransmission449_electricity,#3186cc,LV electricity distribution main,transmission,100000,1,20,LVEtransmission449,LVEtransmission1048
LVEtransmission449_to_LVEtransmission979_electricity,#3186cc,LV electricity distribution main,transmission,100000,1,20,LVEtransmission979,LVEtransmission449
LVEtransmission979_to_LVEtransmission1783_electricity,#3186cc,LV electricity distribution main,transmission,100000,1,20,LVEtransmission1783,LVEtransmission979
LVEtransmission1783_to_LVEtransmission206_electricity,#3186cc,LV electricity distribution main,transmission,100000,1,20,LVEtransmission206,LVEtransmission1783
LVEtransmission206_to_LVEtransmission1844_electricity,#3186cc,LV electricity distribution main,transmission,100000,1,20,LVEtransmission1844,LVEtransmission206
LVEtransmission1844_to_LVEtransmission61_electricity,#3186cc,LV electricity distribution main,transmission,100000,1,20,LVEtransmission61,LVEtransmission1844
LVEtransmission61_to_LVEtransmission1672_electricity,#3186cc,LV electricity distribution main,transmission,100000,1,20,LVEtransmission1672,LVEtransmission61
LVEtransmission1832_to_LVEtransmission752_electricity,#3186cc,LV electricity distribution main,transmission,100000,1,20,LVEtransmission752,LVEtransmission1832
LVEtransmission752_to_LVEtransmission842_electricity,#3186cc,LV electricity distribution main,transmission,100000,1,20,LVEtransmission842,LVEtransmission752
LVEtransmission842_to_LVEtransmission363_electricity,#3186cc,LV electricity distribution main,transmission,100000,1,20,LVEtransmission363,LVEtransmission842
LVEtransmission363_to_LVEtransmission424_electricity,#3186cc,LV electricity distribution main,transmission,100000,1,20,LVEtransmission424,LVEtransmission363
LVEtransmission424_to_LVEtransmission1633_electricity,#3186cc,LV electricity distribution main,transmission,100000,1,20,LVEtransmission1633,LVEtransmission424
LVEtransmission1633_to_LVEtransmission1696_electricity,#3186cc,LV electricity distribution main,transmission,100000,1,20,LVEtransmission1696,LVEtransmission1633
LVEtransmission1696_to_LVEtransmission181_electricity,#3186cc,LV electricity distribution main,transmission,100000,1,20,LVEtransmission181,LVEtransmission1696
LVEtransmission181_to_LVEtransmission207_electricity,#3186cc,LV electricity distribution main,transmission,100000,1,20,LVEtransmission207,LVEtransmission181
LVEtransmission207_to_LVEtransmission676_electricity,#3186cc,LV electricity distribution main,transmission,100000,1,20,LVEtransmission676,LVEtransmission207
LVEtransmission676_to_LVEtransmission529_electricity,#3186cc,LV electricity distribution main,transmission,100000,1,20,LVEtransmission529,LVEtransmission676
LVEtransmission529_to_LVEtransmission755_electricity,#3186cc,LV electricity distribution main,transmission,100000,1,20,LVEtransmission755,LVEtransmission529
LVEtransmission755_to_LVEtransmission817_electricity,#3186cc,LV electricity distribution main,transmission,100000,1,20,LVEtransmission817,LVEtransmission755
LVEtransmission1806_to_LVEtransmission563_electricity,#3186cc,LV electricity distribution main,transmission,100000,1,20,LVEtransmission563,LVEtransmission1806
LVEtransmission563_to_LVEtransmission119_electricity,#3186cc,LV electricity distribution main,transmission,100000,1,20,LVEtransmission119,LVEtransmission563
LVEtransmission119_to_LVEtransmission1334_electricity,#3186cc,LV electricity distribution main,transmission,100000,1,20,LVEtransmission1334,LVEtransmission119
LVEtransmission1334_to_LVEtransmission1071_electricity,#3186cc,LV electricity distribution main,transmission,100000,1,20,LVEtransmission1071,LVEtransmission1334
LVEtransmission1071_to_LVEtransmission131_electricity,#3186cc,LV electricity distribution main,transmission,100000,1,20,LVEtransmission131,LVEtransmission1071
LVEtransmission131_to_LVEtransmission917_electricity,#3186cc,LV electricity distribution main,transmission,100000,1,20,LVEtransmission917,LVEtransmission131
LVEtransmission917_to_LVEtransmission1079_electricity,#3186cc,LV electricity distribution main,transmission,100000,1,20,LVEtransmission1079,LVEtransmission917
LVEtransmission1079_to_LVEtransmission1679_electricity,#3186cc,LV electricity distribution main,transmission,100000,1,20,LVEtransmission1679,LVEtransmission1079
LVEtransmission1679_to_LVEtransmission1418_electricity,#3186cc,LV electricity distribution main,transmission,100000,1,20,LVEtransmission1418,LVEtransmission1679
LVEtransmission1418_to_LVEtransmission395_electricity,#3186cc,LV electricity distribution main,transmission,100000,1,20,LVEtransmission395,LVEtransmission1418
LVEtransmission395_to_LVEtransmission1688_electricity,#3186cc,LV electricity distribution main,transmission,100000,1,20,LVEtransmission1688,LVEtransmission395
LVEtransmission1688_to_LVEtransmission1430_electricity,#3186cc,LV electricity distribution main,transmission,100000,1,20,LVEtransmission1430,LVEtransmission1688
LVEtransmission1430_to_LVEtransmission182_electricity,#3186cc,LV electricity distribution main,transmission,100000,1,20,LVEtransmission182,LVEtransmission1430
LVEtransmission182_to_LVEtransmission1529_electricity,#3186cc,LV electricity distribution main,transmission,100000,1,20,LVEtransmission1529,LVEtransmission182
LVEtransmission1529_to_LVEtransmission260_electricity,#3186cc,LV electricity distribution main,transmission,100000,1,20,LVEtransmission260,LVEtransmission1529
LVEtransmission260_to_LVEtransmission682_electricity,#3186cc,LV electricity distribution main,transmission,100000,1,20,LVEtransmission682,LVEtransmission260
LVEtransmission697_to_LVEtransmission394_electricity,#3186cc,LV electricity distribution main,transmission,100000,1,20,LVEtransmission394,LVEtransmission697
LVEtransmission394_to_LVEtransmission1395_electricity,#3186cc,LV electricity distribution main,transmission,100000,1,20,LVEtransmission1395,LVEtransmission394
LVEtransmission1395_to_LVEtransmission1918_electricity,#3186cc,LV electricity distribution main,transmission,100000,1,20,LVEtransmission1918,LVEtransmission1395
LVEtransmission1918_to_LVEtransmission1244_electricity,#3186cc,LV electricity distribution main,transmission,100000,1,20,LVEtransmission1244,LVEtransmission1918
LVEtransmission1244_to_LVEtransmission1975_electricity,#3186cc,LV electricity distribution main,transmission,100000,1,20,LVEtransmission1975,LVEtransmission1244
LVEtransmission1975_to_LVEtransmission194_electricity,#3186cc,LV electricity distribution main,transmission,100000,1,20,LVEtransmission194,LVEtransmission1975
LVEtransmission194_to_LVEtransmission1500_electricity,#3186cc,LV electricity distribution main,transmission,100000,1,20,LVEtransmission1500,LVEtransmission194
LVEtransmission1500_to_LVEtransmission682_electricity,#3186cc,LV electricity distribution main,transmission,100000,1,20,LVEtransmission682,LVEtransmission1500
LVEtransmission682_to_LVEtransmission382_electricity,#3186cc,LV electricity distribution main,transmission,100000,1,20,LVEtransmission382,LVEtransmission682
LVEtransmission382_to_LVEtransmission1750_electricity,#3186cc,LV electricity distribution main,transmission,100000,1,20,LVEtransmission1750,LVEtransmission382
LVEtransmission1750_to_LVEtransmission830_electricity,#3186cc,LV electricity distribution main,transmission,100000,1,20,LVEtransmission830,LVEtransmission1750
LVEtransmission1806_to_LVEtransmission572_electricity,#3186cc,LV electricity distribution main,transmission,100000,1,20,LVEtransmission572,LVEtransmission1806
LVEtransmission572_to_LVEtransmission776_electricity,#3186cc,LV electricity distribution main,transmission,100000,1,20,LVEtransmission776,LVEtransmission572
LVEtransmission776_to_LVEtransmission517_electricity,#3186cc,LV electricity distribution main,transmission,100000,1,20,LVEtransmission517,LVEtransmission776
LVEtransmission517_to_LVEtransmission719_electricity,#3186cc,LV electricity distribution main,transmission,100000,1,20,LVEtransmission719,LVEtransmission517
LVEtransmission719_to_LVEtransmission256_electricity,#3186cc,LV electricity distribution main,transmission,100000,1,20,LVEtransmission256,LVEtransmission719
LVEtransmission256_to_LVEtransmission1101_electricity,#3186cc,LV electricity distribution main,transmission,100000,1,20,LVEtransmission1101,LVEtransmission256
LVEtransmission1101_to_LVEtransmission893_electricity,#3186cc,LV electricity distribution main,transmission,100000,1,20,LVEtransmission893,LVEtransmission1101
LVEtransmission893_to_LVEtransmission433_electricity,#3186cc,LV electricity distribution main,transmission,100000,1,20,LVEtransmission433,LVEtransmission893
LVEtransmission433_to_LVEtransmission144_electricity,#3186cc,LV electricity distribution main,transmission,100000,1,20,LVEtransmission144,LVEtransmission433
LVEtransmission144_to_LVEtransmission1933_electricity,#3186cc,LV electricity distribution main,transmission,100000,1,20,LVEtransmission1933,LVEtransmission144
LVEtransmission1933_to_LVEtransmission763_electricity,#3186cc,LV electricity distribution main,transmission,100000,1,20,LVEtransmission763,LVEtransmission1933
LVEtransmission763_to_LVEtransmission311_electricity,#3186cc,LV electricity distribution main,transmission,100000,1,20,LVEtransmission311,LVEtransmission763
LVEtransmission311_to_LVEtransmission105_electricity,#3186cc,LV electricity distribution main,transmission,100000,1,20,LVEtransmission105,LVEtransmission311
LVEtransmission105_to_LVEtransmission286_electricity,#3186cc,LV electricity distribution main,transmission,100000,1,20,LVEtransmission286,LVEtransmission105
LVEtransmission286_to_LVEtransmission258_electricity,#3186cc,LV electricity distribution main,transmission,100000,1,20,LVEtransmission258,LVEtransmission286
LVEtransmission258_to_LVEtransmission855_electricity,#3186cc,LV electricity distribution main,transmission,100000,1,20,LVEtransmission855,LVEtransmission258
LVEtransmission855_to_LVEtransmission650_electricity,#3186cc,LV electricity distribution main,transmission,100000,1,20,LVEtransmission650,LVEtransmission855
LVEtransmission650_to_LVEtransmission1491_electricity,#3186cc,LV electricity distribution main,transmission,100000,1,20,LVEtransmission1491,LVEtransmission650
LVEtransmission1491_to_LVEtransmission830_electricity,#3186cc,LV electricity distribution main,transmission,100000,1,20,LVEtransmission830,LVEtransmission1491
LVEtransmission1177_to_LVEtransmission1710_electricity,#3186cc,LV electricity distribution main,transmission,100000,1,20,LVEtransmission1710,LVEtransmission1177
LVEtransmission1710_to_LVEtransmission1282_electricity,#3186cc,LV electricity distribution main,transmission,100000,1,20,LVEtransmission1282,LVEtransmission1710
LVEtransmission1282_to_LVEtransmission852_electricity,#3186cc,LV electricity distribution main,transmission,100000,1,20,LVEtransmission852,LVEtransmission1282
LVEtransmission852_to_LVEtransmission600_electricity,#3186cc,LV electricity distribution main,transmission,100000,1,20,LVEtransmission600,LVEtransmission852
LVEtransmission600_to_LVEtransmission977_electricity,#3186cc,LV electricity distribution main,transmission,100000,1,20,LVEtransmission977,LVEtransmission600
LVEtransmission977_to_LVEtransmission1486_electricity,#3186cc,LV electricity distribution main,transmission,100000,1,20,LVEtransmission1486,LVEtransmission977
LVEtransmission401_to_LVEtransmission1461_electricity,#3186cc,LV electricity distribution main,transmission,100000,1,20,LVEtransmission1461,LVEtransmission401
LVEtransmission1461_to_LVEtransmission1498_electricity,#3186cc,LV electricity distribution main,transmission,100000,1,20,LVEtransmission1498,LVEtransmission1461
LVEtransmission1498_to_LVEtransmission923_electricity,#3186cc,LV electricity distribution main,transmission,100000,1,20,LVEtransmission923,LVEtransmission1498
LVEtransmission1013_to_LVEtransmission891_electricity,#3186cc,LV electricity distribution main,transmission,100000,1,20,LVEtransmission891,LVEtransmission1013
LVEtransmission891_to_LVEtransmission140_electricity,#3186cc,LV electricity distribution main,transmission,100000,1,20,LVEtransmission140,LVEtransmission891
LVEtransmission140_to_LVEtransmission1098_electricity,#3186cc,LV electricity distribution main,transmission,100000,1,20,LVEtransmission1098,LVEtransmission140
LVEtransmission1098_to_LVEtransmission1885_electricity,#3186cc,LV electricity distribution main,transmission,100000,1,20,LVEtransmission1885,LVEtransmission1098
LVEtransmission1885_to_LVEtransmission843_electricity,#3186cc,LV electricity distribution main,transmission,100000,1,20,LVEtransmission843,LVEtransmission1885
LVEtransmission843_to_LVEtransmission1882_electricity,#3186cc,LV electricity distribution main,transmission,100000,1,20,LVEtransmission1882,LVEtransmission843
LVEtransmission1882_to_LVEtransmission1059_electricity,#3186cc,LV electricity distribution main,transmission,100000,1,20,LVEtransmission1059,LVEtransmission1882
LVEtransmission1059_to_LVEtransmission588_electricity,#3186cc,LV electricity distribution main,transmission,100000,1,20,LVEtransmission588,LVEtransmission1059
LVEtransmission588_to_LVEtransmission735_electricity,#3186cc,LV electricity distribution main,transmission,100000,1,20,LVEtransmission735,LVEtransmission588
LVEtransmission735_to_LVEtransmission629_electricity,#3186cc,LV electricity distribution main,transmission,100000,1,20,LVEtransmission629,LVEtransmission735
LVEtransmission629_to_LVEtransmission1220_electricity,#3186cc,LV electricity distribution main,transmission,100000,1,20,LVEtransmission1220,LVEtransmission629
LVEtransmission1220_to_LVEtransmission1566_electricity,#3186cc,LV electricity distribution main,transmission,100000,1,20,LVEtransmission1566,LVEtransmission1220
LVEtransmission1566_to_LVEtransmission427_electricity,#3186cc,LV electricity distribution main,transmission,100000,1,20,LVEtransmission427,LVEtransmission1566
LVEtransmission427_to_LVEtransmission788_electricity,#3186cc,LV electricity distribution main,transmission,100000,1,20,LVEtransmission788,LVEtransmission427
LVEtransmission788_to_LVEtransmission1127_electricity,#3186cc,LV electricity distribution main,transmission,100000,1,20,LVEtransmission1127,LVEtransmission788
LVEtransmission1127_to_LVEtransmission1261_electricity,#3186cc,LV electricity distribution main,transmission,100000,1,20,LVEtransmission1261,LVEtransmission1127
LVEtransmission1261_to_LVEtransmission357_electricity,#3186cc,LV electricity distribution main,transmission,100000,1,20,LVEtransmission357,LVEtransmission1261
LVEtransmission357_to_LVEtransmission461_electricity,#3186cc,LV electricity distribution main,transmission,100000,1,20,LVEtransmission461,LVEtransmission357
LVEtransmission461_to_LVEtransmission249_electricity,#3186cc,LV electricity distribution main,transmission,100000,1,20,LVEtransmission249,LVEtransmission461
LVEtransmission249_to_LVEtransmission296_electricity,#3186cc,LV electricity distribution main,transmission,100000,1,20,LVEtransmission296,LVEtransmission249
LVEtransmission296_to_LVEtransmission46_electricity,#3186cc,LV electricity distribution main,transmission,100000,1,20,LVEtransmission46,LVEtransmission296
LVEtransmission46_to_LVEtransmission940_electricity,#3186cc,LV electricity distribution main,transmission,100000,1,20,LVEtransmission940,LVEtransmission46
LVEtransmission940_to_LVEtransmission485_electricity,#3186cc,LV electricity distribution main,transmission,100000,1,20,LVEtransmission485,LVEtransmission940
LVEtransmission485_to_LVEtransmission24_electricity,#3186cc,LV electricity distribution main,transmission,100000,1,20,LVEtransmission24,LVEtransmission485
LVEtransmission24_to_LVEtransmission1214_electricity,#3186cc,LV electricity distribution main,transmission,100000,1,20,LVEtransmission1214,LVEtransmission24
LVEtransmission1214_to_LVEtransmission540_electricity,#3186cc,LV electricity distribution main,transmission,100000,1,20,LVEtransmission540,LVEtransmission1214
LVEtransmission540_to_LVEtransmission1199_electricity,#3186cc,LV electricity distribution main,transmission,100000,1,20,LVEtransmission1199,LVEtransmission540
LVEtransmission1199_to_LVEtransmission1350_electricity,#3186cc,LV electricity distribution main,transmission,100000,1,20,LVEtransmission1350,LVEtransmission1199
LVEtransmission1350_to_LVEtransmission274_electricity,#3186cc,LV electricity distribution main,transmission,100000,1,20,LVEtransmission274,LVEtransmission1350
LVEtransmission327_to_LVEtransmission1250_electricity,#3186cc,LV electricity distribution main,transmission,100000,1,20,LVEtransmission1250,LVEtransmission327
LVEtransmission1250_to_LVEtransmission241_electricity,#3186cc,LV electricity distribution main,transmission,100000,1,20,LVEtransmission241,LVEtransmission1250
LVEtransmission241_to_LVEtransmission1810_electricity,#3186cc,LV electricity distribution main,transmission,100000,1,20,LVEtransmission1810,LVEtransmission241
LVEtransmission1810_to_LVEtransmission646_electricity,#3186cc,LV electricity distribution main,transmission,100000,1,20,LVEtransmission646,LVEtransmission1810
LVEtransmission646_to_LVEtransmission1495_electricity,#3186cc,LV electricity distribution main,transmission,100000,1,20,LVEtransmission1495,LVEtransmission646
LVEtransmission1495_to_LVEtransmission515_electricity,#3186cc,LV electricity distribution main,transmission,100000,1,20,LVEtransmission515,LVEtransmission1495
LVEtransmission515_to_LVEtransmission987_electricity,#3186cc,LV electricity distribution main,transmission,100000,1,20,LVEtransmission987,LVEtransmission515
LVEtransmission987_to_LVEtransmission726_electricity,#3186cc,LV electricity distribution main,transmission,100000,1,20,LVEtransmission726,LVEtransmission987
LVEtransmission726_to_LVEtransmission1837_electricity,#3186cc,LV electricity distribution main,transmission,100000,1,20,LVEtransmission1837,LVEtransmission726
LVEtransmission1837_to_LVEtransmission983_electricity,#3186cc,LV electricity distribution main,transmission,100000,1,20,LVEtransmission983,LVEtransmission1837
LVEtransmission983_to_LVEtransmission1801_electricity,#3186cc,LV electricity distribution main,transmission,100000,1,20,LVEtransmission1801,LVEtransmission983
LVEtransmission1801_to_LVEtransmission1221_electricity,#3186cc,LV electricity distribution main,transmission,100000,1,20,LVEtransmission1221,LVEtransmission1801
LVEtransmission1221_to_LVEtransmission291_electricity,#3186cc,LV electricity distribution main,transmission,100000,1,20,LVEtransmission291,LVEtransmission1221
LVEtransmission291_to_LVEtransmission1109_electricity,#3186cc,LV electricity distribution main,transmission,100000,1,20,LVEtransmission1109,LVEtransmission291
LVEtransmission1109_to_LVEtransmission1490_electricity,#3186cc,LV electricity distribution main,transmission,100000,1,20,LVEtransmission1490,LVEtransmission1109
LVEtransmission1490_to_LVEtransmission2_electricity,#3186cc,LV electricity distribution main,transmission,100000,1,20,LVEtransmission2,LVEtransmission1490
LVEtransmission2_to_LVEtransmission396_electricity,#3186cc,LV electricity distribution main,transmission,100000,1,20,LVEtransmission396,LVEtransmission2
LVEtransmission396_to_LVEtransmission624_electricity,#3186cc,LV electricity distribution main,transmission,100000,1,20,LVEtransmission624,LVEtransmission396
LVEtransmission624_to_LVEtransmission701_electricity,#3186cc,LV electricity distribution main,transmission,100000,1,20,LVEtransmission701,LVEtransmission624
LVEtransmission701_to_LVEtransmission1096_electricity,#3186cc,LV electricity distribution main,transmission,100000,1,20,LVEtransmission1096,LVEtransmission701
LVEtransmission1096_to_LVEtransmission1691_electricity,#3186cc,LV electricity distribution main,transmission,100000,1,20,LVEtransmission1691,LVEtransmission1096
LVEtransmission1691_to_LVEtransmission1407_electricity,#3186cc,LV electricity distribution main,transmission,100000,1,20,LVEtransmission1407,LVEtransmission1691
LVEtransmission1407_to_LVEtransmission1032_electricity,#3186cc,LV electricity distribution main,transmission,100000,1,20,LVEtransmission1032,LVEtransmission1407
LVEtransmission1032_to_LVEtransmission864_electricity,#3186cc,LV electricity distribution main,transmission,100000,1,20,LVEtransmission864,LVEtransmission1032
LVEtransmission864_to_LVEtransmission569_electricity,#3186cc,LV electricity distribution main,transmission,100000,1,20,LVEtransmission569,LVEtransmission864
LVEtransmission569_to_LVEtransmission42_electricity,#3186cc,LV electricity distribution main,transmission,100000,1,20,LVEtransmission42,LVEtransmission569
LVEtransmission42_to_LVEtransmission521_electricity,#3186cc,LV electricity distribution main,transmission,100000,1,20,LVEtransmission521,LVEtransmission42
LVEtransmission521_to_LVEtransmission231_electricity,#3186cc,LV electricity distribution main,transmission,100000,1,20,LVEtransmission231,LVEtransmission521
LVEtransmission231_to_LVEtransmission524_electricity,#3186cc,LV electricity distribution main,transmission,100000,1,20,LVEtransmission524,LVEtransmission231
LVEtransmission524_to_LVEtransmission1814_electricity,#3186cc,LV electricity distribution main,transmission,100000,1,20,LVEtransmission1814,LVEtransmission524
LVEtransmission1814_to_LVEtransmission1917_electricity,#3186cc,LV electricity distribution main,transmission,100000,1,20,LVEtransmission1917,LVEtransmission1814
LVEtransmission1917_to_LVEtransmission698_electricity,#3186cc,LV electricity distribution main,transmission,100000,1,20,LVEtransmission698,LVEtransmission1917
LVEtransmission698_to_LVEtransmission1807_electricity,#3186cc,LV electricity distribution main,transmission,100000,1,20,LVEtransmission1807,LVEtransmission698
LVEtransmission1807_to_LVEtransmission804_electricity,#3186cc,LV electricity distribution main,transmission,100000,1,20,LVEtransmission804,LVEtransmission1807
LVEtransmission804_to_LVEtransmission1091_electricity,#3186cc,LV electricity distribution main,transmission,100000,1,20,LVEtransmission1091,LVEtransmission804
LVEtransmission1091_to_LVEtransmission1310_electricity,#3186cc,LV electricity distribution main,transmission,100000,1,20,LVEtransmission1310,LVEtransmission1091
LVEtransmission1310_to_LVEtransmission704_electricity,#3186cc,LV electricity distribution main,transmission,100000,1,20,LVEtransmission704,LVEtransmission1310
LVEtransmission704_to_LVEtransmission923_electricity,#3186cc,LV electricity distribution main,transmission,100000,1,20,LVEtransmission923,LVEtransmission704
LVEtransmission923_to_LVEtransmission1193_electricity,#3186cc,LV electricity distribution main,transmission,100000,1,20,LVEtransmission1193,LVEtransmission923
LVEtransmission1193_to_LVEtransmission737_electricity,#3186cc,LV electricity distribution main,transmission,100000,1,20,LVEtransmission737,LVEtransmission1193
LVEtransmission737_to_LVEtransmission271_electricity,#3186cc,LV electricity distribution main,transmission,100000,1,20,LVEtransmission271,LVEtransmission737
LVEtransmission271_to_LVEtransmission1001_electricity,#3186cc,LV electricity distribution main,transmission,100000,1,20,LVEtransmission1001,LVEtransmission271
LVEtransmission1001_to_LVEtransmission530_electricity,#3186cc,LV electricity distribution main,transmission,100000,1,20,LVEtransmission530,LVEtransmission1001
LVEtransmission530_to_LVEtransmission713_electricity,#3186cc,LV electricity distribution main,transmission,100000,1,20,LVEtransmission713,LVEtransmission530
LVEtransmission713_to_LVEtransmission1436_electricity,#3186cc,LV electricity distribution main,transmission,100000,1,20,LVEtransmission1436,LVEtransmission713
LVEtransmission1436_to_LVEtransmission1812_electricity,#3186cc,LV electricity distribution main,transmission,100000,1,20,LVEtransmission1812,LVEtransmission1436
LVEtransmission1423_to_LVEtransmission639_electricity,#3186cc,LV electricity distribution main,transmission,100000,1,20,LVEtransmission639,LVEtransmission1423
LVEtransmission639_to_LVEtransmission314_electricity,#3186cc,LV electricity distribution main,transmission,100000,1,20,LVEtransmission314,LVEtransmission639
LVEtransmission314_to_LVEtransmission875_electricity,#3186cc,LV electricity distribution main,transmission,100000,1,20,LVEtransmission875,LVEtransmission314
LVEtransmission875_to_LVEtransmission516_electricity,#3186cc,LV electricity distribution main,transmission,100000,1,20,LVEtransmission516,LVEtransmission875
LVEtransmission516_to_LVEtransmission1022_electricity,#3186cc,LV electricity distribution main,transmission,100000,1,20,LVEtransmission1022,LVEtransmission516
LVEtransmission1022_to_LVEtransmission1201_electricity,#3186cc,LV electricity distribution main,transmission,100000,1,20,LVEtransmission1201,LVEtransmission1022
LVEtransmission1201_to_LVEtransmission1260_electricity,#3186cc,LV electricity distribution main,transmission,100000,1,20,LVEtransmission1260,LVEtransmission1201
LVEtransmission1260_to_LVEtransmission115_electricity,#3186cc,LV electricity distribution main,transmission,100000,1,20,LVEtransmission115,LVEtransmission1260
LVEtransmission115_to_LVEtransmission300_electricity,#3186cc,LV electricity distribution main,transmission,100000,1,20,LVEtransmission300,LVEtransmission115
LVEtransmission300_to_LVEtransmission793_electricity,#3186cc,LV electricity distribution main,transmission,100000,1,20,LVEtransmission793,LVEtransmission300
LVEtransmission793_to_LVEtransmission261_electricity,#3186cc,LV electricity distribution main,transmission,100000,1,20,LVEtransmission261,LVEtransmission793
LVEtransmission261_to_LVEtransmission186_electricity,#3186cc,LV electricity distribution main,transmission,100000,1,20,LVEtransmission186,LVEtransmission261
LVEtransmission186_to_LVEtransmission799_electricity,#3186cc,LV electricity distribution main,transmission,100000,1,20,LVEtransmission799,LVEtransmission186
LVEtransmission799_to_LVEtransmission49_electricity,#3186cc,LV electricity distribution main,transmission,100000,1,20,LVEtransmission49,LVEtransmission799
LVEtransmission49_to_LVEtransmission1559_electricity,#3186cc,LV electricity distribution main,transmission,100000,1,20,LVEtransmission1559,LVEtransmission49
LVEtransmission1559_to_LVEtransmission865_electricity,#3186cc,LV electricity distribution main,transmission,100000,1,20,LVEtransmission865,LVEtransmission1559
LVEtransmission865_to_LVEtransmission55_electricity,#3186cc,LV electricity distribution main,transmission,100000,1,20,LVEtransmission55,LVEtransmission865
LVEtransmission242_to_LVEtransmission640_electricity,#3186cc,LV electricity distribution main,transmission,100000,1,20,LVEtransmission640,LVEtransmission242
LVEtransmission640_to_LVEtransmission884_electricity,#3186cc,LV electricity distribution main,transmission,100000,1,20,LVEtransmission884,LVEtransmission640
LVEtransmission884_to_LVEtransmission1389_electricity,#3186cc,LV electricity distribution main,transmission,100000,1,20,LVEtransmission1389,LVEtransmission884
LVEtransmission1389_to_LVEtransmission904_electricity,#3186cc,LV electricity distribution main,transmission,100000,1,20,LVEtransmission904,LVEtransmission1389
LVEtransmission904_to_LVEtransmission1684_electricity,#3186cc,LV electricity distribution main,transmission,100000,1,20,LVEtransmission1684,LVEtransmission904
LVEtransmission1684_to_LVEtransmission833_electricity,#3186cc,LV electricity distribution main,transmission,100000,1,20,LVEtransmission833,LVEtransmission1684
LVEtransmission833_to_LVEtransmission128_electricity,#3186cc,LV electricity distribution main,transmission,100000,1,20,LVEtransmission128,LVEtransmission833
LVEtransmission128_to_LVEtransmission1452_electricity,#3186cc,LV electricity distribution main,transmission,100000,1,20,LVEtransmission1452,LVEtransmission128
LVEtransmission1452_to_LVEtransmission1699_electricity,#3186cc,LV electricity distribution main,transmission,100000,1,20,LVEtransmission1699,LVEtransmission1452
LVEtransmission1171_to_LVEtransmission1848_electricity,#3186cc,LV electricity distribution main,transmission,100000,1,20,LVEtransmission1848,LVEtransmission1171
LVEtransmission1848_to_LVEtransmission978_electricity,#3186cc,LV electricity distribution main,transmission,100000,1,20,LVEtransmission978,LVEtransmission1848
LVEtransmission978_to_LVEtransmission655_electricity,#3186cc,LV electricity distribution main,transmission,100000,1,20,LVEtransmission655,LVEtransmission978
LVEtransmission655_to_LVEtransmission1227_electricity,#3186cc,LV electricity distribution main,transmission,100000,1,20,LVEtransmission1227,LVEtransmission655
LVEtransmission1227_to_LVEtransmission904_electricity,#3186cc,LV electricity distribution main,transmission,100000,1,20,LVEtransmission904,LVEtransmission1227
LVEtransmission1512_to_LVEtransmission824_electricity,#3186cc,LV electricity distribution main,transmission,100000,1,20,LVEtransmission824,LVEtransmission1512
LVEtransmission824_to_LVEtransmission659_electricity,#3186cc,LV electricity distribution main,transmission,100000,1,20,LVEtransmission659,LVEtransmission824
LVEtransmission659_to_LVEtransmission350_electricity,#3186cc,LV electricity distribution main,transmission,100000,1,20,LVEtransmission350,LVEtransmission659
LVEtransmission350_to_LVEtransmission1172_electricity,#3186cc,LV electricity distribution main,transmission,100000,1,20,LVEtransmission1172,LVEtransmission350
LVEtransmission1172_to_LVEtransmission1671_electricity,#3186cc,LV electricity distribution main,transmission,100000,1,20,LVEtransmission1671,LVEtransmission1172
LVEtransmission1671_to_LVEtransmission1129_electricity,#3186cc,LV electricity distribution main,transmission,100000,1,20,LVEtransmission1129,LVEtransmission1671
LVEtransmission1129_to_LVEtransmission1200_electricity,#3186cc,LV electricity distribution main,transmission,100000,1,20,LVEtransmission1200,LVEtransmission1129
LVEtransmission1200_to_LVEtransmission467_electricity,#3186cc,LV electricity distribution main,transmission,100000,1,20,LVEtransmission467,LVEtransmission1200
LVEtransmission467_to_LVEtransmission1449_electricity,#3186cc,LV electricity distribution main,transmission,100000,1,20,LVEtransmission1449,LVEtransmission467
LVEtransmission1449_to_LVEtransmission994_electricity,#3186cc,LV electricity distribution main,transmission,100000,1,20,LVEtransmission994,LVEtransmission1449
LVEtransmission994_to_LVEtransmission1323_electricity,#3186cc,LV electricity distribution main,transmission,100000,1,20,LVEtransmission1323,LVEtransmission994
LVEtransmission1323_to_LVEtransmission1284_electricity,#3186cc,LV electricity distribution main,transmission,100000,1,20,LVEtransmission1284,LVEtransmission1323
LVEtransmission1284_to_LVEtransmission900_electricity,#3186cc,LV electricity distribution main,transmission,100000,1,20,LVEtransmission900,LVEtransmission1284
LVEtransmission900_to_LVEtransmission1622_electricity,#3186cc,LV electricity distribution main,transmission,100000,1,20,LVEtransmission1622,LVEtransmission900
LVEtransmission1622_to_LVEtransmission250_electricity,#3186cc,LV electricity distribution main,transmission,100000,1,20,LVEtransmission250,LVEtransmission1622
LVEtransmission250_to_LVEtransmission968_electricity,#3186cc,LV electricity distribution main,transmission,100000,1,20,LVEtransmission968,LVEtransmission250
LVEtransmission968_to_LVEtransmission457_electricity,#3186cc,LV electricity distribution main,transmission,100000,1,20,LVEtransmission457,LVEtransmission968
LVEtransmission1449_to_LVEtransmission1855_electricity,#3186cc,LV electricity distribution main,transmission,100000,1,20,LVEtransmission1855,LVEtransmission1449
LVEtransmission1855_to_LVEtransmission542_electricity,#3186cc,LV electricity distribution main,transmission,100000,1,20,LVEtransmission542,LVEtransmission1855
LVEtransmission542_to_LVEtransmission849_electricity,#3186cc,LV electricity distribution main,transmission,100000,1,20,LVEtransmission849,LVEtransmission542
LVEtransmission849_to_LVEtransmission1578_electricity,#3186cc,LV electricity distribution main,transmission,100000,1,20,LVEtransmission1578,LVEtransmission849
LVEtransmission1578_to_LVEtransmission1369_electricity,#3186cc,LV electricity distribution main,transmission,100000,1,20,LVEtransmission1369,LVEtransmission1578
LVEtransmission1369_to_LVEtransmission158_electricity,#3186cc,LV electricity distribution main,transmission,100000,1,20,LVEtransmission158,LVEtransmission1369
LVEtransmission158_to_LVEtransmission694_electricity,#3186cc,LV electricity distribution main,transmission,100000,1,20,LVEtransmission694,LVEtransmission158
LVEtransmission694_to_LVEtransmission1473_electricity,#3186cc,LV electricity distribution main,transmission,100000,1,20,LVEtransmission1473,LVEtransmission694
LVEtransmission1473_to_LVEtransmission1656_electricity,#3186cc,LV electricity distribution main,transmission,100000,1,20,LVEtransmission1656,LVEtransmission1473
LVEtransmission1656_to_LVEtransmission1115_electricity,#3186cc,LV electricity distribution main,transmission,100000,1,20,LVEtransmission1115,LVEtransmission1656
LVEtransmission1115_to_LVEtransmission1878_electricity,#3186cc,LV electricity distribution main,transmission,100000,1,20,LVEtransmission1878,LVEtransmission1115
LVEtransmission849_to_LVEtransmission794_electricity,#3186cc,LV electricity distribution main,transmission,100000,1,20,LVEtransmission794,LVEtransmission849
LVEtransmission794_to_LVEtransmission1619_electricity,#3186cc,LV electricity distribution main,transmission,100000,1,20,LVEtransmission1619,LVEtransmission794
LVEtransmission1619_to_LVEtransmission1028_electricity,#3186cc,LV electricity distribution main,transmission,100000,1,20,LVEtransmission1028,LVEtransmission1619
LVEtransmission1028_to_LVEtransmission1178_electricity,#3186cc,LV electricity distribution main,transmission,100000,1,20,LVEtransmission1178,LVEtransmission1028
LVEtransmission1178_to_LVEtransmission1412_electricity,#3186cc,LV electricity distribution main,transmission,100000,1,20,LVEtransmission1412,LVEtransmission1178
LVEtransmission1412_to_LVEtransmission1722_electricity,#3186cc,LV electricity distribution main,transmission,100000,1,20,LVEtransmission1722,LVEtransmission1412
LVEtransmission1722_to_LVEtransmission1530_electricity,#3186cc,LV electricity distribution main,transmission,100000,1,20,LVEtransmission1530,LVEtransmission1722
LVEtransmission1530_to_LVEtransmission1357_electricity,#3186cc,LV electricity distribution main,transmission,100000,1,20,LVEtransmission1357,LVEtransmission1530
LVEtransmission1357_to_LVEtransmission1561_electricity,#3186cc,LV electricity distribution main,transmission,100000,1,20,LVEtransmission1561,LVEtransmission1357
LVEtransmission1561_to_LVEtransmission415_electricity,#3186cc,LV electricity distribution main,transmission,100000,1,20,LVEtransmission415,LVEtransmission1561
LVEtransmission415_to_LVEtransmission1353_electricity,#3186cc,LV electricity distribution main,transmission,100000,1,20,LVEtransmission1353,LVEtransmission415
LVEtransmission1353_to_LVEtransmission168_electricity,#3186cc,LV electricity distribution main,transmission,100000,1,20,LVEtransmission168,LVEtransmission1353
LVEtransmission168_to_LVEtransmission618_electricity,#3186cc,LV electricity distribution main,transmission,100000,1,20,LVEtransmission618,LVEtransmission168
LVEtransmission618_to_LVEtransmission487_electricity,#3186cc,LV electricity distribution main,transmission,100000,1,20,LVEtransmission487,LVEtransmission618
LVEtransmission487_to_LVEtransmission922_electricity,#3186cc,LV electricity distribution main,transmission,100000,1,20,LVEtransmission922,LVEtransmission487
LVEtransmission922_to_LVEtransmission662_electricity,#3186cc,LV electricity distribution main,transmission,100000,1,20,LVEtransmission662,LVEtransmission922
LVEtransmission662_to_LVEtransmission1711_electricity,#3186cc,LV electricity distribution main,transmission,100000,1,20,LVEtransmission1711,LVEtransmission662
LVEtransmission1711_to_LVEtransmission570_electricity,#3186cc,LV electricity distribution main,transmission,100000,1,20,LVEtransmission570,LVEtransmission1711
LVEtransmission570_to_LVEtransmission1878_electricity,#3186cc,LV electricity distribution main,transmission,100000,1,20,LVEtransmission1878,LVEtransmission570
LVEtransmission242_to_LVEtransmission1424_electricity,#3186cc,LV electricity distribution main,transmission,100000,1,20,LVEtransmission1424,LVEtransmission242
LVEtransmission1424_to_LVEtransmission671_electricity,#3186cc,LV electricity distribution main,transmission,100000,1,20,LVEtransmission671,LVEtransmission1424
LVEtransmission671_to_LVEtransmission1324_electricity,#3186cc,LV electricity distribution main,transmission,100000,1,20,LVEtransmission1324,LVEtransmission671
LVEtransmission1324_to_LVEtransmission1381_electricity,#3186cc,LV electricity distribution main,transmission,100000,1,20,LVEtransmission1381,LVEtransmission1324
LVEtransmission1381_to_LVEtransmission1641_electricity,#3186cc,LV electricity distribution main,transmission,100000,1,20,LVEtransmission1641,LVEtransmission1381
LVEtransmission1641_to_LVEtransmission1694_electricity,#3186cc,LV electricity distribution main,transmission,100000,1,20,LVEtransmission1694,LVEtransmission1641
LVEtransmission1694_to_LVEtransmission406_electricity,#3186cc,LV electricity distribution main,transmission,100000,1,20,LVEtransmission406,LVEtransmission1694
LVEtransmission406_to_LVEtransmission886_electricity,#3186cc,LV electricity distribution main,transmission,100000,1,20,LVEtransmission886,LVEtransmission406
LVEtransmission886_to_LVEtransmission1143_electricity,#3186cc,LV electricity distribution main,transmission,100000,1,20,LVEtransmission1143,LVEtransmission886
LVEtransmission1143_to_LVEtransmission92_electricity,#3186cc,LV electricity distribution main,transmission,100000,1,20,LVEtransmission92,LVEtransmission1143
LVEtransmission92_to_LVEtransmission533_electricity,#3186cc,LV electricity distribution main,transmission,100000,1,20,LVEtransmission533,LVEtransmission92
LVEtransmission533_to_LVEtransmission789_electricity,#3186cc,LV electricity distribution main,transmission,100000,1,20,LVEtransmission789,LVEtransmission533
LVEtransmission789_to_LVEtransmission1759_electricity,#3186cc,LV electricity distribution main,transmission,100000,1,20,LVEtransmission1759,LVEtransmission789
LVEtransmission1759_to_LVEtransmission651_electricity,#3186cc,LV electricity distribution main,transmission,100000,1,20,LVEtransmission651,LVEtransmission1759
LVEtransmission651_to_LVEtransmission679_electricity,#3186cc,LV electricity distribution main,transmission,100000,1,20,LVEtransmission679,LVEtransmission651
LVEtransmission679_to_LVEtransmission446_electricity,#3186cc,LV electricity distribution main,transmission,100000,1,20,LVEtransmission446,LVEtransmission679
LVEtransmission446_to_LVEtransmission705_electricity,#3186cc,LV electricity distribution main,transmission,100000,1,20,LVEtransmission705,LVEtransmission446
LVEtransmission705_to_LVEtransmission1401_electricity,#3186cc,LV electricity distribution main,transmission,100000,1,20,LVEtransmission1401,LVEtransmission705
LVEtransmission1401_to_LVEtransmission1901_electricity,#3186cc,LV electricity distribution main,transmission,100000,1,20,LVEtransmission1901,LVEtransmission1401
LVEtransmission1901_to_LVEtransmission575_electricity,#3186cc,LV electricity distribution main,transmission,100000,1,20,LVEtransmission575,LVEtransmission1901
LVEtransmission575_to_LVEtransmission834_electricity,#3186cc,LV electricity distribution main,transmission,100000,1,20,LVEtransmission834,LVEtransmission575
LVEtransmission834_to_LVEtransmission1579_electricity,#3186cc,LV electricity distribution main,transmission,100000,1,20,LVEtransmission1579,LVEtransmission834
LVEtransmission1579_to_LVEtransmission232_electricity,#3186cc,LV electricity distribution main,transmission,100000,1,20,LVEtransmission232,LVEtransmission1579
LVEtransmission232_to_LVEtransmission1438_electricity,#3186cc,LV electricity distribution main,transmission,100000,1,20,LVEtransmission1438,LVEtransmission232
LVEtransmission1438_to_LVEtransmission1489_electricity,#3186cc,LV electricity distribution main,transmission,100000,1,20,LVEtransmission1489,LVEtransmission1438
LVEtransmission1489_to_LVEtransmission770_electricity,#3186cc,LV electricity distribution main,transmission,100000,1,20,LVEtransmission770,LVEtransmission1489
LVEtransmission770_to_LVEtransmission1442_electricity,#3186cc,LV electricity distribution main,transmission,100000,1,20,LVEtransmission1442,LVEtransmission770
LVEtransmission1442_to_LVEtransmission346_electricity,#3186cc,LV electricity distribution main,transmission,100000,1,20,LVEtransmission346,LVEtransmission1442
LVEtransmission346_to_LVEtransmission310_electricity,#3186cc,LV electricity distribution main,transmission,100000,1,20,LVEtransmission310,LVEtransmission346
LVEtransmission310_to_LVEtransmission1051_electricity,#3186cc,LV electricity distribution main,transmission,100000,1,20,LVEtransmission1051,LVEtransmission310
LVEtransmission1051_to_LVEtransmission1703_electricity,#3186cc,LV electricity distribution main,transmission,100000,1,20,LVEtransmission1703,LVEtransmission1051
LVEtransmission1703_to_LVEtransmission1668_electricity,#3186cc,LV electricity distribution main,transmission,100000,1,20,LVEtransmission1668,LVEtransmission1703
LVEtransmission1668_to_LVEtransmission580_electricity,#3186cc,LV electricity distribution main,transmission,100000,1,20,LVEtransmission580,LVEtransmission1668
LVEtransmission580_to_LVEtransmission79_electricity,#3186cc,LV electricity distribution main,transmission,100000,1,20,LVEtransmission79,LVEtransmission580
LVEtransmission79_to_LVEtransmission534_electricity,#3186cc,LV electricity distribution main,transmission,100000,1,20,LVEtransmission534,LVEtransmission79
LVEtransmission534_to_LVEtransmission634_electricity,#3186cc,LV electricity distribution main,transmission,100000,1,20,LVEtransmission634,LVEtransmission534
LVEtransmission634_to_LVEtransmission728_electricity,#3186cc,LV electricity distribution main,transmission,100000,1,20,LVEtransmission728,LVEtransmission634
LVEtransmission728_to_LVEtransmission1531_electricity,#3186cc,LV electricity distribution main,transmission,100000,1,20,LVEtransmission1531,LVEtransmission728
LVEtransmission1531_to_LVEtransmission1165_electricity,#3186cc,LV electricity distribution main,transmission,100000,1,20,LVEtransmission1165,LVEtransmission1531
LVEtransmission1165_to_LVEtransmission1902_electricity,#3186cc,LV electricity distribution main,transmission,100000,1,20,LVEtransmission1902,LVEtransmission1165
LVEtransmission1902_to_LVEtransmission1063_electricity,#3186cc,LV electricity distribution main,transmission,100000,1,20,LVEtransmission1063,LVEtransmission1902
LVEtransmission1063_to_LVEtransmission751_electricity,#3186cc,LV electricity distribution main,transmission,100000,1,20,LVEtransmission751,LVEtransmission1063
LVEtransmission751_to_LVEtransmission551_electricity,#3186cc,LV electricity distribution main,transmission,100000,1,20,LVEtransmission551,LVEtransmission751
LVEtransmission551_to_LVEtransmission198_electricity,#3186cc,LV electricity distribution main,transmission,100000,1,20,LVEtransmission198,LVEtransmission551
LVEtransmission198_to_LVEtransmission527_electricity,#3186cc,LV electricity distribution main,transmission,100000,1,20,LVEtransmission527,LVEtransmission198
LVEtransmission527_to_LVEtransmission982_electricity,#3186cc,LV electricity distribution main,transmission,100000,1,20,LVEtransmission982,LVEtransmission527
LVEtransmission982_to_LVEtransmission275_electricity,#3186cc,LV electricity distribution main,transmission,100000,1,20,LVEtransmission275,LVEtransmission982
LVEtransmission275_to_LVEtransmission1177_electricity,#3186cc,LV electricity distribution main,transmission,100000,1,20,LVEtransmission1177,LVEtransmission275
LVEtransmission1177_to_LVEtransmission1589_electricity,#3186cc,LV electricity distribution main,transmission,100000,1,20,LVEtransmission1589,LVEtransmission1177
LVEtransmission1589_to_LVEtransmission178_electricity,#3186cc,LV electricity distribution main,transmission,100000,1,20,LVEtransmission178,LVEtransmission1589
LVEtransmission178_to_LVEtransmission992_electricity,#3186cc,LV electricity distribution main,transmission,100000,1,20,LVEtransmission992,LVEtransmission178
LVEtransmission992_to_LVEtransmission813_electricity,#3186cc,LV electricity distribution main,transmission,100000,1,20,LVEtransmission813,LVEtransmission992
LVEtransmission813_to_LVEtransmission1035_electricity,#3186cc,LV electricity distribution main,transmission,100000,1,20,LVEtransmission1035,LVEtransmission813
LVEtransmission1035_to_LVEtransmission1748_electricity,#3186cc,LV electricity distribution main,transmission,100000,1,20,LVEtransmission1748,LVEtransmission1035
LVEtransmission1748_to_LVEtransmission859_electricity,#3186cc,LV electricity distribution main,transmission,100000,1,20,LVEtransmission859,LVEtransmission1748
LVEtransmission859_to_LVEtransmission645_electricity,#3186cc,LV electricity distribution main,transmission,100000,1,20,LVEtransmission645,LVEtransmission859
LVEtransmission645_to_LVEtransmission907_electricity,#3186cc,LV electricity distribution main,transmission,100000,1,20,LVEtransmission907,LVEtransmission645
LVEtransmission907_to_LVEtransmission1183_electricity,#3186cc,LV electricity distribution main,transmission,100000,1,20,LVEtransmission1183,LVEtransmission907
LVEtransmission1183_to_LVEtransmission293_electricity,#3186cc,LV electricity distribution main,transmission,100000,1,20,LVEtransmission293,LVEtransmission1183
LVEtransmission293_to_LVEtransmission958_electricity,#3186cc,LV electricity distribution main,transmission,100000,1,20,LVEtransmission958,LVEtransmission293
LVEtransmission958_to_LVEtransmission564_electricity,#3186cc,LV electricity distribution main,transmission,100000,1,20,LVEtransmission564,LVEtransmission958
LVEtransmission564_to_LVEtransmission1709_electricity,#3186cc,LV electricity distribution main,transmission,100000,1,20,LVEtransmission1709,LVEtransmission564
LVEtransmission1709_to_LVEtransmission1335_electricity,#3186cc,LV electricity distribution main,transmission,100000,1,20,LVEtransmission1335,LVEtransmission1709
LVEtransmission1335_to_LVEtransmission439_electricity,#3186cc,LV electricity distribution main,transmission,100000,1,20,LVEtransmission439,LVEtransmission1335
LVEtransmission439_to_LVEtransmission1103_electricity,#3186cc,LV electricity distribution main,transmission,100000,1,20,LVEtransmission1103,LVEtransmission439
LVEtransmission1103_to_LVEtransmission911_electricity,#3186cc,LV electricity distribution main,transmission,100000,1,20,LVEtransmission911,LVEtransmission1103
LVEtransmission911_to_LVEtransmission489_electricity,#3186cc,LV electricity distribution main,transmission,100000,1,20,LVEtransmission489,LVEtransmission911
LVEtransmission489_to_LVEtransmission686_electricity,#3186cc,LV electricity distribution main,transmission,100000,1,20,LVEtransmission686,LVEtransmission489
LVEtransmission686_to_LVEtransmission1255_electricity,#3186cc,LV electricity distribution main,transmission,100000,1,20,LVEtransmission1255,LVEtransmission686
LVEtransmission1255_to_LVEtransmission1445_electricity,#3186cc,LV electricity distribution main,transmission,100000,1,20,LVEtransmission1445,LVEtransmission1255
LVEtransmission1445_to_LVEtransmission1719_electricity,#3186cc,LV electricity distribution main,transmission,100000,1,20,LVEtransmission1719,LVEtransmission1445
LVEtransmission1719_to_LVEtransmission165_electricity,#3186cc,LV electricity distribution main,transmission,100000,1,20,LVEtransmission165,LVEtransmission1719
LVEtransmission165_to_LVEtransmission825_electricity,#3186cc,LV electricity distribution main,transmission,100000,1,20,LVEtransmission825,LVEtransmission165
LVEtransmission825_to_LVEtransmission203_electricity,#3186cc,LV electricity distribution main,transmission,100000,1,20,LVEtransmission203,LVEtransmission825
LVEtransmission203_to_LVEtransmission1218_electricity,#3186cc,LV electricity distribution main,transmission,100000,1,20,LVEtransmission1218,LVEtransmission203
LVEtransmission1218_to_LVEtransmission8_electricity,#3186cc,LV electricity distribution main,transmission,100000,1,20,LVEtransmission8,LVEtransmission1218
LVEtransmission8_to_LVEtransmission354_electricity,#3186cc,LV electricity distribution main,transmission,100000,1,20,LVEtransmission354,LVEtransmission8
LVEtransmission354_to_LVEtransmission1121_electricity,#3186cc,LV electricity distribution main,transmission,100000,1,20,LVEtransmission1121,LVEtransmission354
LVEtransmission1121_to_LVEtransmission1674_electricity,#3186cc,LV electricity distribution main,transmission,100000,1,20,LVEtransmission1674,LVEtransmission1121
LVEtransmission1674_to_LVEtransmission416_electricity,#3186cc,LV electricity distribution main,transmission,100000,1,20,LVEtransmission416,LVEtransmission1674
LVEtransmission416_to_LVEtransmission459_electricity,#3186cc,LV electricity distribution main,transmission,100000,1,20,LVEtransmission459,LVEtransmission416
LVEtransmission459_to_LVEtransmission1026_electricity,#3186cc,LV electricity distribution main,transmission,100000,1,20,LVEtransmission1026,LVEtransmission459
LVEtransmission1026_to_LVEtransmission219_electricity,#3186cc,LV electricity distribution main,transmission,100000,1,20,LVEtransmission219,LVEtransmission1026
LVEtransmission219_to_LVEtransmission328_electricity,#3186cc,LV electricity distribution main,transmission,100000,1,20,LVEtransmission328,LVEtransmission219
LVEtransmission328_to_LVEtransmission23_electricity,#3186cc,LV electricity distribution main,transmission,100000,1,20,LVEtransmission23,LVEtransmission328
LVEtransmission23_to_LVEtransmission112_electricity,#3186cc,LV electricity distribution main,transmission,100000,1,20,LVEtransmission112,LVEtransmission23
LVEtransmission112_to_LVEtransmission1351_electricity,#3186cc,LV electricity distribution main,transmission,100000,1,20,LVEtransmission1351,LVEtransmission112
LVEtransmission1351_to_LVEtransmission1056_electricity,#3186cc,LV electricity distribution main,transmission,100000,1,20,LVEtransmission1056,LVEtransmission1351
LVEtransmission1056_to_LVEtransmission544_electricity,#3186cc,LV electricity distribution main,transmission,100000,1,20,LVEtransmission544,LVEtransmission1056
LVEtransmission544_to_LVEtransmission1279_electricity,#3186cc,LV electricity distribution main,transmission,100000,1,20,LVEtransmission1279,LVEtransmission544
LVEtransmission1279_to_LVEtransmission478_electricity,#3186cc,LV electricity distribution main,transmission,100000,1,20,LVEtransmission478,LVEtransmission1279
LVEtransmission478_to_LVEtransmission1979_electricity,#3186cc,LV electricity distribution main,transmission,100000,1,20,LVEtransmission1979,LVEtransmission478
LVEtransmission1979_to_LVEtransmission730_electricity,#3186cc,LV electricity distribution main,transmission,100000,1,20,LVEtransmission730,LVEtransmission1979
LVEtransmission730_to_LVEtransmission224_electricity,#3186cc,LV electricity distribution main,transmission,100000,1,20,LVEtransmission224,LVEtransmission730
LVEtransmission224_to_LVEtransmission822_electricity,#3186cc,LV electricity distribution main,transmission,100000,1,20,LVEtransmission822,LVEtransmission224
LVEtransmission822_to_LVEtransmission1642_electricity,#3186cc,LV electricity distribution main,transmission,100000,1,20,LVEtransmission1642,LVEtransmission822
LVEtransmission1642_to_LVEtransmission401_electricity,#3186cc,LV electricity distribution main,transmission,100000,1,20,LVEtransmission401,LVEtransmission1642
LVEtransmission1835_to_LVEtransmission1179_electricity,#3186cc,LV electricity distribution main,transmission,100000,1,20,LVEtransmission1179,LVEtransmission1835
LVEtransmission1179_to_LVEtransmission1477_electricity,#3186cc,LV electricity distribution main,transmission,100000,1,20,LVEtransmission1477,LVEtransmission1179
LVEtransmission1477_to_LVEtransmission339_electricity,#3186cc,LV electricity distribution main,transmission,100000,1,20,LVEtransmission339,LVEtransmission1477
LVEtransmission339_to_LVEtransmission125_electricity,#3186cc,LV electricity distribution main,transmission,100000,1,20,LVEtransmission125,LVEtransmission339
LVEtransmission125_to_LVEtransmission1702_electricity,#3186cc,LV electricity distribution main,transmission,100000,1,20,LVEtransmission1702,LVEtransmission125
LVEtransmission1702_to_LVEtransmission1920_electricity,#3186cc,LV electricity distribution main,transmission,100000,1,20,LVEtransmission1920,LVEtransmission1702
LVEtransmission1920_to_LVEtransmission1249_electricity,#3186cc,LV electricity distribution main,transmission,100000,1,20,LVEtransmission1249,LVEtransmission1920
LVEtransmission1249_to_LVEtransmission821_electricity,#3186cc,LV electricity distribution main,transmission,100000,1,20,LVEtransmission821,LVEtransmission1249
LVEtransmission821_to_LVEtransmission1974_electricity,#3186cc,LV electricity distribution main,transmission,100000,1,20,LVEtransmission1974,LVEtransmission821
LVEtransmission1974_to_LVEtransmission496_electricity,#3186cc,LV electricity distribution main,transmission,100000,1,20,LVEtransmission496,LVEtransmission1974
LVEtransmission496_to_LVEtransmission1171_electricity,#3186cc,LV electricity distribution main,transmission,100000,1,20,LVEtransmission1171,LVEtransmission496
LVEtransmission1171_to_LVEtransmission1868_electricity,#3186cc,LV electricity distribution main,transmission,100000,1,20,LVEtransmission1868,LVEtransmission1171
LVEtransmission1868_to_LVEtransmission784_electricity,#3186cc,LV electricity distribution main,transmission,100000,1,20,LVEtransmission784,LVEtransmission1868
LVEtransmission784_to_LVEtransmission779_electricity,#3186cc,LV electricity distribution main,transmission,100000,1,20,LVEtransmission779,LVEtransmission784
LVEtransmission779_to_LVEtransmission242_electricity,#3186cc,LV electricity distribution main,transmission,100000,1,20,LVEtransmission242,LVEtransmission779
LVEtransmission401_to_LVEtransmission498_electricity,#3186cc,LV electricity distribution main,transmission,100000,1,20,LVEtransmission498,LVEtransmission401
LVEtransmission498_to_LVEtransmission200_electricity,#3186cc,LV electricity distribution main,transmission,100000,1,20,LVEtransmission200,LVEtransmission498
LVEtransmission200_to_LVEtransmission1219_electricity,#3186cc,LV electricity distribution main,transmission,100000,1,20,LVEtransmission1219,LVEtransmission200
LVEtransmission1219_to_LVEtransmission1318_electricity,#3186cc,LV electricity distribution main,transmission,100000,1,20,LVEtransmission1318,LVEtransmission1219
LVEtransmission1318_to_LVEtransmission1104_electricity,#3186cc,LV electricity distribution main,transmission,100000,1,20,LVEtransmission1104,LVEtransmission1318
LVEtransmission1104_to_LVEtransmission1718_electricity,#3186cc,LV electricity distribution main,transmission,100000,1,20,LVEtransmission1718,LVEtransmission1104
LVEtransmission1718_to_LVEtransmission1747_electricity,#3186cc,LV electricity distribution main,transmission,100000,1,20,LVEtransmission1747,LVEtransmission1718
LVEtransmission1747_to_LVEtransmission1329_electricity,#3186cc,LV electricity distribution main,transmission,100000,1,20,LVEtransmission1329,LVEtransmission1747
LVEtransmission1329_to_LVEtransmission1686_electricity,#3186cc,LV electricity distribution main,transmission,100000,1,20,LVEtransmission1686,LVEtransmission1329
LVEtransmission1686_to_LVEtransmission1727_electricity,#3186cc,LV electricity distribution main,transmission,100000,1,20,LVEtransmission1727,LVEtransmission1686
LVEtransmission1727_to_LVEtransmission1692_electricity,#3186cc,LV electricity distribution main,transmission,100000,1,20,LVEtransmission1692,LVEtransmission1727
LVEtransmission1692_to_LVEtransmission1697_electricity,#3186cc,LV electricity distribution main,transmission,100000,1,20,LVEtransmission1697,LVEtransmission1692
LVEtransmission1697_to_LVEtransmission1029_electricity,#3186cc,LV electricity distribution main,transmission,100000,1,20,LVEtransmission1029,LVEtransmission1697
LVEtransmission1029_to_LVEtransmission1270_electricity,#3186cc,LV electricity distribution main,transmission,100000,1,20,LVEtransmission1270,LVEtransmission1029
LVEtransmission1270_to_LVEtransmission1228_electricity,#3186cc,LV electricity distribution main,transmission,100000,1,20,LVEtransmission1228,LVEtransmission1270
LVEtransmission1228_to_LVEtransmission1057_electricity,#3186cc,LV electricity distribution main,transmission,100000,1,20,LVEtransmission1057,LVEtransmission1228
LVEtransmission1057_to_LVEtransmission844_electricity,#3186cc,LV electricity distribution main,transmission,100000,1,20,LVEtransmission844,LVEtransmission1057
LVEtransmission844_to_LVEtransmission628_electricity,#3186cc,LV electricity distribution main,transmission,100000,1,20,LVEtransmission628,LVEtransmission844
LVEtransmission628_to_LVEtransmission1627_electricity,#3186cc,LV electricity distribution main,transmission,100000,1,20,LVEtransmission1627,LVEtransmission628
LVEtransmission1627_to_LVEtransmission589_electricity,#3186cc,LV electricity distribution main,transmission,100000,1,20,LVEtransmission589,LVEtransmission1627
LVEtransmission589_to_LVEtransmission1431_electricity,#3186cc,LV electricity distribution main,transmission,100000,1,20,LVEtransmission1431,LVEtransmission589
LVEtransmission1431_to_LVEtransmission1864_electricity,#3186cc,LV electricity distribution main,transmission,100000,1,20,LVEtransmission1864,LVEtransmission1431
LVEtransmission1864_to_LVEtransmission1871_electricity,#3186cc,LV electricity distribution main,transmission,100000,1,20,LVEtransmission1871,LVEtransmission1864
LVEtransmission1871_to_LVEtransmission845_electricity,#3186cc,LV electricity distribution main,transmission,100000,1,20,LVEtransmission845,LVEtransmission1871
LVEtransmission845_to_LVEtransmission574_electricity,#3186cc,LV electricity distribution main,transmission,100000,1,20,LVEtransmission574,LVEtransmission845
LVEtransmission574_to_LVEtransmission954_electricity,#3186cc,LV electricity distribution main,transmission,100000,1,20,LVEtransmission954,LVEtransmission574
LVEtransmission954_to_LVEtransmission1191_electricity,#3186cc,LV electricity distribution main,transmission,100000,1,20,LVEtransmission1191,LVEtransmission954
LVEtransmission1191_to_LVEtransmission343_electricity,#3186cc,LV electricity distribution main,transmission,100000,1,20,LVEtransmission343,LVEtransmission1191
LVEtransmission343_to_LVEtransmission1628_electricity,#3186cc,LV electricity distribution main,transmission,100000,1,20,LVEtransmission1628,LVEtransmission343
LVEtransmission1628_to_LVEtransmission1023_electricity,#3186cc,LV electricity distribution main,transmission,100000,1,20,LVEtransmission1023,LVEtransmission1628
LVEtransmission1023_to_LVEtransmission748_electricity,#3186cc,LV electricity distribution main,transmission,100000,1,20,LVEtransmission748,LVEtransmission1023
LVEtransmission748_to_LVEtransmission1995_electricity,#3186cc,LV electricity distribution main,transmission,100000,1,20,LVEtransmission1995,LVEtransmission748
LVEtransmission1995_to_LVEtransmission1003_electricity,#3186cc,LV electricity distribution main,transmission,100000,1,20,LVEtransmission1003,LVEtransmission1995
LVEtransmission1003_to_LVEtransmission986_electricity,#3186cc,LV electricity distribution main,transmission,100000,1,20,LVEtransmission986,LVEtransmission1003
LVEtransmission986_to_LVEtransmission1815_electricity,#3186cc,LV electricity distribution main,transmission,100000,1,20,LVEtransmission1815,LVEtransmission986
LVEtransmission1815_to_LVEtransmission635_electricity,#3186cc,LV electricity distribution main,transmission,100000,1,20,LVEtransmission635,LVEtransmission1815
LVEtransmission635_to_LVEtransmission1926_electricity,#3186cc,LV electricity distribution main,transmission,100000,1,20,LVEtransmission1926,LVEtransmission635
LVEtransmission1926_to_LVEtransmission1016_electricity,#3186cc,LV electricity distribution main,transmission,100000,1,20,LVEtransmission1016,LVEtransmission1926
LVEtransmission1016_to_LVEtransmission1280_electricity,#3186cc,LV electricity distribution main,transmission,100000,1,20,LVEtransmission1280,LVEtransmission1016
LVEtransmission1280_to_LVEtransmission1966_electricity,#3186cc,LV electricity distribution main,transmission,100000,1,20,LVEtransmission1966,LVEtransmission1280
LVEtransmission1966_to_LVEtransmission976_electricity,#3186cc,LV electricity distribution main,transmission,100000,1,20,LVEtransmission976,LVEtransmission1966
LVEtransmission976_to_LVEtransmission156_electricity,#3186cc,LV electricity distribution main,transmission,100000,1,20,LVEtransmission156,LVEtransmission976
LVEtransmission5_to_LVEtransmission807_electricity,#3186cc,LV electricity distribution main,transmission,100000,1,20,LVEtransmission807,LVEtransmission5
LVEtransmission807_to_LVEtransmission1793_electricity,#3186cc,LV electricity distribution main,transmission,100000,1,20,LVEtransmission1793,LVEtransmission807
LVEtransmission1793_to_LVEtransmission606_electricity,#3186cc,LV electricity distribution main,transmission,100000,1,20,LVEtransmission606,LVEtransmission1793
LVEtransmission606_to_LVEtransmission262_electricity,#3186cc,LV electricity distribution main,transmission,100000,1,20,LVEtransmission262,LVEtransmission606
LVEtransmission262_to_LVEtransmission148_electricity,#3186cc,LV electricity distribution main,transmission,100000,1,20,LVEtransmission148,LVEtransmission262
LVEtransmission148_to_LVEtransmission1845_electricity,#3186cc,LV electricity distribution main,transmission,100000,1,20,LVEtransmission1845,LVEtransmission148
LVEtransmission1845_to_LVEtransmission860_electricity,#3186cc,LV electricity distribution main,transmission,100000,1,20,LVEtransmission860,LVEtransmission1845
LVEtransmission860_to_LVEtransmission1835_electricity,#3186cc,LV electricity distribution main,transmission,100000,1,20,LVEtransmission1835,LVEtransmission860
LVEtransmission470_to_LVEtransmission582_electricity,#3186cc,LV electricity distribution main,transmission,100000,1,20,LVEtransmission582,LVEtransmission470
LVEtransmission582_to_LVEtransmission1961_electricity,#3186cc,LV electricity distribution main,transmission,100000,1,20,LVEtransmission1961,LVEtransmission582
LVEtransmission1961_to_LVEtransmission1210_electricity,#3186cc,LV electricity distribution main,transmission,100000,1,20,LVEtransmission1210,LVEtransmission1961
LVEtransmission1210_to_LVEtransmission1574_electricity,#3186cc,LV electricity distribution main,transmission,100000,1,20,LVEtransmission1574,LVEtransmission1210
LVEtransmission1574_to_LVEtransmission1446_electricity,#3186cc,LV electricity distribution main,transmission,100000,1,20,LVEtransmission1446,LVEtransmission1574
LVEtransmission1446_to_LVEtransmission333_electricity,#3186cc,LV electricity distribution main,transmission,100000,1,20,LVEtransmission333,LVEtransmission1446
LVEtransmission333_to_LVEtransmission445_electricity,#3186cc,LV electricity distribution main,transmission,100000,1,20,LVEtransmission445,LVEtransmission333
LVEtransmission445_to_LVEtransmission1856_electricity,#3186cc,LV electricity distribution main,transmission,100000,1,20,LVEtransmission1856,LVEtransmission445
LVEtransmission1856_to_LVEtransmission798_electricity,#3186cc,LV electricity distribution main,transmission,100000,1,20,LVEtransmission798,LVEtransmission1856
LVEtransmission798_to_LVEtransmission625_electricity,#3186cc,LV electricity distribution main,transmission,100000,1,20,LVEtransmission625,LVEtransmission798
LVEtransmission625_to_LVEtransmission1153_electricity,#3186cc,LV electricity distribution main,transmission,100000,1,20,LVEtransmission1153,LVEtransmission625
LVEtransmission1153_to_LVEtransmission1423_electricity,#3186cc,LV electricity distribution main,transmission,100000,1,20,LVEtransmission1423,LVEtransmission1153
LVEtransmission1117_to_LVEtransmission1112_electricity,#3186cc,LV electricity distribution main,transmission,100000,1,20,LVEtransmission1112,LVEtransmission1117
LVEtransmission1112_to_LVEtransmission1166_electricity,#3186cc,LV electricity distribution main,transmission,100000,1,20,LVEtransmission1166,LVEtransmission1112
LVEtransmission1166_to_LVEtransmission1390_electricity,#3186cc,LV electricity distribution main,transmission,100000,1,20,LVEtransmission1390,LVEtransmission1166
LVEtransmission1663_to_LVEtransmission819_electricity,#3186cc,LV electricity distribution main,transmission,100000,1,20,LVEtransmission819,LVEtransmission1663
LVEtransmission819_to_LVEtransmission1522_electricity,#3186cc,LV electricity distribution main,transmission,100000,1,20,LVEtransmission1522,LVEtransmission819
LVEtransmission1522_to_LVEtransmission1537_electricity,#3186cc,LV electricity distribution main,transmission,100000,1,20,LVEtransmission1537,LVEtransmission1522
LVEtransmission1537_to_LVEtransmission1161_electricity,#3186cc,LV electricity distribution main,transmission,100000,1,20,LVEtransmission1161,LVEtransmission1537
LVEtransmission1161_to_LVEtransmission1117_electricity,#3186cc,LV electricity distribution main,transmission,100000,1,20,LVEtransmission1117,LVEtransmission1161
LVEtransmission1247_to_LVEtransmission661_electricity,#3186cc,LV electricity distribution main,transmission,100000,1,20,LVEtransmission661,LVEtransmission1247
LVEtransmission661_to_LVEtransmission1836_electricity,#3186cc,LV electricity distribution main,transmission,100000,1,20,LVEtransmission1836,LVEtransmission661
LVEtransmission1836_to_LVEtransmission1075_electricity,#3186cc,LV electricity distribution main,transmission,100000,1,20,LVEtransmission1075,LVEtransmission1836
LVEtransmission1860_to_LVEtransmission337_electricity,#3186cc,LV electricity distribution main,transmission,100000,1,20,LVEtransmission337,LVEtransmission1860
LVEtransmission337_to_LVEtransmission1752_electricity,#3186cc,LV electricity distribution main,transmission,100000,1,20,LVEtransmission1752,LVEtransmission337
LVEtransmission1752_to_LVEtransmission1944_electricity,#3186cc,LV electricity distribution main,transmission,100000,1,20,LVEtransmission1944,LVEtransmission1752
LVEtransmission1944_to_LVEtransmission96_electricity,#3186cc,LV electricity distribution main,transmission,100000,1,20,LVEtransmission96,LVEtransmission1944
LVEtransmission96_to_LVEtransmission1583_electricity,#3186cc,LV electricity distribution main,transmission,100000,1,20,LVEtransmission1583,LVEtransmission96
LVEtransmission1583_to_LVEtransmission619_electricity,#3186cc,LV electricity distribution main,transmission,100000,1,20,LVEtransmission619,LVEtransmission1583
LVEtransmission619_to_LVEtransmission1000_electricity,#3186cc,LV electricity distribution main,transmission,100000,1,20,LVEtransmission1000,LVEtransmission619
LVEtransmission1000_to_LVEtransmission1873_electricity,#3186cc,LV electricity distribution main,transmission,100000,1,20,LVEtransmission1873,LVEtransmission1000
LVEtransmission1873_to_LVEtransmission1147_electricity,#3186cc,LV electricity distribution main,transmission,100000,1,20,LVEtransmission1147,LVEtransmission1873
LVEtransmission1147_to_LVEtransmission377_electricity,#3186cc,LV electricity distribution main,transmission,100000,1,20,LVEtransmission377,LVEtransmission1147
LVEtransmission377_to_LVEtransmission523_electricity,#3186cc,LV electricity distribution main,transmission,100000,1,20,LVEtransmission523,LVEtransmission377
LVEtransmission523_to_LVEtransmission750_electricity,#3186cc,LV electricity distribution main,transmission,100000,1,20,LVEtransmission750,LVEtransmission523
LVEtransmission750_to_LVEtransmission1440_electricity,#3186cc,LV electricity distribution main,transmission,100000,1,20,LVEtransmission1440,LVEtransmission750
LVEtransmission1440_to_LVEtransmission710_electricity,#3186cc,LV electricity distribution main,transmission,100000,1,20,LVEtransmission710,LVEtransmission1440
LVEtransmission710_to_LVEtransmission1610_electricity,#3186cc,LV electricity distribution main,transmission,100000,1,20,LVEtransmission1610,LVEtransmission710
LVEtransmission1610_to_LVEtransmission537_electricity,#3186cc,LV electricity distribution main,transmission,100000,1,20,LVEtransmission537,LVEtransmission1610
LVEtransmission537_to_LVEtransmission808_electricity,#3186cc,LV electricity distribution main,transmission,100000,1,20,LVEtransmission808,LVEtransmission537
LVEtransmission808_to_LVEtransmission1211_electricity,#3186cc,LV electricity distribution main,transmission,100000,1,20,LVEtransmission1211,LVEtransmission808
LVEtransmission1211_to_LVEtransmission1714_electricity,#3186cc,LV electricity distribution main,transmission,100000,1,20,LVEtransmission1714,LVEtransmission1211
LVEtransmission1714_to_LVEtransmission594_electricity,#3186cc,LV electricity distribution main,transmission,100000,1,20,LVEtransmission594,LVEtransmission1714
LVEtransmission594_to_LVEtransmission321_electricity,#3186cc,LV electricity distribution main,transmission,100000,1,20,LVEtransmission321,LVEtransmission594
LVEtransmission321_to_LVEtransmission1014_electricity,#3186cc,LV electricity distribution main,transmission,100000,1,20,LVEtransmission1014,LVEtransmission321
LVEtransmission1014_to_LVEtransmission1910_electricity,#3186cc,LV electricity distribution main,transmission,100000,1,20,LVEtransmission1910,LVEtransmission1014
LVEtransmission1910_to_LVEtransmission502_electricity,#3186cc,LV electricity distribution main,transmission,100000,1,20,LVEtransmission502,LVEtransmission1910
LVEtransmission502_to_LVEtransmission1247_electricity,#3186cc,LV electricity distribution main,transmission,100000,1,20,LVEtransmission1247,LVEtransmission502
LVEtransmission227_to_LVEtransmission450_electricity,#3186cc,LV electricity distribution main,transmission,100000,1,20,LVEtransmission450,LVEtransmission227
LVEtransmission450_to_LVEtransmission1532_electricity,#3186cc,LV electricity distribution main,transmission,100000,1,20,LVEtransmission1532,LVEtransmission450
LVEtransmission1532_to_LVEtransmission1657_electricity,#3186cc,LV electricity distribution main,transmission,100000,1,20,LVEtransmission1657,LVEtransmission1532
LVEtransmission1657_to_LVEtransmission1368_electricity,#3186cc,LV electricity distribution main,transmission,100000,1,20,LVEtransmission1368,LVEtransmission1657
LVEtransmission1368_to_LVEtransmission160_electricity,#3186cc,LV electricity distribution main,transmission,100000,1,20,LVEtransmission160,LVEtransmission1368
LVEtransmission160_to_LVEtransmission1905_electricity,#3186cc,LV electricity distribution main,transmission,100000,1,20,LVEtransmission1905,LVEtransmission160
LVEtransmission1905_to_LVEtransmission1571_electricity,#3186cc,LV electricity distribution main,transmission,100000,1,20,LVEtransmission1571,LVEtransmission1905
LVEtransmission1571_to_LVEtransmission1409_electricity,#3186cc,LV electricity distribution main,transmission,100000,1,20,LVEtransmission1409,LVEtransmission1571
LVEtransmission1409_to_LVEtransmission1045_electricity,#3186cc,LV electricity distribution main,transmission,100000,1,20,LVEtransmission1045,LVEtransmission1409
LVEtransmission1045_to_LVEtransmission208_electricity,#3186cc,LV electricity distribution main,transmission,100000,1,20,LVEtransmission208,LVEtransmission1045
LVEtransmission208_to_LVEtransmission1236_electricity,#3186cc,LV electricity distribution main,transmission,100000,1,20,LVEtransmission1236,LVEtransmission208
LVEtransmission1236_to_LVEtransmission1076_electricity,#3186cc,LV electricity distribution main,transmission,100000,1,20,LVEtransmission1076,LVEtransmission1236
LVEtransmission1076_to_LVEtransmission1997_electricity,#3186cc,LV electricity distribution main,transmission,100000,1,20,LVEtransmission1997,LVEtransmission1076
LVEtransmission1997_to_LVEtransmission1194_electricity,#3186cc,LV electricity distribution main,transmission,100000,1,20,LVEtransmission1194,LVEtransmission1997
LVEtransmission1194_to_LVEtransmission837_electricity,#3186cc,LV electricity distribution main,transmission,100000,1,20,LVEtransmission837,LVEtransmission1194
LVEtransmission837_to_LVEtransmission25_electricity,#3186cc,LV electricity distribution main,transmission,100000,1,20,LVEtransmission25,LVEtransmission837
LVEtransmission25_to_LVEtransmission1700_electricity,#3186cc,LV electricity distribution main,transmission,100000,1,20,LVEtransmission1700,LVEtransmission25
LVEtransmission1700_to_LVEtransmission869_electricity,#3186cc,LV electricity distribution main,transmission,100000,1,20,LVEtransmission869,LVEtransmission1700
LVEtransmission869_to_LVEtransmission501_electricity,#3186cc,LV electricity distribution main,transmission,100000,1,20,LVEtransmission501,LVEtransmission869
LVEtransmission1264_to_LVEtransmission1441_electricity,#3186cc,LV electricity distribution main,transmission,100000,1,20,LVEtransmission1441,LVEtransmission1264
LVEtransmission1441_to_LVEtransmission1662_electricity,#3186cc,LV electricity distribution main,transmission,100000,1,20,LVEtransmission1662,LVEtransmission1441
LVEtransmission1662_to_LVEtransmission227_electricity,#3186cc,LV electricity distribution main,transmission,100000,1,20,LVEtransmission227,LVEtransmission1662
LVEtransmission1425_to_LVEtransmission476_electricity,#3186cc,LV electricity distribution main,transmission,100000,1,20,LVEtransmission476,LVEtransmission1425
LVEtransmission476_to_LVEtransmission1590_electricity,#3186cc,LV electricity distribution main,transmission,100000,1,20,LVEtransmission1590,LVEtransmission476
LVEtransmission1590_to_LVEtransmission425_electricity,#3186cc,LV electricity distribution main,transmission,100000,1,20,LVEtransmission425,LVEtransmission1590
LVEtransmission289_to_LVEtransmission1113_electricity,#3186cc,LV electricity distribution main,transmission,100000,1,20,LVEtransmission1113,LVEtransmission289
LVEtransmission1113_to_LVEtransmission173_electricity,#3186cc,LV electricity distribution main,transmission,100000,1,20,LVEtransmission173,LVEtransmission1113
LVEtransmission173_to_LVEtransmission1233_electricity,#3186cc,LV electricity distribution main,transmission,100000,1,20,LVEtransmission1233,LVEtransmission173
LVEtransmission1233_to_LVEtransmission513_electricity,#3186cc,LV electricity distribution main,transmission,100000,1,20,LVEtransmission513,LVEtransmission1233
LVEtransmission513_to_LVEtransmission1344_electricity,#3186cc,LV electricity distribution main,transmission,100000,1,20,LVEtransmission1344,LVEtransmission513
LVEtransmission1344_to_LVEtransmission829_electricity,#3186cc,LV electricity distribution main,transmission,100000,1,20,LVEtransmission829,LVEtransmission1344
LVEtransmission829_to_LVEtransmission253_electricity,#3186cc,LV electricity distribution main,transmission,100000,1,20,LVEtransmission253,LVEtransmission829
LVEtransmission253_to_LVEtransmission426_electricity,#3186cc,LV electricity distribution main,transmission,100000,1,20,LVEtransmission426,LVEtransmission253
LVEtransmission426_to_LVEtransmission850_electricity,#3186cc,LV electricity distribution main,transmission,100000,1,20,LVEtransmission850,LVEtransmission426
LVEtransmission850_to_LVEtransmission305_electricity,#3186cc,LV electricity distribution main,transmission,100000,1,20,LVEtransmission305,LVEtransmission850
LVEtransmission305_to_LVEtransmission1808_electricity,#3186cc,LV electricity distribution main,transmission,100000,1,20,LVEtransmission1808,LVEtransmission305
LVEtransmission1808_to_LVEtransmission905_electricity,#3186cc,LV electricity distribution main,transmission,100000,1,20,LVEtransmission905,LVEtransmission1808
LVEtransmission905_to_LVEtransmission1716_electricity,#3186cc,LV electricity distribution main,transmission,100000,1,20,LVEtransmission1716,LVEtransmission905
LVEtransmission1716_to_LVEtransmission176_electricity,#3186cc,LV electricity distribution main,transmission,100000,1,20,LVEtransmission176,LVEtransmission1716
LVEtransmission176_to_LVEtransmission9_electricity,#3186cc,LV electricity distribution main,transmission,100000,1,20,LVEtransmission9,LVEtransmission176
LVEtransmission9_to_LVEtransmission732_electricity,#3186cc,LV electricity distribution main,transmission,100000,1,20,LVEtransmission732,LVEtransmission9
LVEtransmission732_to_LVEtransmission243_electricity,#3186cc,LV electricity distribution main,transmission,100000,1,20,LVEtransmission243,LVEtransmission732
LVEtransmission243_to_LVEtransmission1425_electricity,#3186cc,LV electricity distribution main,transmission,100000,1,20,LVEtransmission1425,LVEtransmission243
LVEtransmission1092_to_LVEtransmission1138_electricity,#3186cc,LV electricity distribution main,transmission,100000,1,20,LVEtransmission1138,LVEtransmission1092
LVEtransmission1138_to_LVEtransmission1341_electricity,#3186cc,LV electricity distribution main,transmission,100000,1,20,LVEtransmission1341,LVEtransmission1138
LVEtransmission1341_to_LVEtransmission1149_electricity,#3186cc,LV electricity distribution main,transmission,100000,1,20,LVEtransmission1149,LVEtransmission1341
LVEtransmission501_to_LVEtransmission277_electricity,#3186cc,LV electricity distribution main,transmission,100000,1,20,LVEtransmission277,LVEtransmission501
LVEtransmission277_to_LVEtransmission507_electricity,#3186cc,LV electricity distribution main,transmission,100000,1,20,LVEtransmission507,LVEtransmission277
LVEtransmission507_to_LVEtransmission951_electricity,#3186cc,LV electricity distribution main,transmission,100000,1,20,LVEtransmission951,LVEtransmission507
LVEtransmission951_to_LVEtransmission1386_electricity,#3186cc,LV electricity distribution main,transmission,100000,1,20,LVEtransmission1386,LVEtransmission951
LVEtransmission1386_to_LVEtransmission299_electricity,#3186cc,LV electricity distribution main,transmission,100000,1,20,LVEtransmission299,LVEtransmission1386
LVEtransmission299_to_LVEtransmission1128_electricity,#3186cc,LV electricity distribution main,transmission,100000,1,20,LVEtransmission1128,LVEtransmission299
LVEtransmission1128_to_LVEtransmission670_electricity,#3186cc,LV electricity distribution main,transmission,100000,1,20,LVEtransmission670,LVEtransmission1128
LVEtransmission670_to_LVEtransmission873_electricity,#3186cc,LV electricity distribution main,transmission,100000,1,20,LVEtransmission873,LVEtransmission670
LVEtransmission873_to_LVEtransmission185_electricity,#3186cc,LV electricity distribution main,transmission,100000,1,20,LVEtransmission185,LVEtransmission873
LVEtransmission185_to_LVEtransmission237_electricity,#3186cc,LV electricity distribution main,transmission,100000,1,20,LVEtransmission237,LVEtransmission185
LVEtransmission237_to_LVEtransmission381_electricity,#3186cc,LV electricity distribution main,transmission,100000,1,20,LVEtransmission381,LVEtransmission237
LVEtransmission381_to_LVEtransmission103_electricity,#3186cc,LV electricity distribution main,transmission,100000,1,20,LVEtransmission103,LVEtransmission381
LVEtransmission103_to_LVEtransmission1606_electricity,#3186cc,LV electricity distribution main,transmission,100000,1,20,LVEtransmission1606,LVEtransmission103
LVEtransmission1606_to_LVEtransmission1665_electricity,#3186cc,LV electricity distribution main,transmission,100000,1,20,LVEtransmission1665,LVEtransmission1606
LVEtransmission1665_to_LVEtransmission1145_electricity,#3186cc,LV electricity distribution main,transmission,100000,1,20,LVEtransmission1145,LVEtransmission1665
LVEtransmission1145_to_LVEtransmission826_electricity,#3186cc,LV electricity distribution main,transmission,100000,1,20,LVEtransmission826,LVEtransmission1145
LVEtransmission826_to_LVEtransmission1433_electricity,#3186cc,LV electricity distribution main,transmission,100000,1,20,LVEtransmission1433,LVEtransmission826
LVEtransmission1433_to_LVEtransmission549_electricity,#3186cc,LV electricity distribution main,transmission,100000,1,20,LVEtransmission549,LVEtransmission1433
LVEtransmission549_to_LVEtransmission1130_electricity,#3186cc,LV electricity distribution main,transmission,100000,1,20,LVEtransmission1130,LVEtransmission549
LVEtransmission1130_to_LVEtransmission691_electricity,#3186cc,LV electricity distribution main,transmission,100000,1,20,LVEtransmission691,LVEtransmission1130
LVEtransmission691_to_LVEtransmission51_electricity,#3186cc,LV electricity distribution main,transmission,100000,1,20,LVEtransmission51,LVEtransmission691
LVEtransmission51_to_LVEtransmission856_electricity,#3186cc,LV electricity distribution main,transmission,100000,1,20,LVEtransmission856,LVEtransmission51
LVEtransmission1922_to_LVEtransmission688_electricity,#3186cc,LV electricity distribution main,transmission,100000,1,20,LVEtransmission688,LVEtransmission1922
LVEtransmission688_to_LVEtransmission1630_electricity,#3186cc,LV electricity distribution main,transmission,100000,1,20,LVEtransmission1630,LVEtransmission688
LVEtransmission1630_to_LVEtransmission963_electricity,#3186cc,LV electricity distribution main,transmission,100000,1,20,LVEtransmission963,LVEtransmission1630
LVEtransmission963_to_LVEtransmission785_electricity,#3186cc,LV electricity distribution main,transmission,100000,1,20,LVEtransmission785,LVEtransmission963
LVEtransmission785_to_LVEtransmission557_electricity,#3186cc,LV electricity distribution main,transmission,100000,1,20,LVEtransmission557,LVEtransmission785
LVEtransmission557_to_LVEtransmission1760_electricity,#3186cc,LV electricity distribution main,transmission,100000,1,20,LVEtransmission1760,LVEtransmission557
LVEtransmission1760_to_LVEtransmission1065_electricity,#3186cc,LV electricity distribution main,transmission,100000,1,20,LVEtransmission1065,LVEtransmission1760
LVEtransmission1065_to_LVEtransmission898_electricity,#3186cc,LV electricity distribution main,transmission,100000,1,20,LVEtransmission898,LVEtransmission1065
LVEtransmission898_to_LVEtransmission1444_electricity,#3186cc,LV electricity distribution main,transmission,100000,1,20,LVEtransmission1444,LVEtransmission898
LVEtransmission1444_to_LVEtransmission268_electricity,#3186cc,LV electricity distribution main,transmission,100000,1,20,LVEtransmission268,LVEtransmission1444
LVEtransmission268_to_LVEtransmission565_electricity,#3186cc,LV electricity distribution main,transmission,100000,1,20,LVEtransmission565,LVEtransmission268
LVEtransmission565_to_LVEtransmission1765_electricity,#3186cc,LV electricity distribution main,transmission,100000,1,20,LVEtransmission1765,LVEtransmission565
LVEtransmission1765_to_LVEtransmission901_electricity,#3186cc,LV electricity distribution main,transmission,100000,1,20,LVEtransmission901,LVEtransmission1765
LVEtransmission901_to_LVEtransmission1380_electricity,#3186cc,LV electricity distribution main,transmission,100000,1,20,LVEtransmission1380,LVEtransmission901
LVEtransmission1380_to_LVEtransmission451_electricity,#3186cc,LV electricity distribution main,transmission,100000,1,20,LVEtransmission451,LVEtransmission1380
LVEtransmission451_to_LVEtransmission273_electricity,#3186cc,LV electricity distribution main,transmission,100000,1,20,LVEtransmission273,LVEtransmission451
LVEtransmission862_to_LVEtransmission947_electricity,#3186cc,LV electricity distribution main,transmission,100000,1,20,LVEtransmission947,LVEtransmission862
LVEtransmission947_to_LVEtransmission1455_electricity,#3186cc,LV electricity distribution main,transmission,100000,1,20,LVEtransmission1455,LVEtransmission947
LVEtransmission1455_to_LVEtransmission620_electricity,#3186cc,LV electricity distribution main,transmission,100000,1,20,LVEtransmission620,LVEtransmission1455
LVEtransmission620_to_LVEtransmission1008_electricity,#3186cc,LV electricity distribution main,transmission,100000,1,20,LVEtransmission1008,LVEtransmission620
LVEtransmission1008_to_LVEtransmission823_electricity,#3186cc,LV electricity distribution main,transmission,100000,1,20,LVEtransmission823,LVEtransmission1008
LVEtransmission823_to_LVEtransmission1504_electricity,#3186cc,LV electricity distribution main,transmission,100000,1,20,LVEtransmission1504,LVEtransmission823
LVEtransmission1504_to_LVEtransmission1439_electricity,#3186cc,LV electricity distribution main,transmission,100000,1,20,LVEtransmission1439,LVEtransmission1504
LVEtransmission1439_to_LVEtransmission368_electricity,#3186cc,LV electricity distribution main,transmission,100000,1,20,LVEtransmission368,LVEtransmission1439
LVEtransmission368_to_LVEtransmission596_electricity,#3186cc,LV electricity distribution main,transmission,100000,1,20,LVEtransmission596,LVEtransmission368
LVEtransmission596_to_LVEtransmission1133_electricity,#3186cc,LV electricity distribution main,transmission,100000,1,20,LVEtransmission1133,LVEtransmission596
LVEtransmission1133_to_LVEtransmission284_electricity,#3186cc,LV electricity distribution main,transmission,100000,1,20,LVEtransmission284,LVEtransmission1133
LVEtransmission284_to_LVEtransmission666_electricity,#3186cc,LV electricity distribution main,transmission,100000,1,20,LVEtransmission666,LVEtransmission284
LVEtransmission666_to_LVEtransmission135_electricity,#3186cc,LV electricity distribution main,transmission,100000,1,20,LVEtransmission135,LVEtransmission666
LVEtransmission135_to_LVEtransmission1890_electricity,#3186cc,LV electricity distribution main,transmission,100000,1,20,LVEtransmission1890,LVEtransmission135
LVEtransmission1890_to_LVEtransmission52_electricity,#3186cc,LV electricity distribution main,transmission,100000,1,20,LVEtransmission52,LVEtransmission1890
LVEtransmission52_to_LVEtransmission179_electricity,#3186cc,LV electricity distribution main,transmission,100000,1,20,LVEtransmission179,LVEtransmission52
LVEtransmission179_to_LVEtransmission1705_electricity,#3186cc,LV electricity distribution main,transmission,100000,1,20,LVEtransmission1705,LVEtransmission179
LVEtransmission1705_to_LVEtransmission93_electricity,#3186cc,LV electricity distribution main,transmission,100000,1,20,LVEtransmission93,LVEtransmission1705
LVEtransmission93_to_LVEtransmission1659_electricity,#3186cc,LV electricity distribution main,transmission,100000,1,20,LVEtransmission1659,LVEtransmission93
LVEtransmission1659_to_LVEtransmission196_electricity,#3186cc,LV electricity distribution main,transmission,100000,1,20,LVEtransmission196,LVEtransmission1659
LVEtransmission196_to_LVEtransmission993_electricity,#3186cc,LV electricity distribution main,transmission,100000,1,20,LVEtransmission993,LVEtransmission196
LVEtransmission993_to_LVEtransmission1859_electricity,#3186cc,LV electricity distribution main,transmission,100000,1,20,LVEtransmission1859,LVEtransmission993
LVEtransmission1859_to_LVEtransmission1067_electricity,#3186cc,LV electricity distribution main,transmission,100000,1,20,LVEtransmission1067,LVEtransmission1859
LVEtransmission1067_to_LVEtransmission906_electricity,#3186cc,LV electricity distribution main,transmission,100000,1,20,LVEtransmission906,LVEtransmission1067
LVEtransmission906_to_LVEtransmission114_electricity,#3186cc,LV electricity distribution main,transmission,100000,1,20,LVEtransmission114,LVEtransmission906
LVEtransmission114_to_LVEtransmission1239_electricity,#3186cc,LV electricity distribution main,transmission,100000,1,20,LVEtransmission1239,LVEtransmission114
LVEtransmission1239_to_LVEtransmission1358_electricity,#3186cc,LV electricity distribution main,transmission,100000,1,20,LVEtransmission1358,LVEtransmission1239
LVEtransmission1358_to_LVEtransmission1794_electricity,#3186cc,LV electricity distribution main,transmission,100000,1,20,LVEtransmission1794,LVEtransmission1358
LVEtransmission1794_to_LVEtransmission914_electricity,#3186cc,LV electricity distribution main,transmission,100000,1,20,LVEtransmission914,LVEtransmission1794
LVEtransmission914_to_LVEtransmission387_electricity,#3186cc,LV electricity distribution main,transmission,100000,1,20,LVEtransmission387,LVEtransmission914
LVEtransmission387_to_LVEtransmission1639_electricity,#3186cc,LV electricity distribution main,transmission,100000,1,20,LVEtransmission1639,LVEtransmission387
LVEtransmission1639_to_LVEtransmission1301_electricity,#3186cc,LV electricity distribution main,transmission,100000,1,20,LVEtransmission1301,LVEtransmission1639
LVEtransmission957_to_LVEtransmission932_electricity,#3186cc,LV electricity distribution main,transmission,100000,1,20,LVEtransmission932,LVEtransmission957
LVEtransmission932_to_LVEtransmission1410_electricity,#3186cc,LV electricity distribution main,transmission,100000,1,20,LVEtransmission1410,LVEtransmission932
LVEtransmission1410_to_LVEtransmission545_electricity,#3186cc,LV electricity distribution main,transmission,100000,1,20,LVEtransmission545,LVEtransmission1410
LVEtransmission545_to_LVEtransmission1843_electricity,#3186cc,LV electricity distribution main,transmission,100000,1,20,LVEtransmission1843,LVEtransmission545
LVEtransmission1843_to_LVEtransmission1782_electricity,#3186cc,LV electricity distribution main,transmission,100000,1,20,LVEtransmission1782,LVEtransmission1843
LVEtransmission1782_to_LVEtransmission641_electricity,#3186cc,LV electricity distribution main,transmission,100000,1,20,LVEtransmission641,LVEtransmission1782
LVEtransmission641_to_LVEtransmission1286_electricity,#3186cc,LV electricity distribution main,transmission,100000,1,20,LVEtransmission1286,LVEtransmission641
LVEtransmission1286_to_LVEtransmission1010_electricity,#3186cc,LV electricity distribution main,transmission,100000,1,20,LVEtransmission1010,LVEtransmission1286
LVEtransmission1010_to_LVEtransmission1276_electricity,#3186cc,LV electricity distribution main,transmission,100000,1,20,LVEtransmission1276,LVEtransmission1010
LVEtransmission1276_to_LVEtransmission1504_electricity,#3186cc,LV electricity distribution main,transmission,100000,1,20,LVEtransmission1504,LVEtransmission1276
LVEtransmission1504_to_LVEtransmission1937_electricity,#3186cc,LV electricity distribution main,transmission,100000,1,20,LVEtransmission1937,LVEtransmission1504
LVEtransmission1937_to_LVEtransmission899_electricity,#3186cc,LV electricity distribution main,transmission,100000,1,20,LVEtransmission899,LVEtransmission1937
LVEtransmission899_to_LVEtransmission1263_electricity,#3186cc,LV electricity distribution main,transmission,100000,1,20,LVEtransmission1263,LVEtransmission899
LVEtransmission1263_to_LVEtransmission252_electricity,#3186cc,LV electricity distribution main,transmission,100000,1,20,LVEtransmission252,LVEtransmission1263
LVEtransmission252_to_LVEtransmission839_electricity,#3186cc,LV electricity distribution main,transmission,100000,1,20,LVEtransmission839,LVEtransmission252
LVEtransmission839_to_LVEtransmission1829_electricity,#3186cc,LV electricity distribution main,transmission,100000,1,20,LVEtransmission1829,LVEtransmission839
LVEtransmission1829_to_LVEtransmission265_electricity,#3186cc,LV electricity distribution main,transmission,100000,1,20,LVEtransmission265,LVEtransmission1829
LVEtransmission265_to_LVEtransmission605_electricity,#3186cc,LV electricity distribution main,transmission,100000,1,20,LVEtransmission605,LVEtransmission265
LVEtransmission605_to_LVEtransmission1634_electricity,#3186cc,LV electricity distribution main,transmission,100000,1,20,LVEtransmission1634,LVEtransmission605
LVEtransmission1634_to_LVEtransmission374_electricity,#3186cc,LV electricity distribution main,transmission,100000,1,20,LVEtransmission374,LVEtransmission1634
LVEtransmission374_to_LVEtransmission1326_electricity,#3186cc,LV electricity distribution main,transmission,100000,1,20,LVEtransmission1326,LVEtransmission374
LVEtransmission1326_to_LVEtransmission1044_electricity,#3186cc,LV electricity distribution main,transmission,100000,1,20,LVEtransmission1044,LVEtransmission1326
LVEtransmission1044_to_LVEtransmission1108_electricity,#3186cc,LV electricity distribution main,transmission,100000,1,20,LVEtransmission1108,LVEtransmission1044
LVEtransmission1108_to_LVEtransmission319_electricity,#3186cc,LV electricity distribution main,transmission,100000,1,20,LVEtransmission319,LVEtransmission1108
LVEtransmission319_to_LVEtransmission145_electricity,#3186cc,LV electricity distribution main,transmission,100000,1,20,LVEtransmission145,LVEtransmission319
LVEtransmission145_to_LVEtransmission1239_electricity,#3186cc,LV electricity distribution main,transmission,100000,1,20,LVEtransmission1239,LVEtransmission145
LVEtransmission265_to_LVEtransmission1557_electricity,#3186cc,LV electricity distribution main,transmission,100000,1,20,LVEtransmission1557,LVEtransmission265
LVEtransmission1557_to_LVEtransmission1521_electricity,#3186cc,LV electricity distribution main,transmission,100000,1,20,LVEtransmission1521,LVEtransmission1557
LVEtransmission1521_to_LVEtransmission1427_electricity,#3186cc,LV electricity distribution main,transmission,100000,1,20,LVEtransmission1427,LVEtransmission1521
LVEtransmission1330_to_LVEtransmission205_electricity,#3186cc,LV electricity distribution main,transmission,100000,1,20,LVEtransmission205,LVEtransmission1330
LVEtransmission205_to_LVEtransmission1394_electricity,#3186cc,LV electricity distribution main,transmission,100000,1,20,LVEtransmission1394,LVEtransmission205
LVEtransmission1394_to_LVEtransmission1652_electricity,#3186cc,LV electricity distribution main,transmission,100000,1,20,LVEtransmission1652,LVEtransmission1394
LVEtransmission1652_to_LVEtransmission418_electricity,#3186cc,LV electricity distribution main,transmission,100000,1,20,LVEtransmission418,LVEtransmission1652
LVEtransmission418_to_LVEtransmission791_electricity,#3186cc,LV electricity distribution main,transmission,100000,1,20,LVEtransmission791,LVEtransmission418
LVEtransmission791_to_LVEtransmission1480_electricity,#3186cc,LV electricity distribution main,transmission,100000,1,20,LVEtransmission1480,LVEtransmission791
LVEtransmission1480_to_LVEtransmission270_electricity,#3186cc,LV electricity distribution main,transmission,100000,1,20,LVEtransmission270,LVEtransmission1480
LVEtransmission1504_to_LVEtransmission936_electricity,#3186cc,LV electricity distribution main,transmission,100000,1,20,LVEtransmission936,LVEtransmission1504
LVEtransmission936_to_LVEtransmission1952_electricity,#3186cc,LV electricity distribution main,transmission,100000,1,20,LVEtransmission1952,LVEtransmission936
LVEtransmission1952_to_LVEtransmission371_electricity,#3186cc,LV electricity distribution main,transmission,100000,1,20,LVEtransmission371,LVEtransmission1952
LVEtransmission371_to_LVEtransmission1004_electricity,#3186cc,LV electricity distribution main,transmission,100000,1,20,LVEtransmission1004,LVEtransmission371
LVEtransmission1004_to_LVEtransmission1602_electricity,#3186cc,LV electricity distribution main,transmission,100000,1,20,LVEtransmission1602,LVEtransmission1004
LVEtransmission1602_to_LVEtransmission1594_electricity,#3186cc,LV electricity distribution main,transmission,100000,1,20,LVEtransmission1594,LVEtransmission1602
LVEtransmission1594_to_LVEtransmission28_electricity,#3186cc,LV electricity distribution main,transmission,100000,1,20,LVEtransmission28,LVEtransmission1594
LVEtransmission28_to_LVEtransmission1118_electricity,#3186cc,LV electricity distribution main,transmission,100000,1,20,LVEtransmission1118,LVEtransmission28
LVEtransmission1118_to_LVEtransmission1330_electricity,#3186cc,LV electricity distribution main,transmission,100000,1,20,LVEtransmission1330,LVEtransmission1118
LVEtransmission1330_to_LVEtransmission1618_electricity,#3186cc,LV electricity distribution main,transmission,100000,1,20,LVEtransmission1618,LVEtransmission1330
LVEtransmission1618_to_LVEtransmission1847_electricity,#3186cc,LV electricity distribution main,transmission,100000,1,20,LVEtransmission1847,LVEtransmission1618
LVEtransmission1847_to_LVEtransmission97_electricity,#3186cc,LV electricity distribution main,transmission,100000,1,20,LVEtransmission97,LVEtransmission1847
LVEtransmission97_to_LVEtransmission883_electricity,#3186cc,LV electricity distribution main,transmission,100000,1,20,LVEtransmission883,LVEtransmission97
LVEtransmission883_to_LVEtransmission957_electricity,#3186cc,LV electricity distribution main,transmission,100000,1,20,LVEtransmission957,LVEtransmission883
LVEtransmission1265_to_LVEtransmission1377_electricity,#3186cc,LV electricity distribution main,transmission,100000,1,20,LVEtransmission1377,LVEtransmission1265
LVEtransmission1377_to_LVEtransmission706_electricity,#3186cc,LV electricity distribution main,transmission,100000,1,20,LVEtransmission706,LVEtransmission1377
LVEtransmission706_to_LVEtransmission988_electricity,#3186cc,LV electricity distribution main,transmission,100000,1,20,LVEtransmission988,LVEtransmission706
LVEtransmission988_to_LVEtransmission959_electricity,#3186cc,LV electricity distribution main,transmission,100000,1,20,LVEtransmission959,LVEtransmission988
LVEtransmission1908_to_LVEtransmission1308_electricity,#3186cc,LV electricity distribution main,transmission,100000,1,20,LVEtransmission1308,LVEtransmission1908
LVEtransmission1308_to_LVEtransmission593_electricity,#3186cc,LV electricity distribution main,transmission,100000,1,20,LVEtransmission593,LVEtransmission1308
LVEtransmission593_to_LVEtransmission1142_electricity,#3186cc,LV electricity distribution main,transmission,100000,1,20,LVEtransmission1142,LVEtransmission593
LVEtransmission1142_to_LVEtransmission1246_electricity,#3186cc,LV electricity distribution main,transmission,100000,1,20,LVEtransmission1246,LVEtransmission1142
LVEtransmission1254_to_LVEtransmission14_electricity,#3186cc,LV electricity distribution main,transmission,100000,1,20,LVEtransmission14,LVEtransmission1254
LVEtransmission14_to_LVEtransmission926_electricity,#3186cc,LV electricity distribution main,transmission,100000,1,20,LVEtransmission926,LVEtransmission14
LVEtransmission926_to_LVEtransmission1940_electricity,#3186cc,LV electricity distribution main,transmission,100000,1,20,LVEtransmission1940,LVEtransmission926
LVEtransmission1940_to_LVEtransmission1406_electricity,#3186cc,LV electricity distribution main,transmission,100000,1,20,LVEtransmission1406,LVEtransmission1940
LVEtransmission1406_to_LVEtransmission1984_electricity,#3186cc,LV electricity distribution main,transmission,100000,1,20,LVEtransmission1984,LVEtransmission1406
LVEtransmission1984_to_LVEtransmission101_electricity,#3186cc,LV electricity distribution main,transmission,100000,1,20,LVEtransmission101,LVEtransmission1984
LVEtransmission101_to_LVEtransmission1125_electricity,#3186cc,LV electricity distribution main,transmission,100000,1,20,LVEtransmission1125,LVEtransmission101
LVEtransmission1125_to_LVEtransmission1240_electricity,#3186cc,LV electricity distribution main,transmission,100000,1,20,LVEtransmission1240,LVEtransmission1125
LVEtransmission1240_to_LVEtransmission1184_electricity,#3186cc,LV electricity distribution main,transmission,100000,1,20,LVEtransmission1184,LVEtransmission1240
LVEtransmission1184_to_LVEtransmission1731_electricity,#3186cc,LV electricity distribution main,transmission,100000,1,20,LVEtransmission1731,LVEtransmission1184
LVEtransmission1731_to_LVEtransmission295_electricity,#3186cc,LV electricity distribution main,transmission,100000,1,20,LVEtransmission295,LVEtransmission1731
LVEtransmission295_to_LVEtransmission1964_electricity,#3186cc,LV electricity distribution main,transmission,100000,1,20,LVEtransmission1964,LVEtransmission295
LVEtransmission1964_to_LVEtransmission797_electricity,#3186cc,LV electricity distribution main,transmission,100000,1,20,LVEtransmission797,LVEtransmission1964
LVEtransmission797_to_LVEtransmission453_electricity,#3186cc,LV electricity distribution main,transmission,100000,1,20,LVEtransmission453,LVEtransmission797
LVEtransmission453_to_LVEtransmission1695_electricity,#3186cc,LV electricity distribution main,transmission,100000,1,20,LVEtransmission1695,LVEtransmission453
LVEtransmission1695_to_LVEtransmission1985_electricity,#3186cc,LV electricity distribution main,transmission,100000,1,20,LVEtransmission1985,LVEtransmission1695
LVEtransmission1985_to_LVEtransmission235_electricity,#3186cc,LV electricity distribution main,transmission,100000,1,20,LVEtransmission235,LVEtransmission1985
LVEtransmission235_to_LVEtransmission73_electricity,#3186cc,LV electricity distribution main,transmission,100000,1,20,LVEtransmission73,LVEtransmission235
LVEtransmission1116_to_LVEtransmission419_electricity,#3186cc,LV electricity distribution main,transmission,100000,1,20,LVEtransmission419,LVEtransmission1116
LVEtransmission419_to_LVEtransmission894_electricity,#3186cc,LV electricity distribution main,transmission,100000,1,20,LVEtransmission894,LVEtransmission419
LVEtransmission894_to_LVEtransmission1672_electricity,#3186cc,LV electricity distribution main,transmission,100000,1,20,LVEtransmission1672,LVEtransmission894
LVEtransmission1672_to_LVEtransmission863_electricity,#3186cc,LV electricity distribution main,transmission,100000,1,20,LVEtransmission863,LVEtransmission1672
LVEtransmission863_to_LVEtransmission492_electricity,#3186cc,LV electricity distribution main,transmission,100000,1,20,LVEtransmission492,LVEtransmission863
LVEtransmission492_to_LVEtransmission1116_electricity,#3186cc,LV electricity distribution main,transmission,100000,1,20,LVEtransmission1116,LVEtransmission492
LVEtransmission648_to_LVEtransmission1020_electricity,#3186cc,LV electricity distribution main,transmission,100000,1,20,LVEtransmission1020,LVEtransmission648
LVEtransmission1020_to_LVEtransmission1527_electricity,#3186cc,LV electricity distribution main,transmission,100000,1,20,LVEtransmission1527,LVEtransmission1020
LVEtransmission1680_to_LVEtransmission656_electricity,#3186cc,LV electricity distribution main,transmission,100000,1,20,LVEtransmission656,LVEtransmission1680
LVEtransmission656_to_LVEtransmission1797_electricity,#3186cc,LV electricity distribution main,transmission,100000,1,20,LVEtransmission1797,LVEtransmission656
LVEtransmission1797_to_LVEtransmission1840_electricity,#3186cc,LV electricity distribution main,transmission,100000,1,20,LVEtransmission1840,LVEtransmission1797
LVEtransmission1840_to_LVEtransmission1643_electricity,#3186cc,LV electricity distribution main,transmission,100000,1,20,LVEtransmission1643,LVEtransmission1840
LVEtransmission1643_to_LVEtransmission391_electricity,#3186cc,LV electricity distribution main,transmission,100000,1,20,LVEtransmission391,LVEtransmission1643
LVEtransmission391_to_LVEtransmission89_electricity,#3186cc,LV electricity distribution main,transmission,100000,1,20,LVEtransmission89,LVEtransmission391
LVEtransmission89_to_LVEtransmission22_electricity,#3186cc,LV electricity distribution main,transmission,100000,1,20,LVEtransmission22,LVEtransmission89
LVEtransmission22_to_LVEtransmission187_electricity,#3186cc,LV electricity distribution main,transmission,100000,1,20,LVEtransmission187,LVEtransmission22
LVEtransmission187_to_LVEtransmission118_electricity,#3186cc,LV electricity distribution main,transmission,100000,1,20,LVEtransmission118,LVEtransmission187
LVEtransmission118_to_LVEtransmission1241_electricity,#3186cc,LV electricity distribution main,transmission,100000,1,20,LVEtransmission1241,LVEtransmission118
LVEtransmission1241_to_LVEtransmission888_electricity,#3186cc,LV electricity distribution main,transmission,100000,1,20,LVEtransmission888,LVEtransmission1241
LVEtransmission888_to_LVEtransmission1572_electricity,#3186cc,LV electricity distribution main,transmission,100000,1,20,LVEtransmission1572,LVEtransmission888
LVEtransmission1572_to_LVEtransmission1058_electricity,#3186cc,LV electricity distribution main,transmission,100000,1,20,LVEtransmission1058,LVEtransmission1572
LVEtransmission1058_to_LVEtransmission999_electricity,#3186cc,LV electricity distribution main,transmission,100000,1,20,LVEtransmission999,LVEtransmission1058
LVEtransmission999_to_LVEtransmission1621_electricity,#3186cc,LV electricity distribution main,transmission,100000,1,20,LVEtransmission1621,LVEtransmission999
LVEtransmission1621_to_LVEtransmission1090_electricity,#3186cc,LV electricity distribution main,transmission,100000,1,20,LVEtransmission1090,LVEtransmission1621
LVEtransmission1090_to_LVEtransmission1456_electricity,#3186cc,LV electricity distribution main,transmission,100000,1,20,LVEtransmission1456,LVEtransmission1090
LVEtransmission1456_to_LVEtransmission320_electricity,#3186cc,LV electricity distribution main,transmission,100000,1,20,LVEtransmission320,LVEtransmission1456
LVEtransmission320_to_LVEtransmission407_electricity,#3186cc,LV electricity distribution main,transmission,100000,1,20,LVEtransmission407,LVEtransmission320
LVEtransmission407_to_LVEtransmission536_electricity,#3186cc,LV electricity distribution main,transmission,100000,1,20,LVEtransmission536,LVEtransmission407
LVEtransmission536_to_LVEtransmission631_electricity,#3186cc,LV electricity distribution main,transmission,100000,1,20,LVEtransmission631,LVEtransmission536
LVEtransmission631_to_LVEtransmission695_electricity,#3186cc,LV electricity distribution main,transmission,100000,1,20,LVEtransmission695,LVEtransmission631
LVEtransmission695_to_LVEtransmission872_electricity,#3186cc,LV electricity distribution main,transmission,100000,1,20,LVEtransmission872,LVEtransmission695
LVEtransmission872_to_LVEtransmission1400_electricity,#3186cc,LV electricity distribution main,transmission,100000,1,20,LVEtransmission1400,LVEtransmission872
LVEtransmission1400_to_LVEtransmission1287_electricity,#3186cc,LV electricity distribution main,transmission,100000,1,20,LVEtransmission1287,LVEtransmission1400
LVEtransmission1287_to_LVEtransmission1160_electricity,#3186cc,LV electricity distribution main,transmission,100000,1,20,LVEtransmission1160,LVEtransmission1287
LVEtransmission1160_to_LVEtransmission1235_electricity,#3186cc,LV electricity distribution main,transmission,100000,1,20,LVEtransmission1235,LVEtransmission1160
LVEtransmission1235_to_LVEtransmission1609_electricity,#3186cc,LV electricity distribution main,transmission,100000,1,20,LVEtransmission1609,LVEtransmission1235
LVEtransmission1609_to_LVEtransmission359_electricity,#3186cc,LV electricity distribution main,transmission,100000,1,20,LVEtransmission359,LVEtransmission1609
LVEtransmission359_to_LVEtransmission1811_electricity,#3186cc,LV electricity distribution main,transmission,100000,1,20,LVEtransmission1811,LVEtransmission359
LVEtransmission1811_to_LVEtransmission334_electricity,#3186cc,LV electricity distribution main,transmission,100000,1,20,LVEtransmission334,LVEtransmission1811
LVEtransmission334_to_LVEtransmission413_electricity,#3186cc,LV electricity distribution main,transmission,100000,1,20,LVEtransmission413,LVEtransmission334
LVEtransmission413_to_LVEtransmission1857_electricity,#3186cc,LV electricity distribution main,transmission,100000,1,20,LVEtransmission1857,LVEtransmission413
LVEtransmission1512_to_LVEtransmission1398_electricity,#3186cc,LV electricity distribution main,transmission,100000,1,20,LVEtransmission1398,LVEtransmission1512
LVEtransmission1398_to_LVEtransmission1223_electricity,#3186cc,LV electricity distribution main,transmission,100000,1,20,LVEtransmission1223,LVEtransmission1398
LVEtransmission1223_to_LVEtransmission1690_electricity,#3186cc,LV electricity distribution main,transmission,100000,1,20,LVEtransmission1690,LVEtransmission1223
LVEtransmission1690_to_LVEtransmission1813_electricity,#3186cc,LV electricity distribution main,transmission,100000,1,20,LVEtransmission1813,LVEtransmission1690
LVEtransmission1813_to_LVEtransmission707_electricity,#3186cc,LV electricity distribution main,transmission,100000,1,20,LVEtransmission707,LVEtransmission1813
LVEtransmission707_to_LVEtransmission962_electricity,#3186cc,LV electricity distribution main,transmission,100000,1,20,LVEtransmission962,LVEtransmission707
LVEtransmission962_to_LVEtransmission1744_electricity,#3186cc,LV electricity distribution main,transmission,100000,1,20,LVEtransmission1744,LVEtransmission962
LVEtransmission1744_to_LVEtransmission1347_electricity,#3186cc,LV electricity distribution main,transmission,100000,1,20,LVEtransmission1347,LVEtransmission1744
LVEtransmission1347_to_LVEtransmission309_electricity,#3186cc,LV electricity distribution main,transmission,100000,1,20,LVEtransmission309,LVEtransmission1347
LVEtransmission309_to_LVEtransmission1738_electricity,#3186cc,LV electricity distribution main,transmission,100000,1,20,LVEtransmission1738,LVEtransmission309
LVEtransmission1738_to_LVEtransmission955_electricity,#3186cc,LV electricity distribution main,transmission,100000,1,20,LVEtransmission955,LVEtransmission1738
LVEtransmission955_to_LVEtransmission1271_electricity,#3186cc,LV electricity distribution main,transmission,100000,1,20,LVEtransmission1271,LVEtransmission955
LVEtransmission1271_to_LVEtransmission1123_electricity,#3186cc,LV electricity distribution main,transmission,100000,1,20,LVEtransmission1123,LVEtransmission1271
LVEtransmission1123_to_LVEtransmission82_electricity,#3186cc,LV electricity distribution main,transmission,100000,1,20,LVEtransmission82,LVEtransmission1123
LVEtransmission82_to_LVEtransmission658_electricity,#3186cc,LV electricity distribution main,transmission,100000,1,20,LVEtransmission658,LVEtransmission82
LVEtransmission658_to_LVEtransmission724_electricity,#3186cc,LV electricity distribution main,transmission,100000,1,20,LVEtransmission724,LVEtransmission658
LVEtransmission724_to_LVEtransmission1042_electricity,#3186cc,LV electricity distribution main,transmission,100000,1,20,LVEtransmission1042,LVEtransmission724
LVEtransmission1042_to_LVEtransmission895_electricity,#3186cc,LV electricity distribution main,transmission,100000,1,20,LVEtransmission895,LVEtransmission1042
LVEtransmission895_to_LVEtransmission1863_electricity,#3186cc,LV electricity distribution main,transmission,100000,1,20,LVEtransmission1863,LVEtransmission895
LVEtransmission1863_to_LVEtransmission184_electricity,#3186cc,LV electricity distribution main,transmission,100000,1,20,LVEtransmission184,LVEtransmission1863
LVEtransmission184_to_LVEtransmission1651_electricity,#3186cc,LV electricity distribution main,transmission,100000,1,20,LVEtransmission1651,LVEtransmission184
LVEtransmission1651_to_LVEtransmission896_electricity,#3186cc,LV electricity distribution main,transmission,100000,1,20,LVEtransmission896,LVEtransmission1651
LVEtransmission896_to_LVEtransmission107_electricity,#3186cc,LV electricity distribution main,transmission,100000,1,20,LVEtransmission107,LVEtransmission896
LVEtransmission107_to_LVEtransmission457_electricity,#3186cc,LV electricity distribution main,transmission,100000,1,20,LVEtransmission457,LVEtransmission107
LVEtransmission457_to_LVEtransmission1015_electricity,#3186cc,LV electricity distribution main,transmission,100000,1,20,LVEtransmission1015,LVEtransmission457
LVEtransmission1015_to_LVEtransmission102_electricity,#3186cc,LV electricity distribution main,transmission,100000,1,20,LVEtransmission102,LVEtransmission1015
LVEtransmission102_to_LVEtransmission1600_electricity,#3186cc,LV electricity distribution main,transmission,100000,1,20,LVEtransmission1600,LVEtransmission102
LVEtransmission1600_to_LVEtransmission1325_electricity,#3186cc,LV electricity distribution main,transmission,100000,1,20,LVEtransmission1325,LVEtransmission1600
LVEtransmission1325_to_LVEtransmission786_electricity,#3186cc,LV electricity distribution main,transmission,100000,1,20,LVEtransmission786,LVEtransmission1325
LVEtransmission786_to_LVEtransmission961_electricity,#3186cc,LV electricity distribution main,transmission,100000,1,20,LVEtransmission961,LVEtransmission786
LVEtransmission961_to_LVEtransmission1957_electricity,#3186cc,LV electricity distribution main,transmission,100000,1,20,LVEtransmission1957,LVEtransmission961
LVEtransmission1957_to_LVEtransmission1458_electricity,#3186cc,LV electricity distribution main,transmission,100000,1,20,LVEtransmission1458,LVEtransmission1957
LVEtransmission1458_to_LVEtransmission1613_electricity,#3186cc,LV electricity distribution main,transmission,100000,1,20,LVEtransmission1613,LVEtransmission1458
LVEtransmission1613_to_LVEtransmission214_electricity,#3186cc,LV electricity distribution main,transmission,100000,1,20,LVEtransmission214,LVEtransmission1613
LVEtransmission214_to_LVEtransmission475_electricity,#3186cc,LV electricity distribution main,transmission,100000,1,20,LVEtransmission475,LVEtransmission214
LVEtransmission475_to_LVEtransmission482_electricity,#3186cc,LV electricity distribution main,transmission,100000,1,20,LVEtransmission482,LVEtransmission475
LVEtransmission482_to_LVEtransmission1596_electricity,#3186cc,LV electricity distribution main,transmission,100000,1,20,LVEtransmission1596,LVEtransmission482
LVEtransmission1596_to_LVEtransmission1832_electricity,#3186cc,LV electricity distribution main,transmission,100000,1,20,LVEtransmission1832,LVEtransmission1596
LVEtransmission1481_to_LVEtransmission68_electricity,#3186cc,LV electricity distribution main,transmission,100000,1,20,LVEtransmission68,LVEtransmission1481
LVEtransmission68_to_LVEtransmission1756_electricity,#3186cc,LV electricity distribution main,transmission,100000,1,20,LVEtransmission1756,LVEtransmission68
LVEtransmission1756_to_LVEtransmission669_electricity,#3186cc,LV electricity distribution main,transmission,100000,1,20,LVEtransmission669,LVEtransmission1756
LVEtransmission669_to_LVEtransmission87_electricity,#3186cc,LV electricity distribution main,transmission,100000,1,20,LVEtransmission87,LVEtransmission669
LVEtransmission87_to_LVEtransmission36_electricity,#3186cc,LV electricity distribution main,transmission,100000,1,20,LVEtransmission36,LVEtransmission87
LVEtransmission36_to_LVEtransmission1034_electricity,#3186cc,LV electricity distribution main,transmission,100000,1,20,LVEtransmission1034,LVEtransmission36
LVEtransmission1034_to_LVEtransmission1339_electricity,#3186cc,LV electricity distribution main,transmission,100000,1,20,LVEtransmission1339,LVEtransmission1034
LVEtransmission1339_to_LVEtransmission584_electricity,#3186cc,LV electricity distribution main,transmission,100000,1,20,LVEtransmission584,LVEtransmission1339
LVEtransmission584_to_LVEtransmission10_electricity,#3186cc,LV electricity distribution main,transmission,100000,1,20,LVEtransmission10,LVEtransmission584
LVEtransmission10_to_LVEtransmission1012_electricity,#3186cc,LV electricity distribution main,transmission,100000,1,20,LVEtransmission1012,LVEtransmission10
LVEtransmission1012_to_LVEtransmission1601_electricity,#3186cc,LV electricity distribution main,transmission,100000,1,20,LVEtransmission1601,LVEtransmission1012
LVEtransmission1601_to_LVEtransmission555_electricity,#3186cc,LV electricity distribution main,transmission,100000,1,20,LVEtransmission555,LVEtransmission1601
LVEtransmission555_to_LVEtransmission1176_electricity,#3186cc,LV electricity distribution main,transmission,100000,1,20,LVEtransmission1176,LVEtransmission555
LVEtransmission1176_to_LVEtransmission1736_electricity,#3186cc,LV electricity distribution main,transmission,100000,1,20,LVEtransmission1736,LVEtransmission1176
LVEtransmission1736_to_LVEtransmission972_electricity,#3186cc,LV electricity distribution main,transmission,100000,1,20,LVEtransmission972,LVEtransmission1736
LVEtransmission44_to_LVEtransmission683_electricity,#3186cc,LV electricity distribution main,transmission,100000,1,20,LVEtransmission683,LVEtransmission44
LVEtransmission683_to_LVEtransmission616_electricity,#3186cc,LV electricity distribution main,transmission,100000,1,20,LVEtransmission616,LVEtransmission683
LVEtransmission616_to_LVEtransmission956_electricity,#3186cc,LV electricity distribution main,transmission,100000,1,20,LVEtransmission956,LVEtransmission616
LVEtransmission956_to_LVEtransmission298_electricity,#3186cc,LV electricity distribution main,transmission,100000,1,20,LVEtransmission298,LVEtransmission956
LVEtransmission298_to_LVEtransmission1977_electricity,#3186cc,LV electricity distribution main,transmission,100000,1,20,LVEtransmission1977,LVEtransmission298
LVEtransmission1977_to_LVEtransmission573_electricity,#3186cc,LV electricity distribution main,transmission,100000,1,20,LVEtransmission573,LVEtransmission1977
LVEtransmission573_to_LVEtransmission246_electricity,#3186cc,LV electricity distribution main,transmission,100000,1,20,LVEtransmission246,LVEtransmission573
LVEtransmission246_to_LVEtransmission887_electricity,#3186cc,LV electricity distribution main,transmission,100000,1,20,LVEtransmission887,LVEtransmission246
LVEtransmission887_to_LVEtransmission1275_electricity,#3186cc,LV electricity distribution main,transmission,100000,1,20,LVEtransmission1275,LVEtransmission887
LVEtransmission1275_to_LVEtransmission1612_electricity,#3186cc,LV electricity distribution main,transmission,100000,1,20,LVEtransmission1612,LVEtransmission1275
LVEtransmission1612_to_LVEtransmission1560_electricity,#3186cc,LV electricity distribution main,transmission,100000,1,20,LVEtransmission1560,LVEtransmission1612
LVEtransmission1560_to_LVEtransmission848_electricity,#3186cc,LV electricity distribution main,transmission,100000,1,20,LVEtransmission848,LVEtransmission1560
LVEtransmission480_to_LVEtransmission1929_electricity,#3186cc,LV electricity distribution main,transmission,100000,1,20,LVEtransmission1929,LVEtransmission480
LVEtransmission1929_to_LVEtransmission375_electricity,#3186cc,LV electricity distribution main,transmission,100000,1,20,LVEtransmission375,LVEtransmission1929
LVEtransmission375_to_LVEtransmission1432_electricity,#3186cc,LV electricity distribution main,transmission,100000,1,20,LVEtransmission1432,LVEtransmission375
LVEtransmission1432_to_LVEtransmission44_electricity,#3186cc,LV electricity distribution main,transmission,100000,1,20,LVEtransmission44,LVEtransmission1432
LVEtransmission44_to_LVEtransmission672_electricity,#3186cc,LV electricity distribution main,transmission,100000,1,20,LVEtransmission672,LVEtransmission44
LVEtransmission672_to_LVEtransmission440_electricity,#3186cc,LV electricity distribution main,transmission,100000,1,20,LVEtransmission440,LVEtransmission672
LVEtransmission440_to_LVEtransmission555_electricity,#3186cc,LV electricity distribution main,transmission,100000,1,20,LVEtransmission555,LVEtransmission440
LVEtransmission138_to_LVEtransmission783_electricity,#3186cc,LV electricity distribution main,transmission,100000,1,20,LVEtransmission783,LVEtransmission138
LVEtransmission783_to_LVEtransmission1024_electricity,#3186cc,LV electricity distribution main,transmission,100000,1,20,LVEtransmission1024,LVEtransmission783
LVEtransmission1024_to_LVEtransmission326_electricity,#3186cc,LV electricity distribution main,transmission,100000,1,20,LVEtransmission326,LVEtransmission1024
LVEtransmission326_to_LVEtransmission607_electricity,#3186cc,LV electricity distribution main,transmission,100000,1,20,LVEtransmission607,LVEtransmission326
LVEtransmission607_to_LVEtransmission169_electricity,#3186cc,LV electricity distribution main,transmission,100000,1,20,LVEtransmission169,LVEtransmission607
LVEtransmission169_to_LVEtransmission436_electricity,#3186cc,LV electricity distribution main,transmission,100000,1,20,LVEtransmission436,LVEtransmission169
LVEtransmission436_to_LVEtransmission1_electricity,#3186cc,LV electricity distribution main,transmission,100000,1,20,LVEtransmission1,LVEtransmission436
LVEtransmission1_to_LVEtransmission266_electricity,#3186cc,LV electricity distribution main,transmission,100000,1,20,LVEtransmission266,LVEtransmission1
LVEtransmission266_to_LVEtransmission1620_electricity,#3186cc,LV electricity distribution main,transmission,100000,1,20,LVEtransmission1620,LVEtransmission266
LVEtransmission1620_to_LVEtransmission1632_electricity,#3186cc,LV electricity distribution main,transmission,100000,1,20,LVEtransmission1632,LVEtransmission1620
LVEtransmission1632_to_LVEtransmission927_electricity,#3186cc,LV electricity distribution main,transmission,100000,1,20,LVEtransmission927,LVEtransmission1632
LVEtransmission927_to_LVEtransmission480_electricity,#3186cc,LV electricity distribution main,transmission,100000,1,20,LVEtransmission480,LVEtransmission927
LVEtransmission480_to_LVEtransmission1100_electricity,#3186cc,LV electricity distribution main,transmission,100000,1,20,LVEtransmission1100,LVEtransmission480
LVEtransmission1100_to_LVEtransmission1497_electricity,#3186cc,LV electricity distribution main,transmission,100000,1,20,LVEtransmission1497,LVEtransmission1100
LVEtransmission1497_to_LVEtransmission1753_electricity,#3186cc,LV electricity distribution main,transmission,100000,1,20,LVEtransmission1753,LVEtransmission1497
LVEtransmission1753_to_LVEtransmission953_electricity,#3186cc,LV electricity distribution main,transmission,100000,1,20,LVEtransmission953,LVEtransmission1753
LVEtransmission953_to_LVEtransmission1175_electricity,#3186cc,LV electricity distribution main,transmission,100000,1,20,LVEtransmission1175,LVEtransmission953
LVEtransmission1175_to_LVEtransmission130_electricity,#3186cc,LV electricity distribution main,transmission,100000,1,20,LVEtransmission130,LVEtransmission1175
LVEtransmission130_to_LVEtransmission349_electricity,#3186cc,LV electricity distribution main,transmission,100000,1,20,LVEtransmission349,LVEtransmission130
LVEtransmission349_to_LVEtransmission1784_electricity,#3186cc,LV electricity distribution main,transmission,100000,1,20,LVEtransmission1784,LVEtransmission349
LVEtransmission1784_to_LVEtransmission1372_electricity,#3186cc,LV electricity distribution main,transmission,100000,1,20,LVEtransmission1372,LVEtransmission1784
LVEtransmission1372_to_LVEtransmission972_electricity,#3186cc,LV electricity distribution main,transmission,100000,1,20,LVEtransmission972,LVEtransmission1372
LVEtransmission1486_to_LVEtransmission1576_electricity,#3186cc,LV electricity distribution main,transmission,100000,1,20,LVEtransmission1576,LVEtransmission1486
LVEtransmission1576_to_LVEtransmission282_electricity,#3186cc,LV electricity distribution main,transmission,100000,1,20,LVEtransmission282,LVEtransmission1576
LVEtransmission282_to_LVEtransmission1039_electricity,#3186cc,LV electricity distribution main,transmission,100000,1,20,LVEtransmission1039,LVEtransmission282
LVEtransmission1039_to_LVEtransmission928_electricity,#3186cc,LV electricity distribution main,transmission,100000,1,20,LVEtransmission928,LVEtransmission1039
LVEtransmission928_to_LVEtransmission307_electricity,#3186cc,LV electricity distribution main,transmission,100000,1,20,LVEtransmission307,LVEtransmission928
LVEtransmission307_to_LVEtransmission1501_electricity,#3186cc,LV electricity distribution main,transmission,100000,1,20,LVEtransmission1501,LVEtransmission307
LVEtransmission1501_to_LVEtransmission660_electricity,#3186cc,LV electricity distribution main,transmission,100000,1,20,LVEtransmission660,LVEtransmission1501
LVEtransmission660_to_LVEtransmission756_electricity,#3186cc,LV electricity distribution main,transmission,100000,1,20,LVEtransmission756,LVEtransmission660
LVEtransmission756_to_LVEtransmission1516_electricity,#3186cc,LV electricity distribution main,transmission,100000,1,20,LVEtransmission1516,LVEtransmission756
LVEtransmission1516_to_LVEtransmission218_electricity,#3186cc,LV electricity distribution main,transmission,100000,1,20,LVEtransmission218,LVEtransmission1516
LVEtransmission218_to_LVEtransmission1484_electricity,#3186cc,LV electricity distribution main,transmission,100000,1,20,LVEtransmission1484,LVEtransmission218
LVEtransmission1484_to_LVEtransmission193_electricity,#3186cc,LV electricity distribution main,transmission,100000,1,20,LVEtransmission193,LVEtransmission1484
LVEtransmission879_to_LVEtransmission622_electricity,#3186cc,LV electricity distribution main,transmission,100000,1,20,LVEtransmission622,LVEtransmission879
LVEtransmission622_to_LVEtransmission137_electricity,#3186cc,LV electricity distribution main,transmission,100000,1,20,LVEtransmission137,LVEtransmission622
LVEtransmission137_to_LVEtransmission773_electricity,#3186cc,LV electricity distribution main,transmission,100000,1,20,LVEtransmission773,LVEtransmission137
LVEtransmission773_to_LVEtransmission729_electricity,#3186cc,LV electricity distribution main,transmission,100000,1,20,LVEtransmission729,LVEtransmission773
LVEtransmission729_to_LVEtransmission53_electricity,#3186cc,LV electricity distribution main,transmission,100000,1,20,LVEtransmission53,LVEtransmission729
LVEtransmission53_to_LVEtransmission1338_electricity,#3186cc,LV electricity distribution main,transmission,100000,1,20,LVEtransmission1338,LVEtransmission53
LVEtransmission1338_to_LVEtransmission423_electricity,#3186cc,LV electricity distribution main,transmission,100000,1,20,LVEtransmission423,LVEtransmission1338
LVEtransmission423_to_LVEtransmission738_electricity,#3186cc,LV electricity distribution main,transmission,100000,1,20,LVEtransmission738,LVEtransmission423
LVEtransmission1812_to_LVEtransmission1921_electricity,#3186cc,LV electricity distribution main,transmission,100000,1,20,LVEtransmission1921,LVEtransmission1812
LVEtransmission1921_to_LVEtransmission91_electricity,#3186cc,LV electricity distribution main,transmission,100000,1,20,LVEtransmission91,LVEtransmission1921
LVEtransmission91_to_LVEtransmission1188_electricity,#3186cc,LV electricity distribution main,transmission,100000,1,20,LVEtransmission1188,LVEtransmission91
LVEtransmission1188_to_LVEtransmission1304_electricity,#3186cc,LV electricity distribution main,transmission,100000,1,20,LVEtransmission1304,LVEtransmission1188
LVEtransmission1304_to_LVEtransmission1762_electricity,#3186cc,LV electricity distribution main,transmission,100000,1,20,LVEtransmission1762,LVEtransmission1304
LVEtransmission1762_to_LVEtransmission879_electricity,#3186cc,LV electricity distribution main,transmission,100000,1,20,LVEtransmission879,LVEtransmission1762
LVEtransmission274_to_LVEtransmission408_electricity,#3186cc,LV electricity distribution main,transmission,100000,1,20,LVEtransmission408,LVEtransmission274
LVEtransmission408_to_LVEtransmission1693_electricity,#3186cc,LV electricity distribution main,transmission,100000,1,20,LVEtransmission1693,LVEtransmission408
LVEtransmission1693_to_LVEtransmission1831_electricity,#3186cc,LV electricity distribution main,transmission,100000,1,20,LVEtransmission1831,LVEtransmission1693
LVEtransmission1831_to_LVEtransmission1771_electricity,#3186cc,LV electricity distribution main,transmission,100000,1,20,LVEtransmission1771,LVEtransmission1831
LVEtransmission1771_to_LVEtransmission1072_electricity,#3186cc,LV electricity distribution main,transmission,100000,1,20,LVEtransmission1072,LVEtransmission1771
LVEtransmission1072_to_LVEtransmission1476_electricity,#3186cc,LV electricity distribution main,transmission,100000,1,20,LVEtransmission1476,LVEtransmission1072
LVEtransmission1476_to_LVEtransmission558_electricity,#3186cc,LV electricity distribution main,transmission,100000,1,20,LVEtransmission558,LVEtransmission1476
LVEtransmission558_to_LVEtransmission327_electricity,#3186cc,LV electricity distribution main,transmission,100000,1,20,LVEtransmission327,LVEtransmission558
LVEtransmission55_to_LVEtransmission1626_electricity,#3186cc,LV electricity distribution main,transmission,100000,1,20,LVEtransmission1626,LVEtransmission55
LVEtransmission1626_to_LVEtransmission1654_electricity,#3186cc,LV electricity distribution main,transmission,100000,1,20,LVEtransmission1654,LVEtransmission1626
LVEtransmission1654_to_LVEtransmission966_electricity,#3186cc,LV electricity distribution main,transmission,100000,1,20,LVEtransmission966,LVEtransmission1654
LVEtransmission966_to_LVEtransmission471_electricity,#3186cc,LV electricity distribution main,transmission,100000,1,20,LVEtransmission471,LVEtransmission966
LVEtransmission471_to_LVEtransmission1533_electricity,#3186cc,LV electricity distribution main,transmission,100000,1,20,LVEtransmission1533,LVEtransmission471
LVEtransmission1533_to_LVEtransmission1802_electricity,#3186cc,LV electricity distribution main,transmission,100000,1,20,LVEtransmission1802,LVEtransmission1533
LVEtransmission1802_to_LVEtransmission1114_electricity,#3186cc,LV electricity distribution main,transmission,100000,1,20,LVEtransmission1114,LVEtransmission1802
LVEtransmission1114_to_LVEtransmission1962_electricity,#3186cc,LV electricity distribution main,transmission,100000,1,20,LVEtransmission1962,LVEtransmission1114
LVEtransmission1962_to_LVEtransmission1502_electricity,#3186cc,LV electricity distribution main,transmission,100000,1,20,LVEtransmission1502,LVEtransmission1962
LVEtransmission1502_to_LVEtransmission1013_electricity,#3186cc,LV electricity distribution main,transmission,100000,1,20,LVEtransmission1013,LVEtransmission1502
LVEtransmission762_to_LVEtransmission708_electricity,#3186cc,LV electricity distribution main,transmission,100000,1,20,LVEtransmission708,LVEtransmission762
LVEtransmission708_to_LVEtransmission1030_electricity,#3186cc,LV electricity distribution main,transmission,100000,1,20,LVEtransmission1030,LVEtransmission708
LVEtransmission1030_to_LVEtransmission116_electricity,#3186cc,LV electricity distribution main,transmission,100000,1,20,LVEtransmission116,LVEtransmission1030
LVEtransmission116_to_LVEtransmission1608_electricity,#3186cc,LV electricity distribution main,transmission,100000,1,20,LVEtransmission1608,LVEtransmission116
LVEtransmission1608_to_LVEtransmission191_electricity,#3186cc,LV electricity distribution main,transmission,100000,1,20,LVEtransmission191,LVEtransmission1608
LVEtransmission191_to_LVEtransmission1311_electricity,#3186cc,LV electricity distribution main,transmission,100000,1,20,LVEtransmission1311,LVEtransmission191
LVEtransmission1311_to_LVEtransmission1624_electricity,#3186cc,LV electricity distribution main,transmission,100000,1,20,LVEtransmission1624,LVEtransmission1311
LVEtransmission1624_to_LVEtransmission1392_electricity,#3186cc,LV electricity distribution main,transmission,100000,1,20,LVEtransmission1392,LVEtransmission1624
LVEtransmission1392_to_LVEtransmission192_electricity,#3186cc,LV electricity distribution main,transmission,100000,1,20,LVEtransmission192,LVEtransmission1392
LVEtransmission192_to_LVEtransmission792_electricity,#3186cc,LV electricity distribution main,transmission,100000,1,20,LVEtransmission792,LVEtransmission192
LVEtransmission792_to_LVEtransmission1645_electricity,#3186cc,LV electricity distribution main,transmission,100000,1,20,LVEtransmission1645,LVEtransmission792
LVEtransmission1645_to_LVEtransmission398_electricity,#3186cc,LV electricity distribution main,transmission,100000,1,20,LVEtransmission398,LVEtransmission1645
LVEtransmission398_to_LVEtransmission1701_electricity,#3186cc,LV electricity distribution main,transmission,100000,1,20,LVEtransmission1701,LVEtransmission398
LVEtransmission1701_to_LVEtransmission1593_electricity,#3186cc,LV electricity distribution main,transmission,100000,1,20,LVEtransmission1593,LVEtransmission1701
LVEtransmission1593_to_LVEtransmission1637_electricity,#3186cc,LV electricity distribution main,transmission,100000,1,20,LVEtransmission1637,LVEtransmission1593
LVEtransmission1637_to_LVEtransmission69_electricity,#3186cc,LV electricity distribution main,transmission,100000,1,20,LVEtransmission69,LVEtransmission1637
LVEtransmission69_to_LVEtransmission764_electricity,#3186cc,LV electricity distribution main,transmission,100000,1,20,LVEtransmission764,LVEtransmission69
LVEtransmission764_to_LVEtransmission1089_electricity,#3186cc,LV electricity distribution main,transmission,100000,1,20,LVEtransmission1089,LVEtransmission764
LVEtransmission1881_to_LVEtransmission974_electricity,#3186cc,LV electricity distribution main,transmission,100000,1,20,LVEtransmission974,LVEtransmission1881
LVEtransmission974_to_LVEtransmission674_electricity,#3186cc,LV electricity distribution main,transmission,100000,1,20,LVEtransmission674,LVEtransmission974
LVEtransmission674_to_LVEtransmission923_electricity,#3186cc,LV electricity distribution main,transmission,100000,1,20,LVEtransmission923,LVEtransmission674
LVEtransmission1699_to_LVEtransmission1037_electricity,#3186cc,LV electricity distribution main,transmission,100000,1,20,LVEtransmission1037,LVEtransmission1699
LVEtransmission1037_to_LVEtransmission1903_electricity,#3186cc,LV electricity distribution main,transmission,100000,1,20,LVEtransmission1903,LVEtransmission1037
LVEtransmission1903_to_LVEtransmission579_electricity,#3186cc,LV electricity distribution main,transmission,100000,1,20,LVEtransmission579,LVEtransmission1903
LVEtransmission579_to_LVEtransmission1459_electricity,#3186cc,LV electricity distribution main,transmission,100000,1,20,LVEtransmission1459,LVEtransmission579
LVEtransmission1459_to_LVEtransmission780_electricity,#3186cc,LV electricity distribution main,transmission,100000,1,20,LVEtransmission780,LVEtransmission1459
LVEtransmission780_to_LVEtransmission1047_electricity,#3186cc,LV electricity distribution main,transmission,100000,1,20,LVEtransmission1047,LVEtransmission780
LVEtransmission1047_to_LVEtransmission372_electricity,#3186cc,LV electricity distribution main,transmission,100000,1,20,LVEtransmission372,LVEtransmission1047
LVEtransmission372_to_LVEtransmission598_electricity,#3186cc,LV electricity distribution main,transmission,100000,1,20,LVEtransmission598,LVEtransmission372
LVEtransmission598_to_LVEtransmission919_electricity,#3186cc,LV electricity distribution main,transmission,100000,1,20,LVEtransmission919,LVEtransmission598
LVEtransmission919_to_LVEtransmission1800_electricity,#3186cc,LV electricity distribution main,transmission,100000,1,20,LVEtransmission1800,LVEtransmission919
LVEtransmission1800_to_LVEtransmission466_electricity,#3186cc,LV electricity distribution main,transmission,100000,1,20,LVEtransmission466,LVEtransmission1800
LVEtransmission466_to_LVEtransmission1816_electricity,#3186cc,LV electricity distribution main,transmission,100000,1,20,LVEtransmission1816,LVEtransmission466
LVEtransmission1816_to_LVEtransmission697_electricity,#3186cc,LV electricity distribution main,transmission,100000,1,20,LVEtransmission697,LVEtransmission1816
LVEtransmission697_to_LVEtransmission1867_electricity,#3186cc,LV electricity distribution main,transmission,100000,1,20,LVEtransmission1867,LVEtransmission697
LVEtransmission1867_to_LVEtransmission902_electricity,#3186cc,LV electricity distribution main,transmission,100000,1,20,LVEtransmission902,LVEtransmission1867
LVEtransmission902_to_LVEtransmission597_electricity,#3186cc,LV electricity distribution main,transmission,100000,1,20,LVEtransmission597,LVEtransmission902
LVEtransmission597_to_LVEtransmission718_electricity,#3186cc,LV electricity distribution main,transmission,100000,1,20,LVEtransmission718,LVEtransmission597
LVEtransmission718_to_LVEtransmission1307_electricity,#3186cc,LV electricity distribution main,transmission,100000,1,20,LVEtransmission1307,LVEtransmission718
LVEtransmission1293_to_LVEtransmission599_electricity,#3186cc,LV electricity distribution main,transmission,100000,1,20,LVEtransmission599,LVEtransmission1293
LVEtransmission599_to_LVEtransmission1159_electricity,#3186cc,LV electricity distribution main,transmission,100000,1,20,LVEtransmission1159,LVEtransmission599
LVEtransmission1159_to_LVEtransmission485_electricity,#3186cc,LV electricity distribution main,transmission,100000,1,20,LVEtransmission485,LVEtransmission1159
LVEtransmission1716_to_LVEtransmission389_electricity,#3186cc,LV electricity distribution main,transmission,100000,1,20,LVEtransmission389,LVEtransmission1716
LVEtransmission812_to_LVEtransmission276_electricity,#3186cc,LV electricity distribution main,transmission,100000,1,20,LVEtransmission276,LVEtransmission812
LVEtransmission276_to_LVEtransmission980_electricity,#3186cc,LV electricity distribution main,transmission,100000,1,20,LVEtransmission980,LVEtransmission276
LVEtransmission980_to_LVEtransmission464_electricity,#3186cc,LV electricity distribution main,transmission,100000,1,20,LVEtransmission464,LVEtransmission980
LVEtransmission464_to_LVEtransmission490_electricity,#3186cc,LV electricity distribution main,transmission,100000,1,20,LVEtransmission490,LVEtransmission464
LVEtransmission490_to_LVEtransmission1185_electricity,#3186cc,LV electricity distribution main,transmission,100000,1,20,LVEtransmission1185,LVEtransmission490
LVEtransmission1185_to_LVEtransmission189_electricity,#3186cc,LV electricity distribution main,transmission,100000,1,20,LVEtransmission189,LVEtransmission1185
LVEtransmission189_to_LVEtransmission1354_electricity,#3186cc,LV electricity distribution main,transmission,100000,1,20,LVEtransmission1354,LVEtransmission189
LVEtransmission1354_to_LVEtransmission365_electricity,#3186cc,LV electricity distribution main,transmission,100000,1,20,LVEtransmission365,LVEtransmission1354
LVEtransmission365_to_LVEtransmission393_electricity,#3186cc,LV electricity distribution main,transmission,100000,1,20,LVEtransmission393,LVEtransmission365
LVEtransmission393_to_LVEtransmission367_electricity,#3186cc,LV electricity distribution main,transmission,100000,1,20,LVEtransmission367,LVEtransmission393
LVEtransmission367_to_LVEtransmission736_electricity,#3186cc,LV electricity distribution main,transmission,100000,1,20,LVEtransmission736,LVEtransmission367
LVEtransmission736_to_LVEtransmission761_electricity,#3186cc,LV electricity distribution main,transmission,100000,1,20,LVEtransmission761,LVEtransmission736
LVEtransmission761_to_LVEtransmission233_electricity,#3186cc,LV electricity distribution main,transmission,100000,1,20,LVEtransmission233,LVEtransmission761
LVEtransmission233_to_LVEtransmission470_electricity,#3186cc,LV electricity distribution main,transmission,100000,1,20,LVEtransmission470,LVEtransmission233
LVEtransmission485_to_LVEtransmission1152_electricity,#3186cc,LV electricity distribution main,transmission,100000,1,20,LVEtransmission1152,LVEtransmission485
LVEtransmission1152_to_LVEtransmission1036_electricity,#3186cc,LV electricity distribution main,transmission,100000,1,20,LVEtransmission1036,LVEtransmission1152
LVEtransmission1036_to_LVEtransmission1177_electricity,#3186cc,LV electricity distribution main,transmission,100000,1,20,LVEtransmission1177,LVEtransmission1036
LVEtransmission154_to_LVEtransmission1623_electricity,#3186cc,LV electricity distribution main,transmission,100000,1,20,LVEtransmission1623,LVEtransmission154
LVEtransmission1623_to_LVEtransmission581_electricity,#3186cc,LV electricity distribution main,transmission,100000,1,20,LVEtransmission581,LVEtransmission1623
LVEtransmission581_to_LVEtransmission29_electricity,#3186cc,LV electricity distribution main,transmission,100000,1,20,LVEtransmission29,LVEtransmission581
LVEtransmission29_to_LVEtransmission1518_electricity,#3186cc,LV electricity distribution main,transmission,100000,1,20,LVEtransmission1518,LVEtransmission29
LVEtransmission1518_to_LVEtransmission528_electricity,#3186cc,LV electricity distribution main,transmission,100000,1,20,LVEtransmission528,LVEtransmission1518
LVEtransmission528_to_LVEtransmission1981_electricity,#3186cc,LV electricity distribution main,transmission,100000,1,20,LVEtransmission1981,LVEtransmission528
LVEtransmission1981_to_LVEtransmission1463_electricity,#3186cc,LV electricity distribution main,transmission,100000,1,20,LVEtransmission1463,LVEtransmission1981
LVEtransmission1463_to_LVEtransmission612_electricity,#3186cc,LV electricity distribution main,transmission,100000,1,20,LVEtransmission612,LVEtransmission1463
LVEtransmission612_to_LVEtransmission1644_electricity,#3186cc,LV electricity distribution main,transmission,100000,1,20,LVEtransmission1644,LVEtransmission612
LVEtransmission1644_to_LVEtransmission1095_electricity,#3186cc,LV electricity distribution main,transmission,100000,1,20,LVEtransmission1095,LVEtransmission1644
LVEtransmission1095_to_LVEtransmission552_electricity,#3186cc,LV electricity distribution main,transmission,100000,1,20,LVEtransmission552,LVEtransmission1095
LVEtransmission552_to_LVEtransmission7_electricity,#3186cc,LV electricity distribution main,transmission,100000,1,20,LVEtransmission7,LVEtransmission552
LVEtransmission7_to_LVEtransmission1488_electricity,#3186cc,LV electricity distribution main,transmission,100000,1,20,LVEtransmission1488,LVEtransmission7
LVEtransmission1488_to_LVEtransmission481_electricity,#3186cc,LV electricity distribution main,transmission,100000,1,20,LVEtransmission481,LVEtransmission1488
LVEtransmission481_to_LVEtransmission1670_electricity,#3186cc,LV electricity distribution main,transmission,100000,1,20,LVEtransmission1670,LVEtransmission481
LVEtransmission1670_to_LVEtransmission559_electricity,#3186cc,LV electricity distribution main,transmission,100000,1,20,LVEtransmission559,LVEtransmission1670
LVEtransmission559_to_LVEtransmission465_electricity,#3186cc,LV electricity distribution main,transmission,100000,1,20,LVEtransmission465,LVEtransmission559
LVEtransmission465_to_LVEtransmission45_electricity,#3186cc,LV electricity distribution main,transmission,100000,1,20,LVEtransmission45,LVEtransmission465
LVEtransmission45_to_LVEtransmission1796_electricity,#3186cc,LV electricity distribution main,transmission,100000,1,20,LVEtransmission1796,LVEtransmission45
LVEtransmission1796_to_LVEtransmission673_electricity,#3186cc,LV electricity distribution main,transmission,100000,1,20,LVEtransmission673,LVEtransmission1796
LVEtransmission673_to_LVEtransmission1314_electricity,#3186cc,LV electricity distribution main,transmission,100000,1,20,LVEtransmission1314,LVEtransmission673
LVEtransmission1314_to_LVEtransmission1548_electricity,#3186cc,LV electricity distribution main,transmission,100000,1,20,LVEtransmission1548,LVEtransmission1314
LVEtransmission1796_to_LVEtransmission1257_electricity,#3186cc,LV electricity distribution main,transmission,100000,1,20,LVEtransmission1257,LVEtransmission1796
LVEtransmission1257_to_LVEtransmission767_electricity,#3186cc,LV electricity distribution main,transmission,100000,1,20,LVEtransmission767,LVEtransmission1257
LVEtransmission767_to_LVEtransmission1266_electricity,#3186cc,LV electricity distribution main,transmission,100000,1,20,LVEtransmission1266,LVEtransmission767
LVEtransmission1266_to_LVEtransmission1006_electricity,#3186cc,LV electricity distribution main,transmission,100000,1,20,LVEtransmission1006,LVEtransmission1266
LVEtransmission1006_to_LVEtransmission1078_electricity,#3186cc,LV electricity distribution main,transmission,100000,1,20,LVEtransmission1078,LVEtransmission1006
LVEtransmission1078_to_LVEtransmission814_electricity,#3186cc,LV electricity distribution main,transmission,100000,1,20,LVEtransmission814,LVEtransmission1078
LVEtransmission814_to_LVEtransmission39_electricity,#3186cc,LV electricity distribution main,transmission,100000,1,20,LVEtransmission39,LVEtransmission814
LVEtransmission39_to_LVEtransmission335_electricity,#3186cc,LV electricity distribution main,transmission,100000,1,20,LVEtransmission335,LVEtransmission39
LVEtransmission335_to_LVEtransmission1853_electricity,#3186cc,LV electricity distribution main,transmission,100000,1,20,LVEtransmission1853,LVEtransmission335
LVEtransmission1853_to_LVEtransmission126_electricity,#3186cc,LV electricity distribution main,transmission,100000,1,20,LVEtransmission126,LVEtransmission1853
LVEtransmission126_to_LVEtransmission531_electricity,#3186cc,LV electricity distribution main,transmission,100000,1,20,LVEtransmission531,LVEtransmission126
LVEtransmission531_to_LVEtransmission937_electricity,#3186cc,LV electricity distribution main,transmission,100000,1,20,LVEtransmission937,LVEtransmission531
LVEtransmission937_to_LVEtransmission538_electricity,#3186cc,LV electricity distribution main,transmission,100000,1,20,LVEtransmission538,LVEtransmission937
LVEtransmission538_to_LVEtransmission945_electricity,#3186cc,LV electricity distribution main,transmission,100000,1,20,LVEtransmission945,LVEtransmission538
LVEtransmission945_to_LVEtransmission1443_electricity,#3186cc,LV electricity distribution main,transmission,100000,1,20,LVEtransmission1443,LVEtransmission945
LVEtransmission1423_to_LVEtransmission1150_electricity,#3186cc,LV electricity distribution main,transmission,100000,1,20,LVEtransmission1150,LVEtransmission1423
LVEtransmission1150_to_LVEtransmission242_electricity,#3186cc,LV electricity distribution main,transmission,100000,1,20,LVEtransmission242,LVEtransmission1150
LVEtransmission856_to_LVEtransmission1978_electricity,#3186cc,LV electricity distribution main,transmission,100000,1,20,LVEtransmission1978,LVEtransmission856
LVEtransmission1978_to_LVEtransmission892_electricity,#3186cc,LV electricity distribution main,transmission,100000,1,20,LVEtransmission892,LVEtransmission1978
LVEtransmission892_to_LVEtransmission1803_electricity,#3186cc,LV electricity distribution main,transmission,100000,1,20,LVEtransmission1803,LVEtransmission892
LVEtransmission1803_to_LVEtransmission935_electricity,#3186cc,LV electricity distribution main,transmission,100000,1,20,LVEtransmission935,LVEtransmission1803
LVEtransmission935_to_LVEtransmission122_electricity,#3186cc,LV electricity distribution main,transmission,100000,1,20,LVEtransmission122,LVEtransmission935
LVEtransmission122_to_LVEtransmission347_electricity,#3186cc,LV electricity distribution main,transmission,100000,1,20,LVEtransmission347,LVEtransmission122
LVEtransmission347_to_LVEtransmission586_electricity,#3186cc,LV electricity distribution main,transmission,100000,1,20,LVEtransmission586,LVEtransmission347
LVEtransmission586_to_LVEtransmission225_electricity,#3186cc,LV electricity distribution main,transmission,100000,1,20,LVEtransmission225,LVEtransmission586
LVEtransmission225_to_LVEtransmission1428_electricity,#3186cc,LV electricity distribution main,transmission,100000,1,20,LVEtransmission1428,LVEtransmission225
LVEtransmission1428_to_LVEtransmission585_electricity,#3186cc,LV electricity distribution main,transmission,100000,1,20,LVEtransmission585,LVEtransmission1428
LVEtransmission585_to_LVEtransmission1603_electricity,#3186cc,LV electricity distribution main,transmission,100000,1,20,LVEtransmission1603,LVEtransmission585
LVEtransmission1603_to_LVEtransmission81_electricity,#3186cc,LV electricity distribution main,transmission,100000,1,20,LVEtransmission81,LVEtransmission1603
LVEtransmission81_to_LVEtransmission1092_electricity,#3186cc,LV electricity distribution main,transmission,100000,1,20,LVEtransmission1092,LVEtransmission81
LVEtransmission802_to_LVEtransmission1499_electricity,#3186cc,LV electricity distribution main,transmission,100000,1,20,LVEtransmission1499,LVEtransmission802
LVEtransmission1499_to_LVEtransmission132_electricity,#3186cc,LV electricity distribution main,transmission,100000,1,20,LVEtransmission132,LVEtransmission1499
LVEtransmission132_to_LVEtransmission1538_electricity,#3186cc,LV electricity distribution main,transmission,100000,1,20,LVEtransmission1538,LVEtransmission132
LVEtransmission1538_to_LVEtransmission201_electricity,#3186cc,LV electricity distribution main,transmission,100000,1,20,LVEtransmission201,LVEtransmission1538
LVEtransmission201_to_LVEtransmission133_electricity,#3186cc,LV electricity distribution main,transmission,100000,1,20,LVEtransmission133,LVEtransmission201
LVEtransmission133_to_LVEtransmission810_electricity,#3186cc,LV electricity distribution main,transmission,100000,1,20,LVEtransmission810,LVEtransmission133
LVEtransmission810_to_LVEtransmission369_electricity,#3186cc,LV electricity distribution main,transmission,100000,1,20,LVEtransmission369,LVEtransmission810
LVEtransmission369_to_LVEtransmission880_electricity,#3186cc,LV electricity distribution main,transmission,100000,1,20,LVEtransmission880,LVEtransmission369
LVEtransmission880_to_LVEtransmission1513_electricity,#3186cc,LV electricity distribution main,transmission,100000,1,20,LVEtransmission1513,LVEtransmission880
LVEtransmission1513_to_LVEtransmission1209_electricity,#3186cc,LV electricity distribution main,transmission,100000,1,20,LVEtransmission1209,LVEtransmission1513
LVEtransmission1209_to_LVEtransmission35_electricity,#3186cc,LV electricity distribution main,transmission,100000,1,20,LVEtransmission35,LVEtransmission1209
LVEtransmission35_to_LVEtransmission1894_electricity,#3186cc,LV electricity distribution main,transmission,100000,1,20,LVEtransmission1894,LVEtransmission35
LVEtransmission1894_to_LVEtransmission1724_electricity,#3186cc,LV electricity distribution main,transmission,100000,1,20,LVEtransmission1724,LVEtransmission1894
LVEtransmission1724_to_LVEtransmission279_electricity,#3186cc,LV electricity distribution main,transmission,100000,1,20,LVEtransmission279,LVEtransmission1724
LVEtransmission279_to_LVEtransmission1146_electricity,#3186cc,LV electricity distribution main,transmission,100000,1,20,LVEtransmission1146,LVEtransmission279
LVEtransmission1146_to_LVEtransmission1919_electricity,#3186cc,LV electricity distribution main,transmission,100000,1,20,LVEtransmission1919,LVEtransmission1146
LVEtransmission1919_to_LVEtransmission1858_electricity,#3186cc,LV electricity distribution main,transmission,100000,1,20,LVEtransmission1858,LVEtransmission1919
LVEtransmission1858_to_LVEtransmission696_electricity,#3186cc,LV electricity distribution main,transmission,100000,1,20,LVEtransmission696,LVEtransmission1858
LVEtransmission696_to_LVEtransmission1290_electricity,#3186cc,LV electricity distribution main,transmission,100000,1,20,LVEtransmission1290,LVEtransmission696
LVEtransmission1792_to_LVEtransmission454_electricity,#3186cc,LV electricity distribution main,transmission,100000,1,20,LVEtransmission454,LVEtransmission1792
LVEtransmission454_to_LVEtransmission1097_electricity,#3186cc,LV electricity distribution main,transmission,100000,1,20,LVEtransmission1097,LVEtransmission454
LVEtransmission1097_to_LVEtransmission1707_electricity,#3186cc,LV electricity distribution main,transmission,100000,1,20,LVEtransmission1707,LVEtransmission1097
LVEtransmission1707_to_LVEtransmission1064_electricity,#3186cc,LV electricity distribution main,transmission,100000,1,20,LVEtransmission1064,LVEtransmission1707
LVEtransmission1064_to_LVEtransmission1768_electricity,#3186cc,LV electricity distribution main,transmission,100000,1,20,LVEtransmission1768,LVEtransmission1064
LVEtransmission1768_to_LVEtransmission602_electricity,#3186cc,LV electricity distribution main,transmission,100000,1,20,LVEtransmission602,LVEtransmission1768
LVEtransmission602_to_LVEtransmission998_electricity,#3186cc,LV electricity distribution main,transmission,100000,1,20,LVEtransmission998,LVEtransmission602
LVEtransmission998_to_LVEtransmission313_electricity,#3186cc,LV electricity distribution main,transmission,100000,1,20,LVEtransmission313,LVEtransmission998
LVEtransmission313_to_LVEtransmission1216_electricity,#3186cc,LV electricity distribution main,transmission,100000,1,20,LVEtransmission1216,LVEtransmission313
LVEtransmission1216_to_LVEtransmission269_electricity,#3186cc,LV electricity distribution main,transmission,100000,1,20,LVEtransmission269,LVEtransmission1216
LVEtransmission269_to_LVEtransmission437_electricity,#3186cc,LV electricity distribution main,transmission,100000,1,20,LVEtransmission437,LVEtransmission269
LVEtransmission437_to_LVEtransmission727_electricity,#3186cc,LV electricity distribution main,transmission,100000,1,20,LVEtransmission727,LVEtransmission437
LVEtransmission727_to_LVEtransmission805_electricity,#3186cc,LV electricity distribution main,transmission,100000,1,20,LVEtransmission805,LVEtransmission727
LVEtransmission805_to_LVEtransmission1296_electricity,#3186cc,LV electricity distribution main,transmission,100000,1,20,LVEtransmission1296,LVEtransmission805
LVEtransmission1296_to_LVEtransmission1087_electricity,#3186cc,LV electricity distribution main,transmission,100000,1,20,LVEtransmission1087,LVEtransmission1296
LVEtransmission1087_to_LVEtransmission1819_electricity,#3186cc,LV electricity distribution main,transmission,100000,1,20,LVEtransmission1819,LVEtransmission1087
warmtenet8_to_substation_multatulibuurt,#823747,Heat transmission main,transmission,100000,1,20,warmtenet8,substation_multatulibuurt
MV_LV_transformer1_to_LVEtransmission1384_electricity,#3186cc,LV electricity distribution main,transmission,100000,1,20,LVEtransmission1384,MV_LV_transformer1
MV_LV_transformer2_to_LVEtransmission1303_electricity,#3186cc,LV electricity distribution main,transmission,100000,1,20,LVEtransmission1303,MV_LV_transformer2
MV_LV_transformer3_to_LVEtransmission1073_electricity,#3186cc,LV electricity distribution main,transmission,100000,1,20,LVEtransmission1073,MV_LV_transformer3
MV_LV_transformer4_to_LVEtransmission1432_electricity,#3186cc,LV electricity distribution main,transmission,100000,1,20,LVEtransmission1432,MV_LV_transformer4
MV_LV_transformer5_to_LVEtransmission1998_electricity,#3186cc,LV electricity distribution main,transmission,100000,1,20,LVEtransmission1998,MV_LV_transformer5
MV_LV_transformer6_to_LVEtransmission1453_electricity,#3186cc,LV electricity distribution main,transmission,100000,1,20,LVEtransmission1453,MV_LV_transformer6
MV_LV_transformer7_to_LVEtransmission80_electricity,#3186cc,LV electricity distribution main,transmission,100000,1,20,LVEtransmission80,MV_LV_transformer7
MV_LV_transformer8_to_LVEtransmission1488_electricity,#3186cc,LV electricity distribution main,transmission,100000,1,20,LVEtransmission1488,MV_LV_transformer8
MV_LV_transformer9_to_LVEtransmission1878_electricity,#3186cc,LV electricity distribution main,transmission,100000,1,20,LVEtransmission1878,MV_LV_transformer9
MV_LV_transformer10_to_LVEtransmission1360_electricity,#3186cc,LV electricity distribution main,transmission,100000,1,20,LVEtransmission1360,MV_LV_transformer10
MV_LV_transformer11_to_LVEtransmission819_electricity,#3186cc,LV electricity distribution main,transmission,100000,1,20,LVEtransmission819,MV_LV_transformer11
MV_LV_transformer12_to_LVEtransmission272_electricity,#3186cc,LV electricity distribution main,transmission,100000,1,20,LVEtransmission272,MV_LV_transformer12
D0503100000000190_to_LVEtransmission1073_electricity,#3186cc,LV electricity distribution secondary,transmission,100000,1,20,LVEtransmission1073,D0503100000000190
D0503100000000191_to_LVEtransmission1073_electricity,#3186cc,LV electricity distribution secondary,transmission,100000,1,20,LVEtransmission1073,D0503100000000191
D0503100000000193_to_LVEtransmission1456_electricity,#3186cc,LV electricity distribution secondary,transmission,100000,1,20,LVEtransmission1456,D0503100000000193
D0503100000001933_to_LVEtransmission157_electricity,#3186cc,LV electricity distribution secondary,transmission,100000,1,20,LVEtransmission157,D0503100000001933
D0503100000001936_to_LVEtransmission731_electricity,#3186cc,LV electricity distribution secondary,transmission,100000,1,20,LVEtransmission731,D0503100000001936
D0503100000001937_to_LVEtransmission1328_electricity,#3186cc,LV electricity distribution secondary,transmission,100000,1,20,LVEtransmission1328,D0503100000001937
D0503100000001938_to_LVEtransmission322_electricity,#3186cc,LV electricity distribution secondary,transmission,100000,1,20,LVEtransmission322,D0503100000001938
D0503100000002020_to_LVEtransmission553_electricity,#3186cc,LV electricity distribution secondary,transmission,100000,1,20,LVEtransmission553,D0503100000002020
D0503100000002021_to_LVEtransmission1866_electricity,#3186cc,LV electricity distribution secondary,transmission,100000,1,20,LVEtransmission1866,D0503100000002021
D0503100000002023_to_LVEtransmission1130_electricity,#3186cc,LV electricity distribution secondary,transmission,100000,1,20,LVEtransmission1130,D0503100000002023
D0503100000002025_to_LVEtransmission549_electricity,#3186cc,LV electricity distribution secondary,transmission,100000,1,20,LVEtransmission549,D0503100000002025
D0503100000002026_to_LVEtransmission264_electricity,#3186cc,LV electricity distribution secondary,transmission,100000,1,20,LVEtransmission264,D0503100000002026
D0503100000002031_to_LVEtransmission1433_electricity,#3186cc,LV electricity distribution secondary,transmission,100000,1,20,LVEtransmission1433,D0503100000002031
D0503100000002032_to_LVEtransmission180_electricity,#3186cc,LV electricity distribution secondary,transmission,100000,1,20,LVEtransmission180,D0503100000002032
D0503100000002033_to_LVEtransmission1908_electricity,#3186cc,LV electricity distribution secondary,transmission,100000,1,20,LVEtransmission1908,D0503100000002033
D0503100000013778_to_LVEtransmission800_electricity,#3186cc,LV electricity distribution secondary,transmission,100000,1,20,LVEtransmission800,D0503100000013778
D0503100000013779_to_LVEtransmission456_electricity,#3186cc,LV electricity distribution secondary,transmission,100000,1,20,LVEtransmission456,D0503100000013779
D0503100000013780_to_LVEtransmission456_electricity,#3186cc,LV electricity distribution secondary,transmission,100000,1,20,LVEtransmission456,D0503100000013780
D0503100000013831_to_LVEtransmission1494_electricity,#3186cc,LV electricity distribution secondary,transmission,100000,1,20,LVEtransmission1494,D0503100000013831
D0503100000013832_to_LVEtransmission1494_electricity,#3186cc,LV electricity distribution secondary,transmission,100000,1,20,LVEtransmission1494,D0503100000013832
D0503100000013834_to_LVEtransmission1405_electricity,#3186cc,LV electricity distribution secondary,transmission,100000,1,20,LVEtransmission1405,D0503100000013834
D0503100000013838_to_LVEtransmission1297_electricity,#3186cc,LV electricity distribution secondary,transmission,100000,1,20,LVEtransmission1297,D0503100000013838
D0503100000013839_to_LVEtransmission1888_electricity,#3186cc,LV electricity distribution secondary,transmission,100000,1,20,LVEtransmission1888,D0503100000013839
D0503100000013840_to_LVEtransmission240_electricity,#3186cc,LV electricity distribution secondary,transmission,100000,1,20,LVEtransmission240,D0503100000013840
D0503100000013841_to_LVEtransmission644_electricity,#3186cc,LV electricity distribution secondary,transmission,100000,1,20,LVEtransmission644,D0503100000013841
D0503100000013842_to_LVEtransmission212_electricity,#3186cc,LV electricity distribution secondary,transmission,100000,1,20,LVEtransmission212,D0503100000013842
D0503100000013843_to_LVEtransmission1963_electricity,#3186cc,LV electricity distribution secondary,transmission,100000,1,20,LVEtransmission1963,D0503100000013843
D0503100000013844_to_LVEtransmission1494_electricity,#3186cc,LV electricity distribution secondary,transmission,100000,1,20,LVEtransmission1494,D0503100000013844
D0503100000013845_to_LVEtransmission1494_electricity,#3186cc,LV electricity distribution secondary,transmission,100000,1,20,LVEtransmission1494,D0503100000013845
D0503100000013846_to_LVEtransmission667_electricity,#3186cc,LV electricity distribution secondary,transmission,100000,1,20,LVEtransmission667,D0503100000013846
D0503100000013849_to_LVEtransmission1265_electricity,#3186cc,LV electricity distribution secondary,transmission,100000,1,20,LVEtransmission1265,D0503100000013849
D0503100000013850_to_LVEtransmission1494_electricity,#3186cc,LV electricity distribution secondary,transmission,100000,1,20,LVEtransmission1494,D0503100000013850
D0503100000013851_to_LVEtransmission1804_electricity,#3186cc,LV electricity distribution secondary,transmission,100000,1,20,LVEtransmission1804,D0503100000013851
D0503100000013852_to_LVEtransmission1297_electricity,#3186cc,LV electricity distribution secondary,transmission,100000,1,20,LVEtransmission1297,D0503100000013852
D0503100000013853_to_LVEtransmission1494_electricity,#3186cc,LV electricity distribution secondary,transmission,100000,1,20,LVEtransmission1494,D0503100000013853
D0503100000013854_to_LVEtransmission1265_electricity,#3186cc,LV electricity distribution secondary,transmission,100000,1,20,LVEtransmission1265,D0503100000013854
D0503100000013855_to_LVEtransmission1483_electricity,#3186cc,LV electricity distribution secondary,transmission,100000,1,20,LVEtransmission1483,D0503100000013855
D0503100000013864_to_LVEtransmission800_electricity,#3186cc,LV electricity distribution secondary,transmission,100000,1,20,LVEtransmission800,D0503100000013864
D0503100000013866_to_LVEtransmission456_electricity,#3186cc,LV electricity distribution secondary,transmission,100000,1,20,LVEtransmission456,D0503100000013866
D0503100000013867_to_LVEtransmission800_electricity,#3186cc,LV electricity distribution secondary,transmission,100000,1,20,LVEtransmission800,D0503100000013867
D0503100000013868_to_LVEtransmission456_electricity,#3186cc,LV electricity distribution secondary,transmission,100000,1,20,LVEtransmission456,D0503100000013868
D0503100000013869_to_LVEtransmission800_electricity,#3186cc,LV electricity distribution secondary,transmission,100000,1,20,LVEtransmission800,D0503100000013869
D0503100000013870_to_LVEtransmission456_electricity,#3186cc,LV electricity distribution secondary,transmission,100000,1,20,LVEtransmission456,D0503100000013870
D0503100000013871_to_LVEtransmission456_electricity,#3186cc,LV electricity distribution secondary,transmission,100000,1,20,LVEtransmission456,D0503100000013871
D0503100000013872_to_LVEtransmission1969_electricity,#3186cc,LV electricity distribution secondary,transmission,100000,1,20,LVEtransmission1969,D0503100000013872
D0503100000013873_to_LVEtransmission1510_electricity,#3186cc,LV electricity distribution secondary,transmission,100000,1,20,LVEtransmission1510,D0503100000013873
D0503100000013875_to_LVEtransmission1073_electricity,#3186cc,LV electricity distribution secondary,transmission,100000,1,20,LVEtransmission1073,D0503100000013875
D0503100000013876_to_LVEtransmission1343_electricity,#3186cc,LV electricity distribution secondary,transmission,100000,1,20,LVEtransmission1343,D0503100000013876
D0503100000013877_to_LVEtransmission1073_electricity,#3186cc,LV electricity distribution secondary,transmission,100000,1,20,LVEtransmission1073,D0503100000013877
D0503100000013878_to_LVEtransmission1073_electricity,#3186cc,LV electricity distribution secondary,transmission,100000,1,20,LVEtransmission1073,D0503100000013878
D0503100000013880_to_LVEtransmission390_electricity,#3186cc,LV electricity distribution secondary,transmission,100000,1,20,LVEtransmission390,D0503100000013880
D0503100000013881_to_LVEtransmission885_electricity,#3186cc,LV electricity distribution secondary,transmission,100000,1,20,LVEtransmission885,D0503100000013881
D0503100000014645_to_LVEtransmission1580_electricity,#3186cc,LV electricity distribution secondary,transmission,100000,1,20,LVEtransmission1580,D0503100000014645
D0503100000014648_to_LVEtransmission1580_electricity,#3186cc,LV electricity distribution secondary,transmission,100000,1,20,LVEtransmission1580,D0503100000014648
D0503100000014649_to_LVEtransmission1580_electricity,#3186cc,LV electricity distribution secondary,transmission,100000,1,20,LVEtransmission1580,D0503100000014649
D0503100000014654_to_LVEtransmission1866_electricity,#3186cc,LV electricity distribution secondary,transmission,100000,1,20,LVEtransmission1866,D0503100000014654
D0503100000014719_to_LVEtransmission1580_electricity,#3186cc,LV electricity distribution secondary,transmission,100000,1,20,LVEtransmission1580,D0503100000014719
D0503100000014723_to_LVEtransmission1580_electricity,#3186cc,LV electricity distribution secondary,transmission,100000,1,20,LVEtransmission1580,D0503100000014723
D0503100000014725_to_LVEtransmission80_electricity,#3186cc,LV electricity distribution secondary,transmission,100000,1,20,LVEtransmission80,D0503100000014725
D0503100000014726_to_LVEtransmission1872_electricity,#3186cc,LV electricity distribution secondary,transmission,100000,1,20,LVEtransmission1872,D0503100000014726
D0503100000014729_to_LVEtransmission1536_electricity,#3186cc,LV electricity distribution secondary,transmission,100000,1,20,LVEtransmission1536,D0503100000014729
D0503100000014731_to_LVEtransmission1842_electricity,#3186cc,LV electricity distribution secondary,transmission,100000,1,20,LVEtransmission1842,D0503100000014731
D0503100000014733_to_LVEtransmission157_electricity,#3186cc,LV electricity distribution secondary,transmission,100000,1,20,LVEtransmission157,D0503100000014733
D0503100000014739_to_LVEtransmission827_electricity,#3186cc,LV electricity distribution secondary,transmission,100000,1,20,LVEtransmission827,D0503100000014739
D0503100000014741_to_LVEtransmission1285_electricity,#3186cc,LV electricity distribution secondary,transmission,100000,1,20,LVEtransmission1285,D0503100000014741
D0503100000014744_to_LVEtransmission497_electricity,#3186cc,LV electricity distribution secondary,transmission,100000,1,20,LVEtransmission497,D0503100000014744
D0503100000014745_to_LVEtransmission325_electricity,#3186cc,LV electricity distribution secondary,transmission,100000,1,20,LVEtransmission325,D0503100000014745
D0503100000014747_to_LVEtransmission157_electricity,#3186cc,LV electricity distribution secondary,transmission,100000,1,20,LVEtransmission157,D0503100000014747
D0503100000014748_to_LVEtransmission157_electricity,#3186cc,LV electricity distribution secondary,transmission,100000,1,20,LVEtransmission157,D0503100000014748
D0503100000014835_to_LVEtransmission547_electricity,#3186cc,LV electricity distribution secondary,transmission,100000,1,20,LVEtransmission547,D0503100000014835
D0503100000014836_to_LVEtransmission157_electricity,#3186cc,LV electricity distribution secondary,transmission,100000,1,20,LVEtransmission157,D0503100000014836
D0503100000014837_to_LVEtransmission443_electricity,#3186cc,LV electricity distribution secondary,transmission,100000,1,20,LVEtransmission443,D0503100000014837
D0503100000014838_to_LVEtransmission272_electricity,#3186cc,LV electricity distribution secondary,transmission,100000,1,20,LVEtransmission272,D0503100000014838
D0503100000014843_to_LVEtransmission183_electricity,#3186cc,LV electricity distribution secondary,transmission,100000,1,20,LVEtransmission183,D0503100000014843
D0503100000014847_to_LVEtransmission1355_electricity,#3186cc,LV electricity distribution secondary,transmission,100000,1,20,LVEtransmission1355,D0503100000014847
D0503100000014848_to_LVEtransmission157_electricity,#3186cc,LV electricity distribution secondary,transmission,100000,1,20,LVEtransmission157,D0503100000014848
D0503100000014850_to_LVEtransmission385_electricity,#3186cc,LV electricity distribution secondary,transmission,100000,1,20,LVEtransmission385,D0503100000014850
D0503100000014852_to_LVEtransmission504_electricity,#3186cc,LV electricity distribution secondary,transmission,100000,1,20,LVEtransmission504,D0503100000014852
D0503100000014854_to_LVEtransmission1419_electricity,#3186cc,LV electricity distribution secondary,transmission,100000,1,20,LVEtransmission1419,D0503100000014854
D0503100000015289_to_LVEtransmission1665_electricity,#3186cc,LV electricity distribution secondary,transmission,100000,1,20,LVEtransmission1665,D0503100000015289
D0503100000015290_to_LVEtransmission877_electricity,#3186cc,LV electricity distribution secondary,transmission,100000,1,20,LVEtransmission877,D0503100000015290
D0503100000015291_to_LVEtransmission381_electricity,#3186cc,LV electricity distribution secondary,transmission,100000,1,20,LVEtransmission381,D0503100000015291
D0503100000015292_to_LVEtransmission185_electricity,#3186cc,LV electricity distribution secondary,transmission,100000,1,20,LVEtransmission185,D0503100000015292
D0503100000015293_to_LVEtransmission1145_electricity,#3186cc,LV electricity distribution secondary,transmission,100000,1,20,LVEtransmission1145,D0503100000015293
D0503100000015294_to_LVEtransmission1606_electricity,#3186cc,LV electricity distribution secondary,transmission,100000,1,20,LVEtransmission1606,D0503100000015294
D0503100000015295_to_LVEtransmission381_electricity,#3186cc,LV electricity distribution secondary,transmission,100000,1,20,LVEtransmission381,D0503100000015295
D0503100000015297_to_LVEtransmission1606_electricity,#3186cc,LV electricity distribution secondary,transmission,100000,1,20,LVEtransmission1606,D0503100000015297
D0503100000015298_to_LVEtransmission1349_electricity,#3186cc,LV electricity distribution secondary,transmission,100000,1,20,LVEtransmission1349,D0503100000015298
D0503100000015299_to_LVEtransmission1128_electricity,#3186cc,LV electricity distribution secondary,transmission,100000,1,20,LVEtransmission1128,D0503100000015299
D0503100000015300_to_LVEtransmission670_electricity,#3186cc,LV electricity distribution secondary,transmission,100000,1,20,LVEtransmission670,D0503100000015300
D0503100000015304_to_LVEtransmission1665_electricity,#3186cc,LV electricity distribution secondary,transmission,100000,1,20,LVEtransmission1665,D0503100000015304
D0503100000015305_to_LVEtransmission237_electricity,#3186cc,LV electricity distribution secondary,transmission,100000,1,20,LVEtransmission237,D0503100000015305
D0503100000015306_to_LVEtransmission723_electricity,#3186cc,LV electricity distribution secondary,transmission,100000,1,20,LVEtransmission723,D0503100000015306
D0503100000015307_to_LVEtransmission1128_electricity,#3186cc,LV electricity distribution secondary,transmission,100000,1,20,LVEtransmission1128,D0503100000015307
D0503100000015312_to_LVEtransmission1980_electricity,#3186cc,LV electricity distribution secondary,transmission,100000,1,20,LVEtransmission1980,D0503100000015312
D0503100000015314_to_LVEtransmission56_electricity,#3186cc,LV electricity distribution secondary,transmission,100000,1,20,LVEtransmission56,D0503100000015314
D0503100000015316_to_LVEtransmission561_electricity,#3186cc,LV electricity distribution secondary,transmission,100000,1,20,LVEtransmission561,D0503100000015316
D0503100000015317_to_LVEtransmission1927_electricity,#3186cc,LV electricity distribution secondary,transmission,100000,1,20,LVEtransmission1927,D0503100000015317
D0503100000015318_to_LVEtransmission1130_electricity,#3186cc,LV electricity distribution secondary,transmission,100000,1,20,LVEtransmission1130,D0503100000015318
D0503100000015402_to_LVEtransmission1549_electricity,#3186cc,LV electricity distribution secondary,transmission,100000,1,20,LVEtransmission1549,D0503100000015402
D0503100000015404_to_LVEtransmission1588_electricity,#3186cc,LV electricity distribution secondary,transmission,100000,1,20,LVEtransmission1588,D0503100000015404
D0503100000015405_to_LVEtransmission1804_electricity,#3186cc,LV electricity distribution secondary,transmission,100000,1,20,LVEtransmission1804,D0503100000015405
D0503100000015406_to_LVEtransmission1779_electricity,#3186cc,LV electricity distribution secondary,transmission,100000,1,20,LVEtransmission1779,D0503100000015406
D0503100000015408_to_LVEtransmission1302_electricity,#3186cc,LV electricity distribution secondary,transmission,100000,1,20,LVEtransmission1302,D0503100000015408
D0503100000015409_to_LVEtransmission212_electricity,#3186cc,LV electricity distribution secondary,transmission,100000,1,20,LVEtransmission212,D0503100000015409
D0503100000015410_to_LVEtransmission1478_electricity,#3186cc,LV electricity distribution secondary,transmission,100000,1,20,LVEtransmission1478,D0503100000015410
D0503100000015412_to_LVEtransmission964_electricity,#3186cc,LV electricity distribution secondary,transmission,100000,1,20,LVEtransmission964,D0503100000015412
D0503100000015413_to_LVEtransmission388_electricity,#3186cc,LV electricity distribution secondary,transmission,100000,1,20,LVEtransmission388,D0503100000015413
D0503100000015414_to_LVEtransmission1661_electricity,#3186cc,LV electricity distribution secondary,transmission,100000,1,20,LVEtransmission1661,D0503100000015414
D0503100000015415_to_LVEtransmission1130_electricity,#3186cc,LV electricity distribution secondary,transmission,100000,1,20,LVEtransmission1130,D0503100000015415
D0503100000015416_to_LVEtransmission1770_electricity,#3186cc,LV electricity distribution secondary,transmission,100000,1,20,LVEtransmission1770,D0503100000015416
D0503100000015418_to_LVEtransmission1130_electricity,#3186cc,LV electricity distribution secondary,transmission,100000,1,20,LVEtransmission1130,D0503100000015418
D0503100000015420_to_LVEtransmission199_electricity,#3186cc,LV electricity distribution secondary,transmission,100000,1,20,LVEtransmission199,D0503100000015420
D0503100000015424_to_LVEtransmission1908_electricity,#3186cc,LV electricity distribution secondary,transmission,100000,1,20,LVEtransmission1908,D0503100000015424
D0503100000015425_to_LVEtransmission959_electricity,#3186cc,LV electricity distribution secondary,transmission,100000,1,20,LVEtransmission959,D0503100000015425
D0503100000015428_to_LVEtransmission921_electricity,#3186cc,LV electricity distribution secondary,transmission,100000,1,20,LVEtransmission921,D0503100000015428
D0503100000015431_to_LVEtransmission1804_electricity,#3186cc,LV electricity distribution secondary,transmission,100000,1,20,LVEtransmission1804,D0503100000015431
D0503100000015432_to_LVEtransmission1948_electricity,#3186cc,LV electricity distribution secondary,transmission,100000,1,20,LVEtransmission1948,D0503100000015432
D0503100000018688_to_LVEtransmission837_electricity,#3186cc,LV electricity distribution secondary,transmission,100000,1,20,LVEtransmission837,D0503100000018688
D0503100000018691_to_LVEtransmission1156_electricity,#3186cc,LV electricity distribution secondary,transmission,100000,1,20,LVEtransmission1156,D0503100000018691
D0503100000018692_to_LVEtransmission1676_electricity,#3186cc,LV electricity distribution secondary,transmission,100000,1,20,LVEtransmission1676,D0503100000018692
D0503100000018693_to_LVEtransmission1892_electricity,#3186cc,LV electricity distribution secondary,transmission,100000,1,20,LVEtransmission1892,D0503100000018693
D0503100000018694_to_LVEtransmission1469_electricity,#3186cc,LV electricity distribution secondary,transmission,100000,1,20,LVEtransmission1469,D0503100000018694
D0503100000018695_to_LVEtransmission1509_electricity,#3186cc,LV electricity distribution secondary,transmission,100000,1,20,LVEtransmission1509,D0503100000018695
D0503100000018698_to_LVEtransmission1162_electricity,#3186cc,LV electricity distribution secondary,transmission,100000,1,20,LVEtransmission1162,D0503100000018698
D0503100000018699_to_LVEtransmission601_electricity,#3186cc,LV electricity distribution secondary,transmission,100000,1,20,LVEtransmission601,D0503100000018699
D0503100000018700_to_LVEtransmission743_electricity,#3186cc,LV electricity distribution secondary,transmission,100000,1,20,LVEtransmission743,D0503100000018700
D0503100000018701_to_LVEtransmission315_electricity,#3186cc,LV electricity distribution secondary,transmission,100000,1,20,LVEtransmission315,D0503100000018701
D0503100000018704_to_LVEtransmission484_electricity,#3186cc,LV electricity distribution secondary,transmission,100000,1,20,LVEtransmission484,D0503100000018704
D0503100000018705_to_LVEtransmission484_electricity,#3186cc,LV electricity distribution secondary,transmission,100000,1,20,LVEtransmission484,D0503100000018705
D0503100000018706_to_LVEtransmission1156_electricity,#3186cc,LV electricity distribution secondary,transmission,100000,1,20,LVEtransmission1156,D0503100000018706
D0503100000018707_to_LVEtransmission502_electricity,#3186cc,LV electricity distribution secondary,transmission,100000,1,20,LVEtransmission502,D0503100000018707
D0503100000018708_to_LVEtransmission253_electricity,#3186cc,LV electricity distribution secondary,transmission,100000,1,20,LVEtransmission253,D0503100000018708
D0503100000018710_to_LVEtransmission1923_electricity,#3186cc,LV electricity distribution secondary,transmission,100000,1,20,LVEtransmission1923,D0503100000018710
D0503100000018711_to_LVEtransmission1923_electricity,#3186cc,LV electricity distribution secondary,transmission,100000,1,20,LVEtransmission1923,D0503100000018711
D0503100000018712_to_LVEtransmission239_electricity,#3186cc,LV electricity distribution secondary,transmission,100000,1,20,LVEtransmission239,D0503100000018712
D0503100000018785_to_LVEtransmission1128_electricity,#3186cc,LV electricity distribution secondary,transmission,100000,1,20,LVEtransmission1128,D0503100000018785
D0503100000018786_to_LVEtransmission152_electricity,#3186cc,LV electricity distribution secondary,transmission,100000,1,20,LVEtransmission152,D0503100000018786
D0503100000018787_to_LVEtransmission1539_electricity,#3186cc,LV electricity distribution secondary,transmission,100000,1,20,LVEtransmission1539,D0503100000018787
D0503100000018788_to_LVEtransmission21_electricity,#3186cc,LV electricity distribution secondary,transmission,100000,1,20,LVEtransmission21,D0503100000018788
D0503100000018789_to_LVEtransmission21_electricity,#3186cc,LV electricity distribution secondary,transmission,100000,1,20,LVEtransmission21,D0503100000018789
D0503100000018790_to_LVEtransmission21_electricity,#3186cc,LV electricity distribution secondary,transmission,100000,1,20,LVEtransmission21,D0503100000018790
D0503100000018791_to_LVEtransmission21_electricity,#3186cc,LV electricity distribution secondary,transmission,100000,1,20,LVEtransmission21,D0503100000018791
D0503100000018792_to_LVEtransmission21_electricity,#3186cc,LV electricity distribution secondary,transmission,100000,1,20,LVEtransmission21,D0503100000018792
D0503100000018793_to_LVEtransmission1313_electricity,#3186cc,LV electricity distribution secondary,transmission,100000,1,20,LVEtransmission1313,D0503100000018793
D0503100000018794_to_LVEtransmission1277_electricity,#3186cc,LV electricity distribution secondary,transmission,100000,1,20,LVEtransmission1277,D0503100000018794
D0503100000018795_to_LVEtransmission1288_electricity,#3186cc,LV electricity distribution secondary,transmission,100000,1,20,LVEtransmission1288,D0503100000018795
D0503100000018796_to_LVEtransmission1450_electricity,#3186cc,LV electricity distribution secondary,transmission,100000,1,20,LVEtransmission1450,D0503100000018796
D0503100000018797_to_LVEtransmission373_electricity,#3186cc,LV electricity distribution secondary,transmission,100000,1,20,LVEtransmission373,D0503100000018797
D0503100000018798_to_LVEtransmission373_electricity,#3186cc,LV electricity distribution secondary,transmission,100000,1,20,LVEtransmission373,D0503100000018798
D0503100000018799_to_LVEtransmission373_electricity,#3186cc,LV electricity distribution secondary,transmission,100000,1,20,LVEtransmission373,D0503100000018799
D0503100000018800_to_LVEtransmission373_electricity,#3186cc,LV electricity distribution secondary,transmission,100000,1,20,LVEtransmission373,D0503100000018800
D0503100000018801_to_LVEtransmission373_electricity,#3186cc,LV electricity distribution secondary,transmission,100000,1,20,LVEtransmission373,D0503100000018801
D0503100000018802_to_LVEtransmission1515_electricity,#3186cc,LV electricity distribution secondary,transmission,100000,1,20,LVEtransmission1515,D0503100000018802
D0503100000018803_to_LVEtransmission1515_electricity,#3186cc,LV electricity distribution secondary,transmission,100000,1,20,LVEtransmission1515,D0503100000018803
D0503100000018804_to_LVEtransmission484_electricity,#3186cc,LV electricity distribution secondary,transmission,100000,1,20,LVEtransmission484,D0503100000018804
D0503100000018805_to_LVEtransmission484_electricity,#3186cc,LV electricity distribution secondary,transmission,100000,1,20,LVEtransmission484,D0503100000018805
D0503100000018806_to_LVEtransmission484_electricity,#3186cc,LV electricity distribution secondary,transmission,100000,1,20,LVEtransmission484,D0503100000018806
D0503100000018807_to_LVEtransmission613_electricity,#3186cc,LV electricity distribution secondary,transmission,100000,1,20,LVEtransmission613,D0503100000018807
D0503100000018808_to_LVEtransmission680_electricity,#3186cc,LV electricity distribution secondary,transmission,100000,1,20,LVEtransmission680,D0503100000018808
D0503100000018809_to_LVEtransmission981_electricity,#3186cc,LV electricity distribution secondary,transmission,100000,1,20,LVEtransmission981,D0503100000018809
D0503100000018810_to_LVEtransmission1649_electricity,#3186cc,LV electricity distribution secondary,transmission,100000,1,20,LVEtransmission1649,D0503100000018810
D0503100000018811_to_LVEtransmission1534_electricity,#3186cc,LV electricity distribution secondary,transmission,100000,1,20,LVEtransmission1534,D0503100000018811
D0503100000018812_to_LVEtransmission1519_electricity,#3186cc,LV electricity distribution secondary,transmission,100000,1,20,LVEtransmission1519,D0503100000018812
D0503100000018813_to_LVEtransmission213_electricity,#3186cc,LV electricity distribution secondary,transmission,100000,1,20,LVEtransmission213,D0503100000018813
D0503100000018814_to_LVEtransmission1638_electricity,#3186cc,LV electricity distribution secondary,transmission,100000,1,20,LVEtransmission1638,D0503100000018814
D0503100000018815_to_LVEtransmission1190_electricity,#3186cc,LV electricity distribution secondary,transmission,100000,1,20,LVEtransmission1190,D0503100000018815
D0503100000018879_to_LVEtransmission386_electricity,#3186cc,LV electricity distribution secondary,transmission,100000,1,20,LVEtransmission386,D0503100000018879
D0503100000018880_to_LVEtransmission171_electricity,#3186cc,LV electricity distribution secondary,transmission,100000,1,20,LVEtransmission171,D0503100000018880
D0503100000018881_to_LVEtransmission438_electricity,#3186cc,LV electricity distribution secondary,transmission,100000,1,20,LVEtransmission438,D0503100000018881
D0503100000018882_to_LVEtransmission1535_electricity,#3186cc,LV electricity distribution secondary,transmission,100000,1,20,LVEtransmission1535,D0503100000018882
D0503100000018883_to_LVEtransmission543_electricity,#3186cc,LV electricity distribution secondary,transmission,100000,1,20,LVEtransmission543,D0503100000018883
D0503100000018884_to_LVEtransmission990_electricity,#3186cc,LV electricity distribution secondary,transmission,100000,1,20,LVEtransmission990,D0503100000018884
D0503100000018892_to_LVEtransmission1156_electricity,#3186cc,LV electricity distribution secondary,transmission,100000,1,20,LVEtransmission1156,D0503100000018892
D0503100000018893_to_LVEtransmission1156_electricity,#3186cc,LV electricity distribution secondary,transmission,100000,1,20,LVEtransmission1156,D0503100000018893
D0503100000018894_to_LVEtransmission321_electricity,#3186cc,LV electricity distribution secondary,transmission,100000,1,20,LVEtransmission321,D0503100000018894
D0503100000018895_to_LVEtransmission1014_electricity,#3186cc,LV electricity distribution secondary,transmission,100000,1,20,LVEtransmission1014,D0503100000018895
D0503100000018896_to_LVEtransmission868_electricity,#3186cc,LV electricity distribution secondary,transmission,100000,1,20,LVEtransmission868,D0503100000018896
D0503100000018897_to_LVEtransmission1827_electricity,#3186cc,LV electricity distribution secondary,transmission,100000,1,20,LVEtransmission1827,D0503100000018897
D0503100000018899_to_LVEtransmission1542_electricity,#3186cc,LV electricity distribution secondary,transmission,100000,1,20,LVEtransmission1542,D0503100000018899
D0503100000018900_to_LVEtransmission1515_electricity,#3186cc,LV electricity distribution secondary,transmission,100000,1,20,LVEtransmission1515,D0503100000018900
D0503100000018901_to_LVEtransmission1960_electricity,#3186cc,LV electricity distribution secondary,transmission,100000,1,20,LVEtransmission1960,D0503100000018901
D0503100000018902_to_LVEtransmission1769_electricity,#3186cc,LV electricity distribution secondary,transmission,100000,1,20,LVEtransmission1769,D0503100000018902
D0503100000018903_to_LVEtransmission743_electricity,#3186cc,LV electricity distribution secondary,transmission,100000,1,20,LVEtransmission743,D0503100000018903
D0503100000018904_to_LVEtransmission743_electricity,#3186cc,LV electricity distribution secondary,transmission,100000,1,20,LVEtransmission743,D0503100000018904
D0503100000018905_to_LVEtransmission743_electricity,#3186cc,LV electricity distribution secondary,transmission,100000,1,20,LVEtransmission743,D0503100000018905
D0503100000018906_to_LVEtransmission828_electricity,#3186cc,LV electricity distribution secondary,transmission,100000,1,20,LVEtransmission828,D0503100000018906
D0503100000018907_to_LVEtransmission1361_electricity,#3186cc,LV electricity distribution secondary,transmission,100000,1,20,LVEtransmission1361,D0503100000018907
D0503100000018908_to_LVEtransmission1361_electricity,#3186cc,LV electricity distribution secondary,transmission,100000,1,20,LVEtransmission1361,D0503100000018908
D0503100000018909_to_LVEtransmission1725_electricity,#3186cc,LV electricity distribution secondary,transmission,100000,1,20,LVEtransmission1725,D0503100000018909
D0503100000018910_to_LVEtransmission403_electricity,#3186cc,LV electricity distribution secondary,transmission,100000,1,20,LVEtransmission403,D0503100000018910
D0503100000018911_to_LVEtransmission1345_electricity,#3186cc,LV electricity distribution secondary,transmission,100000,1,20,LVEtransmission1345,D0503100000018911
D0503100000018912_to_LVEtransmission567_electricity,#3186cc,LV electricity distribution secondary,transmission,100000,1,20,LVEtransmission567,D0503100000018912
D0503100000018979_to_LVEtransmission190_electricity,#3186cc,LV electricity distribution secondary,transmission,100000,1,20,LVEtransmission190,D0503100000018979
D0503100000018980_to_LVEtransmission1361_electricity,#3186cc,LV electricity distribution secondary,transmission,100000,1,20,LVEtransmission1361,D0503100000018980
D0503100000018981_to_LVEtransmission1384_electricity,#3186cc,LV electricity distribution secondary,transmission,100000,1,20,LVEtransmission1384,D0503100000018981
D0503100000018982_to_LVEtransmission150_electricity,#3186cc,LV electricity distribution secondary,transmission,100000,1,20,LVEtransmission150,D0503100000018982
D0503100000018983_to_LVEtransmission412_electricity,#3186cc,LV electricity distribution secondary,transmission,100000,1,20,LVEtransmission412,D0503100000018983
D0503100000018984_to_LVEtransmission1391_electricity,#3186cc,LV electricity distribution secondary,transmission,100000,1,20,LVEtransmission1391,D0503100000018984
D0503100000018985_to_LVEtransmission1391_electricity,#3186cc,LV electricity distribution secondary,transmission,100000,1,20,LVEtransmission1391,D0503100000018985
D0503100000018986_to_LVEtransmission373_electricity,#3186cc,LV electricity distribution secondary,transmission,100000,1,20,LVEtransmission373,D0503100000018986
D0503100000018987_to_LVEtransmission373_electricity,#3186cc,LV electricity distribution secondary,transmission,100000,1,20,LVEtransmission373,D0503100000018987
D0503100000018988_to_LVEtransmission373_electricity,#3186cc,LV electricity distribution secondary,transmission,100000,1,20,LVEtransmission373,D0503100000018988
D0503100000018989_to_LVEtransmission469_electricity,#3186cc,LV electricity distribution secondary,transmission,100000,1,20,LVEtransmission469,D0503100000018989
D0503100000018990_to_LVEtransmission1675_electricity,#3186cc,LV electricity distribution secondary,transmission,100000,1,20,LVEtransmission1675,D0503100000018990
D0503100000019096_to_LVEtransmission1638_electricity,#3186cc,LV electricity distribution secondary,transmission,100000,1,20,LVEtransmission1638,D0503100000019096
D0503100000019098_to_LVEtransmission1892_electricity,#3186cc,LV electricity distribution secondary,transmission,100000,1,20,LVEtransmission1892,D0503100000019098
D0503100000019099_to_LVEtransmission363_electricity,#3186cc,LV electricity distribution secondary,transmission,100000,1,20,LVEtransmission363,D0503100000019099
D0503100000019100_to_LVEtransmission842_electricity,#3186cc,LV electricity distribution secondary,transmission,100000,1,20,LVEtransmission842,D0503100000019100
D0503100000019102_to_LVEtransmission1615_electricity,#3186cc,LV electricity distribution secondary,transmission,100000,1,20,LVEtransmission1615,D0503100000019102
D0503100000019103_to_LVEtransmission1638_electricity,#3186cc,LV electricity distribution secondary,transmission,100000,1,20,LVEtransmission1638,D0503100000019103
D0503100000019104_to_LVEtransmission1552_electricity,#3186cc,LV electricity distribution secondary,transmission,100000,1,20,LVEtransmission1552,D0503100000019104
D0503100000019105_to_LVEtransmission143_electricity,#3186cc,LV electricity distribution secondary,transmission,100000,1,20,LVEtransmission143,D0503100000019105
D0503100000019106_to_LVEtransmission99_electricity,#3186cc,LV electricity distribution secondary,transmission,100000,1,20,LVEtransmission99,D0503100000019106
D0503100000019107_to_LVEtransmission99_electricity,#3186cc,LV electricity distribution secondary,transmission,100000,1,20,LVEtransmission99,D0503100000019107
D0503100000019108_to_LVEtransmission288_electricity,#3186cc,LV electricity distribution secondary,transmission,100000,1,20,LVEtransmission288,D0503100000019108
D0503100000019109_to_LVEtransmission1509_electricity,#3186cc,LV electricity distribution secondary,transmission,100000,1,20,LVEtransmission1509,D0503100000019109
D0503100000019110_to_LVEtransmission438_electricity,#3186cc,LV electricity distribution secondary,transmission,100000,1,20,LVEtransmission438,D0503100000019110
D0503100000019111_to_LVEtransmission1535_electricity,#3186cc,LV electricity distribution secondary,transmission,100000,1,20,LVEtransmission1535,D0503100000019111
D0503100000019112_to_LVEtransmission543_electricity,#3186cc,LV electricity distribution secondary,transmission,100000,1,20,LVEtransmission543,D0503100000019112
D0503100000019113_to_LVEtransmission562_electricity,#3186cc,LV electricity distribution secondary,transmission,100000,1,20,LVEtransmission562,D0503100000019113
D0503100000019114_to_LVEtransmission990_electricity,#3186cc,LV electricity distribution secondary,transmission,100000,1,20,LVEtransmission990,D0503100000019114
D0503100000019115_to_LVEtransmission1878_electricity,#3186cc,LV electricity distribution secondary,transmission,100000,1,20,LVEtransmission1878,D0503100000019115
D0503100000019116_to_LVEtransmission1878_electricity,#3186cc,LV electricity distribution secondary,transmission,100000,1,20,LVEtransmission1878,D0503100000019116
D0503100000019117_to_LVEtransmission570_electricity,#3186cc,LV electricity distribution secondary,transmission,100000,1,20,LVEtransmission570,D0503100000019117
D0503100000019194_to_LVEtransmission1711_electricity,#3186cc,LV electricity distribution secondary,transmission,100000,1,20,LVEtransmission1711,D0503100000019194
D0503100000019195_to_LVEtransmission662_electricity,#3186cc,LV electricity distribution secondary,transmission,100000,1,20,LVEtransmission662,D0503100000019195
D0503100000019196_to_LVEtransmission922_electricity,#3186cc,LV electricity distribution secondary,transmission,100000,1,20,LVEtransmission922,D0503100000019196
D0503100000019197_to_LVEtransmission832_electricity,#3186cc,LV electricity distribution secondary,transmission,100000,1,20,LVEtransmission832,D0503100000019197
D0503100000019198_to_LVEtransmission487_electricity,#3186cc,LV electricity distribution secondary,transmission,100000,1,20,LVEtransmission487,D0503100000019198
D0503100000019223_to_LVEtransmission676_electricity,#3186cc,LV electricity distribution secondary,transmission,100000,1,20,LVEtransmission676,D0503100000019223
D0503100000019224_to_LVEtransmission181_electricity,#3186cc,LV electricity distribution secondary,transmission,100000,1,20,LVEtransmission181,D0503100000019224
D0503100000019225_to_LVEtransmission1696_electricity,#3186cc,LV electricity distribution secondary,transmission,100000,1,20,LVEtransmission1696,D0503100000019225
D0503100000019226_to_LVEtransmission424_electricity,#3186cc,LV electricity distribution secondary,transmission,100000,1,20,LVEtransmission424,D0503100000019226
D0503100000019427_to_LVEtransmission939_electricity,#3186cc,LV electricity distribution secondary,transmission,100000,1,20,LVEtransmission939,D0503100000019427
D0503100000019429_to_LVEtransmission380_electricity,#3186cc,LV electricity distribution secondary,transmission,100000,1,20,LVEtransmission380,D0503100000019429
D0503100000019430_to_LVEtransmission380_electricity,#3186cc,LV electricity distribution secondary,transmission,100000,1,20,LVEtransmission380,D0503100000019430
D0503100000019431_to_LVEtransmission380_electricity,#3186cc,LV electricity distribution secondary,transmission,100000,1,20,LVEtransmission380,D0503100000019431
D0503100000019432_to_LVEtransmission1154_electricity,#3186cc,LV electricity distribution secondary,transmission,100000,1,20,LVEtransmission1154,D0503100000019432
D0503100000019433_to_LVEtransmission468_electricity,#3186cc,LV electricity distribution secondary,transmission,100000,1,20,LVEtransmission468,D0503100000019433
D0503100000019435_to_LVEtransmission1222_electricity,#3186cc,LV electricity distribution secondary,transmission,100000,1,20,LVEtransmission1222,D0503100000019435
D0503100000019436_to_LVEtransmission1524_electricity,#3186cc,LV electricity distribution secondary,transmission,100000,1,20,LVEtransmission1524,D0503100000019436
D0503100000019437_to_LVEtransmission1930_electricity,#3186cc,LV electricity distribution secondary,transmission,100000,1,20,LVEtransmission1930,D0503100000019437
D0503100000019438_to_LVEtransmission929_electricity,#3186cc,LV electricity distribution secondary,transmission,100000,1,20,LVEtransmission929,D0503100000019438
D0503100000019439_to_LVEtransmission468_electricity,#3186cc,LV electricity distribution secondary,transmission,100000,1,20,LVEtransmission468,D0503100000019439
D0503100000019440_to_LVEtransmission1230_electricity,#3186cc,LV electricity distribution secondary,transmission,100000,1,20,LVEtransmission1230,D0503100000019440
D0503100000019441_to_LVEtransmission1011_electricity,#3186cc,LV electricity distribution secondary,transmission,100000,1,20,LVEtransmission1011,D0503100000019441
D0503100000019442_to_LVEtransmission1011_electricity,#3186cc,LV electricity distribution secondary,transmission,100000,1,20,LVEtransmission1011,D0503100000019442
D0503100000019443_to_LVEtransmission1011_electricity,#3186cc,LV electricity distribution secondary,transmission,100000,1,20,LVEtransmission1011,D0503100000019443
D0503100000019444_to_LVEtransmission392_electricity,#3186cc,LV electricity distribution secondary,transmission,100000,1,20,LVEtransmission392,D0503100000019444
D0503100000019513_to_LVEtransmission1958_electricity,#3186cc,LV electricity distribution secondary,transmission,100000,1,20,LVEtransmission1958,D0503100000019513
D0503100000019514_to_LVEtransmission933_electricity,#3186cc,LV electricity distribution secondary,transmission,100000,1,20,LVEtransmission933,D0503100000019514
D0503100000019515_to_LVEtransmission1328_electricity,#3186cc,LV electricity distribution secondary,transmission,100000,1,20,LVEtransmission1328,D0503100000019515
D0503100000019516_to_LVEtransmission1399_electricity,#3186cc,LV electricity distribution secondary,transmission,100000,1,20,LVEtransmission1399,D0503100000019516
D0503100000019517_to_LVEtransmission1243_electricity,#3186cc,LV electricity distribution secondary,transmission,100000,1,20,LVEtransmission1243,D0503100000019517
D0503100000019518_to_LVEtransmission1355_electricity,#3186cc,LV electricity distribution secondary,transmission,100000,1,20,LVEtransmission1355,D0503100000019518
D0503100000019519_to_LVEtransmission1912_electricity,#3186cc,LV electricity distribution secondary,transmission,100000,1,20,LVEtransmission1912,D0503100000019519
D0503100000019520_to_LVEtransmission1419_electricity,#3186cc,LV electricity distribution secondary,transmission,100000,1,20,LVEtransmission1419,D0503100000019520
D0503100000019534_to_LVEtransmission1265_electricity,#3186cc,LV electricity distribution secondary,transmission,100000,1,20,LVEtransmission1265,D0503100000019534
D0503100000019535_to_LVEtransmission1265_electricity,#3186cc,LV electricity distribution secondary,transmission,100000,1,20,LVEtransmission1265,D0503100000019535
D0503100000019536_to_LVEtransmission1265_electricity,#3186cc,LV electricity distribution secondary,transmission,100000,1,20,LVEtransmission1265,D0503100000019536
D0503100000019537_to_LVEtransmission769_electricity,#3186cc,LV electricity distribution secondary,transmission,100000,1,20,LVEtransmission769,D0503100000019537
D0503100000019538_to_LVEtransmission1520_electricity,#3186cc,LV electricity distribution secondary,transmission,100000,1,20,LVEtransmission1520,D0503100000019538
D0503100000019539_to_LVEtransmission1520_electricity,#3186cc,LV electricity distribution secondary,transmission,100000,1,20,LVEtransmission1520,D0503100000019539
D0503100000019619_to_LVEtransmission1908_electricity,#3186cc,LV electricity distribution secondary,transmission,100000,1,20,LVEtransmission1908,D0503100000019619
D0503100000019620_to_LVEtransmission1908_electricity,#3186cc,LV electricity distribution secondary,transmission,100000,1,20,LVEtransmission1908,D0503100000019620
D0503100000019621_to_LVEtransmission1908_electricity,#3186cc,LV electricity distribution secondary,transmission,100000,1,20,LVEtransmission1908,D0503100000019621
D0503100000019622_to_LVEtransmission1908_electricity,#3186cc,LV electricity distribution secondary,transmission,100000,1,20,LVEtransmission1908,D0503100000019622
D0503100000019623_to_LVEtransmission1308_electricity,#3186cc,LV electricity distribution secondary,transmission,100000,1,20,LVEtransmission1308,D0503100000019623
D0503100000019624_to_LVEtransmission1274_electricity,#3186cc,LV electricity distribution secondary,transmission,100000,1,20,LVEtransmission1274,D0503100000019624
D0503100000019625_to_LVEtransmission1274_electricity,#3186cc,LV electricity distribution secondary,transmission,100000,1,20,LVEtransmission1274,D0503100000019625
D0503100000019626_to_LVEtransmission83_electricity,#3186cc,LV electricity distribution secondary,transmission,100000,1,20,LVEtransmission83,D0503100000019626
D0503100000019627_to_LVEtransmission1934_electricity,#3186cc,LV electricity distribution secondary,transmission,100000,1,20,LVEtransmission1934,D0503100000019627
D0503100000019628_to_LVEtransmission820_electricity,#3186cc,LV electricity distribution secondary,transmission,100000,1,20,LVEtransmission820,D0503100000019628
D0503100000019629_to_LVEtransmission820_electricity,#3186cc,LV electricity distribution secondary,transmission,100000,1,20,LVEtransmission820,D0503100000019629
D0503100000019630_to_LVEtransmission1830_electricity,#3186cc,LV electricity distribution secondary,transmission,100000,1,20,LVEtransmission1830,D0503100000019630
D0503100000019631_to_LVEtransmission1230_electricity,#3186cc,LV electricity distribution secondary,transmission,100000,1,20,LVEtransmission1230,D0503100000019631
D0503100000019632_to_LVEtransmission1230_electricity,#3186cc,LV electricity distribution secondary,transmission,100000,1,20,LVEtransmission1230,D0503100000019632
D0503100000019939_to_LVEtransmission58_electricity,#3186cc,LV electricity distribution secondary,transmission,100000,1,20,LVEtransmission58,D0503100000019939
D0503100000019940_to_LVEtransmission50_electricity,#3186cc,LV electricity distribution secondary,transmission,100000,1,20,LVEtransmission50,D0503100000019940
D0503100000019941_to_LVEtransmission13_electricity,#3186cc,LV electricity distribution secondary,transmission,100000,1,20,LVEtransmission13,D0503100000019941
D0503100000019942_to_LVEtransmission425_electricity,#3186cc,LV electricity distribution secondary,transmission,100000,1,20,LVEtransmission425,D0503100000019942
D0503100000019943_to_LVEtransmission1980_electricity,#3186cc,LV electricity distribution secondary,transmission,100000,1,20,LVEtransmission1980,D0503100000019943
D0503100000019944_to_LVEtransmission806_electricity,#3186cc,LV electricity distribution secondary,transmission,100000,1,20,LVEtransmission806,D0503100000019944
D0503100000019945_to_LVEtransmission723_electricity,#3186cc,LV electricity distribution secondary,transmission,100000,1,20,LVEtransmission723,D0503100000019945
D0503100000019946_to_LVEtransmission1824_electricity,#3186cc,LV electricity distribution secondary,transmission,100000,1,20,LVEtransmission1824,D0503100000019946
D0503100000019947_to_LVEtransmission1927_electricity,#3186cc,LV electricity distribution secondary,transmission,100000,1,20,LVEtransmission1927,D0503100000019947
D0503100000019950_to_LVEtransmission1923_electricity,#3186cc,LV electricity distribution secondary,transmission,100000,1,20,LVEtransmission1923,D0503100000019950
D0503100000019951_to_LVEtransmission1663_electricity,#3186cc,LV electricity distribution secondary,transmission,100000,1,20,LVEtransmission1663,D0503100000019951
D0503100000019952_to_LVEtransmission1663_electricity,#3186cc,LV electricity distribution secondary,transmission,100000,1,20,LVEtransmission1663,D0503100000019952
D0503100000019953_to_LVEtransmission1396_electricity,#3186cc,LV electricity distribution secondary,transmission,100000,1,20,LVEtransmission1396,D0503100000019953
D0503100000020024_to_LVEtransmission1396_electricity,#3186cc,LV electricity distribution secondary,transmission,100000,1,20,LVEtransmission1396,D0503100000020024
D0503100000020025_to_LVEtransmission1737_electricity,#3186cc,LV electricity distribution secondary,transmission,100000,1,20,LVEtransmission1737,D0503100000020025
D0503100000020026_to_LVEtransmission18_electricity,#3186cc,LV electricity distribution secondary,transmission,100000,1,20,LVEtransmission18,D0503100000020026
D0503100000020027_to_LVEtransmission1956_electricity,#3186cc,LV electricity distribution secondary,transmission,100000,1,20,LVEtransmission1956,D0503100000020027
D0503100000020028_to_LVEtransmission1657_electricity,#3186cc,LV electricity distribution secondary,transmission,100000,1,20,LVEtransmission1657,D0503100000020028
D0503100000020030_to_LVEtransmission1927_electricity,#3186cc,LV electricity distribution secondary,transmission,100000,1,20,LVEtransmission1927,D0503100000020030
D0503100000020032_to_LVEtransmission611_electricity,#3186cc,LV electricity distribution secondary,transmission,100000,1,20,LVEtransmission611,D0503100000020032
D0503100000020033_to_LVEtransmission741_electricity,#3186cc,LV electricity distribution secondary,transmission,100000,1,20,LVEtransmission741,D0503100000020033
D0503100000020034_to_LVEtransmission78_electricity,#3186cc,LV electricity distribution secondary,transmission,100000,1,20,LVEtransmission78,D0503100000020034
D0503100000020035_to_LVEtransmission121_electricity,#3186cc,LV electricity distribution secondary,transmission,100000,1,20,LVEtransmission121,D0503100000020035
D0503100000020036_to_LVEtransmission1131_electricity,#3186cc,LV electricity distribution secondary,transmission,100000,1,20,LVEtransmission1131,D0503100000020036
D0503100000020037_to_LVEtransmission302_electricity,#3186cc,LV electricity distribution secondary,transmission,100000,1,20,LVEtransmission302,D0503100000020037
D0503100000020038_to_LVEtransmission1132_electricity,#3186cc,LV electricity distribution secondary,transmission,100000,1,20,LVEtransmission1132,D0503100000020038
D0503100000020039_to_LVEtransmission747_electricity,#3186cc,LV electricity distribution secondary,transmission,100000,1,20,LVEtransmission747,D0503100000020039
D0503100000020040_to_LVEtransmission747_electricity,#3186cc,LV electricity distribution secondary,transmission,100000,1,20,LVEtransmission747,D0503100000020040
D0503100000020041_to_LVEtransmission57_electricity,#3186cc,LV electricity distribution secondary,transmission,100000,1,20,LVEtransmission57,D0503100000020041
D0503100000020042_to_LVEtransmission1899_electricity,#3186cc,LV electricity distribution secondary,transmission,100000,1,20,LVEtransmission1899,D0503100000020042
D0503100000020043_to_LVEtransmission342_electricity,#3186cc,LV electricity distribution secondary,transmission,100000,1,20,LVEtransmission342,D0503100000020043
D0503100000020044_to_LVEtransmission1331_electricity,#3186cc,LV electricity distribution secondary,transmission,100000,1,20,LVEtransmission1331,D0503100000020044
D0503100000020045_to_LVEtransmission1396_electricity,#3186cc,LV electricity distribution secondary,transmission,100000,1,20,LVEtransmission1396,D0503100000020045
D0503100000020046_to_LVEtransmission1396_electricity,#3186cc,LV electricity distribution secondary,transmission,100000,1,20,LVEtransmission1396,D0503100000020046
D0503100000020047_to_LVEtransmission1043_electricity,#3186cc,LV electricity distribution secondary,transmission,100000,1,20,LVEtransmission1043,D0503100000020047
D0503100000020048_to_LVEtransmission76_electricity,#3186cc,LV electricity distribution secondary,transmission,100000,1,20,LVEtransmission76,D0503100000020048
D0503100000020049_to_LVEtransmission1786_electricity,#3186cc,LV electricity distribution secondary,transmission,100000,1,20,LVEtransmission1786,D0503100000020049
D0503100000020050_to_LVEtransmission1786_electricity,#3186cc,LV electricity distribution secondary,transmission,100000,1,20,LVEtransmission1786,D0503100000020050
D0503100000020051_to_LVEtransmission801_electricity,#3186cc,LV electricity distribution secondary,transmission,100000,1,20,LVEtransmission801,D0503100000020051
D0503100000020052_to_LVEtransmission1818_electricity,#3186cc,LV electricity distribution secondary,transmission,100000,1,20,LVEtransmission1818,D0503100000020052
D0503100000020053_to_LVEtransmission1852_electricity,#3186cc,LV electricity distribution secondary,transmission,100000,1,20,LVEtransmission1852,D0503100000020053
D0503100000020054_to_LVEtransmission1258_electricity,#3186cc,LV electricity distribution secondary,transmission,100000,1,20,LVEtransmission1258,D0503100000020054
D0503100000020055_to_LVEtransmission1375_electricity,#3186cc,LV electricity distribution secondary,transmission,100000,1,20,LVEtransmission1375,D0503100000020055
D0503100000020056_to_LVEtransmission1537_electricity,#3186cc,LV electricity distribution secondary,transmission,100000,1,20,LVEtransmission1537,D0503100000020056
D0503100000020131_to_LVEtransmission373_electricity,#3186cc,LV electricity distribution secondary,transmission,100000,1,20,LVEtransmission373,D0503100000020131
D0503100000020132_to_LVEtransmission759_electricity,#3186cc,LV electricity distribution secondary,transmission,100000,1,20,LVEtransmission759,D0503100000020132
D0503100000020133_to_LVEtransmission13_electricity,#3186cc,LV electricity distribution secondary,transmission,100000,1,20,LVEtransmission13,D0503100000020133
D0503100000020145_to_LVEtransmission759_electricity,#3186cc,LV electricity distribution secondary,transmission,100000,1,20,LVEtransmission759,D0503100000020145
D0503100000020146_to_LVEtransmission13_electricity,#3186cc,LV electricity distribution secondary,transmission,100000,1,20,LVEtransmission13,D0503100000020146
D0503100000020147_to_LVEtransmission1258_electricity,#3186cc,LV electricity distribution secondary,transmission,100000,1,20,LVEtransmission1258,D0503100000020147
D0503100000020148_to_LVEtransmission1269_electricity,#3186cc,LV electricity distribution secondary,transmission,100000,1,20,LVEtransmission1269,D0503100000020148
D0503100000020149_to_LVEtransmission152_electricity,#3186cc,LV electricity distribution secondary,transmission,100000,1,20,LVEtransmission152,D0503100000020149
D0503100000020157_to_LVEtransmission425_electricity,#3186cc,LV electricity distribution secondary,transmission,100000,1,20,LVEtransmission425,D0503100000020157
D0503100000020158_to_LVEtransmission1943_electricity,#3186cc,LV electricity distribution secondary,transmission,100000,1,20,LVEtransmission1943,D0503100000020158
D0503100000020159_to_LVEtransmission760_electricity,#3186cc,LV electricity distribution secondary,transmission,100000,1,20,LVEtransmission760,D0503100000020159
D0503100000020165_to_LVEtransmission1923_electricity,#3186cc,LV electricity distribution secondary,transmission,100000,1,20,LVEtransmission1923,D0503100000020165
D0503100000028572_to_LVEtransmission211_electricity,#3186cc,LV electricity distribution secondary,transmission,100000,1,20,LVEtransmission211,D0503100000028572
D0503100000028573_to_LVEtransmission272_electricity,#3186cc,LV electricity distribution secondary,transmission,100000,1,20,LVEtransmission272,D0503100000028573
D0503100000028575_to_LVEtransmission278_electricity,#3186cc,LV electricity distribution secondary,transmission,100000,1,20,LVEtransmission278,D0503100000028575
D0503100000030019_to_LVEtransmission801_electricity,#3186cc,LV electricity distribution secondary,transmission,100000,1,20,LVEtransmission801,D0503100000030019
D0503100000030020_to_LVEtransmission1663_electricity,#3186cc,LV electricity distribution secondary,transmission,100000,1,20,LVEtransmission1663,D0503100000030020
D0503100000030021_to_LVEtransmission1132_electricity,#3186cc,LV electricity distribution secondary,transmission,100000,1,20,LVEtransmission1132,D0503100000030021
D0503100000030022_to_LVEtransmission677_electricity,#3186cc,LV electricity distribution secondary,transmission,100000,1,20,LVEtransmission677,D0503100000030022
D0503100000030024_to_LVEtransmission13_electricity,#3186cc,LV electricity distribution secondary,transmission,100000,1,20,LVEtransmission13,D0503100000030024
D0503100000030026_to_LVEtransmission1049_electricity,#3186cc,LV electricity distribution secondary,transmission,100000,1,20,LVEtransmission1049,D0503100000030026
D0503100000030027_to_LVEtransmission1923_electricity,#3186cc,LV electricity distribution secondary,transmission,100000,1,20,LVEtransmission1923,D0503100000030027
D0503100000030105_to_LVEtransmission80_electricity,#3186cc,LV electricity distribution secondary,transmission,100000,1,20,LVEtransmission80,D0503100000030105
D0503100000030106_to_LVEtransmission1580_electricity,#3186cc,LV electricity distribution secondary,transmission,100000,1,20,LVEtransmission1580,D0503100000030106
D0503100000030108_to_LVEtransmission1968_electricity,#3186cc,LV electricity distribution secondary,transmission,100000,1,20,LVEtransmission1968,D0503100000030108
D0503100000030111_to_LVEtransmission1285_electricity,#3186cc,LV electricity distribution secondary,transmission,100000,1,20,LVEtransmission1285,D0503100000030111
D0503100000030112_to_LVEtransmission1181_electricity,#3186cc,LV electricity distribution secondary,transmission,100000,1,20,LVEtransmission1181,D0503100000030112
D0503100000030113_to_LVEtransmission1119_electricity,#3186cc,LV electricity distribution secondary,transmission,100000,1,20,LVEtransmission1119,D0503100000030113
D0503100000030115_to_LVEtransmission1243_electricity,#3186cc,LV electricity distribution secondary,transmission,100000,1,20,LVEtransmission1243,D0503100000030115
D0503100000030235_to_LVEtransmission806_electricity,#3186cc,LV electricity distribution secondary,transmission,100000,1,20,LVEtransmission806,D0503100000030235
D0503100000030237_to_LVEtransmission237_electricity,#3186cc,LV electricity distribution secondary,transmission,100000,1,20,LVEtransmission237,D0503100000030237
D0503100000030238_to_LVEtransmission1082_electricity,#3186cc,LV electricity distribution secondary,transmission,100000,1,20,LVEtransmission1082,D0503100000030238
D0503100000030304_to_LVEtransmission1478_electricity,#3186cc,LV electricity distribution secondary,transmission,100000,1,20,LVEtransmission1478,D0503100000030304
D0503100000030305_to_LVEtransmission1073_electricity,#3186cc,LV electricity distribution secondary,transmission,100000,1,20,LVEtransmission1073,D0503100000030305
D0503100000031368_to_LVEtransmission1145_electricity,#3186cc,LV electricity distribution secondary,transmission,100000,1,20,LVEtransmission1145,D0503100000031368
D0503100000031429_to_LVEtransmission1675_electricity,#3186cc,LV electricity distribution secondary,transmission,100000,1,20,LVEtransmission1675,D0503100000031429
D0503100000031431_to_LVEtransmission21_electricity,#3186cc,LV electricity distribution secondary,transmission,100000,1,20,LVEtransmission21,D0503100000031431
D0503100000031432_to_LVEtransmission1511_electricity,#3186cc,LV electricity distribution secondary,transmission,100000,1,20,LVEtransmission1511,D0503100000031432
D0503100000031433_to_LVEtransmission1515_electricity,#3186cc,LV electricity distribution secondary,transmission,100000,1,20,LVEtransmission1515,D0503100000031433
D0503100000031434_to_LVEtransmission484_electricity,#3186cc,LV electricity distribution secondary,transmission,100000,1,20,LVEtransmission484,D0503100000031434
D0503100000031435_to_LVEtransmission774_electricity,#3186cc,LV electricity distribution secondary,transmission,100000,1,20,LVEtransmission774,D0503100000031435
D0503100000031436_to_LVEtransmission562_electricity,#3186cc,LV electricity distribution secondary,transmission,100000,1,20,LVEtransmission562,D0503100000031436
D0503100000031438_to_LVEtransmission377_electricity,#3186cc,LV electricity distribution secondary,transmission,100000,1,20,LVEtransmission377,D0503100000031438
D0503100000031439_to_LVEtransmission743_electricity,#3186cc,LV electricity distribution secondary,transmission,100000,1,20,LVEtransmission743,D0503100000031439
D0503100000031440_to_LVEtransmission1345_electricity,#3186cc,LV electricity distribution secondary,transmission,100000,1,20,LVEtransmission1345,D0503100000031440
D0503100000031441_to_LVEtransmission743_electricity,#3186cc,LV electricity distribution secondary,transmission,100000,1,20,LVEtransmission743,D0503100000031441
D0503100000031442_to_LVEtransmission469_electricity,#3186cc,LV electricity distribution secondary,transmission,100000,1,20,LVEtransmission469,D0503100000031442
D0503100000031455_to_LVEtransmission1923_electricity,#3186cc,LV electricity distribution secondary,transmission,100000,1,20,LVEtransmission1923,D0503100000031455
D0503100000031457_to_LVEtransmission76_electricity,#3186cc,LV electricity distribution secondary,transmission,100000,1,20,LVEtransmission76,D0503100000031457
D0503100000031822_to_LVEtransmission80_electricity,#3186cc,LV electricity distribution secondary,transmission,100000,1,20,LVEtransmission80,D0503100000031822
D0503100000031824_to_LVEtransmission1730_electricity,#3186cc,LV electricity distribution secondary,transmission,100000,1,20,LVEtransmission1730,D0503100000031824
D0503100000032612_to_LVEtransmission443_electricity,#3186cc,LV electricity distribution secondary,transmission,100000,1,20,LVEtransmission443,D0503100000032612
D0503100000032613_to_LVEtransmission301_electricity,#3186cc,LV electricity distribution secondary,transmission,100000,1,20,LVEtransmission301,D0503100000032613
D0503100000032617_to_LVEtransmission1274_electricity,#3186cc,LV electricity distribution secondary,transmission,100000,1,20,LVEtransmission1274,D0503100000032617
D0503100000032618_to_LVEtransmission1230_electricity,#3186cc,LV electricity distribution secondary,transmission,100000,1,20,LVEtransmission1230,D0503100000032618
