techs,color,name,base_tech,flow_cap_max,flow_out_eff_per_distance,lifetime,link_to,link_from
geothermie_delft_to_warmtenet1,#823739,Heat transmission main,transmission,100000,1,20,geothermie_delft,warmtenet1
warmtenet1_to_warmtenet2,#823740,Heat transmission main,transmission,100000,1,20,warmtenet1,warmtenet2
warmtenet2_to_warmtenet3,#823741,Heat transmission main,transmission,100000,1,20,warmtenet2,warmtenet3
warmtenet3_to_warmtenet4,#823742,Heat transmission main,transmission,100000,1,20,warmtenet3,warmtenet4
warmtenet4_to_warmtenet5,#823743,Heat transmission main,transmission,100000,1,20,warmtenet4,warmtenet5
warmtenet5_to_warmtenet6,#823744,Heat transmission main,transmission,100000,1,20,warmtenet5,warmtenet6
warmtenet6_to_warmtenet7,#823745,Heat transmission main,transmission,100000,1,20,warmtenet6,warmtenet7
warmtenet7_to_warmtenet8,#823746,Heat transmission main,transmission,100000,1,20,warmtenet7,warmtenet8
warmtenet8_to_warmtenet9,#823747,Heat transmission main,transmission,100000,1,20,warmtenet8,warmtenet9
warmtenet9_to_warmtenet10,#823748,Heat transmission main,transmission,100000,1,20,warmtenet9,warmtenet10
warmtenet10_to_warmtenet11,#823749,Heat transmission main,transmission,100000,1,20,warmtenet10,warmtenet11
warmtenet11_to_warmtenet12,#823750,Heat transmission main,transmission,100000,1,20,warmtenet11,warmtenet12
warmtenet4_to_warmtenet13,#823751,Heat transmission main,transmission,100000,1,20,warmtenet4,warmtenet13
warmtenet13_to_warmtenet14,#823752,Heat transmission main,transmission,100000,1,20,warmtenet13,warmtenet14
warmtenet14_to_warmtenet15,#823753,Heat transmission main,transmission,100000,1,20,warmtenet14,warmtenet15
LQHtransmission778_to_LQHtransmission357_heat,#823740,LQ heat distribution main,transmission,100000,1,20,LQHtransmission357,LQHtransmission778
LQHtransmission357_to_LQHtransmission260_heat,#823740,LQ heat distribution main,transmission,100000,1,20,LQHtransmission260,LQHtransmission357
LQHtransmission260_to_LQHtransmission1010_heat,#823740,LQ heat distribution main,transmission,100000,1,20,LQHtransmission1010,LQHtransmission260
LQHtransmission1010_to_LQHtransmission640_heat,#823740,LQ heat distribution main,transmission,100000,1,20,LQHtransmission640,LQHtransmission1010
LQHtransmission640_to_LQHtransmission353_heat,#823740,LQ heat distribution main,transmission,100000,1,20,LQHtransmission353,LQHtransmission640
LQHtransmission353_to_LQHtransmission601_heat,#823740,LQ heat distribution main,transmission,100000,1,20,LQHtransmission601,LQHtransmission353
LQHtransmission601_to_LQHtransmission84_heat,#823740,LQ heat distribution main,transmission,100000,1,20,LQHtransmission84,LQHtransmission601
LQHtransmission84_to_LQHtransmission637_heat,#823740,LQ heat distribution main,transmission,100000,1,20,LQHtransmission637,LQHtransmission84
LQHtransmission443_to_LQHtransmission529_heat,#823740,LQ heat distribution main,transmission,100000,1,20,LQHtransmission529,LQHtransmission443
LQHtransmission529_to_LQHtransmission1047_heat,#823740,LQ heat distribution main,transmission,100000,1,20,LQHtransmission1047,LQHtransmission529
LQHtransmission1047_to_LQHtransmission719_heat,#823740,LQ heat distribution main,transmission,100000,1,20,LQHtransmission719,LQHtransmission1047
LQHtransmission719_to_LQHtransmission941_heat,#823740,LQ heat distribution main,transmission,100000,1,20,LQHtransmission941,LQHtransmission719
LQHtransmission941_to_LQHtransmission862_heat,#823740,LQ heat distribution main,transmission,100000,1,20,LQHtransmission862,LQHtransmission941
LQHtransmission862_to_LQHtransmission643_heat,#823740,LQ heat distribution main,transmission,100000,1,20,LQHtransmission643,LQHtransmission862
LQHtransmission643_to_LQHtransmission376_heat,#823740,LQ heat distribution main,transmission,100000,1,20,LQHtransmission376,LQHtransmission643
LQHtransmission376_to_LQHtransmission673_heat,#823740,LQ heat distribution main,transmission,100000,1,20,LQHtransmission673,LQHtransmission376
LQHtransmission673_to_LQHtransmission385_heat,#823740,LQ heat distribution main,transmission,100000,1,20,LQHtransmission385,LQHtransmission673
LQHtransmission385_to_LQHtransmission756_heat,#823740,LQ heat distribution main,transmission,100000,1,20,LQHtransmission756,LQHtransmission385
LQHtransmission756_to_LQHtransmission403_heat,#823740,LQ heat distribution main,transmission,100000,1,20,LQHtransmission403,LQHtransmission756
LQHtransmission403_to_LQHtransmission206_heat,#823740,LQ heat distribution main,transmission,100000,1,20,LQHtransmission206,LQHtransmission403
LQHtransmission206_to_LQHtransmission979_heat,#823740,LQ heat distribution main,transmission,100000,1,20,LQHtransmission979,LQHtransmission206
LQHtransmission979_to_LQHtransmission687_heat,#823740,LQ heat distribution main,transmission,100000,1,20,LQHtransmission687,LQHtransmission979
LQHtransmission687_to_LQHtransmission311_heat,#823740,LQ heat distribution main,transmission,100000,1,20,LQHtransmission311,LQHtransmission687
LQHtransmission311_to_LQHtransmission434_heat,#823740,LQ heat distribution main,transmission,100000,1,20,LQHtransmission434,LQHtransmission311
LQHtransmission434_to_LQHtransmission878_heat,#823740,LQ heat distribution main,transmission,100000,1,20,LQHtransmission878,LQHtransmission434
LQHtransmission878_to_LQHtransmission736_heat,#823740,LQ heat distribution main,transmission,100000,1,20,LQHtransmission736,LQHtransmission878
LQHtransmission736_to_LQHtransmission651_heat,#823740,LQ heat distribution main,transmission,100000,1,20,LQHtransmission651,LQHtransmission736
LQHtransmission651_to_LQHtransmission1041_heat,#823740,LQ heat distribution main,transmission,100000,1,20,LQHtransmission1041,LQHtransmission651
LQHtransmission1041_to_LQHtransmission562_heat,#823740,LQ heat distribution main,transmission,100000,1,20,LQHtransmission562,LQHtransmission1041
LQHtransmission562_to_LQHtransmission863_heat,#823740,LQ heat distribution main,transmission,100000,1,20,LQHtransmission863,LQHtransmission562
LQHtransmission863_to_LQHtransmission381_heat,#823740,LQ heat distribution main,transmission,100000,1,20,LQHtransmission381,LQHtransmission863
LQHtransmission381_to_LQHtransmission792_heat,#823740,LQ heat distribution main,transmission,100000,1,20,LQHtransmission792,LQHtransmission381
LQHtransmission792_to_LQHtransmission1011_heat,#823740,LQ heat distribution main,transmission,100000,1,20,LQHtransmission1011,LQHtransmission792
LQHtransmission1011_to_LQHtransmission327_heat,#823740,LQ heat distribution main,transmission,100000,1,20,LQHtransmission327,LQHtransmission1011
LQHtransmission327_to_LQHtransmission181_heat,#823740,LQ heat distribution main,transmission,100000,1,20,LQHtransmission181,LQHtransmission327
LQHtransmission181_to_LQHtransmission555_heat,#823740,LQ heat distribution main,transmission,100000,1,20,LQHtransmission555,LQHtransmission181
LQHtransmission555_to_LQHtransmission903_heat,#823740,LQ heat distribution main,transmission,100000,1,20,LQHtransmission903,LQHtransmission555
LQHtransmission903_to_LQHtransmission449_heat,#823740,LQ heat distribution main,transmission,100000,1,20,LQHtransmission449,LQHtransmission903
LQHtransmission449_to_LQHtransmission1037_heat,#823740,LQ heat distribution main,transmission,100000,1,20,LQHtransmission1037,LQHtransmission449
LQHtransmission1037_to_LQHtransmission503_heat,#823740,LQ heat distribution main,transmission,100000,1,20,LQHtransmission503,LQHtransmission1037
LQHtransmission503_to_LQHtransmission152_heat,#823740,LQ heat distribution main,transmission,100000,1,20,LQHtransmission152,LQHtransmission503
LQHtransmission152_to_LQHtransmission1018_heat,#823740,LQ heat distribution main,transmission,100000,1,20,LQHtransmission1018,LQHtransmission152
LQHtransmission1018_to_LQHtransmission53_heat,#823740,LQ heat distribution main,transmission,100000,1,20,LQHtransmission53,LQHtransmission1018
LQHtransmission53_to_LQHtransmission75_heat,#823740,LQ heat distribution main,transmission,100000,1,20,LQHtransmission75,LQHtransmission53
LQHtransmission75_to_LQHtransmission535_heat,#823740,LQ heat distribution main,transmission,100000,1,20,LQHtransmission535,LQHtransmission75
LQHtransmission535_to_LQHtransmission602_heat,#823740,LQ heat distribution main,transmission,100000,1,20,LQHtransmission602,LQHtransmission535
LQHtransmission602_to_LQHtransmission965_heat,#823740,LQ heat distribution main,transmission,100000,1,20,LQHtransmission965,LQHtransmission602
LQHtransmission965_to_LQHtransmission821_heat,#823740,LQ heat distribution main,transmission,100000,1,20,LQHtransmission821,LQHtransmission965
LQHtransmission821_to_LQHtransmission1039_heat,#823740,LQ heat distribution main,transmission,100000,1,20,LQHtransmission1039,LQHtransmission821
LQHtransmission1039_to_LQHtransmission787_heat,#823740,LQ heat distribution main,transmission,100000,1,20,LQHtransmission787,LQHtransmission1039
LQHtransmission787_to_LQHtransmission495_heat,#823740,LQ heat distribution main,transmission,100000,1,20,LQHtransmission495,LQHtransmission787
LQHtransmission495_to_LQHtransmission615_heat,#823740,LQ heat distribution main,transmission,100000,1,20,LQHtransmission615,LQHtransmission495
LQHtransmission615_to_LQHtransmission121_heat,#823740,LQ heat distribution main,transmission,100000,1,20,LQHtransmission121,LQHtransmission615
LQHtransmission121_to_LQHtransmission846_heat,#823740,LQ heat distribution main,transmission,100000,1,20,LQHtransmission846,LQHtransmission121
LQHtransmission846_to_LQHtransmission1022_heat,#823740,LQ heat distribution main,transmission,100000,1,20,LQHtransmission1022,LQHtransmission846
LQHtransmission1022_to_LQHtransmission362_heat,#823740,LQ heat distribution main,transmission,100000,1,20,LQHtransmission362,LQHtransmission1022
LQHtransmission362_to_LQHtransmission754_heat,#823740,LQ heat distribution main,transmission,100000,1,20,LQHtransmission754,LQHtransmission362
LQHtransmission754_to_LQHtransmission22_heat,#823740,LQ heat distribution main,transmission,100000,1,20,LQHtransmission22,LQHtransmission754
LQHtransmission22_to_LQHtransmission443_heat,#823740,LQ heat distribution main,transmission,100000,1,20,LQHtransmission443,LQHtransmission22
LQHtransmission664_to_LQHtransmission865_heat,#823740,LQ heat distribution main,transmission,100000,1,20,LQHtransmission865,LQHtransmission664
LQHtransmission865_to_LQHtransmission812_heat,#823740,LQ heat distribution main,transmission,100000,1,20,LQHtransmission812,LQHtransmission865
LQHtransmission812_to_LQHtransmission195_heat,#823740,LQ heat distribution main,transmission,100000,1,20,LQHtransmission195,LQHtransmission812
LQHtransmission195_to_LQHtransmission980_heat,#823740,LQ heat distribution main,transmission,100000,1,20,LQHtransmission980,LQHtransmission195
LQHtransmission980_to_LQHtransmission858_heat,#823740,LQ heat distribution main,transmission,100000,1,20,LQHtransmission858,LQHtransmission980
LQHtransmission858_to_LQHtransmission653_heat,#823740,LQ heat distribution main,transmission,100000,1,20,LQHtransmission653,LQHtransmission858
LQHtransmission653_to_LQHtransmission810_heat,#823740,LQ heat distribution main,transmission,100000,1,20,LQHtransmission810,LQHtransmission653
LQHtransmission810_to_LQHtransmission895_heat,#823740,LQ heat distribution main,transmission,100000,1,20,LQHtransmission895,LQHtransmission810
LQHtransmission895_to_LQHtransmission894_heat,#823740,LQ heat distribution main,transmission,100000,1,20,LQHtransmission894,LQHtransmission895
LQHtransmission894_to_LQHtransmission414_heat,#823740,LQ heat distribution main,transmission,100000,1,20,LQHtransmission414,LQHtransmission894
LQHtransmission414_to_LQHtransmission285_heat,#823740,LQ heat distribution main,transmission,100000,1,20,LQHtransmission285,LQHtransmission414
LQHtransmission995_to_LQHtransmission492_heat,#823740,LQ heat distribution main,transmission,100000,1,20,LQHtransmission492,LQHtransmission995
LQHtransmission492_to_LQHtransmission216_heat,#823740,LQ heat distribution main,transmission,100000,1,20,LQHtransmission216,LQHtransmission492
LQHtransmission216_to_LQHtransmission82_heat,#823740,LQ heat distribution main,transmission,100000,1,20,LQHtransmission82,LQHtransmission216
LQHtransmission82_to_LQHtransmission106_heat,#823740,LQ heat distribution main,transmission,100000,1,20,LQHtransmission106,LQHtransmission82
LQHtransmission106_to_LQHtransmission509_heat,#823740,LQ heat distribution main,transmission,100000,1,20,LQHtransmission509,LQHtransmission106
LQHtransmission358_to_LQHtransmission974_heat,#823740,LQ heat distribution main,transmission,100000,1,20,LQHtransmission974,LQHtransmission358
LQHtransmission974_to_LQHtransmission131_heat,#823740,LQ heat distribution main,transmission,100000,1,20,LQHtransmission131,LQHtransmission974
LQHtransmission131_to_LQHtransmission116_heat,#823740,LQ heat distribution main,transmission,100000,1,20,LQHtransmission116,LQHtransmission131
LQHtransmission116_to_LQHtransmission636_heat,#823740,LQ heat distribution main,transmission,100000,1,20,LQHtransmission636,LQHtransmission116
LQHtransmission636_to_LQHtransmission454_heat,#823740,LQ heat distribution main,transmission,100000,1,20,LQHtransmission454,LQHtransmission636
LQHtransmission454_to_LQHtransmission1045_heat,#823740,LQ heat distribution main,transmission,100000,1,20,LQHtransmission1045,LQHtransmission454
LQHtransmission1045_to_LQHtransmission512_heat,#823740,LQ heat distribution main,transmission,100000,1,20,LQHtransmission512,LQHtransmission1045
LQHtransmission512_to_LQHtransmission948_heat,#823740,LQ heat distribution main,transmission,100000,1,20,LQHtransmission948,LQHtransmission512
LQHtransmission948_to_LQHtransmission294_heat,#823740,LQ heat distribution main,transmission,100000,1,20,LQHtransmission294,LQHtransmission948
LQHtransmission294_to_LQHtransmission972_heat,#823740,LQ heat distribution main,transmission,100000,1,20,LQHtransmission972,LQHtransmission294
LQHtransmission972_to_LQHtransmission442_heat,#823740,LQ heat distribution main,transmission,100000,1,20,LQHtransmission442,LQHtransmission972
LQHtransmission442_to_LQHtransmission10_heat,#823740,LQ heat distribution main,transmission,100000,1,20,LQHtransmission10,LQHtransmission442
LQHtransmission10_to_LQHtransmission62_heat,#823740,LQ heat distribution main,transmission,100000,1,20,LQHtransmission62,LQHtransmission10
LQHtransmission62_to_LQHtransmission896_heat,#823740,LQ heat distribution main,transmission,100000,1,20,LQHtransmission896,LQHtransmission62
LQHtransmission896_to_LQHtransmission415_heat,#823740,LQ heat distribution main,transmission,100000,1,20,LQHtransmission415,LQHtransmission896
LQHtransmission415_to_LQHtransmission118_heat,#823740,LQ heat distribution main,transmission,100000,1,20,LQHtransmission118,LQHtransmission415
LQHtransmission118_to_LQHtransmission970_heat,#823740,LQ heat distribution main,transmission,100000,1,20,LQHtransmission970,LQHtransmission118
LQHtransmission970_to_LQHtransmission324_heat,#823740,LQ heat distribution main,transmission,100000,1,20,LQHtransmission324,LQHtransmission970
LQHtransmission324_to_LQHtransmission115_heat,#823740,LQ heat distribution main,transmission,100000,1,20,LQHtransmission115,LQHtransmission324
LQHtransmission115_to_LQHtransmission401_heat,#823740,LQ heat distribution main,transmission,100000,1,20,LQHtransmission401,LQHtransmission115
LQHtransmission401_to_LQHtransmission370_heat,#823740,LQ heat distribution main,transmission,100000,1,20,LQHtransmission370,LQHtransmission401
LQHtransmission370_to_LQHtransmission668_heat,#823740,LQ heat distribution main,transmission,100000,1,20,LQHtransmission668,LQHtransmission370
LQHtransmission668_to_LQHtransmission430_heat,#823740,LQ heat distribution main,transmission,100000,1,20,LQHtransmission430,LQHtransmission668
LQHtransmission430_to_LQHtransmission872_heat,#823740,LQ heat distribution main,transmission,100000,1,20,LQHtransmission872,LQHtransmission430
LQHtransmission872_to_LQHtransmission666_heat,#823740,LQ heat distribution main,transmission,100000,1,20,LQHtransmission666,LQHtransmission872
LQHtransmission666_to_LQHtransmission1015_heat,#823740,LQ heat distribution main,transmission,100000,1,20,LQHtransmission1015,LQHtransmission666
LQHtransmission1015_to_LQHtransmission807_heat,#823740,LQ heat distribution main,transmission,100000,1,20,LQHtransmission807,LQHtransmission1015
LQHtransmission807_to_LQHtransmission881_heat,#823740,LQ heat distribution main,transmission,100000,1,20,LQHtransmission881,LQHtransmission807
LQHtransmission881_to_LQHtransmission728_heat,#823740,LQ heat distribution main,transmission,100000,1,20,LQHtransmission728,LQHtransmission881
LQHtransmission728_to_LQHtransmission850_heat,#823740,LQ heat distribution main,transmission,100000,1,20,LQHtransmission850,LQHtransmission728
LQHtransmission850_to_LQHtransmission384_heat,#823740,LQ heat distribution main,transmission,100000,1,20,LQHtransmission384,LQHtransmission850
LQHtransmission384_to_LQHtransmission893_heat,#823740,LQ heat distribution main,transmission,100000,1,20,LQHtransmission893,LQHtransmission384
LQHtransmission893_to_LQHtransmission318_heat,#823740,LQ heat distribution main,transmission,100000,1,20,LQHtransmission318,LQHtransmission893
LQHtransmission318_to_LQHtransmission823_heat,#823740,LQ heat distribution main,transmission,100000,1,20,LQHtransmission823,LQHtransmission318
LQHtransmission823_to_LQHtransmission956_heat,#823740,LQ heat distribution main,transmission,100000,1,20,LQHtransmission956,LQHtransmission823
LQHtransmission956_to_LQHtransmission41_heat,#823740,LQ heat distribution main,transmission,100000,1,20,LQHtransmission41,LQHtransmission956
LQHtransmission41_to_LQHtransmission628_heat,#823740,LQ heat distribution main,transmission,100000,1,20,LQHtransmission628,LQHtransmission41
LQHtransmission628_to_LQHtransmission1008_heat,#823740,LQ heat distribution main,transmission,100000,1,20,LQHtransmission1008,LQHtransmission628
LQHtransmission1008_to_LQHtransmission202_heat,#823740,LQ heat distribution main,transmission,100000,1,20,LQHtransmission202,LQHtransmission1008
LQHtransmission790_to_LQHtransmission576_heat,#823740,LQ heat distribution main,transmission,100000,1,20,LQHtransmission576,LQHtransmission790
LQHtransmission576_to_LQHtransmission753_heat,#823740,LQ heat distribution main,transmission,100000,1,20,LQHtransmission753,LQHtransmission576
LQHtransmission753_to_LQHtransmission388_heat,#823740,LQ heat distribution main,transmission,100000,1,20,LQHtransmission388,LQHtransmission753
LQHtransmission388_to_LQHtransmission534_heat,#823740,LQ heat distribution main,transmission,100000,1,20,LQHtransmission534,LQHtransmission388
LQHtransmission534_to_LQHtransmission723_heat,#823740,LQ heat distribution main,transmission,100000,1,20,LQHtransmission723,LQHtransmission534
LQHtransmission723_to_LQHtransmission153_heat,#823740,LQ heat distribution main,transmission,100000,1,20,LQHtransmission153,LQHtransmission723
LQHtransmission153_to_LQHtransmission200_heat,#823740,LQ heat distribution main,transmission,100000,1,20,LQHtransmission200,LQHtransmission153
LQHtransmission200_to_LQHtransmission659_heat,#823740,LQ heat distribution main,transmission,100000,1,20,LQHtransmission659,LQHtransmission200
LQHtransmission659_to_LQHtransmission521_heat,#823740,LQ heat distribution main,transmission,100000,1,20,LQHtransmission521,LQHtransmission659
LQHtransmission521_to_LQHtransmission655_heat,#823740,LQ heat distribution main,transmission,100000,1,20,LQHtransmission655,LQHtransmission521
LQHtransmission655_to_LQHtransmission432_heat,#823740,LQ heat distribution main,transmission,100000,1,20,LQHtransmission432,LQHtransmission655
LQHtransmission821_to_LQHtransmission345_heat,#823740,LQ heat distribution main,transmission,100000,1,20,LQHtransmission345,LQHtransmission821
LQHtransmission345_to_LQHtransmission19_heat,#823740,LQ heat distribution main,transmission,100000,1,20,LQHtransmission19,LQHtransmission345
LQHtransmission19_to_LQHtransmission265_heat,#823740,LQ heat distribution main,transmission,100000,1,20,LQHtransmission265,LQHtransmission19
LQHtransmission265_to_LQHtransmission88_heat,#823740,LQ heat distribution main,transmission,100000,1,20,LQHtransmission88,LQHtransmission265
LQHtransmission88_to_LQHtransmission728_heat,#823740,LQ heat distribution main,transmission,100000,1,20,LQHtransmission728,LQHtransmission88
LQHtransmission728_to_LQHtransmission256_heat,#823740,LQ heat distribution main,transmission,100000,1,20,LQHtransmission256,LQHtransmission728
LQHtransmission256_to_LQHtransmission419_heat,#823740,LQ heat distribution main,transmission,100000,1,20,LQHtransmission419,LQHtransmission256
LQHtransmission419_to_LQHtransmission49_heat,#823740,LQ heat distribution main,transmission,100000,1,20,LQHtransmission49,LQHtransmission419
LQHtransmission49_to_LQHtransmission263_heat,#823740,LQ heat distribution main,transmission,100000,1,20,LQHtransmission263,LQHtransmission49
LQHtransmission263_to_LQHtransmission935_heat,#823740,LQ heat distribution main,transmission,100000,1,20,LQHtransmission935,LQHtransmission263
LQHtransmission935_to_LQHtransmission328_heat,#823740,LQ heat distribution main,transmission,100000,1,20,LQHtransmission328,LQHtransmission935
LQHtransmission328_to_LQHtransmission444_heat,#823740,LQ heat distribution main,transmission,100000,1,20,LQHtransmission444,LQHtransmission328
LQHtransmission444_to_LQHtransmission166_heat,#823740,LQ heat distribution main,transmission,100000,1,20,LQHtransmission166,LQHtransmission444
LQHtransmission166_to_LQHtransmission292_heat,#823740,LQ heat distribution main,transmission,100000,1,20,LQHtransmission292,LQHtransmission166
LQHtransmission292_to_LQHtransmission618_heat,#823740,LQ heat distribution main,transmission,100000,1,20,LQHtransmission618,LQHtransmission292
LQHtransmission618_to_LQHtransmission359_heat,#823740,LQ heat distribution main,transmission,100000,1,20,LQHtransmission359,LQHtransmission618
LQHtransmission359_to_LQHtransmission440_heat,#823740,LQ heat distribution main,transmission,100000,1,20,LQHtransmission440,LQHtransmission359
LQHtransmission440_to_LQHtransmission410_heat,#823740,LQ heat distribution main,transmission,100000,1,20,LQHtransmission410,LQHtransmission440
LQHtransmission410_to_LQHtransmission559_heat,#823740,LQ heat distribution main,transmission,100000,1,20,LQHtransmission559,LQHtransmission410
LQHtransmission559_to_LQHtransmission904_heat,#823740,LQ heat distribution main,transmission,100000,1,20,LQHtransmission904,LQHtransmission559
LQHtransmission904_to_LQHtransmission885_heat,#823740,LQ heat distribution main,transmission,100000,1,20,LQHtransmission885,LQHtransmission904
LQHtransmission885_to_LQHtransmission961_heat,#823740,LQ heat distribution main,transmission,100000,1,20,LQHtransmission961,LQHtransmission885
LQHtransmission961_to_LQHtransmission945_heat,#823740,LQ heat distribution main,transmission,100000,1,20,LQHtransmission945,LQHtransmission961
LQHtransmission945_to_LQHtransmission665_heat,#823740,LQ heat distribution main,transmission,100000,1,20,LQHtransmission665,LQHtransmission945
LQHtransmission665_to_LQHtransmission701_heat,#823740,LQ heat distribution main,transmission,100000,1,20,LQHtransmission701,LQHtransmission665
LQHtransmission701_to_LQHtransmission813_heat,#823740,LQ heat distribution main,transmission,100000,1,20,LQHtransmission813,LQHtransmission701
LQHtransmission813_to_LQHtransmission411_heat,#823740,LQ heat distribution main,transmission,100000,1,20,LQHtransmission411,LQHtransmission813
LQHtransmission411_to_LQHtransmission513_heat,#823740,LQ heat distribution main,transmission,100000,1,20,LQHtransmission513,LQHtransmission411
LQHtransmission513_to_LQHtransmission193_heat,#823740,LQ heat distribution main,transmission,100000,1,20,LQHtransmission193,LQHtransmission513
LQHtransmission193_to_LQHtransmission490_heat,#823740,LQ heat distribution main,transmission,100000,1,20,LQHtransmission490,LQHtransmission193
LQHtransmission405_to_LQHtransmission638_heat,#823740,LQ heat distribution main,transmission,100000,1,20,LQHtransmission638,LQHtransmission405
LQHtransmission638_to_LQHtransmission538_heat,#823740,LQ heat distribution main,transmission,100000,1,20,LQHtransmission538,LQHtransmission638
LQHtransmission538_to_LQHtransmission68_heat,#823740,LQ heat distribution main,transmission,100000,1,20,LQHtransmission68,LQHtransmission538
LQHtransmission68_to_LQHtransmission447_heat,#823740,LQ heat distribution main,transmission,100000,1,20,LQHtransmission447,LQHtransmission68
LQHtransmission447_to_LQHtransmission984_heat,#823740,LQ heat distribution main,transmission,100000,1,20,LQHtransmission984,LQHtransmission447
LQHtransmission984_to_LQHtransmission937_heat,#823740,LQ heat distribution main,transmission,100000,1,20,LQHtransmission937,LQHtransmission984
LQHtransmission937_to_LQHtransmission104_heat,#823740,LQ heat distribution main,transmission,100000,1,20,LQHtransmission104,LQHtransmission937
LQHtransmission104_to_LQHtransmission763_heat,#823740,LQ heat distribution main,transmission,100000,1,20,LQHtransmission763,LQHtransmission104
LQHtransmission763_to_LQHtransmission262_heat,#823740,LQ heat distribution main,transmission,100000,1,20,LQHtransmission262,LQHtransmission763
LQHtransmission262_to_LQHtransmission1027_heat,#823740,LQ heat distribution main,transmission,100000,1,20,LQHtransmission1027,LQHtransmission262
LQHtransmission1027_to_LQHtransmission140_heat,#823740,LQ heat distribution main,transmission,100000,1,20,LQHtransmission140,LQHtransmission1027
LQHtransmission140_to_LQHtransmission312_heat,#823740,LQ heat distribution main,transmission,100000,1,20,LQHtransmission312,LQHtransmission140
LQHtransmission312_to_LQHtransmission1040_heat,#823740,LQ heat distribution main,transmission,100000,1,20,LQHtransmission1040,LQHtransmission312
LQHtransmission756_to_LQHtransmission531_heat,#823740,LQ heat distribution main,transmission,100000,1,20,LQHtransmission531,LQHtransmission756
LQHtransmission531_to_LQHtransmission344_heat,#823740,LQ heat distribution main,transmission,100000,1,20,LQHtransmission344,LQHtransmission531
LQHtransmission344_to_LQHtransmission1038_heat,#823740,LQ heat distribution main,transmission,100000,1,20,LQHtransmission1038,LQHtransmission344
LQHtransmission1038_to_LQHtransmission790_heat,#823740,LQ heat distribution main,transmission,100000,1,20,LQHtransmission790,LQHtransmission1038
LQHtransmission790_to_LQHtransmission808_heat,#823740,LQ heat distribution main,transmission,100000,1,20,LQHtransmission808,LQHtransmission790
LQHtransmission808_to_LQHtransmission695_heat,#823740,LQ heat distribution main,transmission,100000,1,20,LQHtransmission695,LQHtransmission808
LQHtransmission695_to_LQHtransmission138_heat,#823740,LQ heat distribution main,transmission,100000,1,20,LQHtransmission138,LQHtransmission695
LQHtransmission138_to_LQHtransmission552_heat,#823740,LQ heat distribution main,transmission,100000,1,20,LQHtransmission552,LQHtransmission138
LQHtransmission552_to_LQHtransmission644_heat,#823740,LQ heat distribution main,transmission,100000,1,20,LQHtransmission644,LQHtransmission552
LQHtransmission644_to_LQHtransmission346_heat,#823740,LQ heat distribution main,transmission,100000,1,20,LQHtransmission346,LQHtransmission644
LQHtransmission346_to_LQHtransmission329_heat,#823740,LQ heat distribution main,transmission,100000,1,20,LQHtransmission329,LQHtransmission346
LQHtransmission329_to_LQHtransmission497_heat,#823740,LQ heat distribution main,transmission,100000,1,20,LQHtransmission497,LQHtransmission329
LQHtransmission497_to_LQHtransmission616_heat,#823740,LQ heat distribution main,transmission,100000,1,20,LQHtransmission616,LQHtransmission497
LQHtransmission616_to_LQHtransmission509_heat,#823740,LQ heat distribution main,transmission,100000,1,20,LQHtransmission509,LQHtransmission616
LQHtransmission81_to_LQHtransmission913_heat,#823740,LQ heat distribution main,transmission,100000,1,20,LQHtransmission913,LQHtransmission81
LQHtransmission913_to_LQHtransmission806_heat,#823740,LQ heat distribution main,transmission,100000,1,20,LQHtransmission806,LQHtransmission913
LQHtransmission806_to_LQHtransmission58_heat,#823740,LQ heat distribution main,transmission,100000,1,20,LQHtransmission58,LQHtransmission806
LQHtransmission58_to_LQHtransmission938_heat,#823740,LQ heat distribution main,transmission,100000,1,20,LQHtransmission938,LQHtransmission58
LQHtransmission938_to_LQHtransmission830_heat,#823740,LQ heat distribution main,transmission,100000,1,20,LQHtransmission830,LQHtransmission938
LQHtransmission830_to_LQHtransmission854_heat,#823740,LQ heat distribution main,transmission,100000,1,20,LQHtransmission854,LQHtransmission830
LQHtransmission854_to_LQHtransmission680_heat,#823740,LQ heat distribution main,transmission,100000,1,20,LQHtransmission680,LQHtransmission854
LQHtransmission680_to_LQHtransmission1033_heat,#823740,LQ heat distribution main,transmission,100000,1,20,LQHtransmission1033,LQHtransmission680
LQHtransmission1033_to_LQHtransmission928_heat,#823740,LQ heat distribution main,transmission,100000,1,20,LQHtransmission928,LQHtransmission1033
LQHtransmission928_to_LQHtransmission393_heat,#823740,LQ heat distribution main,transmission,100000,1,20,LQHtransmission393,LQHtransmission928
LQHtransmission393_to_LQHtransmission786_heat,#823740,LQ heat distribution main,transmission,100000,1,20,LQHtransmission786,LQHtransmission393
LQHtransmission786_to_LQHtransmission141_heat,#823740,LQ heat distribution main,transmission,100000,1,20,LQHtransmission141,LQHtransmission786
LQHtransmission141_to_LQHtransmission35_heat,#823740,LQ heat distribution main,transmission,100000,1,20,LQHtransmission35,LQHtransmission141
LQHtransmission35_to_LQHtransmission886_heat,#823740,LQ heat distribution main,transmission,100000,1,20,LQHtransmission886,LQHtransmission35
LQHtransmission886_to_LQHtransmission185_heat,#823740,LQ heat distribution main,transmission,100000,1,20,LQHtransmission185,LQHtransmission886
LQHtransmission185_to_LQHtransmission107_heat,#823740,LQ heat distribution main,transmission,100000,1,20,LQHtransmission107,LQHtransmission185
LQHtransmission107_to_LQHtransmission539_heat,#823740,LQ heat distribution main,transmission,100000,1,20,LQHtransmission539,LQHtransmission107
LQHtransmission539_to_LQHtransmission50_heat,#823740,LQ heat distribution main,transmission,100000,1,20,LQHtransmission50,LQHtransmission539
LQHtransmission50_to_LQHtransmission514_heat,#823740,LQ heat distribution main,transmission,100000,1,20,LQHtransmission514,LQHtransmission50
LQHtransmission514_to_LQHtransmission27_heat,#823740,LQ heat distribution main,transmission,100000,1,20,LQHtransmission27,LQHtransmission514
LQHtransmission27_to_LQHtransmission293_heat,#823740,LQ heat distribution main,transmission,100000,1,20,LQHtransmission293,LQHtransmission27
LQHtransmission293_to_LQHtransmission413_heat,#823740,LQ heat distribution main,transmission,100000,1,20,LQHtransmission413,LQHtransmission293
LQHtransmission413_to_LQHtransmission536_heat,#823740,LQ heat distribution main,transmission,100000,1,20,LQHtransmission536,LQHtransmission413
LQHtransmission536_to_LQHtransmission394_heat,#823740,LQ heat distribution main,transmission,100000,1,20,LQHtransmission394,LQHtransmission536
LQHtransmission394_to_LQHtransmission525_heat,#823740,LQ heat distribution main,transmission,100000,1,20,LQHtransmission525,LQHtransmission394
LQHtransmission525_to_LQHtransmission496_heat,#823740,LQ heat distribution main,transmission,100000,1,20,LQHtransmission496,LQHtransmission525
LQHtransmission496_to_LQHtransmission306_heat,#823740,LQ heat distribution main,transmission,100000,1,20,LQHtransmission306,LQHtransmission496
LQHtransmission306_to_LQHtransmission718_heat,#823740,LQ heat distribution main,transmission,100000,1,20,LQHtransmission718,LQHtransmission306
LQHtransmission718_to_LQHtransmission894_heat,#823740,LQ heat distribution main,transmission,100000,1,20,LQHtransmission894,LQHtransmission718
LQHtransmission894_to_LQHtransmission205_heat,#823740,LQ heat distribution main,transmission,100000,1,20,LQHtransmission205,LQHtransmission894
LQHtransmission205_to_LQHtransmission433_heat,#823740,LQ heat distribution main,transmission,100000,1,20,LQHtransmission433,LQHtransmission205
LQHtransmission433_to_LQHtransmission762_heat,#823740,LQ heat distribution main,transmission,100000,1,20,LQHtransmission762,LQHtransmission433
LQHtransmission762_to_LQHtransmission8_heat,#823740,LQ heat distribution main,transmission,100000,1,20,LQHtransmission8,LQHtransmission762
LQHtransmission8_to_LQHtransmission511_heat,#823740,LQ heat distribution main,transmission,100000,1,20,LQHtransmission511,LQHtransmission8
LQHtransmission511_to_LQHtransmission838_heat,#823740,LQ heat distribution main,transmission,100000,1,20,LQHtransmission838,LQHtransmission511
LQHtransmission838_to_LQHtransmission874_heat,#823740,LQ heat distribution main,transmission,100000,1,20,LQHtransmission874,LQHtransmission838
LQHtransmission874_to_LQHtransmission590_heat,#823740,LQ heat distribution main,transmission,100000,1,20,LQHtransmission590,LQHtransmission874
LQHtransmission590_to_LQHtransmission649_heat,#823740,LQ heat distribution main,transmission,100000,1,20,LQHtransmission649,LQHtransmission590
LQHtransmission649_to_LQHtransmission427_heat,#823740,LQ heat distribution main,transmission,100000,1,20,LQHtransmission427,LQHtransmission649
LQHtransmission427_to_LQHtransmission757_heat,#823740,LQ heat distribution main,transmission,100000,1,20,LQHtransmission757,LQHtransmission427
LQHtransmission757_to_LQHtransmission350_heat,#823740,LQ heat distribution main,transmission,100000,1,20,LQHtransmission350,LQHtransmission757
LQHtransmission350_to_LQHtransmission633_heat,#823740,LQ heat distribution main,transmission,100000,1,20,LQHtransmission633,LQHtransmission350
LQHtransmission633_to_LQHtransmission642_heat,#823740,LQ heat distribution main,transmission,100000,1,20,LQHtransmission642,LQHtransmission633
LQHtransmission642_to_LQHtransmission849_heat,#823740,LQ heat distribution main,transmission,100000,1,20,LQHtransmission849,LQHtransmission642
LQHtransmission849_to_LQHtransmission174_heat,#823740,LQ heat distribution main,transmission,100000,1,20,LQHtransmission174,LQHtransmission849
LQHtransmission174_to_LQHtransmission741_heat,#823740,LQ heat distribution main,transmission,100000,1,20,LQHtransmission741,LQHtransmission174
LQHtransmission741_to_LQHtransmission793_heat,#823740,LQ heat distribution main,transmission,100000,1,20,LQHtransmission793,LQHtransmission741
LQHtransmission793_to_LQHtransmission864_heat,#823740,LQ heat distribution main,transmission,100000,1,20,LQHtransmission864,LQHtransmission793
LQHtransmission864_to_LQHtransmission704_heat,#823740,LQ heat distribution main,transmission,100000,1,20,LQHtransmission704,LQHtransmission864
LQHtransmission704_to_LQHtransmission167_heat,#823740,LQ heat distribution main,transmission,100000,1,20,LQHtransmission167,LQHtransmission704
LQHtransmission167_to_LQHtransmission169_heat,#823740,LQ heat distribution main,transmission,100000,1,20,LQHtransmission169,LQHtransmission167
LQHtransmission169_to_LQHtransmission475_heat,#823740,LQ heat distribution main,transmission,100000,1,20,LQHtransmission475,LQHtransmission169
LQHtransmission475_to_LQHtransmission309_heat,#823740,LQ heat distribution main,transmission,100000,1,20,LQHtransmission309,LQHtransmission475
LQHtransmission309_to_LQHtransmission76_heat,#823740,LQ heat distribution main,transmission,100000,1,20,LQHtransmission76,LQHtransmission309
LQHtransmission76_to_LQHtransmission950_heat,#823740,LQ heat distribution main,transmission,100000,1,20,LQHtransmission950,LQHtransmission76
LQHtransmission950_to_LQHtransmission650_heat,#823740,LQ heat distribution main,transmission,100000,1,20,LQHtransmission650,LQHtransmission950
LQHtransmission650_to_LQHtransmission791_heat,#823740,LQ heat distribution main,transmission,100000,1,20,LQHtransmission791,LQHtransmission650
LQHtransmission791_to_LQHtransmission238_heat,#823740,LQ heat distribution main,transmission,100000,1,20,LQHtransmission238,LQHtransmission791
LQHtransmission238_to_LQHtransmission991_heat,#823740,LQ heat distribution main,transmission,100000,1,20,LQHtransmission991,LQHtransmission238
LQHtransmission991_to_LQHtransmission1043_heat,#823740,LQ heat distribution main,transmission,100000,1,20,LQHtransmission1043,LQHtransmission991
LQHtransmission1043_to_LQHtransmission214_heat,#823740,LQ heat distribution main,transmission,100000,1,20,LQHtransmission214,LQHtransmission1043
LQHtransmission214_to_LQHtransmission334_heat,#823740,LQ heat distribution main,transmission,100000,1,20,LQHtransmission334,LQHtransmission214
LQHtransmission334_to_LQHtransmission200_heat,#823740,LQ heat distribution main,transmission,100000,1,20,LQHtransmission200,LQHtransmission334
LQHtransmission200_to_LQHtransmission871_heat,#823740,LQ heat distribution main,transmission,100000,1,20,LQHtransmission871,LQHtransmission200
LQHtransmission871_to_LQHtransmission568_heat,#823740,LQ heat distribution main,transmission,100000,1,20,LQHtransmission568,LQHtransmission871
LQHtransmission568_to_LQHtransmission878_heat,#823740,LQ heat distribution main,transmission,100000,1,20,LQHtransmission878,LQHtransmission568
LQHtransmission776_to_LQHtransmission639_heat,#823740,LQ heat distribution main,transmission,100000,1,20,LQHtransmission639,LQHtransmission776
LQHtransmission639_to_LQHtransmission746_heat,#823740,LQ heat distribution main,transmission,100000,1,20,LQHtransmission746,LQHtransmission639
LQHtransmission746_to_LQHtransmission244_heat,#823740,LQ heat distribution main,transmission,100000,1,20,LQHtransmission244,LQHtransmission746
LQHtransmission244_to_LQHtransmission652_heat,#823740,LQ heat distribution main,transmission,100000,1,20,LQHtransmission652,LQHtransmission244
LQHtransmission652_to_LQHtransmission901_heat,#823740,LQ heat distribution main,transmission,100000,1,20,LQHtransmission901,LQHtransmission652
LQHtransmission901_to_LQHtransmission637_heat,#823740,LQ heat distribution main,transmission,100000,1,20,LQHtransmission637,LQHtransmission901
LQHtransmission509_to_LQHtransmission407_heat,#823740,LQ heat distribution main,transmission,100000,1,20,LQHtransmission407,LQHtransmission509
LQHtransmission407_to_LQHtransmission1004_heat,#823740,LQ heat distribution main,transmission,100000,1,20,LQHtransmission1004,LQHtransmission407
LQHtransmission1004_to_LQHtransmission1_heat,#823740,LQ heat distribution main,transmission,100000,1,20,LQHtransmission1,LQHtransmission1004
LQHtransmission1_to_LQHtransmission952_heat,#823740,LQ heat distribution main,transmission,100000,1,20,LQHtransmission952,LQHtransmission1
LQHtransmission952_to_LQHtransmission809_heat,#823740,LQ heat distribution main,transmission,100000,1,20,LQHtransmission809,LQHtransmission952
LQHtransmission809_to_LQHtransmission1021_heat,#823740,LQ heat distribution main,transmission,100000,1,20,LQHtransmission1021,LQHtransmission809
LQHtransmission1021_to_LQHtransmission1029_heat,#823740,LQ heat distribution main,transmission,100000,1,20,LQHtransmission1029,LQHtransmission1021
LQHtransmission1029_to_LQHtransmission264_heat,#823740,LQ heat distribution main,transmission,100000,1,20,LQHtransmission264,LQHtransmission1029
LQHtransmission264_to_LQHtransmission1049_heat,#823740,LQ heat distribution main,transmission,100000,1,20,LQHtransmission1049,LQHtransmission264
LQHtransmission1049_to_LQHtransmission322_heat,#823740,LQ heat distribution main,transmission,100000,1,20,LQHtransmission322,LQHtransmission1049
LQHtransmission322_to_LQHtransmission275_heat,#823740,LQ heat distribution main,transmission,100000,1,20,LQHtransmission275,LQHtransmission322
LQHtransmission275_to_LQHtransmission923_heat,#823740,LQ heat distribution main,transmission,100000,1,20,LQHtransmission923,LQHtransmission275
LQHtransmission923_to_LQHtransmission604_heat,#823740,LQ heat distribution main,transmission,100000,1,20,LQHtransmission604,LQHtransmission923
LQHtransmission604_to_LQHtransmission926_heat,#823740,LQ heat distribution main,transmission,100000,1,20,LQHtransmission926,LQHtransmission604
LQHtransmission926_to_LQHtransmission484_heat,#823740,LQ heat distribution main,transmission,100000,1,20,LQHtransmission484,LQHtransmission926
LQHtransmission484_to_LQHtransmission583_heat,#823740,LQ heat distribution main,transmission,100000,1,20,LQHtransmission583,LQHtransmission484
LQHtransmission583_to_LQHtransmission843_heat,#823740,LQ heat distribution main,transmission,100000,1,20,LQHtransmission843,LQHtransmission583
LQHtransmission843_to_LQHtransmission933_heat,#823740,LQ heat distribution main,transmission,100000,1,20,LQHtransmission933,LQHtransmission843
LQHtransmission933_to_LQHtransmission151_heat,#823740,LQ heat distribution main,transmission,100000,1,20,LQHtransmission151,LQHtransmission933
LQHtransmission151_to_LQHtransmission347_heat,#823740,LQ heat distribution main,transmission,100000,1,20,LQHtransmission347,LQHtransmission151
LQHtransmission347_to_LQHtransmission425_heat,#823740,LQ heat distribution main,transmission,100000,1,20,LQHtransmission425,LQHtransmission347
LQHtransmission425_to_LQHtransmission812_heat,#823740,LQ heat distribution main,transmission,100000,1,20,LQHtransmission812,LQHtransmission425
LQHtransmission812_to_LQHtransmission939_heat,#823740,LQ heat distribution main,transmission,100000,1,20,LQHtransmission939,LQHtransmission812
LQHtransmission939_to_LQHtransmission683_heat,#823740,LQ heat distribution main,transmission,100000,1,20,LQHtransmission683,LQHtransmission939
LQHtransmission683_to_LQHtransmission253_heat,#823740,LQ heat distribution main,transmission,100000,1,20,LQHtransmission253,LQHtransmission683
LQHtransmission253_to_LQHtransmission95_heat,#823740,LQ heat distribution main,transmission,100000,1,20,LQHtransmission95,LQHtransmission253
LQHtransmission95_to_LQHtransmission957_heat,#823740,LQ heat distribution main,transmission,100000,1,20,LQHtransmission957,LQHtransmission95
LQHtransmission957_to_LQHtransmission765_heat,#823740,LQ heat distribution main,transmission,100000,1,20,LQHtransmission765,LQHtransmission957
LQHtransmission765_to_LQHtransmission223_heat,#823740,LQ heat distribution main,transmission,100000,1,20,LQHtransmission223,LQHtransmission765
LQHtransmission223_to_LQHtransmission519_heat,#823740,LQ heat distribution main,transmission,100000,1,20,LQHtransmission519,LQHtransmission223
LQHtransmission519_to_LQHtransmission373_heat,#823740,LQ heat distribution main,transmission,100000,1,20,LQHtransmission373,LQHtransmission519
LQHtransmission373_to_LQHtransmission491_heat,#823740,LQ heat distribution main,transmission,100000,1,20,LQHtransmission491,LQHtransmission373
LQHtransmission491_to_LQHtransmission713_heat,#823740,LQ heat distribution main,transmission,100000,1,20,LQHtransmission713,LQHtransmission491
LQHtransmission713_to_LQHtransmission488_heat,#823740,LQ heat distribution main,transmission,100000,1,20,LQHtransmission488,LQHtransmission713
LQHtransmission488_to_LQHtransmission227_heat,#823740,LQ heat distribution main,transmission,100000,1,20,LQHtransmission227,LQHtransmission488
LQHtransmission227_to_LQHtransmission987_heat,#823740,LQ heat distribution main,transmission,100000,1,20,LQHtransmission987,LQHtransmission227
LQHtransmission987_to_LQHtransmission789_heat,#823740,LQ heat distribution main,transmission,100000,1,20,LQHtransmission789,LQHtransmission987
LQHtransmission789_to_LQHtransmission986_heat,#823740,LQ heat distribution main,transmission,100000,1,20,LQHtransmission986,LQHtransmission789
LQHtransmission986_to_LQHtransmission669_heat,#823740,LQ heat distribution main,transmission,100000,1,20,LQHtransmission669,LQHtransmission986
LQHtransmission266_to_LQHtransmission348_heat,#823740,LQ heat distribution main,transmission,100000,1,20,LQHtransmission348,LQHtransmission266
LQHtransmission348_to_LQHtransmission330_heat,#823740,LQ heat distribution main,transmission,100000,1,20,LQHtransmission330,LQHtransmission348
LQHtransmission330_to_LQHtransmission182_heat,#823740,LQ heat distribution main,transmission,100000,1,20,LQHtransmission182,LQHtransmission330
LQHtransmission182_to_LQHtransmission707_heat,#823740,LQ heat distribution main,transmission,100000,1,20,LQHtransmission707,LQHtransmission182
LQHtransmission707_to_LQHtransmission456_heat,#823740,LQ heat distribution main,transmission,100000,1,20,LQHtransmission456,LQHtransmission707
LQHtransmission456_to_LQHtransmission520_heat,#823740,LQ heat distribution main,transmission,100000,1,20,LQHtransmission520,LQHtransmission456
LQHtransmission520_to_LQHtransmission960_heat,#823740,LQ heat distribution main,transmission,100000,1,20,LQHtransmission960,LQHtransmission520
LQHtransmission960_to_LQHtransmission946_heat,#823740,LQ heat distribution main,transmission,100000,1,20,LQHtransmission946,LQHtransmission960
LQHtransmission946_to_LQHtransmission467_heat,#823740,LQ heat distribution main,transmission,100000,1,20,LQHtransmission467,LQHtransmission946
LQHtransmission467_to_LQHtransmission918_heat,#823740,LQ heat distribution main,transmission,100000,1,20,LQHtransmission918,LQHtransmission467
LQHtransmission918_to_LQHtransmission971_heat,#823740,LQ heat distribution main,transmission,100000,1,20,LQHtransmission971,LQHtransmission918
LQHtransmission971_to_LQHtransmission429_heat,#823740,LQ heat distribution main,transmission,100000,1,20,LQHtransmission429,LQHtransmission971
LQHtransmission429_to_LQHtransmission366_heat,#823740,LQ heat distribution main,transmission,100000,1,20,LQHtransmission366,LQHtransmission429
LQHtransmission366_to_LQHtransmission856_heat,#823740,LQ heat distribution main,transmission,100000,1,20,LQHtransmission856,LQHtransmission366
LQHtransmission856_to_LQHtransmission962_heat,#823740,LQ heat distribution main,transmission,100000,1,20,LQHtransmission962,LQHtransmission856
LQHtransmission962_to_LQHtransmission267_heat,#823740,LQ heat distribution main,transmission,100000,1,20,LQHtransmission267,LQHtransmission962
LQHtransmission267_to_LQHtransmission767_heat,#823740,LQ heat distribution main,transmission,100000,1,20,LQHtransmission767,LQHtransmission267
LQHtransmission767_to_LQHtransmission137_heat,#823740,LQ heat distribution main,transmission,100000,1,20,LQHtransmission137,LQHtransmission767
LQHtransmission137_to_LQHtransmission465_heat,#823740,LQ heat distribution main,transmission,100000,1,20,LQHtransmission465,LQHtransmission137
LQHtransmission465_to_LQHtransmission610_heat,#823740,LQ heat distribution main,transmission,100000,1,20,LQHtransmission610,LQHtransmission465
LQHtransmission610_to_LQHtransmission395_heat,#823740,LQ heat distribution main,transmission,100000,1,20,LQHtransmission395,LQHtransmission610
LQHtransmission395_to_LQHtransmission408_heat,#823740,LQ heat distribution main,transmission,100000,1,20,LQHtransmission408,LQHtransmission395
LQHtransmission408_to_LQHtransmission730_heat,#823740,LQ heat distribution main,transmission,100000,1,20,LQHtransmission730,LQHtransmission408
LQHtransmission730_to_LQHtransmission510_heat,#823740,LQ heat distribution main,transmission,100000,1,20,LQHtransmission510,LQHtransmission730
LQHtransmission510_to_LQHtransmission712_heat,#823740,LQ heat distribution main,transmission,100000,1,20,LQHtransmission712,LQHtransmission510
LQHtransmission712_to_LQHtransmission468_heat,#823740,LQ heat distribution main,transmission,100000,1,20,LQHtransmission468,LQHtransmission712
LQHtransmission468_to_LQHtransmission619_heat,#823740,LQ heat distribution main,transmission,100000,1,20,LQHtransmission619,LQHtransmission468
LQHtransmission619_to_LQHtransmission875_heat,#823740,LQ heat distribution main,transmission,100000,1,20,LQHtransmission875,LQHtransmission619
LQHtransmission875_to_LQHtransmission416_heat,#823740,LQ heat distribution main,transmission,100000,1,20,LQHtransmission416,LQHtransmission875
LQHtransmission416_to_LQHtransmission742_heat,#823740,LQ heat distribution main,transmission,100000,1,20,LQHtransmission742,LQHtransmission416
LQHtransmission742_to_LQHtransmission570_heat,#823740,LQ heat distribution main,transmission,100000,1,20,LQHtransmission570,LQHtransmission742
LQHtransmission570_to_LQHtransmission528_heat,#823740,LQ heat distribution main,transmission,100000,1,20,LQHtransmission528,LQHtransmission570
LQHtransmission528_to_LQHtransmission478_heat,#823740,LQ heat distribution main,transmission,100000,1,20,LQHtransmission478,LQHtransmission528
LQHtransmission478_to_LQHtransmission38_heat,#823740,LQ heat distribution main,transmission,100000,1,20,LQHtransmission38,LQHtransmission478
LQHtransmission38_to_LQHtransmission304_heat,#823740,LQ heat distribution main,transmission,100000,1,20,LQHtransmission304,LQHtransmission38
LQHtransmission304_to_LQHtransmission833_heat,#823740,LQ heat distribution main,transmission,100000,1,20,LQHtransmission833,LQHtransmission304
LQHtransmission833_to_LQHtransmission77_heat,#823740,LQ heat distribution main,transmission,100000,1,20,LQHtransmission77,LQHtransmission833
LQHtransmission77_to_LQHtransmission17_heat,#823740,LQ heat distribution main,transmission,100000,1,20,LQHtransmission17,LQHtransmission77
LQHtransmission17_to_LQHtransmission593_heat,#823740,LQ heat distribution main,transmission,100000,1,20,LQHtransmission593,LQHtransmission17
LQHtransmission593_to_LQHtransmission840_heat,#823740,LQ heat distribution main,transmission,100000,1,20,LQHtransmission840,LQHtransmission593
LQHtransmission840_to_LQHtransmission33_heat,#823740,LQ heat distribution main,transmission,100000,1,20,LQHtransmission33,LQHtransmission840
LQHtransmission33_to_LQHtransmission900_heat,#823740,LQ heat distribution main,transmission,100000,1,20,LQHtransmission900,LQHtransmission33
LQHtransmission900_to_LQHtransmission310_heat,#823740,LQ heat distribution main,transmission,100000,1,20,LQHtransmission310,LQHtransmission900
LQHtransmission310_to_LQHtransmission201_heat,#823740,LQ heat distribution main,transmission,100000,1,20,LQHtransmission201,LQHtransmission310
LQHtransmission201_to_LQHtransmission689_heat,#823740,LQ heat distribution main,transmission,100000,1,20,LQHtransmission689,LQHtransmission201
LQHtransmission689_to_LQHtransmission44_heat,#823740,LQ heat distribution main,transmission,100000,1,20,LQHtransmission44,LQHtransmission689
LQHtransmission44_to_LQHtransmission313_heat,#823740,LQ heat distribution main,transmission,100000,1,20,LQHtransmission313,LQHtransmission44
LQHtransmission313_to_LQHtransmission342_heat,#823740,LQ heat distribution main,transmission,100000,1,20,LQHtransmission342,LQHtransmission313
LQHtransmission342_to_LQHtransmission171_heat,#823740,LQ heat distribution main,transmission,100000,1,20,LQHtransmission171,LQHtransmission342
LQHtransmission171_to_LQHtransmission963_heat,#823740,LQ heat distribution main,transmission,100000,1,20,LQHtransmission963,LQHtransmission171
LQHtransmission963_to_LQHtransmission966_heat,#823740,LQ heat distribution main,transmission,100000,1,20,LQHtransmission966,LQHtransmission963
LQHtransmission966_to_LQHtransmission628_heat,#823740,LQ heat distribution main,transmission,100000,1,20,LQHtransmission628,LQHtransmission966
LQHtransmission628_to_LQHtransmission997_heat,#823740,LQ heat distribution main,transmission,100000,1,20,LQHtransmission997,LQHtransmission628
LQHtransmission997_to_LQHtransmission641_heat,#823740,LQ heat distribution main,transmission,100000,1,20,LQHtransmission641,LQHtransmission997
LQHtransmission641_to_LQHtransmission879_heat,#823740,LQ heat distribution main,transmission,100000,1,20,LQHtransmission879,LQHtransmission641
LQHtransmission879_to_LQHtransmission754_heat,#823740,LQ heat distribution main,transmission,100000,1,20,LQHtransmission754,LQHtransmission879
LQHtransmission94_to_LQHtransmission614_heat,#823740,LQ heat distribution main,transmission,100000,1,20,LQHtransmission614,LQHtransmission94
LQHtransmission645_to_LQHtransmission183_heat,#823740,LQ heat distribution main,transmission,100000,1,20,LQHtransmission183,LQHtransmission645
LQHtransmission183_to_LQHtransmission71_heat,#823740,LQ heat distribution main,transmission,100000,1,20,LQHtransmission71,LQHtransmission183
LQHtransmission71_to_LQHtransmission859_heat,#823740,LQ heat distribution main,transmission,100000,1,20,LQHtransmission859,LQHtransmission71
LQHtransmission859_to_LQHtransmission335_heat,#823740,LQ heat distribution main,transmission,100000,1,20,LQHtransmission335,LQHtransmission859
LQHtransmission335_to_LQHtransmission544_heat,#823740,LQ heat distribution main,transmission,100000,1,20,LQHtransmission544,LQHtransmission335
LQHtransmission544_to_LQHtransmission547_heat,#823740,LQ heat distribution main,transmission,100000,1,20,LQHtransmission547,LQHtransmission544
LQHtransmission547_to_LQHtransmission486_heat,#823740,LQ heat distribution main,transmission,100000,1,20,LQHtransmission486,LQHtransmission547
LQHtransmission486_to_LQHtransmission726_heat,#823740,LQ heat distribution main,transmission,100000,1,20,LQHtransmission726,LQHtransmission486
LQHtransmission726_to_LQHtransmission727_heat,#823740,LQ heat distribution main,transmission,100000,1,20,LQHtransmission727,LQHtransmission726
LQHtransmission727_to_LQHtransmission940_heat,#823740,LQ heat distribution main,transmission,100000,1,20,LQHtransmission940,LQHtransmission727
LQHtransmission940_to_LQHtransmission1005_heat,#823740,LQ heat distribution main,transmission,100000,1,20,LQHtransmission1005,LQHtransmission940
LQHtransmission1005_to_LQHtransmission40_heat,#823740,LQ heat distribution main,transmission,100000,1,20,LQHtransmission40,LQHtransmission1005
LQHtransmission40_to_LQHtransmission563_heat,#823740,LQ heat distribution main,transmission,100000,1,20,LQHtransmission563,LQHtransmission40
LQHtransmission563_to_LQHtransmission29_heat,#823740,LQ heat distribution main,transmission,100000,1,20,LQHtransmission29,LQHtransmission563
LQHtransmission29_to_LQHtransmission190_heat,#823740,LQ heat distribution main,transmission,100000,1,20,LQHtransmission190,LQHtransmission29
LQHtransmission190_to_LQHtransmission740_heat,#823740,LQ heat distribution main,transmission,100000,1,20,LQHtransmission740,LQHtransmission190
LQHtransmission740_to_LQHtransmission1017_heat,#823740,LQ heat distribution main,transmission,100000,1,20,LQHtransmission1017,LQHtransmission740
LQHtransmission1017_to_LQHtransmission230_heat,#823740,LQ heat distribution main,transmission,100000,1,20,LQHtransmission230,LQHtransmission1017
LQHtransmission230_to_LQHtransmission2_heat,#823740,LQ heat distribution main,transmission,100000,1,20,LQHtransmission2,LQHtransmission230
LQHtransmission2_to_LQHtransmission404_heat,#823740,LQ heat distribution main,transmission,100000,1,20,LQHtransmission404,LQHtransmission2
LQHtransmission404_to_LQHtransmission574_heat,#823740,LQ heat distribution main,transmission,100000,1,20,LQHtransmission574,LQHtransmission404
LQHtransmission574_to_LQHtransmission527_heat,#823740,LQ heat distribution main,transmission,100000,1,20,LQHtransmission527,LQHtransmission574
LQHtransmission527_to_LQHtransmission382_heat,#823740,LQ heat distribution main,transmission,100000,1,20,LQHtransmission382,LQHtransmission527
LQHtransmission382_to_LQHtransmission215_heat,#823740,LQ heat distribution main,transmission,100000,1,20,LQHtransmission215,LQHtransmission382
LQHtransmission215_to_LQHtransmission448_heat,#823740,LQ heat distribution main,transmission,100000,1,20,LQHtransmission448,LQHtransmission215
LQHtransmission448_to_LQHtransmission25_heat,#823740,LQ heat distribution main,transmission,100000,1,20,LQHtransmission25,LQHtransmission448
LQHtransmission25_to_LQHtransmission779_heat,#823740,LQ heat distribution main,transmission,100000,1,20,LQHtransmission779,LQHtransmission25
LQHtransmission779_to_LQHtransmission702_heat,#823740,LQ heat distribution main,transmission,100000,1,20,LQHtransmission702,LQHtransmission779
LQHtransmission702_to_LQHtransmission485_heat,#823740,LQ heat distribution main,transmission,100000,1,20,LQHtransmission485,LQHtransmission702
LQHtransmission485_to_LQHtransmission873_heat,#823740,LQ heat distribution main,transmission,100000,1,20,LQHtransmission873,LQHtransmission485
LQHtransmission873_to_LQHtransmission814_heat,#823740,LQ heat distribution main,transmission,100000,1,20,LQHtransmission814,LQHtransmission873
LQHtransmission814_to_LQHtransmission596_heat,#823740,LQ heat distribution main,transmission,100000,1,20,LQHtransmission596,LQHtransmission814
LQHtransmission596_to_LQHtransmission517_heat,#823740,LQ heat distribution main,transmission,100000,1,20,LQHtransmission517,LQHtransmission596
LQHtransmission517_to_LQHtransmission331_heat,#823740,LQ heat distribution main,transmission,100000,1,20,LQHtransmission331,LQHtransmission517
LQHtransmission331_to_LQHtransmission605_heat,#823740,LQ heat distribution main,transmission,100000,1,20,LQHtransmission605,LQHtransmission331
LQHtransmission605_to_LQHtransmission36_heat,#823740,LQ heat distribution main,transmission,100000,1,20,LQHtransmission36,LQHtransmission605
LQHtransmission36_to_LQHtransmission336_heat,#823740,LQ heat distribution main,transmission,100000,1,20,LQHtransmission336,LQHtransmission36
LQHtransmission336_to_LQHtransmission831_heat,#823740,LQ heat distribution main,transmission,100000,1,20,LQHtransmission831,LQHtransmission336
LQHtransmission831_to_LQHtransmission128_heat,#823740,LQ heat distribution main,transmission,100000,1,20,LQHtransmission128,LQHtransmission831
LQHtransmission128_to_LQHtransmission1003_heat,#823740,LQ heat distribution main,transmission,100000,1,20,LQHtransmission1003,LQHtransmission128
LQHtransmission1003_to_LQHtransmission927_heat,#823740,LQ heat distribution main,transmission,100000,1,20,LQHtransmission927,LQHtransmission1003
LQHtransmission927_to_LQHtransmission611_heat,#823740,LQ heat distribution main,transmission,100000,1,20,LQHtransmission611,LQHtransmission927
LQHtransmission611_to_LQHtransmission197_heat,#823740,LQ heat distribution main,transmission,100000,1,20,LQHtransmission197,LQHtransmission611
LQHtransmission197_to_LQHtransmission902_heat,#823740,LQ heat distribution main,transmission,100000,1,20,LQHtransmission902,LQHtransmission197
LQHtransmission902_to_LQHtransmission298_heat,#823740,LQ heat distribution main,transmission,100000,1,20,LQHtransmission298,LQHtransmission902
LQHtransmission298_to_LQHtransmission234_heat,#823740,LQ heat distribution main,transmission,100000,1,20,LQHtransmission234,LQHtransmission298
LQHtransmission234_to_LQHtransmission774_heat,#823740,LQ heat distribution main,transmission,100000,1,20,LQHtransmission774,LQHtransmission234
LQHtransmission774_to_LQHtransmission624_heat,#823740,LQ heat distribution main,transmission,100000,1,20,LQHtransmission624,LQHtransmission774
LQHtransmission624_to_LQHtransmission225_heat,#823740,LQ heat distribution main,transmission,100000,1,20,LQHtransmission225,LQHtransmission624
LQHtransmission225_to_LQHtransmission631_heat,#823740,LQ heat distribution main,transmission,100000,1,20,LQHtransmission631,LQHtransmission225
LQHtransmission631_to_LQHtransmission160_heat,#823740,LQ heat distribution main,transmission,100000,1,20,LQHtransmission160,LQHtransmission631
LQHtransmission160_to_LQHtransmission924_heat,#823740,LQ heat distribution main,transmission,100000,1,20,LQHtransmission924,LQHtransmission160
LQHtransmission924_to_LQHtransmission905_heat,#823740,LQ heat distribution main,transmission,100000,1,20,LQHtransmission905,LQHtransmission924
LQHtransmission905_to_LQHtransmission481_heat,#823740,LQ heat distribution main,transmission,100000,1,20,LQHtransmission481,LQHtransmission905
LQHtransmission481_to_LQHtransmission119_heat,#823740,LQ heat distribution main,transmission,100000,1,20,LQHtransmission119,LQHtransmission481
LQHtransmission119_to_LQHtransmission880_heat,#823740,LQ heat distribution main,transmission,100000,1,20,LQHtransmission880,LQHtransmission119
LQHtransmission880_to_LQHtransmission909_heat,#823740,LQ heat distribution main,transmission,100000,1,20,LQHtransmission909,LQHtransmission880
LQHtransmission909_to_LQHtransmission441_heat,#823740,LQ heat distribution main,transmission,100000,1,20,LQHtransmission441,LQHtransmission909
LQHtransmission441_to_LQHtransmission90_heat,#823740,LQ heat distribution main,transmission,100000,1,20,LQHtransmission90,LQHtransmission441
LQHtransmission90_to_LQHtransmission175_heat,#823740,LQ heat distribution main,transmission,100000,1,20,LQHtransmission175,LQHtransmission90
LQHtransmission175_to_LQHtransmission571_heat,#823740,LQ heat distribution main,transmission,100000,1,20,LQHtransmission571,LQHtransmission175
LQHtransmission571_to_LQHtransmission558_heat,#823740,LQ heat distribution main,transmission,100000,1,20,LQHtransmission558,LQHtransmission571
LQHtransmission558_to_LQHtransmission16_heat,#823740,LQ heat distribution main,transmission,100000,1,20,LQHtransmission16,LQHtransmission558
LQHtransmission16_to_LQHtransmission714_heat,#823740,LQ heat distribution main,transmission,100000,1,20,LQHtransmission714,LQHtransmission16
LQHtransmission714_to_LQHtransmission586_heat,#823740,LQ heat distribution main,transmission,100000,1,20,LQHtransmission586,LQHtransmission714
LQHtransmission586_to_LQHtransmission899_heat,#823740,LQ heat distribution main,transmission,100000,1,20,LQHtransmission899,LQHtransmission586
LQHtransmission899_to_LQHtransmission614_heat,#823740,LQ heat distribution main,transmission,100000,1,20,LQHtransmission614,LQHtransmission899
LQHtransmission677_to_LQHtransmission367_heat,#823740,LQ heat distribution main,transmission,100000,1,20,LQHtransmission367,LQHtransmission677
LQHtransmission367_to_LQHtransmission409_heat,#823740,LQ heat distribution main,transmission,100000,1,20,LQHtransmission409,LQHtransmission367
LQHtransmission409_to_LQHtransmission784_heat,#823740,LQ heat distribution main,transmission,100000,1,20,LQHtransmission784,LQHtransmission409
LQHtransmission784_to_LQHtransmission907_heat,#823740,LQ heat distribution main,transmission,100000,1,20,LQHtransmission907,LQHtransmission784
LQHtransmission907_to_LQHtransmission469_heat,#823740,LQ heat distribution main,transmission,100000,1,20,LQHtransmission469,LQHtransmission907
LQHtransmission469_to_LQHtransmission587_heat,#823740,LQ heat distribution main,transmission,100000,1,20,LQHtransmission587,LQHtransmission469
LQHtransmission587_to_LQHtransmission290_heat,#823740,LQ heat distribution main,transmission,100000,1,20,LQHtransmission290,LQHtransmission587
LQHtransmission290_to_LQHtransmission337_heat,#823740,LQ heat distribution main,transmission,100000,1,20,LQHtransmission337,LQHtransmission290
LQHtransmission337_to_LQHtransmission988_heat,#823740,LQ heat distribution main,transmission,100000,1,20,LQHtransmission988,LQHtransmission337
LQHtransmission988_to_LQHtransmission550_heat,#823740,LQ heat distribution main,transmission,100000,1,20,LQHtransmission550,LQHtransmission988
LQHtransmission550_to_LQHtransmission325_heat,#823740,LQ heat distribution main,transmission,100000,1,20,LQHtransmission325,LQHtransmission550
LQHtransmission325_to_LQHtransmission364_heat,#823740,LQ heat distribution main,transmission,100000,1,20,LQHtransmission364,LQHtransmission325
LQHtransmission364_to_LQHtransmission412_heat,#823740,LQ heat distribution main,transmission,100000,1,20,LQHtransmission412,LQHtransmission364
LQHtransmission412_to_LQHtransmission729_heat,#823740,LQ heat distribution main,transmission,100000,1,20,LQHtransmission729,LQHtransmission412
LQHtransmission729_to_LQHtransmission914_heat,#823740,LQ heat distribution main,transmission,100000,1,20,LQHtransmission914,LQHtransmission729
LQHtransmission914_to_LQHtransmission464_heat,#823740,LQ heat distribution main,transmission,100000,1,20,LQHtransmission464,LQHtransmission914
LQHtransmission464_to_LQHtransmission161_heat,#823740,LQ heat distribution main,transmission,100000,1,20,LQHtransmission161,LQHtransmission464
LQHtransmission161_to_LQHtransmission705_heat,#823740,LQ heat distribution main,transmission,100000,1,20,LQHtransmission705,LQHtransmission161
LQHtransmission705_to_LQHtransmission396_heat,#823740,LQ heat distribution main,transmission,100000,1,20,LQHtransmission396,LQHtransmission705
LQHtransmission396_to_LQHtransmission471_heat,#823740,LQ heat distribution main,transmission,100000,1,20,LQHtransmission471,LQHtransmission396
LQHtransmission471_to_LQHtransmission1048_heat,#823740,LQ heat distribution main,transmission,100000,1,20,LQHtransmission1048,LQHtransmission471
LQHtransmission1048_to_LQHtransmission989_heat,#823740,LQ heat distribution main,transmission,100000,1,20,LQHtransmission989,LQHtransmission1048
LQHtransmission989_to_LQHtransmission518_heat,#823740,LQ heat distribution main,transmission,100000,1,20,LQHtransmission518,LQHtransmission989
LQHtransmission518_to_LQHtransmission931_heat,#823740,LQ heat distribution main,transmission,100000,1,20,LQHtransmission931,LQHtransmission518
LQHtransmission931_to_LQHtransmission818_heat,#823740,LQ heat distribution main,transmission,100000,1,20,LQHtransmission818,LQHtransmission931
LQHtransmission818_to_LQHtransmission349_heat,#823740,LQ heat distribution main,transmission,100000,1,20,LQHtransmission349,LQHtransmission818
LQHtransmission349_to_LQHtransmission365_heat,#823740,LQ heat distribution main,transmission,100000,1,20,LQHtransmission365,LQHtransmission349
LQHtransmission365_to_LQHtransmission338_heat,#823740,LQ heat distribution main,transmission,100000,1,20,LQHtransmission338,LQHtransmission365
LQHtransmission338_to_LQHtransmission218_heat,#823740,LQ heat distribution main,transmission,100000,1,20,LQHtransmission218,LQHtransmission338
LQHtransmission218_to_LQHtransmission891_heat,#823740,LQ heat distribution main,transmission,100000,1,20,LQHtransmission891,LQHtransmission218
LQHtransmission891_to_LQHtransmission252_heat,#823740,LQ heat distribution main,transmission,100000,1,20,LQHtransmission252,LQHtransmission891
LQHtransmission252_to_LQHtransmission99_heat,#823740,LQ heat distribution main,transmission,100000,1,20,LQHtransmission99,LQHtransmission252
LQHtransmission99_to_LQHtransmission715_heat,#823740,LQ heat distribution main,transmission,100000,1,20,LQHtransmission715,LQHtransmission99
LQHtransmission715_to_LQHtransmission575_heat,#823740,LQ heat distribution main,transmission,100000,1,20,LQHtransmission575,LQHtransmission715
LQHtransmission575_to_LQHtransmission1019_heat,#823740,LQ heat distribution main,transmission,100000,1,20,LQHtransmission1019,LQHtransmission575
LQHtransmission1019_to_LQHtransmission565_heat,#823740,LQ heat distribution main,transmission,100000,1,20,LQHtransmission565,LQHtransmission1019
LQHtransmission565_to_LQHtransmission176_heat,#823740,LQ heat distribution main,transmission,100000,1,20,LQHtransmission176,LQHtransmission565
LQHtransmission176_to_LQHtransmission132_heat,#823740,LQ heat distribution main,transmission,100000,1,20,LQHtransmission132,LQHtransmission176
LQHtransmission132_to_LQHtransmission564_heat,#823740,LQ heat distribution main,transmission,100000,1,20,LQHtransmission564,LQHtransmission132
LQHtransmission564_to_LQHtransmission744_heat,#823740,LQ heat distribution main,transmission,100000,1,20,LQHtransmission744,LQHtransmission564
LQHtransmission744_to_LQHtransmission975_heat,#823740,LQ heat distribution main,transmission,100000,1,20,LQHtransmission975,LQHtransmission744
LQHtransmission975_to_LQHtransmission992_heat,#823740,LQ heat distribution main,transmission,100000,1,20,LQHtransmission992,LQHtransmission975
LQHtransmission992_to_LQHtransmission672_heat,#823740,LQ heat distribution main,transmission,100000,1,20,LQHtransmission672,LQHtransmission992
LQHtransmission672_to_LQHtransmission606_heat,#823740,LQ heat distribution main,transmission,100000,1,20,LQHtransmission606,LQHtransmission672
LQHtransmission606_to_LQHtransmission178_heat,#823740,LQ heat distribution main,transmission,100000,1,20,LQHtransmission178,LQHtransmission606
LQHtransmission178_to_LQHtransmission993_heat,#823740,LQ heat distribution main,transmission,100000,1,20,LQHtransmission993,LQHtransmission178
LQHtransmission993_to_LQHtransmission148_heat,#823740,LQ heat distribution main,transmission,100000,1,20,LQHtransmission148,LQHtransmission993
LQHtransmission148_to_LQHtransmission98_heat,#823740,LQ heat distribution main,transmission,100000,1,20,LQHtransmission98,LQHtransmission148
LQHtransmission98_to_LQHtransmission51_heat,#823740,LQ heat distribution main,transmission,100000,1,20,LQHtransmission51,LQHtransmission98
LQHtransmission51_to_LQHtransmission540_heat,#823740,LQ heat distribution main,transmission,100000,1,20,LQHtransmission540,LQHtransmission51
LQHtransmission540_to_LQHtransmission123_heat,#823740,LQ heat distribution main,transmission,100000,1,20,LQHtransmission123,LQHtransmission540
LQHtransmission123_to_LQHtransmission450_heat,#823740,LQ heat distribution main,transmission,100000,1,20,LQHtransmission450,LQHtransmission123
LQHtransmission450_to_LQHtransmission1042_heat,#823740,LQ heat distribution main,transmission,100000,1,20,LQHtransmission1042,LQHtransmission450
LQHtransmission1042_to_LQHtransmission144_heat,#823740,LQ heat distribution main,transmission,100000,1,20,LQHtransmission144,LQHtransmission1042
LQHtransmission144_to_LQHtransmission751_heat,#823740,LQ heat distribution main,transmission,100000,1,20,LQHtransmission751,LQHtransmission144
LQHtransmission751_to_LQHtransmission437_heat,#823740,LQ heat distribution main,transmission,100000,1,20,LQHtransmission437,LQHtransmission751
LQHtransmission437_to_LQHtransmission1020_heat,#823740,LQ heat distribution main,transmission,100000,1,20,LQHtransmission1020,LQHtransmission437
LQHtransmission1020_to_LQHtransmission632_heat,#823740,LQ heat distribution main,transmission,100000,1,20,LQHtransmission632,LQHtransmission1020
LQHtransmission632_to_LQHtransmission674_heat,#823740,LQ heat distribution main,transmission,100000,1,20,LQHtransmission674,LQHtransmission632
LQHtransmission674_to_LQHtransmission4_heat,#823740,LQ heat distribution main,transmission,100000,1,20,LQHtransmission4,LQHtransmission674
LQHtransmission4_to_LQHtransmission1012_heat,#823740,LQ heat distribution main,transmission,100000,1,20,LQHtransmission1012,LQHtransmission4
LQHtransmission1012_to_LQHtransmission771_heat,#823740,LQ heat distribution main,transmission,100000,1,20,LQHtransmission771,LQHtransmission1012
LQHtransmission771_to_LQHtransmission375_heat,#823740,LQ heat distribution main,transmission,100000,1,20,LQHtransmission375,LQHtransmission771
LQHtransmission375_to_LQHtransmission320_heat,#823740,LQ heat distribution main,transmission,100000,1,20,LQHtransmission320,LQHtransmission375
LQHtransmission320_to_LQHtransmission47_heat,#823740,LQ heat distribution main,transmission,100000,1,20,LQHtransmission47,LQHtransmission320
LQHtransmission47_to_LQHtransmission720_heat,#823740,LQ heat distribution main,transmission,100000,1,20,LQHtransmission720,LQHtransmission47
LQHtransmission720_to_LQHtransmission186_heat,#823740,LQ heat distribution main,transmission,100000,1,20,LQHtransmission186,LQHtransmission720
LQHtransmission645_to_LQHtransmission162_heat,#823740,LQ heat distribution main,transmission,100000,1,20,LQHtransmission162,LQHtransmission645
LQHtransmission162_to_LQHtransmission249_heat,#823740,LQ heat distribution main,transmission,100000,1,20,LQHtransmission249,LQHtransmission162
LQHtransmission249_to_LQHtransmission23_heat,#823740,LQ heat distribution main,transmission,100000,1,20,LQHtransmission23,LQHtransmission249
LQHtransmission23_to_LQHtransmission761_heat,#823740,LQ heat distribution main,transmission,100000,1,20,LQHtransmission761,LQHtransmission23
LQHtransmission761_to_LQHtransmission522_heat,#823740,LQ heat distribution main,transmission,100000,1,20,LQHtransmission522,LQHtransmission761
LQHtransmission522_to_LQHtransmission541_heat,#823740,LQ heat distribution main,transmission,100000,1,20,LQHtransmission541,LQHtransmission522
LQHtransmission541_to_LQHtransmission261_heat,#823740,LQ heat distribution main,transmission,100000,1,20,LQHtransmission261,LQHtransmission541
LQHtransmission261_to_LQHtransmission297_heat,#823740,LQ heat distribution main,transmission,100000,1,20,LQHtransmission297,LQHtransmission261
LQHtransmission297_to_LQHtransmission305_heat,#823740,LQ heat distribution main,transmission,100000,1,20,LQHtransmission305,LQHtransmission297
LQHtransmission305_to_LQHtransmission504_heat,#823740,LQ heat distribution main,transmission,100000,1,20,LQHtransmission504,LQHtransmission305
LQHtransmission504_to_LQHtransmission594_heat,#823740,LQ heat distribution main,transmission,100000,1,20,LQHtransmission594,LQHtransmission504
LQHtransmission594_to_LQHtransmission692_heat,#823740,LQ heat distribution main,transmission,100000,1,20,LQHtransmission692,LQHtransmission594
LQHtransmission692_to_LQHtransmission155_heat,#823740,LQ heat distribution main,transmission,100000,1,20,LQHtransmission155,LQHtransmission692
LQHtransmission155_to_LQHtransmission851_heat,#823740,LQ heat distribution main,transmission,100000,1,20,LQHtransmission851,LQHtransmission155
LQHtransmission851_to_LQHtransmission268_heat,#823740,LQ heat distribution main,transmission,100000,1,20,LQHtransmission268,LQHtransmission851
LQHtransmission268_to_LQHtransmission352_heat,#823740,LQ heat distribution main,transmission,100000,1,20,LQHtransmission352,LQHtransmission268
LQHtransmission222_to_LQHtransmission721_heat,#823740,LQ heat distribution main,transmission,100000,1,20,LQHtransmission721,LQHtransmission222
LQHtransmission721_to_LQHtransmission257_heat,#823740,LQ heat distribution main,transmission,100000,1,20,LQHtransmission257,LQHtransmission721
LQHtransmission257_to_LQHtransmission836_heat,#823740,LQ heat distribution main,transmission,100000,1,20,LQHtransmission836,LQHtransmission257
LQHtransmission836_to_LQHtransmission463_heat,#823740,LQ heat distribution main,transmission,100000,1,20,LQHtransmission463,LQHtransmission836
LQHtransmission463_to_LQHtransmission307_heat,#823740,LQ heat distribution main,transmission,100000,1,20,LQHtransmission307,LQHtransmission463
LQHtransmission307_to_LQHtransmission508_heat,#823740,LQ heat distribution main,transmission,100000,1,20,LQHtransmission508,LQHtransmission307
LQHtransmission508_to_LQHtransmission339_heat,#823740,LQ heat distribution main,transmission,100000,1,20,LQHtransmission339,LQHtransmission508
LQHtransmission339_to_LQHtransmission100_heat,#823740,LQ heat distribution main,transmission,100000,1,20,LQHtransmission100,LQHtransmission339
LQHtransmission100_to_LQHtransmission708_heat,#823740,LQ heat distribution main,transmission,100000,1,20,LQHtransmission708,LQHtransmission100
LQHtransmission708_to_LQHtransmission125_heat,#823740,LQ heat distribution main,transmission,100000,1,20,LQHtransmission125,LQHtransmission708
LQHtransmission125_to_LQHtransmission147_heat,#823740,LQ heat distribution main,transmission,100000,1,20,LQHtransmission147,LQHtransmission125
LQHtransmission147_to_LQHtransmission646_heat,#823740,LQ heat distribution main,transmission,100000,1,20,LQHtransmission646,LQHtransmission147
LQHtransmission646_to_LQHtransmission505_heat,#823740,LQ heat distribution main,transmission,100000,1,20,LQHtransmission505,LQHtransmission646
LQHtransmission505_to_LQHtransmission585_heat,#823740,LQ heat distribution main,transmission,100000,1,20,LQHtransmission585,LQHtransmission505
LQHtransmission585_to_LQHtransmission133_heat,#823740,LQ heat distribution main,transmission,100000,1,20,LQHtransmission133,LQHtransmission585
LQHtransmission644_to_LQHtransmission629_heat,#823740,LQ heat distribution main,transmission,100000,1,20,LQHtransmission629,LQHtransmission644
LQHtransmission629_to_LQHtransmission581_heat,#823740,LQ heat distribution main,transmission,100000,1,20,LQHtransmission581,LQHtransmission629
LQHtransmission581_to_LQHtransmission82_heat,#823740,LQ heat distribution main,transmission,100000,1,20,LQHtransmission82,LQHtransmission581
LQHtransmission423_to_LQHtransmission7_heat,#823740,LQ heat distribution main,transmission,100000,1,20,LQHtransmission7,LQHtransmission423
LQHtransmission7_to_LQHtransmission317_heat,#823740,LQ heat distribution main,transmission,100000,1,20,LQHtransmission317,LQHtransmission7
LQHtransmission317_to_LQHtransmission299_heat,#823740,LQ heat distribution main,transmission,100000,1,20,LQHtransmission299,LQHtransmission317
LQHtransmission299_to_LQHtransmission421_heat,#823740,LQ heat distribution main,transmission,100000,1,20,LQHtransmission421,LQHtransmission299
LQHtransmission421_to_LQHtransmission920_heat,#823740,LQ heat distribution main,transmission,100000,1,20,LQHtransmission920,LQHtransmission421
LQHtransmission920_to_LQHtransmission579_heat,#823740,LQ heat distribution main,transmission,100000,1,20,LQHtransmission579,LQHtransmission920
LQHtransmission579_to_LQHtransmission390_heat,#823740,LQ heat distribution main,transmission,100000,1,20,LQHtransmission390,LQHtransmission579
LQHtransmission390_to_LQHtransmission395_heat,#823740,LQ heat distribution main,transmission,100000,1,20,LQHtransmission395,LQHtransmission390
LQHtransmission1040_to_LQHtransmission542_heat,#823740,LQ heat distribution main,transmission,100000,1,20,LQHtransmission542,LQHtransmission1040
LQHtransmission542_to_LQHtransmission861_heat,#823740,LQ heat distribution main,transmission,100000,1,20,LQHtransmission861,LQHtransmission542
LQHtransmission861_to_LQHtransmission768_heat,#823740,LQ heat distribution main,transmission,100000,1,20,LQHtransmission768,LQHtransmission861
LQHtransmission768_to_LQHtransmission1030_heat,#823740,LQ heat distribution main,transmission,100000,1,20,LQHtransmission1030,LQHtransmission768
LQHtransmission1030_to_LQHtransmission764_heat,#823740,LQ heat distribution main,transmission,100000,1,20,LQHtransmission764,LQHtransmission1030
LQHtransmission764_to_LQHtransmission354_heat,#823740,LQ heat distribution main,transmission,100000,1,20,LQHtransmission354,LQHtransmission764
LQHtransmission354_to_LQHtransmission54_heat,#823740,LQ heat distribution main,transmission,100000,1,20,LQHtransmission54,LQHtransmission354
LQHtransmission54_to_LQHtransmission760_heat,#823740,LQ heat distribution main,transmission,100000,1,20,LQHtransmission760,LQHtransmission54
LQHtransmission760_to_LQHtransmission199_heat,#823740,LQ heat distribution main,transmission,100000,1,20,LQHtransmission199,LQHtransmission760
LQHtransmission199_to_LQHtransmission621_heat,#823740,LQ heat distribution main,transmission,100000,1,20,LQHtransmission621,LQHtransmission199
LQHtransmission621_to_LQHtransmission219_heat,#823740,LQ heat distribution main,transmission,100000,1,20,LQHtransmission219,LQHtransmission621
LQHtransmission219_to_LQHtransmission1050_heat,#823740,LQ heat distribution main,transmission,100000,1,20,LQHtransmission1050,LQHtransmission219
LQHtransmission1050_to_LQHtransmission574_heat,#823740,LQ heat distribution main,transmission,100000,1,20,LQHtransmission574,LQHtransmission1050
LQHtransmission395_to_LQHtransmission577_heat,#823740,LQ heat distribution main,transmission,100000,1,20,LQHtransmission577,LQHtransmission395
LQHtransmission577_to_LQHtransmission72_heat,#823740,LQ heat distribution main,transmission,100000,1,20,LQHtransmission72,LQHtransmission577
LQHtransmission72_to_LQHtransmission691_heat,#823740,LQ heat distribution main,transmission,100000,1,20,LQHtransmission691,LQHtransmission72
LQHtransmission691_to_LQHtransmission566_heat,#823740,LQ heat distribution main,transmission,100000,1,20,LQHtransmission566,LQHtransmission691
LQHtransmission902_to_LQHtransmission398_heat,#823740,LQ heat distribution main,transmission,100000,1,20,LQHtransmission398,LQHtransmission902
LQHtransmission398_to_LQHtransmission235_heat,#823740,LQ heat distribution main,transmission,100000,1,20,LQHtransmission235,LQHtransmission398
LQHtransmission235_to_LQHtransmission192_heat,#823740,LQ heat distribution main,transmission,100000,1,20,LQHtransmission192,LQHtransmission235
LQHtransmission192_to_LQHtransmission837_heat,#823740,LQ heat distribution main,transmission,100000,1,20,LQHtransmission837,LQHtransmission192
LQHtransmission837_to_LQHtransmission976_heat,#823740,LQ heat distribution main,transmission,100000,1,20,LQHtransmission976,LQHtransmission837
LQHtransmission976_to_LQHtransmission934_heat,#823740,LQ heat distribution main,transmission,100000,1,20,LQHtransmission934,LQHtransmission976
LQHtransmission934_to_LQHtransmission453_heat,#823740,LQ heat distribution main,transmission,100000,1,20,LQHtransmission453,LQHtransmission934
LQHtransmission453_to_LQHtransmission314_heat,#823740,LQ heat distribution main,transmission,100000,1,20,LQHtransmission314,LQHtransmission453
LQHtransmission314_to_LQHtransmission557_heat,#823740,LQ heat distribution main,transmission,100000,1,20,LQHtransmission557,LQHtransmission314
LQHtransmission557_to_LQHtransmission717_heat,#823740,LQ heat distribution main,transmission,100000,1,20,LQHtransmission717,LQHtransmission557
LQHtransmission717_to_LQHtransmission733_heat,#823740,LQ heat distribution main,transmission,100000,1,20,LQHtransmission733,LQHtransmission717
LQHtransmission733_to_LQHtransmission241_heat,#823740,LQ heat distribution main,transmission,100000,1,20,LQHtransmission241,LQHtransmission733
LQHtransmission241_to_LQHtransmission845_heat,#823740,LQ heat distribution main,transmission,100000,1,20,LQHtransmission845,LQHtransmission241
LQHtransmission845_to_LQHtransmission32_heat,#823740,LQ heat distribution main,transmission,100000,1,20,LQHtransmission32,LQHtransmission845
LQHtransmission32_to_LQHtransmission67_heat,#823740,LQ heat distribution main,transmission,100000,1,20,LQHtransmission67,LQHtransmission32
LQHtransmission67_to_LQHtransmission86_heat,#823740,LQ heat distribution main,transmission,100000,1,20,LQHtransmission86,LQHtransmission67
LQHtransmission86_to_LQHtransmission530_heat,#823740,LQ heat distribution main,transmission,100000,1,20,LQHtransmission530,LQHtransmission86
LQHtransmission83_to_LQHtransmission389_heat,#823740,LQ heat distribution main,transmission,100000,1,20,LQHtransmission389,LQHtransmission83
LQHtransmission389_to_LQHtransmission326_heat,#823740,LQ heat distribution main,transmission,100000,1,20,LQHtransmission326,LQHtransmission389
LQHtransmission326_to_LQHtransmission699_heat,#823740,LQ heat distribution main,transmission,100000,1,20,LQHtransmission699,LQHtransmission326
LQHtransmission699_to_LQHtransmission638_heat,#823740,LQ heat distribution main,transmission,100000,1,20,LQHtransmission638,LQHtransmission699
LQHtransmission186_to_LQHtransmission634_heat,#823740,LQ heat distribution main,transmission,100000,1,20,LQHtransmission634,LQHtransmission186
LQHtransmission634_to_LQHtransmission85_heat,#823740,LQ heat distribution main,transmission,100000,1,20,LQHtransmission85,LQHtransmission634
LQHtransmission85_to_LQHtransmission79_heat,#823740,LQ heat distribution main,transmission,100000,1,20,LQHtransmission79,LQHtransmission85
LQHtransmission79_to_LQHtransmission281_heat,#823740,LQ heat distribution main,transmission,100000,1,20,LQHtransmission281,LQHtransmission79
LQHtransmission281_to_LQHtransmission804_heat,#823740,LQ heat distribution main,transmission,100000,1,20,LQHtransmission804,LQHtransmission281
LQHtransmission804_to_LQHtransmission645_heat,#823740,LQ heat distribution main,transmission,100000,1,20,LQHtransmission645,LQHtransmission804
LQHtransmission645_to_LQHtransmission1013_heat,#823740,LQ heat distribution main,transmission,100000,1,20,LQHtransmission1013,LQHtransmission645
LQHtransmission1013_to_LQHtransmission545_heat,#823740,LQ heat distribution main,transmission,100000,1,20,LQHtransmission545,LQHtransmission1013
LQHtransmission545_to_LQHtransmission1031_heat,#823740,LQ heat distribution main,transmission,100000,1,20,LQHtransmission1031,LQHtransmission545
LQHtransmission1031_to_LQHtransmission515_heat,#823740,LQ heat distribution main,transmission,100000,1,20,LQHtransmission515,LQHtransmission1031
LQHtransmission177_to_LQHtransmission245_heat,#823740,LQ heat distribution main,transmission,100000,1,20,LQHtransmission245,LQHtransmission177
LQHtransmission245_to_LQHtransmission277_heat,#823740,LQ heat distribution main,transmission,100000,1,20,LQHtransmission277,LQHtransmission245
LQHtransmission277_to_LQHtransmission391_heat,#823740,LQ heat distribution main,transmission,100000,1,20,LQHtransmission391,LQHtransmission277
LQHtransmission391_to_LQHtransmission459_heat,#823740,LQ heat distribution main,transmission,100000,1,20,LQHtransmission459,LQHtransmission391
LQHtransmission459_to_LQHtransmission977_heat,#823740,LQ heat distribution main,transmission,100000,1,20,LQHtransmission977,LQHtransmission459
LQHtransmission977_to_LQHtransmission1023_heat,#823740,LQ heat distribution main,transmission,100000,1,20,LQHtransmission1023,LQHtransmission977
LQHtransmission1023_to_LQHtransmission392_heat,#823740,LQ heat distribution main,transmission,100000,1,20,LQHtransmission392,LQHtransmission1023
LQHtransmission392_to_LQHtransmission14_heat,#823740,LQ heat distribution main,transmission,100000,1,20,LQHtransmission14,LQHtransmission392
LQHtransmission14_to_LQHtransmission102_heat,#823740,LQ heat distribution main,transmission,100000,1,20,LQHtransmission102,LQHtransmission14
LQHtransmission102_to_LQHtransmission209_heat,#823740,LQ heat distribution main,transmission,100000,1,20,LQHtransmission209,LQHtransmission102
LQHtransmission209_to_LQHtransmission656_heat,#823740,LQ heat distribution main,transmission,100000,1,20,LQHtransmission656,LQHtransmission209
LQHtransmission656_to_LQHtransmission706_heat,#823740,LQ heat distribution main,transmission,100000,1,20,LQHtransmission706,LQHtransmission656
LQHtransmission706_to_LQHtransmission911_heat,#823740,LQ heat distribution main,transmission,100000,1,20,LQHtransmission911,LQHtransmission706
LQHtransmission911_to_LQHtransmission295_heat,#823740,LQ heat distribution main,transmission,100000,1,20,LQHtransmission295,LQHtransmission911
LQHtransmission295_to_LQHtransmission246_heat,#823740,LQ heat distribution main,transmission,100000,1,20,LQHtransmission246,LQHtransmission295
LQHtransmission246_to_LQHtransmission343_heat,#823740,LQ heat distribution main,transmission,100000,1,20,LQHtransmission343,LQHtransmission246
LQHtransmission343_to_LQHtransmission794_heat,#823740,LQ heat distribution main,transmission,100000,1,20,LQHtransmission794,LQHtransmission343
LQHtransmission794_to_LQHtransmission224_heat,#823740,LQ heat distribution main,transmission,100000,1,20,LQHtransmission224,LQHtransmission794
LQHtransmission224_to_LQHtransmission506_heat,#823740,LQ heat distribution main,transmission,100000,1,20,LQHtransmission506,LQHtransmission224
LQHtransmission506_to_LQHtransmission620_heat,#823740,LQ heat distribution main,transmission,100000,1,20,LQHtransmission620,LQHtransmission506
LQHtransmission620_to_LQHtransmission120_heat,#823740,LQ heat distribution main,transmission,100000,1,20,LQHtransmission120,LQHtransmission620
LQHtransmission120_to_LQHtransmission15_heat,#823740,LQ heat distribution main,transmission,100000,1,20,LQHtransmission15,LQHtransmission120
LQHtransmission15_to_LQHtransmission493_heat,#823740,LQ heat distribution main,transmission,100000,1,20,LQHtransmission493,LQHtransmission15
LQHtransmission493_to_LQHtransmission607_heat,#823740,LQ heat distribution main,transmission,100000,1,20,LQHtransmission607,LQHtransmission493
LQHtransmission607_to_LQHtransmission724_heat,#823740,LQ heat distribution main,transmission,100000,1,20,LQHtransmission724,LQHtransmission607
LQHtransmission724_to_LQHtransmission21_heat,#823740,LQ heat distribution main,transmission,100000,1,20,LQHtransmission21,LQHtransmission724
LQHtransmission21_to_LQHtransmission117_heat,#823740,LQ heat distribution main,transmission,100000,1,20,LQHtransmission117,LQHtransmission21
LQHtransmission117_to_LQHtransmission221_heat,#823740,LQ heat distribution main,transmission,100000,1,20,LQHtransmission221,LQHtransmission117
LQHtransmission221_to_LQHtransmission732_heat,#823740,LQ heat distribution main,transmission,100000,1,20,LQHtransmission732,LQHtransmission221
LQHtransmission732_to_LQHtransmission608_heat,#823740,LQ heat distribution main,transmission,100000,1,20,LQHtransmission608,LQHtransmission732
LQHtransmission608_to_LQHtransmission799_heat,#823740,LQ heat distribution main,transmission,100000,1,20,LQHtransmission799,LQHtransmission608
LQHtransmission799_to_LQHtransmission428_heat,#823740,LQ heat distribution main,transmission,100000,1,20,LQHtransmission428,LQHtransmission799
LQHtransmission428_to_LQHtransmission737_heat,#823740,LQ heat distribution main,transmission,100000,1,20,LQHtransmission737,LQHtransmission428
LQHtransmission737_to_LQHtransmission180_heat,#823740,LQ heat distribution main,transmission,100000,1,20,LQHtransmission180,LQHtransmission737
LQHtransmission180_to_LQHtransmission834_heat,#823740,LQ heat distribution main,transmission,100000,1,20,LQHtransmission834,LQHtransmission180
LQHtransmission834_to_LQHtransmission1007_heat,#823740,LQ heat distribution main,transmission,100000,1,20,LQHtransmission1007,LQHtransmission834
LQHtransmission1007_to_LQHtransmission630_heat,#823740,LQ heat distribution main,transmission,100000,1,20,LQHtransmission630,LQHtransmission1007
LQHtransmission630_to_LQHtransmission700_heat,#823740,LQ heat distribution main,transmission,100000,1,20,LQHtransmission700,LQHtransmission630
LQHtransmission700_to_LQHtransmission274_heat,#823740,LQ heat distribution main,transmission,100000,1,20,LQHtransmission274,LQHtransmission700
LQHtransmission274_to_LQHtransmission482_heat,#823740,LQ heat distribution main,transmission,100000,1,20,LQHtransmission482,LQHtransmission274
LQHtransmission482_to_LQHtransmission402_heat,#823740,LQ heat distribution main,transmission,100000,1,20,LQHtransmission402,LQHtransmission482
LQHtransmission402_to_LQHtransmission990_heat,#823740,LQ heat distribution main,transmission,100000,1,20,LQHtransmission990,LQHtransmission402
LQHtransmission990_to_LQHtransmission825_heat,#823740,LQ heat distribution main,transmission,100000,1,20,LQHtransmission825,LQHtransmission990
LQHtransmission825_to_LQHtransmission800_heat,#823740,LQ heat distribution main,transmission,100000,1,20,LQHtransmission800,LQHtransmission825
LQHtransmission800_to_LQHtransmission908_heat,#823740,LQ heat distribution main,transmission,100000,1,20,LQHtransmission908,LQHtransmission800
LQHtransmission637_to_LQHtransmission203_heat,#823740,LQ heat distribution main,transmission,100000,1,20,LQHtransmission203,LQHtransmission637
LQHtransmission203_to_LQHtransmission43_heat,#823740,LQ heat distribution main,transmission,100000,1,20,LQHtransmission43,LQHtransmission203
LQHtransmission43_to_LQHtransmission671_heat,#823740,LQ heat distribution main,transmission,100000,1,20,LQHtransmission671,LQHtransmission43
LQHtransmission671_to_LQHtransmission232_heat,#823740,LQ heat distribution main,transmission,100000,1,20,LQHtransmission232,LQHtransmission671
LQHtransmission232_to_LQHtransmission439_heat,#823740,LQ heat distribution main,transmission,100000,1,20,LQHtransmission439,LQHtransmission232
LQHtransmission439_to_LQHtransmission694_heat,#823740,LQ heat distribution main,transmission,100000,1,20,LQHtransmission694,LQHtransmission439
LQHtransmission694_to_LQHtransmission588_heat,#823740,LQ heat distribution main,transmission,100000,1,20,LQHtransmission588,LQHtransmission694
LQHtransmission588_to_LQHtransmission164_heat,#823740,LQ heat distribution main,transmission,100000,1,20,LQHtransmission164,LQHtransmission588
LQHtransmission164_to_LQHtransmission725_heat,#823740,LQ heat distribution main,transmission,100000,1,20,LQHtransmission725,LQHtransmission164
LQHtransmission725_to_LQHtransmission622_heat,#823740,LQ heat distribution main,transmission,100000,1,20,LQHtransmission622,LQHtransmission725
LQHtransmission622_to_LQHtransmission188_heat,#823740,LQ heat distribution main,transmission,100000,1,20,LQHtransmission188,LQHtransmission622
LQHtransmission188_to_LQHtransmission129_heat,#823740,LQ heat distribution main,transmission,100000,1,20,LQHtransmission129,LQHtransmission188
LQHtransmission129_to_LQHtransmission769_heat,#823740,LQ heat distribution main,transmission,100000,1,20,LQHtransmission769,LQHtransmission129
LQHtransmission860_to_LQHtransmission678_heat,#823740,LQ heat distribution main,transmission,100000,1,20,LQHtransmission678,LQHtransmission860
LQHtransmission678_to_LQHtransmission958_heat,#823740,LQ heat distribution main,transmission,100000,1,20,LQHtransmission958,LQHtransmission678
LQHtransmission958_to_LQHtransmission1001_heat,#823740,LQ heat distribution main,transmission,100000,1,20,LQHtransmission1001,LQHtransmission958
LQHtransmission1001_to_LQHtransmission560_heat,#823740,LQ heat distribution main,transmission,100000,1,20,LQHtransmission560,LQHtransmission1001
LQHtransmission560_to_LQHtransmission743_heat,#823740,LQ heat distribution main,transmission,100000,1,20,LQHtransmission743,LQHtransmission560
LQHtransmission743_to_LQHtransmission360_heat,#823740,LQ heat distribution main,transmission,100000,1,20,LQHtransmission360,LQHtransmission743
LQHtransmission360_to_LQHtransmission819_heat,#823740,LQ heat distribution main,transmission,100000,1,20,LQHtransmission819,LQHtransmission360
LQHtransmission819_to_LQHtransmission258_heat,#823740,LQ heat distribution main,transmission,100000,1,20,LQHtransmission258,LQHtransmission819
LQHtransmission258_to_LQHtransmission191_heat,#823740,LQ heat distribution main,transmission,100000,1,20,LQHtransmission191,LQHtransmission258
LQHtransmission191_to_LQHtransmission37_heat,#823740,LQ heat distribution main,transmission,100000,1,20,LQHtransmission37,LQHtransmission191
LQHtransmission37_to_LQHtransmission134_heat,#823740,LQ heat distribution main,transmission,100000,1,20,LQHtransmission134,LQHtransmission37
LQHtransmission134_to_LQHtransmission915_heat,#823740,LQ heat distribution main,transmission,100000,1,20,LQHtransmission915,LQHtransmission134
LQHtransmission915_to_LQHtransmission142_heat,#823740,LQ heat distribution main,transmission,100000,1,20,LQHtransmission142,LQHtransmission915
LQHtransmission142_to_LQHtransmission296_heat,#823740,LQ heat distribution main,transmission,100000,1,20,LQHtransmission296,LQHtransmission142
LQHtransmission296_to_LQHtransmission755_heat,#823740,LQ heat distribution main,transmission,100000,1,20,LQHtransmission755,LQHtransmission296
LQHtransmission755_to_LQHtransmission60_heat,#823740,LQ heat distribution main,transmission,100000,1,20,LQHtransmission60,LQHtransmission755
LQHtransmission60_to_LQHtransmission609_heat,#823740,LQ heat distribution main,transmission,100000,1,20,LQHtransmission609,LQHtransmission60
LQHtransmission609_to_LQHtransmission143_heat,#823740,LQ heat distribution main,transmission,100000,1,20,LQHtransmission143,LQHtransmission609
LQHtransmission143_to_LQHtransmission780_heat,#823740,LQ heat distribution main,transmission,100000,1,20,LQHtransmission780,LQHtransmission143
LQHtransmission780_to_LQHtransmission982_heat,#823740,LQ heat distribution main,transmission,100000,1,20,LQHtransmission982,LQHtransmission780
LQHtransmission982_to_LQHtransmission494_heat,#823740,LQ heat distribution main,transmission,100000,1,20,LQHtransmission494,LQHtransmission982
LQHtransmission494_to_LQHtransmission39_heat,#823740,LQ heat distribution main,transmission,100000,1,20,LQHtransmission39,LQHtransmission494
LQHtransmission39_to_LQHtransmission679_heat,#823740,LQ heat distribution main,transmission,100000,1,20,LQHtransmission679,LQHtransmission39
LQHtransmission679_to_LQHtransmission654_heat,#823740,LQ heat distribution main,transmission,100000,1,20,LQHtransmission654,LQHtransmission679
LQHtransmission654_to_LQHtransmission844_heat,#823740,LQ heat distribution main,transmission,100000,1,20,LQHtransmission844,LQHtransmission654
LQHtransmission844_to_LQHtransmission461_heat,#823740,LQ heat distribution main,transmission,100000,1,20,LQHtransmission461,LQHtransmission844
LQHtransmission461_to_LQHtransmission69_heat,#823740,LQ heat distribution main,transmission,100000,1,20,LQHtransmission69,LQHtransmission461
LQHtransmission69_to_LQHtransmission709_heat,#823740,LQ heat distribution main,transmission,100000,1,20,LQHtransmission709,LQHtransmission69
LQHtransmission709_to_LQHtransmission229_heat,#823740,LQ heat distribution main,transmission,100000,1,20,LQHtransmission229,LQHtransmission709
LQHtransmission229_to_LQHtransmission824_heat,#823740,LQ heat distribution main,transmission,100000,1,20,LQHtransmission824,LQHtransmission229
LQHtransmission824_to_LQHtransmission113_heat,#823740,LQ heat distribution main,transmission,100000,1,20,LQHtransmission113,LQHtransmission824
LQHtransmission113_to_LQHtransmission94_heat,#823740,LQ heat distribution main,transmission,100000,1,20,LQHtransmission94,LQHtransmission113
LQHtransmission826_to_LQHtransmission996_heat,#823740,LQ heat distribution main,transmission,100000,1,20,LQHtransmission996,LQHtransmission826
LQHtransmission996_to_LQHtransmission663_heat,#823740,LQ heat distribution main,transmission,100000,1,20,LQHtransmission663,LQHtransmission996
LQHtransmission663_to_LQHtransmission876_heat,#823740,LQ heat distribution main,transmission,100000,1,20,LQHtransmission876,LQHtransmission663
LQHtransmission876_to_LQHtransmission208_heat,#823740,LQ heat distribution main,transmission,100000,1,20,LQHtransmission208,LQHtransmission876
LQHtransmission208_to_LQHtransmission387_heat,#823740,LQ heat distribution main,transmission,100000,1,20,LQHtransmission387,LQHtransmission208
LQHtransmission387_to_LQHtransmission1035_heat,#823740,LQ heat distribution main,transmission,100000,1,20,LQHtransmission1035,LQHtransmission387
LQHtransmission1035_to_LQHtransmission150_heat,#823740,LQ heat distribution main,transmission,100000,1,20,LQHtransmission150,LQHtransmission1035
LQHtransmission150_to_LQHtransmission817_heat,#823740,LQ heat distribution main,transmission,100000,1,20,LQHtransmission817,LQHtransmission150
LQHtransmission817_to_LQHtransmission1006_heat,#823740,LQ heat distribution main,transmission,100000,1,20,LQHtransmission1006,LQHtransmission817
LQHtransmission1006_to_LQHtransmission297_heat,#823740,LQ heat distribution main,transmission,100000,1,20,LQHtransmission297,LQHtransmission1006
LQHtransmission530_to_LQHtransmission929_heat,#823740,LQ heat distribution main,transmission,100000,1,20,LQHtransmission929,LQHtransmission530
LQHtransmission929_to_LQHtransmission124_heat,#823740,LQ heat distribution main,transmission,100000,1,20,LQHtransmission124,LQHtransmission929
LQHtransmission124_to_LQHtransmission57_heat,#823740,LQ heat distribution main,transmission,100000,1,20,LQHtransmission57,LQHtransmission124
LQHtransmission57_to_LQHtransmission466_heat,#823740,LQ heat distribution main,transmission,100000,1,20,LQHtransmission466,LQHtransmission57
LQHtransmission466_to_LQHtransmission435_heat,#823740,LQ heat distribution main,transmission,100000,1,20,LQHtransmission435,LQHtransmission466
LQHtransmission435_to_LQHtransmission239_heat,#823740,LQ heat distribution main,transmission,100000,1,20,LQHtransmission239,LQHtransmission435
LQHtransmission239_to_LQHtransmission595_heat,#823740,LQ heat distribution main,transmission,100000,1,20,LQHtransmission595,LQHtransmission239
LQHtransmission595_to_LQHtransmission420_heat,#823740,LQ heat distribution main,transmission,100000,1,20,LQHtransmission420,LQHtransmission595
LQHtransmission420_to_LQHtransmission773_heat,#823740,LQ heat distribution main,transmission,100000,1,20,LQHtransmission773,LQHtransmission420
LQHtransmission773_to_LQHtransmission458_heat,#823740,LQ heat distribution main,transmission,100000,1,20,LQHtransmission458,LQHtransmission773
LQHtransmission458_to_LQHtransmission1036_heat,#823740,LQ heat distribution main,transmission,100000,1,20,LQHtransmission1036,LQHtransmission458
LQHtransmission1036_to_LQHtransmission271_heat,#823740,LQ heat distribution main,transmission,100000,1,20,LQHtransmission271,LQHtransmission1036
LQHtransmission271_to_LQHtransmission66_heat,#823740,LQ heat distribution main,transmission,100000,1,20,LQHtransmission66,LQHtransmission271
LQHtransmission66_to_LQHtransmission489_heat,#823740,LQ heat distribution main,transmission,100000,1,20,LQHtransmission489,LQHtransmission66
LQHtransmission984_to_LQHtransmission80_heat,#823740,LQ heat distribution main,transmission,100000,1,20,LQHtransmission80,LQHtransmission984
LQHtransmission80_to_LQHtransmission247_heat,#823740,LQ heat distribution main,transmission,100000,1,20,LQHtransmission247,LQHtransmission80
LQHtransmission247_to_LQHtransmission316_heat,#823740,LQ heat distribution main,transmission,100000,1,20,LQHtransmission316,LQHtransmission247
LQHtransmission316_to_LQHtransmission289_heat,#823740,LQ heat distribution main,transmission,100000,1,20,LQHtransmission289,LQHtransmission316
LQHtransmission289_to_LQHtransmission315_heat,#823740,LQ heat distribution main,transmission,100000,1,20,LQHtransmission315,LQHtransmission289
LQHtransmission315_to_LQHtransmission953_heat,#823740,LQ heat distribution main,transmission,100000,1,20,LQHtransmission953,LQHtransmission315
LQHtransmission953_to_LQHtransmission553_heat,#823740,LQ heat distribution main,transmission,100000,1,20,LQHtransmission553,LQHtransmission953
LQHtransmission553_to_LQHtransmission254_heat,#823740,LQ heat distribution main,transmission,100000,1,20,LQHtransmission254,LQHtransmission553
LQHtransmission254_to_LQHtransmission13_heat,#823740,LQ heat distribution main,transmission,100000,1,20,LQHtransmission13,LQHtransmission254
LQHtransmission13_to_LQHtransmission103_heat,#823740,LQ heat distribution main,transmission,100000,1,20,LQHtransmission103,LQHtransmission13
LQHtransmission103_to_LQHtransmission675_heat,#823740,LQ heat distribution main,transmission,100000,1,20,LQHtransmission675,LQHtransmission103
LQHtransmission675_to_LQHtransmission242_heat,#823740,LQ heat distribution main,transmission,100000,1,20,LQHtransmission242,LQHtransmission675
LQHtransmission242_to_LQHtransmission551_heat,#823740,LQ heat distribution main,transmission,100000,1,20,LQHtransmission551,LQHtransmission242
LQHtransmission551_to_LQHtransmission460_heat,#823740,LQ heat distribution main,transmission,100000,1,20,LQHtransmission460,LQHtransmission551
LQHtransmission460_to_LQHtransmission597_heat,#823740,LQ heat distribution main,transmission,100000,1,20,LQHtransmission597,LQHtransmission460
LQHtransmission597_to_LQHtransmission959_heat,#823740,LQ heat distribution main,transmission,100000,1,20,LQHtransmission959,LQHtransmission597
LQHtransmission959_to_LQHtransmission942_heat,#823740,LQ heat distribution main,transmission,100000,1,20,LQHtransmission942,LQHtransmission959
LQHtransmission942_to_LQHtransmission1009_heat,#823740,LQ heat distribution main,transmission,100000,1,20,LQHtransmission1009,LQHtransmission942
LQHtransmission1009_to_LQHtransmission811_heat,#823740,LQ heat distribution main,transmission,100000,1,20,LQHtransmission811,LQHtransmission1009
LQHtransmission811_to_LQHtransmission270_heat,#823740,LQ heat distribution main,transmission,100000,1,20,LQHtransmission270,LQHtransmission811
LQHtransmission270_to_LQHtransmission74_heat,#823740,LQ heat distribution main,transmission,100000,1,20,LQHtransmission74,LQHtransmission270
LQHtransmission74_to_LQHtransmission130_heat,#823740,LQ heat distribution main,transmission,100000,1,20,LQHtransmission130,LQHtransmission74
LQHtransmission130_to_LQHtransmission70_heat,#823740,LQ heat distribution main,transmission,100000,1,20,LQHtransmission70,LQHtransmission130
LQHtransmission70_to_LQHtransmission445_heat,#823740,LQ heat distribution main,transmission,100000,1,20,LQHtransmission445,LQHtransmission70
LQHtransmission445_to_LQHtransmission870_heat,#823740,LQ heat distribution main,transmission,100000,1,20,LQHtransmission870,LQHtransmission445
LQHtransmission870_to_LQHtransmission801_heat,#823740,LQ heat distribution main,transmission,100000,1,20,LQHtransmission801,LQHtransmission870
LQHtransmission801_to_LQHtransmission500_heat,#823740,LQ heat distribution main,transmission,100000,1,20,LQHtransmission500,LQHtransmission801
LQHtransmission500_to_LQHtransmission738_heat,#823740,LQ heat distribution main,transmission,100000,1,20,LQHtransmission738,LQHtransmission500
LQHtransmission738_to_LQHtransmission332_heat,#823740,LQ heat distribution main,transmission,100000,1,20,LQHtransmission332,LQHtransmission738
LQHtransmission332_to_LQHtransmission139_heat,#823740,LQ heat distribution main,transmission,100000,1,20,LQHtransmission139,LQHtransmission332
LQHtransmission139_to_LQHtransmission766_heat,#823740,LQ heat distribution main,transmission,100000,1,20,LQHtransmission766,LQHtransmission139
LQHtransmission766_to_LQHtransmission168_heat,#823740,LQ heat distribution main,transmission,100000,1,20,LQHtransmission168,LQHtransmission766
LQHtransmission168_to_LQHtransmission868_heat,#823740,LQ heat distribution main,transmission,100000,1,20,LQHtransmission868,LQHtransmission168
LQHtransmission868_to_LQHtransmission361_heat,#823740,LQ heat distribution main,transmission,100000,1,20,LQHtransmission361,LQHtransmission868
LQHtransmission361_to_LQHtransmission898_heat,#823740,LQ heat distribution main,transmission,100000,1,20,LQHtransmission898,LQHtransmission361
LQHtransmission898_to_LQHtransmission455_heat,#823740,LQ heat distribution main,transmission,100000,1,20,LQHtransmission455,LQHtransmission898
LQHtransmission455_to_LQHtransmission34_heat,#823740,LQ heat distribution main,transmission,100000,1,20,LQHtransmission34,LQHtransmission455
LQHtransmission34_to_LQHtransmission947_heat,#823740,LQ heat distribution main,transmission,100000,1,20,LQHtransmission947,LQHtransmission34
LQHtransmission947_to_LQHtransmission479_heat,#823740,LQ heat distribution main,transmission,100000,1,20,LQHtransmission479,LQHtransmission947
LQHtransmission479_to_LQHtransmission696_heat,#823740,LQ heat distribution main,transmission,100000,1,20,LQHtransmission696,LQHtransmission479
LQHtransmission696_to_LQHtransmission210_heat,#823740,LQ heat distribution main,transmission,100000,1,20,LQHtransmission210,LQHtransmission696
LQHtransmission210_to_LQHtransmission103_heat,#823740,LQ heat distribution main,transmission,100000,1,20,LQHtransmission103,LQHtransmission210
LQHtransmission566_to_LQHtransmission231_heat,#823740,LQ heat distribution main,transmission,100000,1,20,LQHtransmission231,LQHtransmission566
LQHtransmission231_to_LQHtransmission211_heat,#823740,LQ heat distribution main,transmission,100000,1,20,LQHtransmission211,LQHtransmission231
LQHtransmission1011_to_LQHtransmission612_heat,#823740,LQ heat distribution main,transmission,100000,1,20,LQHtransmission612,LQHtransmission1011
LQHtransmission612_to_LQHtransmission286_heat,#823740,LQ heat distribution main,transmission,100000,1,20,LQHtransmission286,LQHtransmission612
LQHtransmission286_to_LQHtransmission368_heat,#823740,LQ heat distribution main,transmission,100000,1,20,LQHtransmission368,LQHtransmission286
LQHtransmission368_to_LQHtransmission781_heat,#823740,LQ heat distribution main,transmission,100000,1,20,LQHtransmission781,LQHtransmission368
LQHtransmission781_to_LQHtransmission438_heat,#823740,LQ heat distribution main,transmission,100000,1,20,LQHtransmission438,LQHtransmission781
LQHtransmission438_to_LQHtransmission87_heat,#823740,LQ heat distribution main,transmission,100000,1,20,LQHtransmission87,LQHtransmission438
LQHtransmission87_to_LQHtransmission770_heat,#823740,LQ heat distribution main,transmission,100000,1,20,LQHtransmission770,LQHtransmission87
LQHtransmission770_to_LQHtransmission546_heat,#823740,LQ heat distribution main,transmission,100000,1,20,LQHtransmission546,LQHtransmission770
LQHtransmission546_to_LQHtransmission96_heat,#823740,LQ heat distribution main,transmission,100000,1,20,LQHtransmission96,LQHtransmission546
LQHtransmission96_to_LQHtransmission735_heat,#823740,LQ heat distribution main,transmission,100000,1,20,LQHtransmission735,LQHtransmission96
LQHtransmission121_to_LQHtransmission775_heat,#823740,LQ heat distribution main,transmission,100000,1,20,LQHtransmission775,LQHtransmission121
LQHtransmission775_to_LQHtransmission61_heat,#823740,LQ heat distribution main,transmission,100000,1,20,LQHtransmission61,LQHtransmission775
LQHtransmission61_to_LQHtransmission318_heat,#823740,LQ heat distribution main,transmission,100000,1,20,LQHtransmission318,LQHtransmission61
LQHtransmission318_to_LQHtransmission882_heat,#823740,LQ heat distribution main,transmission,100000,1,20,LQHtransmission882,LQHtransmission318
LQHtransmission882_to_LQHtransmission473_heat,#823740,LQ heat distribution main,transmission,100000,1,20,LQHtransmission473,LQHtransmission882
LQHtransmission473_to_LQHtransmission839_heat,#823740,LQ heat distribution main,transmission,100000,1,20,LQHtransmission839,LQHtransmission473
LQHtransmission839_to_LQHtransmission300_heat,#823740,LQ heat distribution main,transmission,100000,1,20,LQHtransmission300,LQHtransmission839
LQHtransmission300_to_LQHtransmission688_heat,#823740,LQ heat distribution main,transmission,100000,1,20,LQHtransmission688,LQHtransmission300
LQHtransmission688_to_LQHtransmission18_heat,#823740,LQ heat distribution main,transmission,100000,1,20,LQHtransmission18,LQHtransmission688
LQHtransmission18_to_LQHtransmission561_heat,#823740,LQ heat distribution main,transmission,100000,1,20,LQHtransmission561,LQHtransmission18
LQHtransmission561_to_LQHtransmission554_heat,#823740,LQ heat distribution main,transmission,100000,1,20,LQHtransmission554,LQHtransmission561
LQHtransmission554_to_LQHtransmission110_heat,#823740,LQ heat distribution main,transmission,100000,1,20,LQHtransmission110,LQHtransmission554
LQHtransmission110_to_LQHtransmission101_heat,#823740,LQ heat distribution main,transmission,100000,1,20,LQHtransmission101,LQHtransmission110
LQHtransmission101_to_LQHtransmission1002_heat,#823740,LQ heat distribution main,transmission,100000,1,20,LQHtransmission1002,LQHtransmission101
LQHtransmission1002_to_LQHtransmission658_heat,#823740,LQ heat distribution main,transmission,100000,1,20,LQHtransmission658,LQHtransmission1002
LQHtransmission658_to_LQHtransmission543_heat,#823740,LQ heat distribution main,transmission,100000,1,20,LQHtransmission543,LQHtransmission658
LQHtransmission543_to_LQHtransmission625_heat,#823740,LQ heat distribution main,transmission,100000,1,20,LQHtransmission625,LQHtransmission543
LQHtransmission625_to_LQHtransmission925_heat,#823740,LQ heat distribution main,transmission,100000,1,20,LQHtransmission925,LQHtransmission625
LQHtransmission925_to_LQHtransmission869_heat,#823740,LQ heat distribution main,transmission,100000,1,20,LQHtransmission869,LQHtransmission925
LQHtransmission869_to_LQHtransmission591_heat,#823740,LQ heat distribution main,transmission,100000,1,20,LQHtransmission591,LQHtransmission869
LQHtransmission591_to_LQHtransmission243_heat,#823740,LQ heat distribution main,transmission,100000,1,20,LQHtransmission243,LQHtransmission591
LQHtransmission243_to_LQHtransmission922_heat,#823740,LQ heat distribution main,transmission,100000,1,20,LQHtransmission922,LQHtransmission243
LQHtransmission922_to_LQHtransmission985_heat,#823740,LQ heat distribution main,transmission,100000,1,20,LQHtransmission985,LQHtransmission922
LQHtransmission985_to_LQHtransmission165_heat,#823740,LQ heat distribution main,transmission,100000,1,20,LQHtransmission165,LQHtransmission985
LQHtransmission165_to_LQHtransmission968_heat,#823740,LQ heat distribution main,transmission,100000,1,20,LQHtransmission968,LQHtransmission165
LQHtransmission968_to_LQHtransmission1032_heat,#823740,LQ heat distribution main,transmission,100000,1,20,LQHtransmission1032,LQHtransmission968
LQHtransmission1032_to_LQHtransmission532_heat,#823740,LQ heat distribution main,transmission,100000,1,20,LQHtransmission532,LQHtransmission1032
LQHtransmission532_to_LQHtransmission943_heat,#823740,LQ heat distribution main,transmission,100000,1,20,LQHtransmission943,LQHtransmission532
LQHtransmission943_to_LQHtransmission1016_heat,#823740,LQ heat distribution main,transmission,100000,1,20,LQHtransmission1016,LQHtransmission943
LQHtransmission1016_to_LQHtransmission660_heat,#823740,LQ heat distribution main,transmission,100000,1,20,LQHtransmission660,LQHtransmission1016
LQHtransmission660_to_LQHtransmission269_heat,#823740,LQ heat distribution main,transmission,100000,1,20,LQHtransmission269,LQHtransmission660
LQHtransmission269_to_LQHtransmission323_heat,#823740,LQ heat distribution main,transmission,100000,1,20,LQHtransmission323,LQHtransmission269
LQHtransmission323_to_LQHtransmission994_heat,#823740,LQ heat distribution main,transmission,100000,1,20,LQHtransmission994,LQHtransmission323
LQHtransmission994_to_LQHtransmission782_heat,#823740,LQ heat distribution main,transmission,100000,1,20,LQHtransmission782,LQHtransmission994
LQHtransmission782_to_LQHtransmission421_heat,#823740,LQ heat distribution main,transmission,100000,1,20,LQHtransmission421,LQHtransmission782
LQHtransmission421_to_LQHtransmission217_heat,#823740,LQ heat distribution main,transmission,100000,1,20,LQHtransmission217,LQHtransmission421
LQHtransmission217_to_LQHtransmission722_heat,#823740,LQ heat distribution main,transmission,100000,1,20,LQHtransmission722,LQHtransmission217
LQHtransmission722_to_LQHtransmission599_heat,#823740,LQ heat distribution main,transmission,100000,1,20,LQHtransmission599,LQHtransmission722
LQHtransmission599_to_LQHtransmission501_heat,#823740,LQ heat distribution main,transmission,100000,1,20,LQHtransmission501,LQHtransmission599
LQHtransmission501_to_LQHtransmission973_heat,#823740,LQ heat distribution main,transmission,100000,1,20,LQHtransmission973,LQHtransmission501
LQHtransmission973_to_LQHtransmission371_heat,#823740,LQ heat distribution main,transmission,100000,1,20,LQHtransmission371,LQHtransmission973
LQHtransmission371_to_LQHtransmission852_heat,#823740,LQ heat distribution main,transmission,100000,1,20,LQHtransmission852,LQHtransmission371
LQHtransmission852_to_LQHtransmission451_heat,#823740,LQ heat distribution main,transmission,100000,1,20,LQHtransmission451,LQHtransmission852
LQHtransmission451_to_LQHtransmission383_heat,#823740,LQ heat distribution main,transmission,100000,1,20,LQHtransmission383,LQHtransmission451
LQHtransmission383_to_LQHtransmission355_heat,#823740,LQ heat distribution main,transmission,100000,1,20,LQHtransmission355,LQHtransmission383
LQHtransmission355_to_LQHtransmission944_heat,#823740,LQ heat distribution main,transmission,100000,1,20,LQHtransmission944,LQHtransmission355
LQHtransmission944_to_LQHtransmission1000_heat,#823740,LQ heat distribution main,transmission,100000,1,20,LQHtransmission1000,LQHtransmission944
LQHtransmission1000_to_LQHtransmission758_heat,#823740,LQ heat distribution main,transmission,100000,1,20,LQHtransmission758,LQHtransmission1000
LQHtransmission758_to_LQHtransmission883_heat,#823740,LQ heat distribution main,transmission,100000,1,20,LQHtransmission883,LQHtransmission758
LQHtransmission883_to_LQHtransmission483_heat,#823740,LQ heat distribution main,transmission,100000,1,20,LQHtransmission483,LQHtransmission883
LQHtransmission483_to_LQHtransmission1028_heat,#823740,LQ heat distribution main,transmission,100000,1,20,LQHtransmission1028,LQHtransmission483
LQHtransmission1028_to_LQHtransmission308_heat,#823740,LQ heat distribution main,transmission,100000,1,20,LQHtransmission308,LQHtransmission1028
LQHtransmission308_to_LQHtransmission204_heat,#823740,LQ heat distribution main,transmission,100000,1,20,LQHtransmission204,LQHtransmission308
LQHtransmission204_to_LQHtransmission158_heat,#823740,LQ heat distribution main,transmission,100000,1,20,LQHtransmission158,LQHtransmission204
LQHtransmission158_to_LQHtransmission670_heat,#823740,LQ heat distribution main,transmission,100000,1,20,LQHtransmission670,LQHtransmission158
LQHtransmission670_to_LQHtransmission220_heat,#823740,LQ heat distribution main,transmission,100000,1,20,LQHtransmission220,LQHtransmission670
LQHtransmission220_to_LQHtransmission301_heat,#823740,LQ heat distribution main,transmission,100000,1,20,LQHtransmission301,LQHtransmission220
LQHtransmission301_to_LQHtransmission31_heat,#823740,LQ heat distribution main,transmission,100000,1,20,LQHtransmission31,LQHtransmission301
LQHtransmission31_to_LQHtransmission1034_heat,#823740,LQ heat distribution main,transmission,100000,1,20,LQHtransmission1034,LQHtransmission31
LQHtransmission1034_to_LQHtransmission906_heat,#823740,LQ heat distribution main,transmission,100000,1,20,LQHtransmission906,LQHtransmission1034
LQHtransmission769_to_LQHtransmission159_heat,#823740,LQ heat distribution main,transmission,100000,1,20,LQHtransmission159,LQHtransmission769
LQHtransmission159_to_LQHtransmission498_heat,#823740,LQ heat distribution main,transmission,100000,1,20,LQHtransmission498,LQHtransmission159
LQHtransmission498_to_LQHtransmission173_heat,#823740,LQ heat distribution main,transmission,100000,1,20,LQHtransmission173,LQHtransmission498
LQHtransmission173_to_LQHtransmission860_heat,#823740,LQ heat distribution main,transmission,100000,1,20,LQHtransmission860,LQHtransmission173
LQHtransmission921_to_LQHtransmission847_heat,#823740,LQ heat distribution main,transmission,100000,1,20,LQHtransmission847,LQHtransmission921
LQHtransmission847_to_LQHtransmission777_heat,#823740,LQ heat distribution main,transmission,100000,1,20,LQHtransmission777,LQHtransmission847
LQHtransmission777_to_LQHtransmission105_heat,#823740,LQ heat distribution main,transmission,100000,1,20,LQHtransmission105,LQHtransmission777
LQHtransmission105_to_LQHtransmission111_heat,#823740,LQ heat distribution main,transmission,100000,1,20,LQHtransmission111,LQHtransmission105
LQHtransmission111_to_LQHtransmission776_heat,#823740,LQ heat distribution main,transmission,100000,1,20,LQHtransmission776,LQHtransmission111
LQHtransmission669_to_LQHtransmission690_heat,#823740,LQ heat distribution main,transmission,100000,1,20,LQHtransmission690,LQHtransmission669
LQHtransmission690_to_LQHtransmission198_heat,#823740,LQ heat distribution main,transmission,100000,1,20,LQHtransmission198,LQHtransmission690
LQHtransmission198_to_LQHtransmission667_heat,#823740,LQ heat distribution main,transmission,100000,1,20,LQHtransmission667,LQHtransmission198
LQHtransmission667_to_LQHtransmission635_heat,#823740,LQ heat distribution main,transmission,100000,1,20,LQHtransmission635,LQHtransmission667
LQHtransmission635_to_LQHtransmission426_heat,#823740,LQ heat distribution main,transmission,100000,1,20,LQHtransmission426,LQHtransmission635
LQHtransmission426_to_LQHtransmission745_heat,#823740,LQ heat distribution main,transmission,100000,1,20,LQHtransmission745,LQHtransmission426
LQHtransmission745_to_LQHtransmission815_heat,#823740,LQ heat distribution main,transmission,100000,1,20,LQHtransmission815,LQHtransmission745
LQHtransmission815_to_LQHtransmission778_heat,#823740,LQ heat distribution main,transmission,100000,1,20,LQHtransmission778,LQHtransmission815
LQHtransmission778_to_LQHtransmission48_heat,#823740,LQ heat distribution main,transmission,100000,1,20,LQHtransmission48,LQHtransmission778
LQHtransmission48_to_LQHtransmission157_heat,#823740,LQ heat distribution main,transmission,100000,1,20,LQHtransmission157,LQHtransmission48
LQHtransmission157_to_LQHtransmission472_heat,#823740,LQ heat distribution main,transmission,100000,1,20,LQHtransmission472,LQHtransmission157
LQHtransmission472_to_LQHtransmission848_heat,#823740,LQ heat distribution main,transmission,100000,1,20,LQHtransmission848,LQHtransmission472
LQHtransmission848_to_LQHtransmission537_heat,#823740,LQ heat distribution main,transmission,100000,1,20,LQHtransmission537,LQHtransmission848
LQHtransmission537_to_LQHtransmission776_heat,#823740,LQ heat distribution main,transmission,100000,1,20,LQHtransmission776,LQHtransmission537
LQHtransmission776_to_LQHtransmission369_heat,#823740,LQ heat distribution main,transmission,100000,1,20,LQHtransmission369,LQHtransmission776
LQHtransmission369_to_LQHtransmission748_heat,#823740,LQ heat distribution main,transmission,100000,1,20,LQHtransmission748,LQHtransmission369
LQHtransmission748_to_LQHtransmission567_heat,#823740,LQ heat distribution main,transmission,100000,1,20,LQHtransmission567,LQHtransmission748
LQHtransmission567_to_LQHtransmission647_heat,#823740,LQ heat distribution main,transmission,100000,1,20,LQHtransmission647,LQHtransmission567
LQHtransmission617_to_LQHtransmission932_heat,#823740,LQ heat distribution main,transmission,100000,1,20,LQHtransmission932,LQHtransmission617
LQHtransmission932_to_LQHtransmission212_heat,#823740,LQ heat distribution main,transmission,100000,1,20,LQHtransmission212,LQHtransmission932
LQHtransmission212_to_LQHtransmission507_heat,#823740,LQ heat distribution main,transmission,100000,1,20,LQHtransmission507,LQHtransmission212
LQHtransmission507_to_LQHtransmission194_heat,#823740,LQ heat distribution main,transmission,100000,1,20,LQHtransmission194,LQHtransmission507
LQHtransmission194_to_LQHtransmission796_heat,#823740,LQ heat distribution main,transmission,100000,1,20,LQHtransmission796,LQHtransmission194
LQHtransmission796_to_LQHtransmission474_heat,#823740,LQ heat distribution main,transmission,100000,1,20,LQHtransmission474,LQHtransmission796
LQHtransmission474_to_LQHtransmission777_heat,#823740,LQ heat distribution main,transmission,100000,1,20,LQHtransmission777,LQHtransmission474
LQHtransmission352_to_LQHtransmission912_heat,#823740,LQ heat distribution main,transmission,100000,1,20,LQHtransmission912,LQHtransmission352
LQHtransmission912_to_LQHtransmission266_heat,#823740,LQ heat distribution main,transmission,100000,1,20,LQHtransmission266,LQHtransmission912
LQHtransmission266_to_LQHtransmission126_heat,#823740,LQ heat distribution main,transmission,100000,1,20,LQHtransmission126,LQHtransmission266
LQHtransmission126_to_LQHtransmission580_heat,#823740,LQ heat distribution main,transmission,100000,1,20,LQHtransmission580,LQHtransmission126
LQHtransmission580_to_LQHtransmission399_heat,#823740,LQ heat distribution main,transmission,100000,1,20,LQHtransmission399,LQHtransmission580
LQHtransmission399_to_LQHtransmission146_heat,#823740,LQ heat distribution main,transmission,100000,1,20,LQHtransmission146,LQHtransmission399
LQHtransmission146_to_LQHtransmission220_heat,#823740,LQ heat distribution main,transmission,100000,1,20,LQHtransmission220,LQHtransmission146
LQHtransmission220_to_LQHtransmission228_heat,#823740,LQ heat distribution main,transmission,100000,1,20,LQHtransmission228,LQHtransmission220
LQHtransmission228_to_LQHtransmission351_heat,#823740,LQ heat distribution main,transmission,100000,1,20,LQHtransmission351,LQHtransmission228
LQHtransmission351_to_LQHtransmission3_heat,#823740,LQ heat distribution main,transmission,100000,1,20,LQHtransmission3,LQHtransmission351
LQHtransmission3_to_LQHtransmission600_heat,#823740,LQ heat distribution main,transmission,100000,1,20,LQHtransmission600,LQHtransmission3
LQHtransmission352_to_LQHtransmission526_heat,#823740,LQ heat distribution main,transmission,100000,1,20,LQHtransmission526,LQHtransmission352
LQHtransmission526_to_LQHtransmission122_heat,#823740,LQ heat distribution main,transmission,100000,1,20,LQHtransmission122,LQHtransmission526
LQHtransmission122_to_LQHtransmission822_heat,#823740,LQ heat distribution main,transmission,100000,1,20,LQHtransmission822,LQHtransmission122
LQHtransmission822_to_LQHtransmission684_heat,#823740,LQ heat distribution main,transmission,100000,1,20,LQHtransmission684,LQHtransmission822
LQHtransmission684_to_LQHtransmission1025_heat,#823740,LQ heat distribution main,transmission,100000,1,20,LQHtransmission1025,LQHtransmission684
LQHtransmission1025_to_LQHtransmission418_heat,#823740,LQ heat distribution main,transmission,100000,1,20,LQHtransmission418,LQHtransmission1025
LQHtransmission418_to_LQHtransmission237_heat,#823740,LQ heat distribution main,transmission,100000,1,20,LQHtransmission237,LQHtransmission418
LQHtransmission237_to_LQHtransmission170_heat,#823740,LQ heat distribution main,transmission,100000,1,20,LQHtransmission170,LQHtransmission237
LQHtransmission170_to_LQHtransmission572_heat,#823740,LQ heat distribution main,transmission,100000,1,20,LQHtransmission572,LQHtransmission170
LQHtransmission572_to_LQHtransmission499_heat,#823740,LQ heat distribution main,transmission,100000,1,20,LQHtransmission499,LQHtransmission572
LQHtransmission499_to_LQHtransmission276_heat,#823740,LQ heat distribution main,transmission,100000,1,20,LQHtransmission276,LQHtransmission499
LQHtransmission276_to_LQHtransmission884_heat,#823740,LQ heat distribution main,transmission,100000,1,20,LQHtransmission884,LQHtransmission276
LQHtransmission884_to_LQHtransmission255_heat,#823740,LQ heat distribution main,transmission,100000,1,20,LQHtransmission255,LQHtransmission884
LQHtransmission255_to_LQHtransmission91_heat,#823740,LQ heat distribution main,transmission,100000,1,20,LQHtransmission91,LQHtransmission255
LQHtransmission91_to_LQHtransmission26_heat,#823740,LQ heat distribution main,transmission,100000,1,20,LQHtransmission26,LQHtransmission91
LQHtransmission26_to_LQHtransmission910_heat,#823740,LQ heat distribution main,transmission,100000,1,20,LQHtransmission910,LQHtransmission26
LQHtransmission910_to_LQHtransmission788_heat,#823740,LQ heat distribution main,transmission,100000,1,20,LQHtransmission788,LQHtransmission910
LQHtransmission788_to_LQHtransmission372_heat,#823740,LQ heat distribution main,transmission,100000,1,20,LQHtransmission372,LQHtransmission788
LQHtransmission372_to_LQHtransmission377_heat,#823740,LQ heat distribution main,transmission,100000,1,20,LQHtransmission377,LQHtransmission372
LQHtransmission377_to_LQHtransmission72_heat,#823740,LQ heat distribution main,transmission,100000,1,20,LQHtransmission72,LQHtransmission377
LQHtransmission72_to_LQHtransmission832_heat,#823740,LQ heat distribution main,transmission,100000,1,20,LQHtransmission832,LQHtransmission72
LQHtransmission832_to_LQHtransmission592_heat,#823740,LQ heat distribution main,transmission,100000,1,20,LQHtransmission592,LQHtransmission832
LQHtransmission592_to_LQHtransmission127_heat,#823740,LQ heat distribution main,transmission,100000,1,20,LQHtransmission127,LQHtransmission592
LQHtransmission127_to_LQHtransmission681_heat,#823740,LQ heat distribution main,transmission,100000,1,20,LQHtransmission681,LQHtransmission127
LQHtransmission681_to_LQHtransmission828_heat,#823740,LQ heat distribution main,transmission,100000,1,20,LQHtransmission828,LQHtransmission681
LQHtransmission828_to_LQHtransmission887_heat,#823740,LQ heat distribution main,transmission,100000,1,20,LQHtransmission887,LQHtransmission828
LQHtransmission887_to_LQHtransmission400_heat,#823740,LQ heat distribution main,transmission,100000,1,20,LQHtransmission400,LQHtransmission887
LQHtransmission400_to_LQHtransmission623_heat,#823740,LQ heat distribution main,transmission,100000,1,20,LQHtransmission623,LQHtransmission400
LQHtransmission623_to_LQHtransmission422_heat,#823740,LQ heat distribution main,transmission,100000,1,20,LQHtransmission422,LQHtransmission623
LQHtransmission422_to_LQHtransmission52_heat,#823740,LQ heat distribution main,transmission,100000,1,20,LQHtransmission52,LQHtransmission422
LQHtransmission52_to_LQHtransmission156_heat,#823740,LQ heat distribution main,transmission,100000,1,20,LQHtransmission156,LQHtransmission52
LQHtransmission156_to_LQHtransmission703_heat,#823740,LQ heat distribution main,transmission,100000,1,20,LQHtransmission703,LQHtransmission156
LQHtransmission703_to_LQHtransmission916_heat,#823740,LQ heat distribution main,transmission,100000,1,20,LQHtransmission916,LQHtransmission703
LQHtransmission916_to_LQHtransmission424_heat,#823740,LQ heat distribution main,transmission,100000,1,20,LQHtransmission424,LQHtransmission916
LQHtransmission424_to_LQHtransmission983_heat,#823740,LQ heat distribution main,transmission,100000,1,20,LQHtransmission983,LQHtransmission424
LQHtransmission983_to_LQHtransmission42_heat,#823740,LQ heat distribution main,transmission,100000,1,20,LQHtransmission42,LQHtransmission983
LQHtransmission42_to_LQHtransmission569_heat,#823740,LQ heat distribution main,transmission,100000,1,20,LQHtransmission569,LQHtransmission42
LQHtransmission569_to_LQHtransmission841_heat,#823740,LQ heat distribution main,transmission,100000,1,20,LQHtransmission841,LQHtransmission569
LQHtransmission841_to_LQHtransmission657_heat,#823740,LQ heat distribution main,transmission,100000,1,20,LQHtransmission657,LQHtransmission841
LQHtransmission657_to_LQHtransmission64_heat,#823740,LQ heat distribution main,transmission,100000,1,20,LQHtransmission64,LQHtransmission657
LQHtransmission64_to_LQHtransmission573_heat,#823740,LQ heat distribution main,transmission,100000,1,20,LQHtransmission573,LQHtransmission64
LQHtransmission573_to_LQHtransmission827_heat,#823740,LQ heat distribution main,transmission,100000,1,20,LQHtransmission827,LQHtransmission573
LQHtransmission827_to_LQHtransmission279_heat,#823740,LQ heat distribution main,transmission,100000,1,20,LQHtransmission279,LQHtransmission827
LQHtransmission279_to_LQHtransmission759_heat,#823740,LQ heat distribution main,transmission,100000,1,20,LQHtransmission759,LQHtransmission279
LQHtransmission759_to_LQHtransmission93_heat,#823740,LQ heat distribution main,transmission,100000,1,20,LQHtransmission93,LQHtransmission759
LQHtransmission93_to_LQHtransmission816_heat,#823740,LQ heat distribution main,transmission,100000,1,20,LQHtransmission816,LQHtransmission93
LQHtransmission816_to_LQHtransmission662_heat,#823740,LQ heat distribution main,transmission,100000,1,20,LQHtransmission662,LQHtransmission816
LQHtransmission59_to_LQHtransmission319_heat,#823740,LQ heat distribution main,transmission,100000,1,20,LQHtransmission319,LQHtransmission59
LQHtransmission319_to_LQHtransmission356_heat,#823740,LQ heat distribution main,transmission,100000,1,20,LQHtransmission356,LQHtransmission319
LQHtransmission356_to_LQHtransmission302_heat,#823740,LQ heat distribution main,transmission,100000,1,20,LQHtransmission302,LQHtransmission356
LQHtransmission302_to_LQHtransmission352_heat,#823740,LQ heat distribution main,transmission,100000,1,20,LQHtransmission352,LQHtransmission302
LQHtransmission614_to_LQHtransmission112_heat,#823740,LQ heat distribution main,transmission,100000,1,20,LQHtransmission112,LQHtransmission614
LQHtransmission112_to_LQHtransmission63_heat,#823740,LQ heat distribution main,transmission,100000,1,20,LQHtransmission63,LQHtransmission112
LQHtransmission63_to_LQHtransmission589_heat,#823740,LQ heat distribution main,transmission,100000,1,20,LQHtransmission589,LQHtransmission63
LQHtransmission589_to_LQHtransmission470_heat,#823740,LQ heat distribution main,transmission,100000,1,20,LQHtransmission470,LQHtransmission589
LQHtransmission470_to_LQHtransmission908_heat,#823740,LQ heat distribution main,transmission,100000,1,20,LQHtransmission908,LQHtransmission470
LQHtransmission540_to_LQHtransmission949_heat,#823740,LQ heat distribution main,transmission,100000,1,20,LQHtransmission949,LQHtransmission540
LQHtransmission949_to_LQHtransmission378_heat,#823740,LQ heat distribution main,transmission,100000,1,20,LQHtransmission378,LQHtransmission949
LQHtransmission378_to_LQHtransmission259_heat,#823740,LQ heat distribution main,transmission,100000,1,20,LQHtransmission259,LQHtransmission378
LQHtransmission259_to_LQHtransmission272_heat,#823740,LQ heat distribution main,transmission,100000,1,20,LQHtransmission272,LQHtransmission259
LQHtransmission798_to_LQHtransmission930_heat,#823740,LQ heat distribution main,transmission,100000,1,20,LQHtransmission930,LQHtransmission798
LQHtransmission930_to_LQHtransmission832_heat,#823740,LQ heat distribution main,transmission,100000,1,20,LQHtransmission832,LQHtransmission930
LQHtransmission866_to_LQHtransmission452_heat,#823740,LQ heat distribution main,transmission,100000,1,20,LQHtransmission452,LQHtransmission866
LQHtransmission452_to_LQHtransmission480_heat,#823740,LQ heat distribution main,transmission,100000,1,20,LQHtransmission480,LQHtransmission452
LQHtransmission480_to_LQHtransmission769_heat,#823740,LQ heat distribution main,transmission,100000,1,20,LQHtransmission769,LQHtransmission480
LQHtransmission647_to_LQHtransmission626_heat,#823740,LQ heat distribution main,transmission,100000,1,20,LQHtransmission626,LQHtransmission647
LQHtransmission626_to_LQHtransmission278_heat,#823740,LQ heat distribution main,transmission,100000,1,20,LQHtransmission278,LQHtransmission626
LQHtransmission278_to_LQHtransmission287_heat,#823740,LQ heat distribution main,transmission,100000,1,20,LQHtransmission287,LQHtransmission278
LQHtransmission287_to_LQHtransmission1044_heat,#823740,LQ heat distribution main,transmission,100000,1,20,LQHtransmission1044,LQHtransmission287
LQHtransmission1044_to_LQHtransmission11_heat,#823740,LQ heat distribution main,transmission,100000,1,20,LQHtransmission11,LQHtransmission1044
LQHtransmission11_to_LQHtransmission716_heat,#823740,LQ heat distribution main,transmission,100000,1,20,LQHtransmission716,LQHtransmission11
LQHtransmission716_to_LQHtransmission446_heat,#823740,LQ heat distribution main,transmission,100000,1,20,LQHtransmission446,LQHtransmission716
LQHtransmission446_to_LQHtransmission30_heat,#823740,LQ heat distribution main,transmission,100000,1,20,LQHtransmission30,LQHtransmission446
LQHtransmission30_to_LQHtransmission802_heat,#823740,LQ heat distribution main,transmission,100000,1,20,LQHtransmission802,LQHtransmission30
LQHtransmission802_to_LQHtransmission693_heat,#823740,LQ heat distribution main,transmission,100000,1,20,LQHtransmission693,LQHtransmission802
LQHtransmission693_to_LQHtransmission6_heat,#823740,LQ heat distribution main,transmission,100000,1,20,LQHtransmission6,LQHtransmission693
LQHtransmission6_to_LQHtransmission149_heat,#823740,LQ heat distribution main,transmission,100000,1,20,LQHtransmission149,LQHtransmission6
LQHtransmission149_to_LQHtransmission783_heat,#823740,LQ heat distribution main,transmission,100000,1,20,LQHtransmission783,LQHtransmission149
LQHtransmission637_to_LQHtransmission676_heat,#823740,LQ heat distribution main,transmission,100000,1,20,LQHtransmission676,LQHtransmission637
LQHtransmission676_to_LQHtransmission97_heat,#823740,LQ heat distribution main,transmission,100000,1,20,LQHtransmission97,LQHtransmission676
LQHtransmission97_to_LQHtransmission273_heat,#823740,LQ heat distribution main,transmission,100000,1,20,LQHtransmission273,LQHtransmission97
LQHtransmission273_to_LQHtransmission578_heat,#823740,LQ heat distribution main,transmission,100000,1,20,LQHtransmission578,LQHtransmission273
LQHtransmission578_to_LQHtransmission951_heat,#823740,LQ heat distribution main,transmission,100000,1,20,LQHtransmission951,LQHtransmission578
LQHtransmission951_to_LQHtransmission647_heat,#823740,LQ heat distribution main,transmission,100000,1,20,LQHtransmission647,LQHtransmission951
LQHtransmission735_to_LQHtransmission698_heat,#823740,LQ heat distribution main,transmission,100000,1,20,LQHtransmission698,LQHtransmission735
LQHtransmission698_to_LQHtransmission835_heat,#823740,LQ heat distribution main,transmission,100000,1,20,LQHtransmission835,LQHtransmission698
LQHtransmission835_to_LQHtransmission797_heat,#823740,LQ heat distribution main,transmission,100000,1,20,LQHtransmission797,LQHtransmission835
LQHtransmission797_to_LQHtransmission772_heat,#823740,LQ heat distribution main,transmission,100000,1,20,LQHtransmission772,LQHtransmission797
LQHtransmission772_to_LQHtransmission477_heat,#823740,LQ heat distribution main,transmission,100000,1,20,LQHtransmission477,LQHtransmission772
LQHtransmission477_to_LQHtransmission978_heat,#823740,LQ heat distribution main,transmission,100000,1,20,LQHtransmission978,LQHtransmission477
LQHtransmission978_to_LQHtransmission661_heat,#823740,LQ heat distribution main,transmission,100000,1,20,LQHtransmission661,LQHtransmission978
LQHtransmission661_to_LQHtransmission333_heat,#823740,LQ heat distribution main,transmission,100000,1,20,LQHtransmission333,LQHtransmission661
LQHtransmission333_to_LQHtransmission363_heat,#823740,LQ heat distribution main,transmission,100000,1,20,LQHtransmission363,LQHtransmission333
LQHtransmission363_to_LQHtransmission598_heat,#823740,LQ heat distribution main,transmission,100000,1,20,LQHtransmission598,LQHtransmission363
LQHtransmission598_to_LQHtransmission687_heat,#823740,LQ heat distribution main,transmission,100000,1,20,LQHtransmission687,LQHtransmission598
LQHtransmission226_to_LQHtransmission135_heat,#823740,LQ heat distribution main,transmission,100000,1,20,LQHtransmission135,LQHtransmission226
LQHtransmission135_to_LQHtransmission682_heat,#823740,LQ heat distribution main,transmission,100000,1,20,LQHtransmission682,LQHtransmission135
LQHtransmission682_to_LQHtransmission280_heat,#823740,LQ heat distribution main,transmission,100000,1,20,LQHtransmission280,LQHtransmission682
LQHtransmission280_to_LQHtransmission888_heat,#823740,LQ heat distribution main,transmission,100000,1,20,LQHtransmission888,LQHtransmission280
LQHtransmission888_to_LQHtransmission405_heat,#823740,LQ heat distribution main,transmission,100000,1,20,LQHtransmission405,LQHtransmission888
LQHtransmission471_to_LQHtransmission889_heat,#823740,LQ heat distribution main,transmission,100000,1,20,LQHtransmission889,LQHtransmission471
LQHtransmission889_to_LQHtransmission523_heat,#823740,LQ heat distribution main,transmission,100000,1,20,LQHtransmission523,LQHtransmission889
LQHtransmission523_to_LQHtransmission226_heat,#823740,LQ heat distribution main,transmission,100000,1,20,LQHtransmission226,LQHtransmission523
LQHtransmission12_to_LQHtransmission386_heat,#823740,LQ heat distribution main,transmission,100000,1,20,LQHtransmission386,LQHtransmission12
LQHtransmission386_to_LQHtransmission548_heat,#823740,LQ heat distribution main,transmission,100000,1,20,LQHtransmission548,LQHtransmission386
LQHtransmission548_to_LQHtransmission954_heat,#823740,LQ heat distribution main,transmission,100000,1,20,LQHtransmission954,LQHtransmission548
LQHtransmission954_to_LQHtransmission78_heat,#823740,LQ heat distribution main,transmission,100000,1,20,LQHtransmission78,LQHtransmission954
LQHtransmission78_to_LQHtransmission251_heat,#823740,LQ heat distribution main,transmission,100000,1,20,LQHtransmission251,LQHtransmission78
LQHtransmission251_to_LQHtransmission108_heat,#823740,LQ heat distribution main,transmission,100000,1,20,LQHtransmission108,LQHtransmission251
LQHtransmission108_to_LQHtransmission303_heat,#823740,LQ heat distribution main,transmission,100000,1,20,LQHtransmission303,LQHtransmission108
LQHtransmission303_to_LQHtransmission995_heat,#823740,LQ heat distribution main,transmission,100000,1,20,LQHtransmission995,LQHtransmission303
LQHtransmission44_to_LQHtransmission785_heat,#823740,LQ heat distribution main,transmission,100000,1,20,LQHtransmission785,LQHtransmission44
LQHtransmission785_to_LQHtransmission248_heat,#823740,LQ heat distribution main,transmission,100000,1,20,LQHtransmission248,LQHtransmission785
LQHtransmission248_to_LQHtransmission805_heat,#823740,LQ heat distribution main,transmission,100000,1,20,LQHtransmission805,LQHtransmission248
LQHtransmission805_to_LQHtransmission662_heat,#823740,LQ heat distribution main,transmission,100000,1,20,LQHtransmission662,LQHtransmission805
LQHtransmission687_to_LQHtransmission28_heat,#823740,LQ heat distribution main,transmission,100000,1,20,LQHtransmission28,LQHtransmission687
LQHtransmission28_to_LQHtransmission534_heat,#823740,LQ heat distribution main,transmission,100000,1,20,LQHtransmission534,LQHtransmission28
LQHtransmission735_to_LQHtransmission340_heat,#823740,LQ heat distribution main,transmission,100000,1,20,LQHtransmission340,LQHtransmission735
LQHtransmission340_to_LQHtransmission1014_heat,#823740,LQ heat distribution main,transmission,100000,1,20,LQHtransmission1014,LQHtransmission340
LQHtransmission1014_to_LQHtransmission121_heat,#823740,LQ heat distribution main,transmission,100000,1,20,LQHtransmission121,LQHtransmission1014
LQHtransmission645_to_LQHtransmission476_heat,#823740,LQ heat distribution main,transmission,100000,1,20,LQHtransmission476,LQHtransmission645
LQHtransmission476_to_LQHtransmission55_heat,#823740,LQ heat distribution main,transmission,100000,1,20,LQHtransmission55,LQHtransmission476
LQHtransmission55_to_LQHtransmission829_heat,#823740,LQ heat distribution main,transmission,100000,1,20,LQHtransmission829,LQHtransmission55
LQHtransmission829_to_LQHtransmission406_heat,#823740,LQ heat distribution main,transmission,100000,1,20,LQHtransmission406,LQHtransmission829
LQHtransmission406_to_LQHtransmission584_heat,#823740,LQ heat distribution main,transmission,100000,1,20,LQHtransmission584,LQHtransmission406
LQHtransmission584_to_LQHtransmission710_heat,#823740,LQ heat distribution main,transmission,100000,1,20,LQHtransmission710,LQHtransmission584
LQHtransmission710_to_LQHtransmission321_heat,#823740,LQ heat distribution main,transmission,100000,1,20,LQHtransmission321,LQHtransmission710
LQHtransmission321_to_LQHtransmission817_heat,#823740,LQ heat distribution main,transmission,100000,1,20,LQHtransmission817,LQHtransmission321
LQHtransmission817_to_LQHtransmission179_heat,#823740,LQ heat distribution main,transmission,100000,1,20,LQHtransmission179,LQHtransmission817
LQHtransmission179_to_LQHtransmission892_heat,#823740,LQ heat distribution main,transmission,100000,1,20,LQHtransmission892,LQHtransmission179
LQHtransmission892_to_LQHtransmission187_heat,#823740,LQ heat distribution main,transmission,100000,1,20,LQHtransmission187,LQHtransmission892
LQHtransmission187_to_LQHtransmission92_heat,#823740,LQ heat distribution main,transmission,100000,1,20,LQHtransmission92,LQHtransmission187
LQHtransmission92_to_LQHtransmission45_heat,#823740,LQ heat distribution main,transmission,100000,1,20,LQHtransmission45,LQHtransmission92
LQHtransmission45_to_LQHtransmission282_heat,#823740,LQ heat distribution main,transmission,100000,1,20,LQHtransmission282,LQHtransmission45
LQHtransmission282_to_LQHtransmission65_heat,#823740,LQ heat distribution main,transmission,100000,1,20,LQHtransmission65,LQHtransmission282
LQHtransmission65_to_LQHtransmission136_heat,#823740,LQ heat distribution main,transmission,100000,1,20,LQHtransmission136,LQHtransmission65
LQHtransmission136_to_LQHtransmission526_heat,#823740,LQ heat distribution main,transmission,100000,1,20,LQHtransmission526,LQHtransmission136
LQHtransmission133_to_LQHtransmission284_heat,#823740,LQ heat distribution main,transmission,100000,1,20,LQHtransmission284,LQHtransmission133
LQHtransmission284_to_LQHtransmission556_heat,#823740,LQ heat distribution main,transmission,100000,1,20,LQHtransmission556,LQHtransmission284
LQHtransmission556_to_LQHtransmission747_heat,#823740,LQ heat distribution main,transmission,100000,1,20,LQHtransmission747,LQHtransmission556
LQHtransmission747_to_LQHtransmission283_heat,#823740,LQ heat distribution main,transmission,100000,1,20,LQHtransmission283,LQHtransmission747
LQHtransmission283_to_LQHtransmission20_heat,#823740,LQ heat distribution main,transmission,100000,1,20,LQHtransmission20,LQHtransmission283
LQHtransmission20_to_LQHtransmission291_heat,#823740,LQ heat distribution main,transmission,100000,1,20,LQHtransmission291,LQHtransmission20
LQHtransmission291_to_LQHtransmission609_heat,#823740,LQ heat distribution main,transmission,100000,1,20,LQHtransmission609,LQHtransmission291
LQHtransmission648_to_LQHtransmission582_heat,#823740,LQ heat distribution main,transmission,100000,1,20,LQHtransmission582,LQHtransmission648
LQHtransmission582_to_LQHtransmission897_heat,#823740,LQ heat distribution main,transmission,100000,1,20,LQHtransmission897,LQHtransmission582
LQHtransmission897_to_LQHtransmission855_heat,#823740,LQ heat distribution main,transmission,100000,1,20,LQHtransmission855,LQHtransmission897
LQHtransmission855_to_LQHtransmission417_heat,#823740,LQ heat distribution main,transmission,100000,1,20,LQHtransmission417,LQHtransmission855
LQHtransmission417_to_LQHtransmission524_heat,#823740,LQ heat distribution main,transmission,100000,1,20,LQHtransmission524,LQHtransmission417
LQHtransmission524_to_LQHtransmission627_heat,#823740,LQ heat distribution main,transmission,100000,1,20,LQHtransmission627,LQHtransmission524
LQHtransmission627_to_LQHtransmission89_heat,#823740,LQ heat distribution main,transmission,100000,1,20,LQHtransmission89,LQHtransmission627
LQHtransmission89_to_LQHtransmission379_heat,#823740,LQ heat distribution main,transmission,100000,1,20,LQHtransmission379,LQHtransmission89
LQHtransmission379_to_LQHtransmission457_heat,#823740,LQ heat distribution main,transmission,100000,1,20,LQHtransmission457,LQHtransmission379
LQHtransmission457_to_LQHtransmission9_heat,#823740,LQ heat distribution main,transmission,100000,1,20,LQHtransmission9,LQHtransmission457
LQHtransmission9_to_LQHtransmission955_heat,#823740,LQ heat distribution main,transmission,100000,1,20,LQHtransmission955,LQHtransmission9
LQHtransmission955_to_LQHtransmission752_heat,#823740,LQ heat distribution main,transmission,100000,1,20,LQHtransmission752,LQHtransmission955
LQHtransmission752_to_LQHtransmission240_heat,#823740,LQ heat distribution main,transmission,100000,1,20,LQHtransmission240,LQHtransmission752
LQHtransmission240_to_LQHtransmission436_heat,#823740,LQ heat distribution main,transmission,100000,1,20,LQHtransmission436,LQHtransmission240
LQHtransmission436_to_LQHtransmission549_heat,#823740,LQ heat distribution main,transmission,100000,1,20,LQHtransmission549,LQHtransmission436
LQHtransmission549_to_LQHtransmission132_heat,#823740,LQ heat distribution main,transmission,100000,1,20,LQHtransmission132,LQHtransmission549
LQHtransmission908_to_LQHtransmission431_heat,#823740,LQ heat distribution main,transmission,100000,1,20,LQHtransmission431,LQHtransmission908
LQHtransmission431_to_LQHtransmission380_heat,#823740,LQ heat distribution main,transmission,100000,1,20,LQHtransmission380,LQHtransmission431
LQHtransmission380_to_LQHtransmission374_heat,#823740,LQ heat distribution main,transmission,100000,1,20,LQHtransmission374,LQHtransmission380
LQHtransmission374_to_LQHtransmission919_heat,#823740,LQ heat distribution main,transmission,100000,1,20,LQHtransmission919,LQHtransmission374
LQHtransmission919_to_LQHtransmission795_heat,#823740,LQ heat distribution main,transmission,100000,1,20,LQHtransmission795,LQHtransmission919
LQHtransmission795_to_LQHtransmission196_heat,#823740,LQ heat distribution main,transmission,100000,1,20,LQHtransmission196,LQHtransmission795
LQHtransmission196_to_LQHtransmission749_heat,#823740,LQ heat distribution main,transmission,100000,1,20,LQHtransmission749,LQHtransmission196
LQHtransmission749_to_LQHtransmission739_heat,#823740,LQ heat distribution main,transmission,100000,1,20,LQHtransmission739,LQHtransmission749
LQHtransmission739_to_LQHtransmission853_heat,#823740,LQ heat distribution main,transmission,100000,1,20,LQHtransmission853,LQHtransmission739
LQHtransmission853_to_LQHtransmission154_heat,#823740,LQ heat distribution main,transmission,100000,1,20,LQHtransmission154,LQHtransmission853
LQHtransmission154_to_LQHtransmission533_heat,#823740,LQ heat distribution main,transmission,100000,1,20,LQHtransmission533,LQHtransmission154
LQHtransmission533_to_LQHtransmission697_heat,#823740,LQ heat distribution main,transmission,100000,1,20,LQHtransmission697,LQHtransmission533
LQHtransmission697_to_LQHtransmission516_heat,#823740,LQ heat distribution main,transmission,100000,1,20,LQHtransmission516,LQHtransmission697
LQHtransmission516_to_LQHtransmission502_heat,#823740,LQ heat distribution main,transmission,100000,1,20,LQHtransmission502,LQHtransmission516
LQHtransmission502_to_LQHtransmission877_heat,#823740,LQ heat distribution main,transmission,100000,1,20,LQHtransmission877,LQHtransmission502
LQHtransmission877_to_LQHtransmission820_heat,#823740,LQ heat distribution main,transmission,100000,1,20,LQHtransmission820,LQHtransmission877
LQHtransmission820_to_LQHtransmission731_heat,#823740,LQ heat distribution main,transmission,100000,1,20,LQHtransmission731,LQHtransmission820
LQHtransmission731_to_LQHtransmission711_heat,#823740,LQ heat distribution main,transmission,100000,1,20,LQHtransmission711,LQHtransmission731
LQHtransmission711_to_LQHtransmission613_heat,#823740,LQ heat distribution main,transmission,100000,1,20,LQHtransmission613,LQHtransmission711
LQHtransmission613_to_LQHtransmission867_heat,#823740,LQ heat distribution main,transmission,100000,1,20,LQHtransmission867,LQHtransmission613
LQHtransmission867_to_LQHtransmission803_heat,#823740,LQ heat distribution main,transmission,100000,1,20,LQHtransmission803,LQHtransmission867
LQHtransmission803_to_LQHtransmission1046_heat,#823740,LQ heat distribution main,transmission,100000,1,20,LQHtransmission1046,LQHtransmission803
LQHtransmission1046_to_LQHtransmission964_heat,#823740,LQ heat distribution main,transmission,100000,1,20,LQHtransmission964,LQHtransmission1046
LQHtransmission964_to_LQHtransmission890_heat,#823740,LQ heat distribution main,transmission,100000,1,20,LQHtransmission890,LQHtransmission964
LQHtransmission890_to_LQHtransmission857_heat,#823740,LQ heat distribution main,transmission,100000,1,20,LQHtransmission857,LQHtransmission890
LQHtransmission857_to_LQHtransmission56_heat,#823740,LQ heat distribution main,transmission,100000,1,20,LQHtransmission56,LQHtransmission857
LQHtransmission56_to_LQHtransmission207_heat,#823740,LQ heat distribution main,transmission,100000,1,20,LQHtransmission207,LQHtransmission56
LQHtransmission207_to_LQHtransmission917_heat,#823740,LQ heat distribution main,transmission,100000,1,20,LQHtransmission917,LQHtransmission207
LQHtransmission202_to_LQHtransmission397_heat,#823740,LQ heat distribution main,transmission,100000,1,20,LQHtransmission397,LQHtransmission202
LQHtransmission397_to_LQHtransmission1024_heat,#823740,LQ heat distribution main,transmission,100000,1,20,LQHtransmission1024,LQHtransmission397
LQHtransmission202_to_LQHtransmission734_heat,#823740,LQ heat distribution main,transmission,100000,1,20,LQHtransmission734,LQHtransmission202
LQHtransmission734_to_LQHtransmission189_heat,#823740,LQ heat distribution main,transmission,100000,1,20,LQHtransmission189,LQHtransmission734
LQHtransmission189_to_LQHtransmission184_heat,#823740,LQ heat distribution main,transmission,100000,1,20,LQHtransmission184,LQHtransmission189
LQHtransmission184_to_LQHtransmission250_heat,#823740,LQ heat distribution main,transmission,100000,1,20,LQHtransmission250,LQHtransmission184
LQHtransmission250_to_LQHtransmission662_heat,#823740,LQ heat distribution main,transmission,100000,1,20,LQHtransmission662,LQHtransmission250
LQHtransmission662_to_LQHtransmission288_heat,#823740,LQ heat distribution main,transmission,100000,1,20,LQHtransmission288,LQHtransmission662
LQHtransmission288_to_LQHtransmission998_heat,#823740,LQ heat distribution main,transmission,100000,1,20,LQHtransmission998,LQHtransmission288
LQHtransmission998_to_LQHtransmission969_heat,#823740,LQ heat distribution main,transmission,100000,1,20,LQHtransmission969,LQHtransmission998
LQHtransmission969_to_LQHtransmission487_heat,#823740,LQ heat distribution main,transmission,100000,1,20,LQHtransmission487,LQHtransmission969
LQHtransmission487_to_LQHtransmission1024_heat,#823740,LQ heat distribution main,transmission,100000,1,20,LQHtransmission1024,LQHtransmission487
LQHtransmission1024_to_LQHtransmission24_heat,#823740,LQ heat distribution main,transmission,100000,1,20,LQHtransmission24,LQHtransmission1024
LQHtransmission24_to_LQHtransmission46_heat,#823740,LQ heat distribution main,transmission,100000,1,20,LQHtransmission46,LQHtransmission24
LQHtransmission46_to_LQHtransmission750_heat,#823740,LQ heat distribution main,transmission,100000,1,20,LQHtransmission750,LQHtransmission46
LQHtransmission750_to_LQHtransmission12_heat,#823740,LQ heat distribution main,transmission,100000,1,20,LQHtransmission12,LQHtransmission750
LQHtransmission12_to_LQHtransmission967_heat,#823740,LQ heat distribution main,transmission,100000,1,20,LQHtransmission967,LQHtransmission12
LQHtransmission967_to_LQHtransmission109_heat,#823740,LQ heat distribution main,transmission,100000,1,20,LQHtransmission109,LQHtransmission967
LQHtransmission109_to_LQHtransmission999_heat,#823740,LQ heat distribution main,transmission,100000,1,20,LQHtransmission999,LQHtransmission109
LQHtransmission999_to_LQHtransmission842_heat,#823740,LQ heat distribution main,transmission,100000,1,20,LQHtransmission842,LQHtransmission999
LQHtransmission842_to_LQHtransmission686_heat,#823740,LQ heat distribution main,transmission,100000,1,20,LQHtransmission686,LQHtransmission842
LQHtransmission686_to_LQHtransmission341_heat,#823740,LQ heat distribution main,transmission,100000,1,20,LQHtransmission341,LQHtransmission686
LQHtransmission341_to_LQHtransmission790_heat,#823740,LQ heat distribution main,transmission,100000,1,20,LQHtransmission790,LQHtransmission341
LQHtransmission860_to_LQHtransmission685_heat,#823740,LQ heat distribution main,transmission,100000,1,20,LQHtransmission685,LQHtransmission860
LQHtransmission685_to_LQHtransmission172_heat,#823740,LQ heat distribution main,transmission,100000,1,20,LQHtransmission172,LQHtransmission685
LQHtransmission172_to_LQHtransmission73_heat,#823740,LQ heat distribution main,transmission,100000,1,20,LQHtransmission73,LQHtransmission172
LQHtransmission73_to_LQHtransmission233_heat,#823740,LQ heat distribution main,transmission,100000,1,20,LQHtransmission233,LQHtransmission73
LQHtransmission233_to_LQHtransmission163_heat,#823740,LQ heat distribution main,transmission,100000,1,20,LQHtransmission163,LQHtransmission233
LQHtransmission163_to_LQHtransmission603_heat,#823740,LQ heat distribution main,transmission,100000,1,20,LQHtransmission603,LQHtransmission163
LQHtransmission603_to_LQHtransmission213_heat,#823740,LQ heat distribution main,transmission,100000,1,20,LQHtransmission213,LQHtransmission603
LQHtransmission213_to_LQHtransmission5_heat,#823740,LQ heat distribution main,transmission,100000,1,20,LQHtransmission5,LQHtransmission213
LQHtransmission5_to_LQHtransmission114_heat,#823740,LQ heat distribution main,transmission,100000,1,20,LQHtransmission114,LQHtransmission5
LQHtransmission114_to_LQHtransmission981_heat,#823740,LQ heat distribution main,transmission,100000,1,20,LQHtransmission981,LQHtransmission114
LQHtransmission981_to_LQHtransmission462_heat,#823740,LQ heat distribution main,transmission,100000,1,20,LQHtransmission462,LQHtransmission981
LQHtransmission462_to_LQHtransmission236_heat,#823740,LQ heat distribution main,transmission,100000,1,20,LQHtransmission236,LQHtransmission462
LQHtransmission236_to_LQHtransmission936_heat,#823740,LQ heat distribution main,transmission,100000,1,20,LQHtransmission936,LQHtransmission236
LQHtransmission936_to_LQHtransmission1026_heat,#823740,LQ heat distribution main,transmission,100000,1,20,LQHtransmission1026,LQHtransmission936
LQHtransmission1026_to_LQHtransmission489_heat,#823740,LQ heat distribution main,transmission,100000,1,20,LQHtransmission489,LQHtransmission1026
LQHtransmission489_to_LQHtransmission145_heat,#823740,LQ heat distribution main,transmission,100000,1,20,LQHtransmission145,LQHtransmission489
LQHtransmission145_to_LQHtransmission677_heat,#823740,LQ heat distribution main,transmission,100000,1,20,LQHtransmission677,LQHtransmission145
warmtenet15_to_substation_poptahofzuid,#823747,Heat transmission main,transmission,100000,1,20,warmtenet15,substation_poptahofzuid
substation_poptahofzuid_to_LQHtransmission645_heat,#823740,LQ heat distribution main,transmission,100000,1,20,LQHtransmission645,substation_poptahofzuid
D0503100000000168_to_LQHtransmission826_heat,#823740,LQ heat distribution secondary,transmission,100000,1,20,LQHtransmission826,D0503100000000168
D0503100000001498_to_LQHtransmission134_heat,#823740,LQ heat distribution secondary,transmission,100000,1,20,LQHtransmission134,D0503100000001498
D0503100000001499_to_LQHtransmission100_heat,#823740,LQ heat distribution secondary,transmission,100000,1,20,LQHtransmission100,D0503100000001499
D0503100000011458_to_LQHtransmission163_heat,#823740,LQ heat distribution secondary,transmission,100000,1,20,LQHtransmission163,D0503100000011458
D0503100000011549_to_LQHtransmission134_heat,#823740,LQ heat distribution secondary,transmission,100000,1,20,LQHtransmission134,D0503100000011549
D0503100000011550_to_LQHtransmission172_heat,#823740,LQ heat distribution secondary,transmission,100000,1,20,LQHtransmission172,D0503100000011550
D0503100000011552_to_LQHtransmission458_heat,#823740,LQ heat distribution secondary,transmission,100000,1,20,LQHtransmission458,D0503100000011552
D0503100000011553_to_LQHtransmission134_heat,#823740,LQ heat distribution secondary,transmission,100000,1,20,LQHtransmission134,D0503100000011553
D0503100000011554_to_LQHtransmission73_heat,#823740,LQ heat distribution secondary,transmission,100000,1,20,LQHtransmission73,D0503100000011554
D0503100000025533_to_LQHtransmission648_heat,#823740,LQ heat distribution secondary,transmission,100000,1,20,LQHtransmission648,D0503100000025533
D0503100000027952_to_LQHtransmission134_heat,#823740,LQ heat distribution secondary,transmission,100000,1,20,LQHtransmission134,D0503100000027952
D0503100000030049_to_LQHtransmission764_heat,#823740,LQ heat distribution secondary,transmission,100000,1,20,LQHtransmission764,D0503100000030049
D0503100000030050_to_LQHtransmission13_heat,#823740,LQ heat distribution secondary,transmission,100000,1,20,LQHtransmission13,D0503100000030050
D0503100000030051_to_LQHtransmission675_heat,#823740,LQ heat distribution secondary,transmission,100000,1,20,LQHtransmission675,D0503100000030051
D0503100000030052_to_LQHtransmission74_heat,#823740,LQ heat distribution secondary,transmission,100000,1,20,LQHtransmission74,D0503100000030052
D0503100000031080_to_LQHtransmission233_heat,#823740,LQ heat distribution secondary,transmission,100000,1,20,LQHtransmission233,D0503100000031080
D0503100000031377_to_LQHtransmission551_heat,#823740,LQ heat distribution secondary,transmission,100000,1,20,LQHtransmission551,D0503100000031377
D0503100000031378_to_LQHtransmission551_heat,#823740,LQ heat distribution secondary,transmission,100000,1,20,LQHtransmission551,D0503100000031378
D0503100000031379_to_LQHtransmission551_heat,#823740,LQ heat distribution secondary,transmission,100000,1,20,LQHtransmission551,D0503100000031379
D0503100000031380_to_LQHtransmission254_heat,#823740,LQ heat distribution secondary,transmission,100000,1,20,LQHtransmission254,D0503100000031380
D0503100000031381_to_LQHtransmission242_heat,#823740,LQ heat distribution secondary,transmission,100000,1,20,LQHtransmission242,D0503100000031381
D0503100000031382_to_LQHtransmission551_heat,#823740,LQ heat distribution secondary,transmission,100000,1,20,LQHtransmission551,D0503100000031382
D0503100000031383_to_LQHtransmission551_heat,#823740,LQ heat distribution secondary,transmission,100000,1,20,LQHtransmission551,D0503100000031383
D0503100000032908_to_LQHtransmission801_heat,#823740,LQ heat distribution secondary,transmission,100000,1,20,LQHtransmission801,D0503100000032908
D0503100000033567_to_LQHtransmission140_heat,#823740,LQ heat distribution secondary,transmission,100000,1,20,LQHtransmission140,D0503100000033567
D0503100000033568_to_LQHtransmission988_heat,#823740,LQ heat distribution secondary,transmission,100000,1,20,LQHtransmission988,D0503100000033568
D0503100000033569_to_LQHtransmission550_heat,#823740,LQ heat distribution secondary,transmission,100000,1,20,LQHtransmission550,D0503100000033569
D0503100000033570_to_LQHtransmission325_heat,#823740,LQ heat distribution secondary,transmission,100000,1,20,LQHtransmission325,D0503100000033570
D0503100000033571_to_LQHtransmission83_heat,#823740,LQ heat distribution secondary,transmission,100000,1,20,LQHtransmission83,D0503100000033571
D0503100000033572_to_LQHtransmission83_heat,#823740,LQ heat distribution secondary,transmission,100000,1,20,LQHtransmission83,D0503100000033572
D0503100000033573_to_LQHtransmission83_heat,#823740,LQ heat distribution secondary,transmission,100000,1,20,LQHtransmission83,D0503100000033573
D0503100000033574_to_LQHtransmission83_heat,#823740,LQ heat distribution secondary,transmission,100000,1,20,LQHtransmission83,D0503100000033574
D0503100000033575_to_LQHtransmission83_heat,#823740,LQ heat distribution secondary,transmission,100000,1,20,LQHtransmission83,D0503100000033575
D0503100000034895_to_LQHtransmission809_heat,#823740,LQ heat distribution secondary,transmission,100000,1,20,LQHtransmission809,D0503100000034895
D0503100000035282_to_LQHtransmission843_heat,#823740,LQ heat distribution secondary,transmission,100000,1,20,LQHtransmission843,D0503100000035282
D0503100000035763_to_LQHtransmission765_heat,#823740,LQ heat distribution secondary,transmission,100000,1,20,LQHtransmission765,D0503100000035763
