techs,cost_flow_cap_per_distance
geothermie_delft_to_warmtenet1,100
warmtenet1_to_warmtenet2,100
warmtenet2_to_warmtenet3,100
warmtenet3_to_warmtenet4,100
warmtenet4_to_warmtenet5,100
warmtenet5_to_warmtenet6,100
warmtenet6_to_warmtenet7,100
warmtenet7_to_warmtenet8,100
warmtenet8_to_warmtenet9,100
warmtenet9_to_warmtenet10,100
warmtenet10_to_warmtenet11,100
warmtenet11_to_warmtenet12,100
warmtenet4_to_warmtenet13,100
warmtenet13_to_warmtenet14,100
warmtenet14_to_warmtenet15,100
LQHtransmission1413_to_LQHtransmission578_heat,100
LQHtransmission578_to_LQHtransmission1342_heat,100
LQHtransmission1342_to_LQHtransmission340_heat,100
LQHtransmission340_to_LQHtransmission1850_heat,100
LQHtransmission1850_to_LQHtransmission1866_heat,100
LQHtransmission1866_to_LQHtransmission1376_heat,100
LQHtransmission1376_to_LQHtransmission1580_heat,100
LQHtransmission1580_to_LQHtransmission1648_heat,100
LQHtransmission1648_to_LQHtransmission1300_heat,100
LQHtransmission1300_to_LQHtransmission1611_heat,100
LQHtransmission1611_to_LQHtransmission1563_heat,100
LQHtransmission1563_to_LQHtransmission292_heat,100
LQHtransmission292_to_LQHtransmission1994_heat,100
LQHtransmission1994_to_LQHtransmission1196_heat,100
LQHtransmission1196_to_LQHtransmission226_heat,100
LQHtransmission226_to_LQHtransmission1889_heat,100
LQHtransmission1889_to_LQHtransmission197_heat,100
LQHtransmission197_to_LQHtransmission938_heat,100
LQHtransmission938_to_LQHtransmission1922_heat,100
LQHtransmission1922_to_LQHtransmission1371_heat,100
LQHtransmission1371_to_LQHtransmission1305_heat,100
LQHtransmission1305_to_LQHtransmission1874_heat,100
LQHtransmission1874_to_LQHtransmission1367_heat,100
LQHtransmission1367_to_LQHtransmission1356_heat,100
LQHtransmission1356_to_LQHtransmission1826_heat,100
LQHtransmission1826_to_LQHtransmission1996_heat,100
LQHtransmission1996_to_LQHtransmission1988_heat,100
LQHtransmission1988_to_LQHtransmission853_heat,100
LQHtransmission853_to_LQHtransmission397_heat,100
LQHtransmission397_to_LQHtransmission633_heat,100
LQHtransmission633_to_LQHtransmission355_heat,100
LQHtransmission355_to_LQHtransmission638_heat,100
LQHtransmission638_to_LQHtransmission653_heat,100
LQHtransmission653_to_LQHtransmission379_heat,100
LQHtransmission379_to_LQHtransmission366_heat,100
LQHtransmission366_to_LQHtransmission652_heat,100
LQHtransmission652_to_LQHtransmission378_heat,100
LQHtransmission378_to_LQHtransmission1758_heat,100
LQHtransmission1758_to_LQHtransmission678_heat,100
LQHtransmission678_to_LQHtransmission1772_heat,100
LQHtransmission1772_to_LQHtransmission1833_heat,100
LQHtransmission1833_to_LQHtransmission1189_heat,100
LQHtransmission1189_to_LQHtransmission273_heat,100
LQHtransmission273_to_LQHtransmission590_heat,100
LQHtransmission590_to_LQHtransmission12_heat,100
LQHtransmission12_to_LQHtransmission1950_heat,100
LQHtransmission1950_to_LQHtransmission712_heat,100
LQHtransmission712_to_LQHtransmission1689_heat,100
LQHtransmission1689_to_LQHtransmission1107_heat,100
LQHtransmission1107_to_LQHtransmission54_heat,100
LQHtransmission54_to_LQHtransmission1986_heat,100
LQHtransmission1986_to_LQHtransmission766_heat,100
LQHtransmission766_to_LQHtransmission1742_heat,100
LQHtransmission1149_to_LQHtransmission1474_heat,100
LQHtransmission1474_to_LQHtransmission56_heat,100
LQHtransmission56_to_LQHtransmission1005_heat,100
LQHtransmission1005_to_LQHtransmission1359_heat,100
LQHtransmission1359_to_LQHtransmission946_heat,100
LQHtransmission946_to_LQHtransmission19_heat,100
LQHtransmission19_to_LQHtransmission921_heat,100
LQHtransmission921_to_LQHtransmission667_heat,100
LQHtransmission667_to_LQHtransmission1789_heat,100
LQHtransmission1789_to_LQHtransmission644_heat,100
LQHtransmission644_to_LQHtransmission1405_heat,100
LQHtransmission1405_to_LQHtransmission240_heat,100
LQHtransmission240_to_LQHtransmission1383_heat,100
LQHtransmission1383_to_LQHtransmission941_heat,100
LQHtransmission941_to_LQHtransmission939_heat,100
LQHtransmission939_to_LQHtransmission1222_heat,100
LQHtransmission1222_to_LQHtransmission1524_heat,100
LQHtransmission1524_to_LQHtransmission1951_heat,100
LQHtransmission1951_to_LQHtransmission411_heat,100
LQHtransmission411_to_LQHtransmission1930_heat,100
LQHtransmission1930_to_LQHtransmission483_heat,100
LQHtransmission483_to_LQHtransmission929_heat,100
LQHtransmission929_to_LQHtransmission654_heat,100
LQHtransmission654_to_LQHtransmission1181_heat,100
LQHtransmission1181_to_LQHtransmission430_heat,100
LQHtransmission430_to_LQHtransmission1197_heat,100
LQHtransmission1197_to_LQHtransmission1735_heat,100
LQHtransmission1735_to_LQHtransmission443_heat,100
LQHtransmission443_to_LQHtransmission479_heat,100
LQHtransmission479_to_LQHtransmission547_heat,100
LQHtransmission547_to_LQHtransmission322_heat,100
LQHtransmission322_to_LQHtransmission1328_heat,100
LQHtransmission1328_to_LQHtransmission1399_heat,100
LQHtransmission1399_to_LQHtransmission1243_heat,100
LQHtransmission1243_to_LQHtransmission1119_heat,100
LQHtransmission1119_to_LQHtransmission1355_heat,100
LQHtransmission1355_to_LQHtransmission1419_heat,100
LQHtransmission1419_to_LQHtransmission1912_heat,100
LQHtransmission1912_to_LQHtransmission1945_heat,100
LQHtransmission1945_to_LQHtransmission376_heat,100
LQHtransmission376_to_LQHtransmission1550_heat,100
LQHtransmission1550_to_LQHtransmission591_heat,100
LQHtransmission591_to_LQHtransmission1088_heat,100
LQHtransmission1088_to_LQHtransmission162_heat,100
LQHtransmission162_to_LQHtransmission202_heat,100
LQHtransmission1635_to_LQHtransmission272_heat,100
LQHtransmission272_to_LQHtransmission731_heat,100
LQHtransmission731_to_LQHtransmission1002_heat,100
LQHtransmission1002_to_LQHtransmission385_heat,100
LQHtransmission385_to_LQHtransmission183_heat,100
LQHtransmission183_to_LQHtransmission211_heat,100
LQHtransmission211_to_LQHtransmission278_heat,100
LQHtransmission278_to_LQHtransmission1370_heat,100
LQHtransmission1370_to_LQHtransmission504_heat,100
LQHtransmission504_to_LQHtransmission541_heat,100
LQHtransmission541_to_LQHtransmission166_heat,100
LQHtransmission166_to_LQHtransmission202_heat,100
LQHtransmission202_to_LQHtransmission1226_heat,100
LQHtransmission1226_to_LQHtransmission1306_heat,100
LQHtransmission1306_to_LQHtransmission301_heat,100
LQHtransmission301_to_LQHtransmission933_heat,100
LQHtransmission933_to_LQHtransmission1958_heat,100
LQHtransmission1958_to_LQHtransmission1397_heat,100
LQHtransmission1397_to_LQHtransmission392_heat,100
LQHtransmission392_to_LQHtransmission942_heat,100
LQHtransmission942_to_LQHtransmission1939_heat,100
LQHtransmission1939_to_LQHtransmission1011_heat,100
LQHtransmission1011_to_LQHtransmission587_heat,100
LQHtransmission587_to_LQHtransmission1268_heat,100
LQHtransmission1268_to_LQHtransmission108_heat,100
LQHtransmission108_to_LQHtransmission1631_heat,100
LQHtransmission1631_to_LQHtransmission874_heat,100
LQHtransmission874_to_LQHtransmission995_heat,100
LQHtransmission995_to_LQHtransmission925_heat,100
LQHtransmission925_to_LQHtransmission1942_heat,100
LQHtransmission1942_to_LQHtransmission245_heat,100
LQHtransmission245_to_LQHtransmission787_heat,100
LQHtransmission787_to_LQHtransmission1830_heat,100
LQHtransmission1830_to_LQHtransmission1591_heat,100
LQHtransmission1591_to_LQHtransmission336_heat,100
LQHtransmission336_to_LQHtransmission943_heat,100
LQHtransmission943_to_LQHtransmission820_heat,100
LQHtransmission820_to_LQHtransmission1934_heat,100
LQHtransmission1934_to_LQHtransmission83_heat,100
LQHtransmission83_to_LQHtransmission1237_heat,100
LQHtransmission1237_to_LQHtransmission913_heat,100
LQHtransmission913_to_LQHtransmission1332_heat,100
LQHtransmission1332_to_LQHtransmission1763_heat,100
LQHtransmission1763_to_LQHtransmission603_heat,100
LQHtransmission603_to_LQHtransmission758_heat,100
LQHtransmission758_to_LQHtransmission1876_heat,100
LQHtransmission1876_to_LQHtransmission546_heat,100
LQHtransmission546_to_LQHtransmission1182_heat,100
LQHtransmission1182_to_LQHtransmission973_heat,100
LQHtransmission973_to_LQHtransmission556_heat,100
LQHtransmission556_to_LQHtransmission364_heat,100
LQHtransmission364_to_LQHtransmission985_heat,100
LQHtransmission985_to_LQHtransmission324_heat,100
LQHtransmission324_to_LQHtransmission1508_heat,100
LQHtransmission1508_to_LQHtransmission1730_heat,100
LQHtransmission1730_to_LQHtransmission1896_heat,100
LQHtransmission1896_to_LQHtransmission615_heat,100
LQHtransmission615_to_LQHtransmission204_heat,100
LQHtransmission204_to_LQHtransmission384_heat,100
LQHtransmission384_to_LQHtransmission1959_heat,100
LQHtransmission1959_to_LQHtransmission1584_heat,100
LQHtransmission1584_to_LQHtransmission1393_heat,100
LQHtransmission1089_to_LQHtransmission1434_heat,100
LQHtransmission1434_to_LQHtransmission663_heat,100
LQHtransmission663_to_LQHtransmission1272_heat,100
LQHtransmission1272_to_LQHtransmission1715_heat,100
LQHtransmission1715_to_LQHtransmission1031_heat,100
LQHtransmission1031_to_LQHtransmission1285_heat,100
LQHtransmission1285_to_LQHtransmission1728_heat,100
LQHtransmission1728_to_LQHtransmission157_heat,100
LQHtransmission157_to_LQHtransmission1798_heat,100
LQHtransmission1798_to_LQHtransmission1555_heat,100
LQHtransmission1555_to_LQHtransmission215_heat,100
LQHtransmission215_to_LQHtransmission1567_heat,100
LQHtransmission1567_to_LQHtransmission1774_heat,100
LQHtransmission1774_to_LQHtransmission866_heat,100
LQHtransmission866_to_LQHtransmission159_heat,100
LQHtransmission159_to_LQHtransmission1340_heat,100
LQHtransmission1340_to_LQHtransmission630_heat,100
LQHtransmission630_to_LQHtransmission836_heat,100
LQHtransmission836_to_LQHtransmission1935_heat,100
LQHtransmission1935_to_LQHtransmission1254_heat,100
LQHtransmission1254_to_LQHtransmission1317_heat,100
LQHtransmission1317_to_LQHtransmission1723_heat,100
LQHtransmission1723_to_LQHtransmission1316_heat,100
LQHtransmission1316_to_LQHtransmission949_heat,100
LQHtransmission949_to_LQHtransmission1120_heat,100
LQHtransmission1120_to_LQHtransmission1660_heat,100
LQHtransmission1660_to_LQHtransmission1740_heat,100
LQHtransmission1740_to_LQHtransmission1817_heat,100
LQHtransmission1817_to_LQHtransmission1417_heat,100
LQHtransmission1417_to_LQHtransmission1947_heat,100
LQHtransmission1947_to_LQHtransmission1025_heat,100
LQHtransmission1025_to_LQHtransmission1751_heat,100
LQHtransmission1751_to_LQHtransmission689_heat,100
LQHtransmission689_to_LQHtransmission1217_heat,100
LQHtransmission1217_to_LQHtransmission1946_heat,100
LQHtransmission1946_to_LQHtransmission33_heat,100
LQHtransmission33_to_LQHtransmission1565_heat,100
LQHtransmission1565_to_LQHtransmission1167_heat,100
LQHtransmission1167_to_LQHtransmission1248_heat,100
LQHtransmission1248_to_LQHtransmission996_heat,100
LQHtransmission996_to_LQHtransmission1767_heat,100
LQHtransmission1548_to_LQHtransmission1734_heat,100
LQHtransmission1734_to_LQHtransmission26_heat,100
LQHtransmission26_to_LQHtransmission48_heat,100
LQHtransmission48_to_LQHtransmission765_heat,100
LQHtransmission765_to_LQHtransmission1925_heat,100
LQHtransmission1925_to_LQHtransmission566_heat,100
LQHtransmission566_to_LQHtransmission1993_heat,100
LQHtransmission1993_to_LQHtransmission259_heat,100
LQHtransmission259_to_LQHtransmission506_heat,100
LQHtransmission506_to_LQHtransmission120_heat,100
LQHtransmission120_to_LQHtransmission576_heat,100
LQHtransmission576_to_LQHtransmission857_heat,100
LQHtransmission857_to_LQHtransmission17_heat,100
LQHtransmission17_to_LQHtransmission734_heat,100
LQHtransmission734_to_LQHtransmission88_heat,100
LQHtransmission88_to_LQHtransmission522_heat,100
LQHtransmission522_to_LQHtransmission969_heat,100
LQHtransmission969_to_LQHtransmission1443_heat,100
LQHtransmission1443_to_LQHtransmission63_heat,100
LQHtransmission63_to_LQHtransmission1820_heat,100
LQHtransmission1820_to_LQHtransmission1562_heat,100
LQHtransmission1562_to_LQHtransmission154_heat,100
LQHtransmission154_to_LQHtransmission1198_heat,100
LQHtransmission1198_to_LQHtransmission221_heat,100
LQHtransmission221_to_LQHtransmission816_heat,100
LQHtransmission816_to_LQHtransmission970_heat,100
LQHtransmission970_to_LQHtransmission1403_heat,100
LQHtransmission1403_to_LQHtransmission1701_heat,100
LQHtransmission456_to_LQHtransmission800_heat,100
LQHtransmission800_to_LQHtransmission417_heat,100
LQHtransmission417_to_LQHtransmission835_heat,100
LQHtransmission835_to_LQHtransmission1062_heat,100
LQHtransmission1062_to_LQHtransmission1547_heat,100
LQHtransmission1547_to_LQHtransmission1510_heat,100
LQHtransmission1510_to_LQHtransmission1969_heat,100
LQHtransmission1969_to_LQHtransmission885_heat,100
LQHtransmission885_to_LQHtransmission390_heat,100
LQHtransmission390_to_LQHtransmission1343_heat,100
LQHtransmission1343_to_LQHtransmission1073_heat,100
LQHtransmission486_to_LQHtransmission441_heat,100
LQHtransmission441_to_LQHtransmission267_heat,100
LQHtransmission267_to_LQHtransmission637_heat,100
LQHtransmission637_to_LQHtransmission1886_heat,100
LQHtransmission1886_to_LQHtransmission1577_heat,100
LQHtransmission1577_to_LQHtransmission1494_heat,100
LQHtransmission1494_to_LQHtransmission1963_heat,100
LQHtransmission1963_to_LQHtransmission1875_heat,100
LQHtransmission1875_to_LQHtransmission815_heat,100
LQHtransmission815_to_LQHtransmission452_heat,100
LQHtransmission452_to_LQHtransmission1586_heat,100
LQHtransmission1586_to_LQHtransmission1948_heat,100
LQHtransmission1948_to_LQHtransmission959_heat,100
LQHtransmission959_to_LQHtransmission1888_heat,100
LQHtransmission1888_to_LQHtransmission1483_heat,100
LQHtransmission1483_to_LQHtransmission1297_heat,100
LQHtransmission1297_to_LQHtransmission1931_heat,100
LQHtransmission1931_to_LQHtransmission867_heat,100
LQHtransmission867_to_LQHtransmission1135_heat,100
LQHtransmission1135_to_LQHtransmission769_heat,100
LQHtransmission769_to_LQHtransmission595_heat,100
LQHtransmission595_to_LQHtransmission59_heat,100
LQHtransmission59_to_LQHtransmission1246_heat,100
LQHtransmission1246_to_LQHtransmission238_heat,100
LQHtransmission238_to_LQHtransmission1122_heat,100
LQHtransmission1122_to_LQHtransmission341_heat,100
LQHtransmission341_to_LQHtransmission1520_heat,100
LQHtransmission1520_to_LQHtransmission351_heat,100
LQHtransmission351_to_LQHtransmission255_heat,100
LQHtransmission255_to_LQHtransmission1151_heat,100
LQHtransmission1151_to_LQHtransmission1154_heat,100
LQHtransmission1154_to_LQHtransmission910_heat,100
LQHtransmission910_to_LQHtransmission468_heat,100
LQHtransmission468_to_LQHtransmission881_heat,100
LQHtransmission881_to_LQHtransmission647_heat,100
LQHtransmission647_to_LQHtransmission430_heat,100
LQHtransmission1390_to_LQHtransmission854_heat,100
LQHtransmission854_to_LQHtransmission67_heat,100
LQHtransmission67_to_LQHtransmission1983_heat,100
LQHtransmission1983_to_LQHtransmission643_heat,100
LQHtransmission643_to_LQHtransmission289_heat,100
LQHtransmission289_to_LQHtransmission421_heat,100
LQHtransmission421_to_LQHtransmission1865_heat,100
LQHtransmission1865_to_LQHtransmission1647_heat,100
LQHtransmission1647_to_LQHtransmission230_heat,100
LQHtransmission230_to_LQHtransmission1708_heat,100
LQHtransmission1708_to_LQHtransmission1027_heat,100
LQHtransmission1027_to_LQHtransmission1904_heat,100
LQHtransmission401_to_LQHtransmission1595_heat,100
LQHtransmission1595_to_LQHtransmission110_heat,100
LQHtransmission110_to_LQHtransmission1869_heat,100
LQHtransmission1869_to_LQHtransmission1289_heat,100
LQHtransmission1289_to_LQHtransmission1823_heat,100
LQHtransmission1823_to_LQHtransmission1592_heat,100
LQHtransmission1592_to_LQHtransmission762_heat,100
LQHtransmission1359_to_LQHtransmission1462_heat,100
LQHtransmission1462_to_LQHtransmission583_heat,100
LQHtransmission583_to_LQHtransmission212_heat,100
LQHtransmission212_to_LQHtransmission964_heat,100
LQHtransmission964_to_LQHtransmission388_heat,100
LQHtransmission388_to_LQHtransmission431_heat,100
LQHtransmission431_to_LQHtransmission1082_heat,100
LQHtransmission1082_to_LQHtransmission1588_heat,100
LQHtransmission1588_to_LQHtransmission1804_heat,100
LQHtransmission1804_to_LQHtransmission561_heat,100
LQHtransmission561_to_LQHtransmission1770_heat,100
LQHtransmission1770_to_LQHtransmission803_heat,100
LQHtransmission803_to_LQHtransmission486_heat,100
LQHtransmission486_to_LQHtransmission111_heat,100
LQHtransmission111_to_LQHtransmission1302_heat,100
LQHtransmission1302_to_LQHtransmission199_heat,100
LQHtransmission199_to_LQHtransmission1799_heat,100
LQHtransmission1799_to_LQHtransmission1661_heat,100
LQHtransmission1661_to_LQHtransmission1068_heat,100
LQHtransmission1068_to_LQHtransmission1779_heat,100
LQHtransmission1779_to_LQHtransmission180_heat,100
LQHtransmission180_to_LQHtransmission1598_heat,100
LQHtransmission1598_to_LQHtransmission1422_heat,100
LQHtransmission1422_to_LQHtransmission1913_heat,100
LQHtransmission1913_to_LQHtransmission1547_heat,100
LQHtransmission550_to_LQHtransmission171_heat,100
LQHtransmission171_to_LQHtransmission774_heat,100
LQHtransmission774_to_LQHtransmission1190_heat,100
LQHtransmission1190_to_LQHtransmission1791_heat,100
LQHtransmission1791_to_LQHtransmission1638_heat,100
LQHtransmission1638_to_LQHtransmission213_heat,100
LQHtransmission213_to_LQHtransmission1970_heat,100
LQHtransmission1970_to_LQHtransmission562_heat,100
LQHtransmission562_to_LQHtransmission990_heat,100
LQHtransmission990_to_LQHtransmission543_heat,100
LQHtransmission543_to_LQHtransmission455_heat,100
LQHtransmission455_to_LQHtransmission1535_heat,100
LQHtransmission1535_to_LQHtransmission438_heat,100
LQHtransmission438_to_LQHtransmission1509_heat,100
LQHtransmission1509_to_LQHtransmission1469_heat,100
LQHtransmission1469_to_LQHtransmission288_heat,100
LQHtransmission288_to_LQHtransmission1892_heat,100
LQHtransmission1892_to_LQHtransmission263_heat,100
LQHtransmission263_to_LQHtransmission1900_heat,100
LQHtransmission1900_to_LQHtransmission681_heat,100
LQHtransmission681_to_LQHtransmission493_heat,100
LQHtransmission493_to_LQHtransmission617_heat,100
LQHtransmission617_to_LQHtransmission702_heat,100
LQHtransmission702_to_LQHtransmission817_heat,100
LQHtransmission817_to_LQHtransmission1585_heat,100
LQHtransmission1585_to_LQHtransmission400_heat,100
LQHtransmission400_to_LQHtransmission1860_heat,100
LQHtransmission1860_to_LQHtransmission781_heat,100
LQHtransmission781_to_LQHtransmission1264_heat,100
LQHtransmission193_to_LQHtransmission129_heat,100
LQHtransmission129_to_LQHtransmission930_heat,100
LQHtransmission930_to_LQHtransmission675_heat,100
LQHtransmission675_to_LQHtransmission1283_heat,100
LQHtransmission1283_to_LQHtransmission1413_heat,100
LQHtransmission1413_to_LQHtransmission195_heat,100
LQHtransmission195_to_LQHtransmission768_heat,100
LQHtransmission768_to_LQHtransmission106_heat,100
LQHtransmission106_to_LQHtransmission657_heat,100
LQHtransmission657_to_LQHtransmission553_heat,100
LQHtransmission553_to_LQHtransmission877_heat,100
LQHtransmission877_to_LQHtransmission491_heat,100
LQHtransmission491_to_LQHtransmission149_heat,100
LQHtransmission149_to_LQHtransmission627_heat,100
LQHtransmission627_to_LQHtransmission520_heat,100
LQHtransmission520_to_LQHtransmission840_heat,100
LQHtransmission840_to_LQHtransmission501_heat,100
LQHtransmission1512_to_LQHtransmission1337_heat,100
LQHtransmission1337_to_LQHtransmission1614_heat,100
LQHtransmission1614_to_LQHtransmission1909_heat,100
LQHtransmission1909_to_LQHtransmission649_heat,100
LQHtransmission649_to_LQHtransmission472_heat,100
LQHtransmission472_to_LQHtransmission285_heat,100
LQHtransmission285_to_LQHtransmission94_heat,100
LQHtransmission94_to_LQHtransmission358_heat,100
LQHtransmission358_to_LQHtransmission1581_heat,100
LQHtransmission1581_to_LQHtransmission473_heat,100
LQHtransmission473_to_LQHtransmission790_heat,100
LQHtransmission790_to_LQHtransmission344_heat,100
LQHtransmission344_to_LQHtransmission832_heat,100
LQHtransmission832_to_LQHtransmission1749_heat,100
LQHtransmission1749_to_LQHtransmission99_heat,100
LQHtransmission99_to_LQHtransmission608_heat,100
LQHtransmission608_to_LQHtransmission1916_heat,100
LQHtransmission1916_to_LQHtransmission155_heat,100
LQHtransmission155_to_LQHtransmission109_heat,100
LQHtransmission109_to_LQHtransmission1307_heat,100
LQHtransmission1075_to_LQHtransmission1664_heat,100
LQHtransmission1664_to_LQHtransmission777_heat,100
LQHtransmission777_to_LQHtransmission890_heat,100
LQHtransmission890_to_LQHtransmission6_heat,100
LQHtransmission6_to_LQHtransmission509_heat,100
LQHtransmission509_to_LQHtransmission1573_heat,100
LQHtransmission1573_to_LQHtransmission744_heat,100
LQHtransmission744_to_LQHtransmission1053_heat,100
LQHtransmission1053_to_LQHtransmission1327_heat,100
LQHtransmission1327_to_LQHtransmission1675_heat,100
LQHtransmission1675_to_LQHtransmission136_heat,100
LQHtransmission136_to_LQHtransmission1838_heat,100
LQHtransmission1838_to_LQHtransmission1467_heat,100
LQHtransmission1467_to_LQHtransmission692_heat,100
LQHtransmission692_to_LQHtransmission290_heat,100
LQHtransmission290_to_LQHtransmission1982_heat,100
LQHtransmission1982_to_LQHtransmission469_heat,100
LQHtransmission720_to_LQHtransmission1828_heat,100
LQHtransmission1828_to_LQHtransmission1597_heat,100
LQHtransmission1597_to_LQHtransmission500_heat,100
LQHtransmission500_to_LQHtransmission280_heat,100
LQHtransmission280_to_LQHtransmission1423_heat,100
LQHtransmission425_to_LQHtransmission1451_heat,100
LQHtransmission1451_to_LQHtransmission1943_heat,100
LQHtransmission1943_to_LQHtransmission123_heat,100
LQHtransmission123_to_LQHtransmission1049_heat,100
LQHtransmission1049_to_LQHtransmission760_heat,100
LQHtransmission760_to_LQHtransmission1824_heat,100
LQHtransmission1824_to_LQHtransmission711_heat,100
LQHtransmission711_to_LQHtransmission414_heat,100
LQHtransmission414_to_LQHtransmission1785_heat,100
LQHtransmission1785_to_LQHtransmission362_heat,100
LQHtransmission362_to_LQHtransmission85_heat,100
LQHtransmission85_to_LQHtransmission1457_heat,100
LQHtransmission1457_to_LQHtransmission1364_heat,100
LQHtransmission1364_to_LQHtransmission27_heat,100
LQHtransmission27_to_LQHtransmission1110_heat,100
LQHtransmission1110_to_LQHtransmission1385_heat,100
LQHtransmission1385_to_LQHtransmission878_heat,100
LQHtransmission878_to_LQHtransmission745_heat,100
LQHtransmission745_to_LQHtransmission1528_heat,100
LQHtransmission1528_to_LQHtransmission757_heat,100
LQHtransmission757_to_LQHtransmission1906_heat,100
LQHtransmission1906_to_LQHtransmission1373_heat,100
LQHtransmission1373_to_LQHtransmission1507_heat,100
LQHtransmission1507_to_LQHtransmission585_heat,100
LQHtransmission738_to_LQHtransmission463_heat,100
LQHtransmission463_to_LQHtransmission1083_heat,100
LQHtransmission1083_to_LQHtransmission1054_heat,100
LQHtransmission1054_to_LQHtransmission316_heat,100
LQHtransmission316_to_LQHtransmission1839_heat,100
LQHtransmission1839_to_LQHtransmission960_heat,100
LQHtransmission960_to_LQHtransmission38_heat,100
LQHtransmission1767_to_LQHtransmission1018_heat,100
LQHtransmission1018_to_LQHtransmission1202_heat,100
LQHtransmission1202_to_LQHtransmission73_heat,100
LQHtransmission73_to_LQHtransmission1553_heat,100
LQHtransmission1553_to_LQHtransmission1540_heat,100
LQHtransmission1540_to_LQHtransmission361_heat,100
LQHtransmission361_to_LQHtransmission1374_heat,100
LQHtransmission1374_to_LQHtransmission458_heat,100
LQHtransmission458_to_LQHtransmission1932_heat,100
LQHtransmission1932_to_LQHtransmission1897_heat,100
LQHtransmission1897_to_LQHtransmission505_heat,100
LQHtransmission505_to_LQHtransmission1346_heat,100
LQHtransmission1346_to_LQHtransmission1938_heat,100
LQHtransmission1938_to_LQHtransmission1206_heat,100
LQHtransmission1206_to_LQHtransmission98_heat,100
LQHtransmission98_to_LQHtransmission1635_heat,100
LQHtransmission1905_to_LQHtransmission1605_heat,100
LQHtransmission1605_to_LQHtransmission1416_heat,100
LQHtransmission1416_to_LQHtransmission50_heat,100
LQHtransmission50_to_LQHtransmission58_heat,100
LQHtransmission58_to_LQHtransmission78_heat,100
LQHtransmission78_to_LQHtransmission741_heat,100
LQHtransmission741_to_LQHtransmission548_heat,100
LQHtransmission548_to_LQHtransmission30_heat,100
LQHtransmission30_to_LQHtransmission611_heat,100
LQHtransmission611_to_LQHtransmission1365_heat,100
LQHtransmission1365_to_LQHtransmission188_heat,100
LQHtransmission188_to_LQHtransmission801_heat,100
LQHtransmission801_to_LQHtransmission1132_heat,100
LQHtransmission1132_to_LQHtransmission302_heat,100
LQHtransmission302_to_LQHtransmission1131_heat,100
LQHtransmission1131_to_LQHtransmission121_heat,100
LQHtransmission121_to_LQHtransmission76_heat,100
LQHtransmission76_to_LQHtransmission1043_heat,100
LQHtransmission1043_to_LQHtransmission342_heat,100
LQHtransmission342_to_LQHtransmission1331_heat,100
LQHtransmission1331_to_LQHtransmission1899_heat,100
LQHtransmission1899_to_LQHtransmission57_heat,100
LQHtransmission57_to_LQHtransmission1291_heat,100
LQHtransmission1291_to_LQHtransmission971_heat,100
LQHtransmission971_to_LQHtransmission1106_heat,100
LQHtransmission1106_to_LQHtransmission1213_heat,100
LQHtransmission920_to_LQHtransmission1505_heat,100
LQHtransmission1505_to_LQHtransmission134_heat,100
LQHtransmission134_to_LQHtransmission693_heat,100
LQHtransmission693_to_LQHtransmission72_heat,100
LQHtransmission72_to_LQHtransmission1269_heat,100
LQHtransmission1269_to_LQHtransmission152_heat,100
LQHtransmission152_to_LQHtransmission851_heat,100
LQHtransmission851_to_LQHtransmission1980_heat,100
LQHtransmission1980_to_LQHtransmission723_heat,100
LQHtransmission723_to_LQHtransmission806_heat,100
LQHtransmission806_to_LQHtransmission1033_heat,100
LQHtransmission1033_to_LQHtransmission1349_heat,100
LQHtransmission1349_to_LQHtransmission264_heat,100
LQHtransmission264_to_LQHtransmission1927_heat,100
LQHtransmission1927_to_LQHtransmission1539_heat,100
LQHtransmission1539_to_LQHtransmission1163_heat,100
LQHtransmission1163_to_LQHtransmission1764_heat,100
LQHtransmission1764_to_LQHtransmission117_heat,100
LQHtransmission117_to_LQHtransmission428_heat,100
LQHtransmission428_to_LQHtransmission1549_heat,100
LQHtransmission1549_to_LQHtransmission1478_heat,100
LQHtransmission1478_to_LQHtransmission1928_heat,100
LQHtransmission1928_to_LQHtransmission623_heat,100
LQHtransmission623_to_LQHtransmission1110_heat,100
LQHtransmission1307_to_LQHtransmission772_heat,100
LQHtransmission772_to_LQHtransmission709_heat,100
LQHtransmission709_to_LQHtransmission1809_heat,100
LQHtransmission1809_to_LQHtransmission1231_heat,100
LQHtransmission1231_to_LQHtransmission1465_heat,100
LQHtransmission1465_to_LQHtransmission143_heat,100
LQHtransmission143_to_LQHtransmission1552_heat,100
LQHtransmission1552_to_LQHtransmission153_heat,100
LQHtransmission153_to_LQHtransmission77_heat,100
LQHtransmission77_to_LQHtransmission717_heat,100
LQHtransmission717_to_LQHtransmission1205_heat,100
LQHtransmission1205_to_LQHtransmission161_heat,100
LQHtransmission161_to_LQHtransmission550_heat,100
LQHtransmission550_to_LQHtransmission386_heat,100
LQHtransmission386_to_LQHtransmission70_heat,100
LQHtransmission70_to_LQHtransmission1050_heat,100
LQHtransmission1050_to_LQHtransmission1277_heat,100
LQHtransmission1277_to_LQHtransmission1348_heat,100
LQHtransmission1348_to_LQHtransmission1288_heat,100
LQHtransmission1288_to_LQHtransmission4_heat,100
LQHtransmission4_to_LQHtransmission1511_heat,100
LQHtransmission1511_to_LQHtransmission1450_heat,100
LQHtransmission1450_to_LQHtransmission1421_heat,100
LQHtransmission1421_to_LQHtransmission315_heat,100
LQHtransmission315_to_LQHtransmission1615_heat,100
LQHtransmission1615_to_LQHtransmission1773_heat,100
LQHtransmission1773_to_LQHtransmission1309_heat,100
LQHtransmission202_to_LQHtransmission1795_heat,100
LQHtransmission1795_to_LQHtransmission1482_heat,100
LQHtransmission1482_to_LQHtransmission882_heat,100
LQHtransmission882_to_LQHtransmission1846_heat,100
LQHtransmission1846_to_LQHtransmission1267_heat,100
LQHtransmission1267_to_LQHtransmission1778_heat,100
LQHtransmission1778_to_LQHtransmission739_heat,100
LQHtransmission739_to_LQHtransmission1229_heat,100
LQHtransmission1229_to_LQHtransmission391_heat,100
LQHtransmission1267_to_LQHtransmission1312_heat,100
LQHtransmission1312_to_LQHtransmission1582_heat,100
LQHtransmission1582_to_LQHtransmission294_heat,100
LQHtransmission294_to_LQHtransmission31_heat,100
LQHtransmission31_to_LQHtransmission614_heat,100
LQHtransmission614_to_LQHtransmission876_heat,100
LQHtransmission876_to_LQHtransmission422_heat,100
LQHtransmission422_to_LQHtransmission1366_heat,100
LQHtransmission1366_to_LQHtransmission1678_heat,100
LQHtransmission1678_to_LQHtransmission1717_heat,100
LQHtransmission1717_to_LQHtransmission1525_heat,100
LQHtransmission1525_to_LQHtransmission1546_heat,100
LQHtransmission320_to_LQHtransmission1704_heat,100
LQHtransmission1704_to_LQHtransmission1192_heat,100
LQHtransmission1192_to_LQHtransmission740_heat,100
LQHtransmission740_to_LQHtransmission1546_heat,100
LQHtransmission1546_to_LQHtransmission503_heat,100
LQHtransmission503_to_LQHtransmission1140_heat,100
LQHtransmission1140_to_LQHtransmission1884_heat,100
LQHtransmission1884_to_LQHtransmission903_heat,100
LQHtransmission903_to_LQHtransmission1631_heat,100
LQHtransmission1698_to_LQHtransmission554_heat,100
LQHtransmission554_to_LQHtransmission1382_heat,100
LQHtransmission1382_to_LQHtransmission847_heat,100
LQHtransmission847_to_LQHtransmission1911_heat,100
LQHtransmission731_to_LQHtransmission1019_heat,100
LQHtransmission1019_to_LQHtransmission1741_heat,100
LQHtransmission1741_to_LQHtransmission1698_heat,100
LQHtransmission1911_to_LQHtransmission1460_heat,100
LQHtransmission1460_to_LQHtransmission86_heat,100
LQHtransmission86_to_LQHtransmission1914_heat,100
LQHtransmission1914_to_LQHtransmission1492_heat,100
LQHtransmission1492_to_LQHtransmission514_heat,100
LQHtransmission514_to_LQHtransmission113_heat,100
LQHtransmission113_to_LQHtransmission1475_heat,100
LQHtransmission1475_to_LQHtransmission1017_heat,100
LQHtransmission1017_to_LQHtransmission560_heat,100
LQHtransmission560_to_LQHtransmission1667_heat,100
LQHtransmission1667_to_LQHtransmission1203_heat,100
LQHtransmission1203_to_LQHtransmission1021_heat,100
LQHtransmission1021_to_LQHtransmission306_heat,100
LQHtransmission306_to_LQHtransmission1208_heat,100
LQHtransmission1136_to_LQHtransmission759_heat,100
LQHtransmission759_to_LQHtransmission13_heat,100
LQHtransmission13_to_LQHtransmission1825_heat,100
LQHtransmission1825_to_LQHtransmission677_heat,100
LQHtransmission677_to_LQHtransmission1375_heat,100
LQHtransmission1375_to_LQHtransmission796_heat,100
LQHtransmission796_to_LQHtransmission139_heat,100
LQHtransmission139_to_LQHtransmission84_heat,100
LQHtransmission84_to_LQHtransmission1258_heat,100
LQHtransmission1258_to_LQHtransmission1852_heat,100
LQHtransmission1852_to_LQHtransmission818_heat,100
LQHtransmission818_to_LQHtransmission1818_heat,100
LQHtransmission1818_to_LQHtransmission1776_heat,100
LQHtransmission1776_to_LQHtransmission920_heat,100
LQHtransmission920_to_LQHtransmission1080_heat,100
LQHtransmission1080_to_LQHtransmission1658_heat,100
LQHtransmission1658_to_LQHtransmission1294_heat,100
LQHtransmission1294_to_LQHtransmission1224_heat,100
LQHtransmission1224_to_LQHtransmission1569_heat,100
LQHtransmission1569_to_LQHtransmission771_heat,100
LQHtransmission771_to_LQHtransmission753_heat,100
LQHtransmission753_to_LQHtransmission1992_heat,100
LQHtransmission1992_to_LQHtransmission1786_heat,100
LQHtransmission1786_to_LQHtransmission1319_heat,100
LQHtransmission1319_to_LQHtransmission1085_heat,100
LQHtransmission1085_to_LQHtransmission871_heat,100
LQHtransmission871_to_LQHtransmission548_heat,100
LQHtransmission1089_to_LQHtransmission915_heat,100
LQHtransmission915_to_LQHtransmission1414_heat,100
LQHtransmission1414_to_LQHtransmission1232_heat,100
LQHtransmission1232_to_LQHtransmission1262_heat,100
LQHtransmission1262_to_LQHtransmission11_heat,100
LQHtransmission11_to_LQHtransmission497_heat,100
LQHtransmission497_to_LQHtransmission325_heat,100
LQHtransmission325_to_LQHtransmission827_heat,100
LQHtransmission827_to_LQHtransmission846_heat,100
LQHtransmission846_to_LQHtransmission1629_heat,100
LQHtransmission1629_to_LQHtransmission100_heat,100
LQHtransmission100_to_LQHtransmission1924_heat,100
LQHtransmission1924_to_LQHtransmission411_heat,100
LQHtransmission373_to_LQHtransmission613_heat,100
LQHtransmission613_to_LQHtransmission680_heat,100
LQHtransmission680_to_LQHtransmission1387_heat,100
LQHtransmission1387_to_LQHtransmission484_heat,100
LQHtransmission484_to_LQHtransmission981_heat,100
LQHtransmission981_to_LQHtransmission1420_heat,100
LQHtransmission1420_to_LQHtransmission1649_heat,100
LQHtransmission1649_to_LQHtransmission1534_heat,100
LQHtransmission1534_to_LQHtransmission1519_heat,100
LQHtransmission1519_to_LQHtransmission1156_heat,100
LQHtransmission1156_to_LQHtransmission508_heat,100
LQHtransmission508_to_LQHtransmission1676_heat,100
LQHtransmission1676_to_LQHtransmission170_heat,100
LQHtransmission170_to_LQHtransmission868_heat,100
LQHtransmission868_to_LQHtransmission1827_heat,100
LQHtransmission1827_to_LQHtransmission494_heat,100
LQHtransmission494_to_LQHtransmission1225_heat,100
LQHtransmission1225_to_LQHtransmission750_heat,100
LQHtransmission1244_to_LQHtransmission1069_heat,100
LQHtransmission1069_to_LQHtransmission244_heat,100
LQHtransmission244_to_LQHtransmission1568_heat,100
LQHtransmission1568_to_LQHtransmission1650_heat,100
LQHtransmission1650_to_LQHtransmission1907_heat,100
LQHtransmission1907_to_LQHtransmission1207_heat,100
LQHtransmission1207_to_LQHtransmission1299_heat,100
LQHtransmission1299_to_LQHtransmission1402_heat,100
LQHtransmission1402_to_LQHtransmission65_heat,100
LQHtransmission65_to_LQHtransmission1967_heat,100
LQHtransmission1967_to_LQHtransmission1046_heat,100
LQHtransmission1046_to_LQHtransmission1998_heat,100
LQHtransmission1998_to_LQHtransmission1636_heat,100
LQHtransmission1636_to_LQHtransmission345_heat,100
LQHtransmission345_to_LQHtransmission1685_heat,100
LQHtransmission1685_to_LQHtransmission1777_heat,100
LQHtransmission1777_to_LQHtransmission1780_heat,100
LQHtransmission1780_to_LQHtransmission1320_heat,100
LQHtransmission1320_to_LQHtransmission1295_heat,100
LQHtransmission1295_to_LQHtransmission1806_heat,100
LQHtransmission546_to_LQHtransmission1754_heat,100
LQHtransmission1754_to_LQHtransmission312_heat,100
LQHtransmission312_to_LQHtransmission228_heat,100
LQHtransmission228_to_LQHtransmission1038_heat,100
LQHtransmission1038_to_LQHtransmission984_heat,100
LQHtransmission984_to_LQHtransmission1315_heat,100
LQHtransmission1315_to_LQHtransmission1155_heat,100
LQHtransmission1155_to_LQHtransmission1259_heat,100
LQHtransmission1396_to_LQHtransmission1737_heat,100
LQHtransmission1737_to_LQHtransmission18_heat,100
LQHtransmission18_to_LQHtransmission532_heat,100
LQHtransmission532_to_LQHtransmission239_heat,100
LQHtransmission239_to_LQHtransmission1213_heat,100
LQHtransmission1213_to_LQHtransmission405_heat,100
LQHtransmission405_to_LQHtransmission317_heat,100
LQHtransmission317_to_LQHtransmission747_heat,100
LQHtransmission747_to_LQHtransmission1923_heat,100
LQHtransmission6_to_LQHtransmission1990_heat,100
LQHtransmission1990_to_LQHtransmission1953_heat,100
LQHtransmission1953_to_LQHtransmission1755_heat,100
LQHtransmission1755_to_LQHtransmission1851_heat,100
LQHtransmission1851_to_LQHtransmission151_heat,100
LQHtransmission151_to_LQHtransmission1941_heat,100
LQHtransmission1941_to_LQHtransmission510_heat,100
LQHtransmission510_to_LQHtransmission1094_heat,100
LQHtransmission1094_to_LQHtransmission1066_heat,100
LQHtransmission1066_to_LQHtransmission1496_heat,100
LQHtransmission238_to_LQHtransmission1081_heat,100
LQHtransmission1081_to_LQHtransmission40_heat,100
LQHtransmission40_to_LQHtransmission1720_heat,100
LQHtransmission1720_to_LQHtransmission1936_heat,100
LQHtransmission1936_to_LQHtransmission380_heat,100
LQHtransmission380_to_LQHtransmission1274_heat,100
LQHtransmission1274_to_LQHtransmission402_heat,100
LQHtransmission402_to_LQHtransmission811_heat,100
LQHtransmission811_to_LQHtransmission1230_heat,100
LQHtransmission389_to_LQHtransmission1683_heat,100
LQHtransmission1683_to_LQHtransmission1761_heat,100
LQHtransmission1761_to_LQHtransmission1713_heat,100
LQHtransmission1713_to_LQHtransmission1435_heat,100
LQHtransmission1435_to_LQHtransmission870_heat,100
LQHtransmission870_to_LQHtransmission477_heat,100
LQHtransmission477_to_LQHtransmission1404_heat,100
LQHtransmission1404_to_LQHtransmission1841_heat,100
LQHtransmission193_to_LQHtransmission1681_heat,100
LQHtransmission1681_to_LQHtransmission1336_heat,100
LQHtransmission1336_to_LQHtransmission1009_heat,100
LQHtransmission1009_to_LQHtransmission210_heat,100
LQHtransmission210_to_LQHtransmission138_heat,100
LQHtransmission138_to_LQHtransmission948_heat,100
LQHtransmission948_to_LQHtransmission610_heat,100
LQHtransmission610_to_LQHtransmission1186_heat,100
LQHtransmission1186_to_LQHtransmission848_heat,100
LQHtransmission848_to_LQHtransmission43_heat,100
LQHtransmission43_to_LQHtransmission1545_heat,100
LQHtransmission1545_to_LQHtransmission1481_heat,100
LQHtransmission1543_to_LQHtransmission975_heat,100
LQHtransmission975_to_LQHtransmission1485_heat,100
LQHtransmission1485_to_LQHtransmission626_heat,100
LQHtransmission626_to_LQHtransmission141_heat,100
LQHtransmission141_to_LQHtransmission1775_heat,100
LQHtransmission1775_to_LQHtransmission75_heat,100
LQHtransmission75_to_LQHtransmission434_heat,100
LQHtransmission434_to_LQHtransmission1479_heat,100
LQHtransmission1479_to_LQHtransmission1361_heat,100
LQHtransmission1361_to_LQHtransmission571_heat,100
LQHtransmission571_to_LQHtransmission460_heat,100
LQHtransmission460_to_LQHtransmission1070_heat,100
LQHtransmission1070_to_LQHtransmission251_heat,100
LQHtransmission251_to_LQHtransmission1470_heat,100
LQHtransmission1470_to_LQHtransmission909_heat,100
LQHtransmission909_to_LQHtransmission330_heat,100
LQHtransmission330_to_LQHtransmission229_heat,100
LQHtransmission1309_to_LQHtransmission21_heat,100
LQHtransmission21_to_LQHtransmission409_heat,100
LQHtransmission409_to_LQHtransmission754_heat,100
LQHtransmission754_to_LQHtransmission1313_heat,100
LQHtransmission1313_to_LQHtransmission601_heat,100
LQHtransmission601_to_LQHtransmission1162_heat,100
LQHtransmission1162_to_LQHtransmission1769_heat,100
LQHtransmission1769_to_LQHtransmission1960_heat,100
LQHtransmission1960_to_LQHtransmission1515_heat,100
LQHtransmission1515_to_LQHtransmission1542_heat,100
LQHtransmission1542_to_LQHtransmission190_heat,100
LQHtransmission190_to_LQHtransmission1298_heat,100
LQHtransmission1298_to_LQHtransmission34_heat,100
LQHtransmission34_to_LQHtransmission234_heat,100
LQHtransmission234_to_LQHtransmission1732_heat,100
LQHtransmission1732_to_LQHtransmission1391_heat,100
LQHtransmission1391_to_LQHtransmission828_heat,100
LQHtransmission828_to_LQHtransmission743_heat,100
LQHtransmission743_to_LQHtransmission412_heat,100
LQHtransmission412_to_LQHtransmission150_heat,100
LQHtransmission150_to_LQHtransmission1384_heat,100
LQHtransmission1384_to_LQHtransmission567_heat,100
LQHtransmission567_to_LQHtransmission1345_heat,100
LQHtransmission1345_to_LQHtransmission403_heat,100
LQHtransmission403_to_LQHtransmission1725_heat,100
LQHtransmission1725_to_LQHtransmission64_heat,100
LQHtransmission64_to_LQHtransmission1587_heat,100
LQHtransmission1587_to_LQHtransmission621_heat,100
LQHtransmission621_to_LQHtransmission1915_heat,100
LQHtransmission1915_to_LQHtransmission1234_heat,100
LQHtransmission1234_to_LQHtransmission236_heat,100
LQHtransmission236_to_LQHtransmission1570_heat,100
LQHtransmission1570_to_LQHtransmission1877_heat,100
LQHtransmission1877_to_LQHtransmission1543_heat,100
LQHtransmission802_to_LQHtransmission1640_heat,100
LQHtransmission1640_to_LQHtransmission442_heat,100
LQHtransmission442_to_LQHtransmission749_heat,100
LQHtransmission749_to_LQHtransmission1551_heat,100
LQHtransmission1551_to_LQHtransmission163_heat,100
LQHtransmission163_to_LQHtransmission1429_heat,100
LQHtransmission1429_to_LQHtransmission716_heat,100
LQHtransmission716_to_LQHtransmission1055_heat,100
LQHtransmission1055_to_LQHtransmission323_heat,100
LQHtransmission323_to_LQHtransmission664_heat,100
LQHtransmission664_to_LQHtransmission1259_heat,100
LQHtransmission1259_to_LQHtransmission124_heat,100
LQHtransmission124_to_LQHtransmission1575_heat,100
LQHtransmission1575_to_LQHtransmission1792_heat,100
LQHtransmission1792_to_LQHtransmission1060_heat,100
LQHtransmission1060_to_LQHtransmission146_heat,100
LQHtransmission146_to_LQHtransmission1180_heat,100
LQHtransmission1180_to_LQHtransmission687_heat,100
LQHtransmission687_to_LQHtransmission1040_heat,100
LQHtransmission1040_to_LQHtransmission332_heat,100
LQHtransmission332_to_LQHtransmission1144_heat,100
LQHtransmission1144_to_LQHtransmission1781_heat,100
LQHtransmission1781_to_LQHtransmission1544_heat,100
LQHtransmission1544_to_LQHtransmission512_heat,100
LQHtransmission512_to_LQHtransmission1169_heat,100
LQHtransmission1169_to_LQHtransmission952_heat,100
LQHtransmission952_to_LQHtransmission1471_heat,100
LQHtransmission1471_to_LQHtransmission1251_heat,100
LQHtransmission1251_to_LQHtransmission329_heat,100
LQHtransmission329_to_LQHtransmission1170_heat,100
LQHtransmission1170_to_LQHtransmission1971_heat,100
LQHtransmission1971_to_LQHtransmission1278_heat,100
LQHtransmission1278_to_LQHtransmission495_heat,100
LQHtransmission495_to_LQHtransmission1157_heat,100
LQHtransmission1157_to_LQHtransmission1949_heat,100
LQHtransmission1949_to_LQHtransmission1253_heat,100
LQHtransmission1253_to_LQHtransmission525_heat,100
LQHtransmission525_to_LQHtransmission1362_heat,100
LQHtransmission1362_to_LQHtransmission164_heat,100
LQHtransmission164_to_LQHtransmission997_heat,100
LQHtransmission997_to_LQHtransmission722_heat,100
LQHtransmission722_to_LQHtransmission721_heat,100
LQHtransmission721_to_LQHtransmission370_heat,100
LQHtransmission370_to_LQHtransmission104_heat,100
LQHtransmission104_to_LQHtransmission1453_heat,100
LQHtransmission1453_to_LQHtransmission742_heat,100
LQHtransmission742_to_LQHtransmission1554_heat,100
LQHtransmission1554_to_LQHtransmission1074_heat,100
LQHtransmission1074_to_LQHtransmission60_heat,100
LQHtransmission60_to_LQHtransmission703_heat,100
LQHtransmission703_to_LQHtransmission1805_heat,100
LQHtransmission1805_to_LQHtransmission1007_heat,100
LQHtransmission1007_to_LQHtransmission90_heat,100
LQHtransmission90_to_LQHtransmission912_heat,100
LQHtransmission912_to_LQHtransmission1745_heat,100
LQHtransmission1745_to_LQHtransmission535_heat,100
LQHtransmission535_to_LQHtransmission1841_heat,100
LQHtransmission1841_to_LQHtransmission1204_heat,100
LQHtransmission1204_to_LQHtransmission1164_heat,100
LQHtransmission1164_to_LQHtransmission1653_heat,100
LQHtransmission1653_to_LQHtransmission499_heat,100
LQHtransmission499_to_LQHtransmission931_heat,100
LQHtransmission931_to_LQHtransmission1617_heat,100
LQHtransmission1617_to_LQHtransmission1987_heat,100
LQHtransmission1987_to_LQHtransmission924_heat,100
LQHtransmission924_to_LQHtransmission1292_heat,100
LQHtransmission1292_to_LQHtransmission1541_heat,100
LQHtransmission1541_to_LQHtransmission432_heat,100
LQHtransmission432_to_LQHtransmission831_heat,100
LQHtransmission831_to_LQHtransmission1972_heat,100
LQHtransmission1972_to_LQHtransmission1281_heat,100
LQHtransmission1281_to_LQHtransmission1301_heat,100
LQHtransmission1301_to_LQHtransmission1041_heat,100
LQHtransmission1041_to_LQHtransmission1861_heat,100
LQHtransmission1861_to_LQHtransmission223_heat,100
LQHtransmission223_to_LQHtransmission950_heat,100
LQHtransmission950_to_LQHtransmission861_heat,100
LQHtransmission861_to_LQHtransmission1242_heat,100
LQHtransmission1242_to_LQHtransmission604_heat,100
LQHtransmission604_to_LQHtransmission989_heat,100
LQHtransmission989_to_LQHtransmission1599_heat,100
LQHtransmission1599_to_LQHtransmission283_heat,100
LQHtransmission283_to_LQHtransmission1124_heat,100
LQHtransmission1124_to_LQHtransmission862_heat,100
LQHtransmission862_to_LQHtransmission1322_heat,100
LQHtransmission1322_to_LQHtransmission1379_heat,100
LQHtransmission1379_to_LQHtransmission1126_heat,100
LQHtransmission1126_to_LQHtransmission318_heat,100
LQHtransmission318_to_LQHtransmission700_heat,100
LQHtransmission700_to_LQHtransmission1895_heat,100
LQHtransmission1895_to_LQHtransmission308_heat,100
LQHtransmission308_to_LQHtransmission1245_heat,100
LQHtransmission1245_to_LQHtransmission632_heat,100
LQHtransmission632_to_LQHtransmission383_heat,100
LQHtransmission383_to_LQHtransmission1954_heat,100
LQHtransmission1954_to_LQHtransmission1556_heat,100
LQHtransmission1556_to_LQHtransmission934_heat,100
LQHtransmission934_to_LQHtransmission1360_heat,100
LQHtransmission1360_to_LQHtransmission447_heat,100
LQHtransmission447_to_LQHtransmission1673_heat,100
LQHtransmission1673_to_LQHtransmission1437_heat,100
LQHtransmission1437_to_LQHtransmission1496_heat,100
LQHtransmission1496_to_LQHtransmission1447_heat,100
LQHtransmission1447_to_LQHtransmission841_heat,100
LQHtransmission841_to_LQHtransmission216_heat,100
LQHtransmission216_to_LQHtransmission668_heat,100
LQHtransmission668_to_LQHtransmission488_heat,100
LQHtransmission488_to_LQHtransmission918_heat,100
LQHtransmission918_to_LQHtransmission127_heat,100
LQHtransmission127_to_LQHtransmission1746_heat,100
LQHtransmission1746_to_LQHtransmission142_heat,100
LQHtransmission142_to_LQHtransmission1757_heat,100
LQHtransmission1757_to_LQHtransmission410_heat,100
LQHtransmission410_to_LQHtransmission1352_heat,100
LQHtransmission1352_to_LQHtransmission1215_heat,100
LQHtransmission1215_to_LQHtransmission1666_heat,100
LQHtransmission1666_to_LQHtransmission1256_heat,100
LQHtransmission1256_to_LQHtransmission1139_heat,100
LQHtransmission1139_to_LQHtransmission1506_heat,100
LQHtransmission1506_to_LQHtransmission1388_heat,100
LQHtransmission1388_to_LQHtransmission254_heat,100
LQHtransmission254_to_LQHtransmission352_heat,100
LQHtransmission352_to_LQHtransmission908_heat,100
LQHtransmission908_to_LQHtransmission1883_heat,100
LQHtransmission1883_to_LQHtransmission1672_heat,100
LQHtransmission1672_to_LQHtransmission1822_heat,100
LQHtransmission1822_to_LQHtransmission1543_heat,100
LQHtransmission1570_to_LQHtransmission404_heat,100
LQHtransmission404_to_LQHtransmission247_heat,100
LQHtransmission247_to_LQHtransmission1116_heat,100
LQHtransmission1116_to_LQHtransmission715_heat,100
LQHtransmission715_to_LQHtransmission1893_heat,100
LQHtransmission1893_to_LQHtransmission175_heat,100
LQHtransmission175_to_LQHtransmission685_heat,100
LQHtransmission685_to_LQHtransmission1411_heat,100
LQHtransmission1411_to_LQHtransmission1712_heat,100
LQHtransmission1712_to_LQHtransmission858_heat,100
LQHtransmission858_to_LQHtransmission1378_heat,100
LQHtransmission1378_to_LQHtransmission1111_heat,100
LQHtransmission1111_to_LQHtransmission1558_heat,100
LQHtransmission1558_to_LQHtransmission1898_heat,100
LQHtransmission1898_to_LQHtransmission1454_heat,100
LQHtransmission1454_to_LQHtransmission1061_heat,100
LQHtransmission1061_to_LQHtransmission577_heat,100
LQHtransmission577_to_LQHtransmission304_heat,100
LQHtransmission304_to_LQHtransmission746_heat,100
LQHtransmission746_to_LQHtransmission1137_heat,100
LQHtransmission1137_to_LQHtransmission62_heat,100
LQHtransmission62_to_LQHtransmission248_heat,100
LQHtransmission248_to_LQHtransmission642_heat,100
LQHtransmission642_to_LQHtransmission609_heat,100
LQHtransmission609_to_LQHtransmission1787_heat,100
LQHtransmission1787_to_LQHtransmission1094_heat,100
LQHtransmission1094_to_LQHtransmission222_heat,100
LQHtransmission222_to_LQHtransmission1834_heat,100
LQHtransmission1834_to_LQHtransmission297_heat,100
LQHtransmission297_to_LQHtransmission1955_heat,100
LQHtransmission1955_to_LQHtransmission1976_heat,100
LQHtransmission1976_to_LQHtransmission1604_heat,100
LQHtransmission1604_to_LQHtransmission1523_heat,100
LQHtransmission1523_to_LQHtransmission174_heat,100
LQHtransmission174_to_LQHtransmission1084_heat,100
LQHtransmission1084_to_LQHtransmission1187_heat,100
LQHtransmission1187_to_LQHtransmission147_heat,100
LQHtransmission147_to_LQHtransmission809_heat,100
LQHtransmission809_to_LQHtransmission916_heat,100
LQHtransmission916_to_LQHtransmission1415_heat,100
LQHtransmission1415_to_LQHtransmission360_heat,100
LQHtransmission360_to_LQHtransmission838_heat,100
LQHtransmission838_to_LQHtransmission1141_heat,100
LQHtransmission1141_to_LQHtransmission41_heat,100
LQHtransmission41_to_LQHtransmission511_heat,100
LQHtransmission511_to_LQHtransmission1493_heat,100
LQHtransmission1493_to_LQHtransmission1134_heat,100
LQHtransmission1134_to_LQHtransmission257_heat,100
LQHtransmission257_to_LQHtransmission1729_heat,100
LQHtransmission1729_to_LQHtransmission1333_heat,100
LQHtransmission1333_to_LQHtransmission1989_heat,100
LQHtransmission1989_to_LQHtransmission1466_heat,100
LQHtransmission1466_to_LQHtransmission338_heat,100
LQHtransmission338_to_LQHtransmission1514_heat,100
LQHtransmission1514_to_LQHtransmission435_heat,100
LQHtransmission435_to_LQHtransmission1904_heat,100
LQHtransmission1904_to_LQHtransmission967_heat,100
LQHtransmission967_to_LQHtransmission1472_heat,100
LQHtransmission1472_to_LQHtransmission1093_heat,100
LQHtransmission1093_to_LQHtransmission665_heat,100
LQHtransmission665_to_LQHtransmission1616_heat,100
LQHtransmission1616_to_LQHtransmission15_heat,100
LQHtransmission15_to_LQHtransmission1849_heat,100
LQHtransmission1849_to_LQHtransmission539_heat,100
LQHtransmission539_to_LQHtransmission356_heat,100
LQHtransmission356_to_LQHtransmission782_heat,100
LQHtransmission782_to_LQHtransmission1739_heat,100
LQHtransmission1739_to_LQHtransmission1564_heat,100
LQHtransmission1564_to_LQHtransmission944_heat,100
LQHtransmission944_to_LQHtransmission1880_heat,100
LQHtransmission1880_to_LQHtransmission477_heat,100
LQHtransmission477_to_LQHtransmission167_heat,100
LQHtransmission167_to_LQHtransmission684_heat,100
LQHtransmission684_to_LQHtransmission965_heat,100
LQHtransmission965_to_LQHtransmission1503_heat,100
LQHtransmission1503_to_LQHtransmission1173_heat,100
LQHtransmission1173_to_LQHtransmission348_heat,100
LQHtransmission348_to_LQHtransmission1721_heat,100
LQHtransmission1721_to_LQHtransmission1862_heat,100
LQHtransmission1862_to_LQHtransmission353_heat,100
LQHtransmission353_to_LQHtransmission1973_heat,100
LQHtransmission1973_to_LQHtransmission699_heat,100
LQHtransmission699_to_LQHtransmission1426_heat,100
LQHtransmission1426_to_LQHtransmission1077_heat,100
LQHtransmission1077_to_LQHtransmission733_heat,100
LQHtransmission733_to_LQHtransmission1468_heat,100
LQHtransmission1468_to_LQHtransmission1099_heat,100
LQHtransmission1099_to_LQHtransmission220_heat,100
LQHtransmission220_to_LQHtransmission1733_heat,100
LQHtransmission1733_to_LQHtransmission429_heat,100
LQHtransmission429_to_LQHtransmission1821_heat,100
LQHtransmission1821_to_LQHtransmission991_heat,100
LQHtransmission991_to_LQHtransmission1148_heat,100
LQHtransmission1148_to_LQHtransmission1790_heat,100
LQHtransmission1790_to_LQHtransmission1487_heat,100
LQHtransmission1487_to_LQHtransmission1965_heat,100
LQHtransmission1965_to_LQHtransmission1677_heat,100
LQHtransmission1677_to_LQHtransmission1526_heat,100
LQHtransmission1526_to_LQHtransmission209_heat,100
LQHtransmission209_to_LQHtransmission725_heat,100
LQHtransmission725_to_LQHtransmission331_heat,100
LQHtransmission331_to_LQHtransmission20_heat,100
LQHtransmission20_to_LQHtransmission1212_heat,100
LQHtransmission1212_to_LQHtransmission399_heat,100
LQHtransmission399_to_LQHtransmission1102_heat,100
LQHtransmission1102_to_LQHtransmission778_heat,100
LQHtransmission778_to_LQHtransmission1766_heat,100
LQHtransmission1766_to_LQHtransmission16_heat,100
LQHtransmission16_to_LQHtransmission74_heat,100
LQHtransmission74_to_LQHtransmission420_heat,100
LQHtransmission420_to_LQHtransmission448_heat,100
LQHtransmission448_to_LQHtransmission775_heat,100
LQHtransmission775_to_LQHtransmission1517_heat,100
LQHtransmission1517_to_LQHtransmission1168_heat,100
LQHtransmission1168_to_LQHtransmission1625_heat,100
LQHtransmission1625_to_LQHtransmission1315_heat,100
LQHtransmission1315_to_LQHtransmission1158_heat,100
LQHtransmission1158_to_LQHtransmission1682_heat,100
LQHtransmission1682_to_LQHtransmission1273_heat,100
LQHtransmission1273_to_LQHtransmission897_heat,100
LQHtransmission897_to_LQHtransmission1887_heat,100
LQHtransmission1887_to_LQHtransmission1743_heat,100
LQHtransmission1743_to_LQHtransmission37_heat,100
LQHtransmission37_to_LQHtransmission1238_heat,100
LQHtransmission1238_to_LQHtransmission889_heat,100
LQHtransmission889_to_LQHtransmission518_heat,100
LQHtransmission518_to_LQHtransmission1252_heat,100
LQHtransmission1252_to_LQHtransmission1086_heat,100
LQHtransmission1086_to_LQHtransmission714_heat,100
LQHtransmission714_to_LQHtransmission1669_heat,100
LQHtransmission1669_to_LQHtransmission1321_heat,100
LQHtransmission1321_to_LQHtransmission3_heat,100
LQHtransmission3_to_LQHtransmission1655_heat,100
LQHtransmission1655_to_LQHtransmission1303_heat,100
LQHtransmission1303_to_LQHtransmission1174_heat,100
LQHtransmission1174_to_LQHtransmission795_heat,100
LQHtransmission795_to_LQHtransmission1991_heat,100
LQHtransmission1991_to_LQHtransmission1646_heat,100
LQHtransmission1646_to_LQHtransmission519_heat,100
LQHtransmission519_to_LQHtransmission177_heat,100
LQHtransmission177_to_LQHtransmission1607_heat,100
LQHtransmission1607_to_LQHtransmission1448_heat,100
LQHtransmission1448_to_LQHtransmission1464_heat,100
LQHtransmission1742_to_LQHtransmission1105_heat,100
LQHtransmission1105_to_LQHtransmission281_heat,100
LQHtransmission281_to_LQHtransmission47_heat,100
LQHtransmission47_to_LQHtransmission1870_heat,100
LQHtransmission1870_to_LQHtransmission80_heat,100
LQHtransmission80_to_LQHtransmission1536_heat,100
LQHtransmission1536_to_LQHtransmission172_heat,100
LQHtransmission172_to_LQHtransmission1968_heat,100
LQHtransmission1968_to_LQHtransmission1842_heat,100
LQHtransmission1842_to_LQHtransmission1872_heat,100
LQHtransmission1872_to_LQHtransmission287_heat,100
LQHtransmission287_to_LQHtransmission1956_heat,100
LQHtransmission1956_to_LQHtransmission32_heat,100
LQHtransmission32_to_LQHtransmission462_heat,100
LQHtransmission462_to_LQHtransmission122_heat,100
LQHtransmission1651_to_LQHtransmission1687_heat,100
LQHtransmission1687_to_LQHtransmission568_heat,100
LQHtransmission568_to_LQHtransmission526_heat,100
LQHtransmission526_to_LQHtransmission71_heat,100
LQHtransmission71_to_LQHtransmission1854_heat,100
LQHtransmission1854_to_LQHtransmission66_heat,100
LQHtransmission66_to_LQHtransmission1879_heat,100
LQHtransmission1879_to_LQHtransmission95_heat,100
LQHtransmission95_to_LQHtransmission1706_heat,100
LQHtransmission1706_to_LQHtransmission1489_heat,100
LQHtransmission1052_to_LQHtransmission474_heat,100
LQHtransmission474_to_LQHtransmission444_heat,100
LQHtransmission444_to_LQHtransmission690_heat,100
LQHtransmission690_to_LQHtransmission648_heat,100
LQHtransmission648_to_LQHtransmission1408_heat,100
LQHtransmission1408_to_LQHtransmission636_heat,100
LQHtransmission636_to_LQHtransmission1726_heat,100
LQHtransmission1726_to_LQHtransmission592_heat,100
LQHtransmission592_to_LQHtransmission303_heat,100
LQHtransmission303_to_LQHtransmission1788_heat,100
LQHtransmission1788_to_LQHtransmission1891_heat,100
LQHtransmission1891_to_LQHtransmission1363_heat,100
LQHtransmission1363_to_LQHtransmission217_heat,100
LQHtransmission217_to_LQHtransmission1195_heat,100
LQHtransmission1195_to_LQHtransmission1048_heat,100
LQHtransmission1048_to_LQHtransmission449_heat,100
LQHtransmission449_to_LQHtransmission979_heat,100
LQHtransmission979_to_LQHtransmission1783_heat,100
LQHtransmission1783_to_LQHtransmission206_heat,100
LQHtransmission206_to_LQHtransmission1844_heat,100
LQHtransmission1844_to_LQHtransmission61_heat,100
LQHtransmission61_to_LQHtransmission1672_heat,100
LQHtransmission1832_to_LQHtransmission752_heat,100
LQHtransmission752_to_LQHtransmission842_heat,100
LQHtransmission842_to_LQHtransmission363_heat,100
LQHtransmission363_to_LQHtransmission424_heat,100
LQHtransmission424_to_LQHtransmission1633_heat,100
LQHtransmission1633_to_LQHtransmission1696_heat,100
LQHtransmission1696_to_LQHtransmission181_heat,100
LQHtransmission181_to_LQHtransmission207_heat,100
LQHtransmission207_to_LQHtransmission676_heat,100
LQHtransmission676_to_LQHtransmission529_heat,100
LQHtransmission529_to_LQHtransmission755_heat,100
LQHtransmission755_to_LQHtransmission817_heat,100
LQHtransmission1806_to_LQHtransmission563_heat,100
LQHtransmission563_to_LQHtransmission119_heat,100
LQHtransmission119_to_LQHtransmission1334_heat,100
LQHtransmission1334_to_LQHtransmission1071_heat,100
LQHtransmission1071_to_LQHtransmission131_heat,100
LQHtransmission131_to_LQHtransmission917_heat,100
LQHtransmission917_to_LQHtransmission1079_heat,100
LQHtransmission1079_to_LQHtransmission1679_heat,100
LQHtransmission1679_to_LQHtransmission1418_heat,100
LQHtransmission1418_to_LQHtransmission395_heat,100
LQHtransmission395_to_LQHtransmission1688_heat,100
LQHtransmission1688_to_LQHtransmission1430_heat,100
LQHtransmission1430_to_LQHtransmission182_heat,100
LQHtransmission182_to_LQHtransmission1529_heat,100
LQHtransmission1529_to_LQHtransmission260_heat,100
LQHtransmission260_to_LQHtransmission682_heat,100
LQHtransmission697_to_LQHtransmission394_heat,100
LQHtransmission394_to_LQHtransmission1395_heat,100
LQHtransmission1395_to_LQHtransmission1918_heat,100
LQHtransmission1918_to_LQHtransmission1244_heat,100
LQHtransmission1244_to_LQHtransmission1975_heat,100
LQHtransmission1975_to_LQHtransmission194_heat,100
LQHtransmission194_to_LQHtransmission1500_heat,100
LQHtransmission1500_to_LQHtransmission682_heat,100
LQHtransmission682_to_LQHtransmission382_heat,100
LQHtransmission382_to_LQHtransmission1750_heat,100
LQHtransmission1750_to_LQHtransmission830_heat,100
LQHtransmission1806_to_LQHtransmission572_heat,100
LQHtransmission572_to_LQHtransmission776_heat,100
LQHtransmission776_to_LQHtransmission517_heat,100
LQHtransmission517_to_LQHtransmission719_heat,100
LQHtransmission719_to_LQHtransmission256_heat,100
LQHtransmission256_to_LQHtransmission1101_heat,100
LQHtransmission1101_to_LQHtransmission893_heat,100
LQHtransmission893_to_LQHtransmission433_heat,100
LQHtransmission433_to_LQHtransmission144_heat,100
LQHtransmission144_to_LQHtransmission1933_heat,100
LQHtransmission1933_to_LQHtransmission763_heat,100
LQHtransmission763_to_LQHtransmission311_heat,100
LQHtransmission311_to_LQHtransmission105_heat,100
LQHtransmission105_to_LQHtransmission286_heat,100
LQHtransmission286_to_LQHtransmission258_heat,100
LQHtransmission258_to_LQHtransmission855_heat,100
LQHtransmission855_to_LQHtransmission650_heat,100
LQHtransmission650_to_LQHtransmission1491_heat,100
LQHtransmission1491_to_LQHtransmission830_heat,100
LQHtransmission1177_to_LQHtransmission1710_heat,100
LQHtransmission1710_to_LQHtransmission1282_heat,100
LQHtransmission1282_to_LQHtransmission852_heat,100
LQHtransmission852_to_LQHtransmission600_heat,100
LQHtransmission600_to_LQHtransmission977_heat,100
LQHtransmission977_to_LQHtransmission1486_heat,100
LQHtransmission401_to_LQHtransmission1461_heat,100
LQHtransmission1461_to_LQHtransmission1498_heat,100
LQHtransmission1498_to_LQHtransmission923_heat,100
LQHtransmission1013_to_LQHtransmission891_heat,100
LQHtransmission891_to_LQHtransmission140_heat,100
LQHtransmission140_to_LQHtransmission1098_heat,100
LQHtransmission1098_to_LQHtransmission1885_heat,100
LQHtransmission1885_to_LQHtransmission843_heat,100
LQHtransmission843_to_LQHtransmission1882_heat,100
LQHtransmission1882_to_LQHtransmission1059_heat,100
LQHtransmission1059_to_LQHtransmission588_heat,100
LQHtransmission588_to_LQHtransmission735_heat,100
LQHtransmission735_to_LQHtransmission629_heat,100
LQHtransmission629_to_LQHtransmission1220_heat,100
LQHtransmission1220_to_LQHtransmission1566_heat,100
LQHtransmission1566_to_LQHtransmission427_heat,100
LQHtransmission427_to_LQHtransmission788_heat,100
LQHtransmission788_to_LQHtransmission1127_heat,100
LQHtransmission1127_to_LQHtransmission1261_heat,100
LQHtransmission1261_to_LQHtransmission357_heat,100
LQHtransmission357_to_LQHtransmission461_heat,100
LQHtransmission461_to_LQHtransmission249_heat,100
LQHtransmission249_to_LQHtransmission296_heat,100
LQHtransmission296_to_LQHtransmission46_heat,100
LQHtransmission46_to_LQHtransmission940_heat,100
LQHtransmission940_to_LQHtransmission485_heat,100
LQHtransmission485_to_LQHtransmission24_heat,100
LQHtransmission24_to_LQHtransmission1214_heat,100
LQHtransmission1214_to_LQHtransmission540_heat,100
LQHtransmission540_to_LQHtransmission1199_heat,100
LQHtransmission1199_to_LQHtransmission1350_heat,100
LQHtransmission1350_to_LQHtransmission274_heat,100
LQHtransmission327_to_LQHtransmission1250_heat,100
LQHtransmission1250_to_LQHtransmission241_heat,100
LQHtransmission241_to_LQHtransmission1810_heat,100
LQHtransmission1810_to_LQHtransmission646_heat,100
LQHtransmission646_to_LQHtransmission1495_heat,100
LQHtransmission1495_to_LQHtransmission515_heat,100
LQHtransmission515_to_LQHtransmission987_heat,100
LQHtransmission987_to_LQHtransmission726_heat,100
LQHtransmission726_to_LQHtransmission1837_heat,100
LQHtransmission1837_to_LQHtransmission983_heat,100
LQHtransmission983_to_LQHtransmission1801_heat,100
LQHtransmission1801_to_LQHtransmission1221_heat,100
LQHtransmission1221_to_LQHtransmission291_heat,100
LQHtransmission291_to_LQHtransmission1109_heat,100
LQHtransmission1109_to_LQHtransmission1490_heat,100
LQHtransmission1490_to_LQHtransmission2_heat,100
LQHtransmission2_to_LQHtransmission396_heat,100
LQHtransmission396_to_LQHtransmission624_heat,100
LQHtransmission624_to_LQHtransmission701_heat,100
LQHtransmission701_to_LQHtransmission1096_heat,100
LQHtransmission1096_to_LQHtransmission1691_heat,100
LQHtransmission1691_to_LQHtransmission1407_heat,100
LQHtransmission1407_to_LQHtransmission1032_heat,100
LQHtransmission1032_to_LQHtransmission864_heat,100
LQHtransmission864_to_LQHtransmission569_heat,100
LQHtransmission569_to_LQHtransmission42_heat,100
LQHtransmission42_to_LQHtransmission521_heat,100
LQHtransmission521_to_LQHtransmission231_heat,100
LQHtransmission231_to_LQHtransmission524_heat,100
LQHtransmission524_to_LQHtransmission1814_heat,100
LQHtransmission1814_to_LQHtransmission1917_heat,100
LQHtransmission1917_to_LQHtransmission698_heat,100
LQHtransmission698_to_LQHtransmission1807_heat,100
LQHtransmission1807_to_LQHtransmission804_heat,100
LQHtransmission804_to_LQHtransmission1091_heat,100
LQHtransmission1091_to_LQHtransmission1310_heat,100
LQHtransmission1310_to_LQHtransmission704_heat,100
LQHtransmission704_to_LQHtransmission923_heat,100
LQHtransmission923_to_LQHtransmission1193_heat,100
LQHtransmission1193_to_LQHtransmission737_heat,100
LQHtransmission737_to_LQHtransmission271_heat,100
LQHtransmission271_to_LQHtransmission1001_heat,100
LQHtransmission1001_to_LQHtransmission530_heat,100
LQHtransmission530_to_LQHtransmission713_heat,100
LQHtransmission713_to_LQHtransmission1436_heat,100
LQHtransmission1436_to_LQHtransmission1812_heat,100
LQHtransmission1423_to_LQHtransmission639_heat,100
LQHtransmission639_to_LQHtransmission314_heat,100
LQHtransmission314_to_LQHtransmission875_heat,100
LQHtransmission875_to_LQHtransmission516_heat,100
LQHtransmission516_to_LQHtransmission1022_heat,100
LQHtransmission1022_to_LQHtransmission1201_heat,100
LQHtransmission1201_to_LQHtransmission1260_heat,100
LQHtransmission1260_to_LQHtransmission115_heat,100
LQHtransmission115_to_LQHtransmission300_heat,100
LQHtransmission300_to_LQHtransmission793_heat,100
LQHtransmission793_to_LQHtransmission261_heat,100
LQHtransmission261_to_LQHtransmission186_heat,100
LQHtransmission186_to_LQHtransmission799_heat,100
LQHtransmission799_to_LQHtransmission49_heat,100
LQHtransmission49_to_LQHtransmission1559_heat,100
LQHtransmission1559_to_LQHtransmission865_heat,100
LQHtransmission865_to_LQHtransmission55_heat,100
LQHtransmission242_to_LQHtransmission640_heat,100
LQHtransmission640_to_LQHtransmission884_heat,100
LQHtransmission884_to_LQHtransmission1389_heat,100
LQHtransmission1389_to_LQHtransmission904_heat,100
LQHtransmission904_to_LQHtransmission1684_heat,100
LQHtransmission1684_to_LQHtransmission833_heat,100
LQHtransmission833_to_LQHtransmission128_heat,100
LQHtransmission128_to_LQHtransmission1452_heat,100
LQHtransmission1452_to_LQHtransmission1699_heat,100
LQHtransmission1171_to_LQHtransmission1848_heat,100
LQHtransmission1848_to_LQHtransmission978_heat,100
LQHtransmission978_to_LQHtransmission655_heat,100
LQHtransmission655_to_LQHtransmission1227_heat,100
LQHtransmission1227_to_LQHtransmission904_heat,100
LQHtransmission1512_to_LQHtransmission824_heat,100
LQHtransmission824_to_LQHtransmission659_heat,100
LQHtransmission659_to_LQHtransmission350_heat,100
LQHtransmission350_to_LQHtransmission1172_heat,100
LQHtransmission1172_to_LQHtransmission1671_heat,100
LQHtransmission1671_to_LQHtransmission1129_heat,100
LQHtransmission1129_to_LQHtransmission1200_heat,100
LQHtransmission1200_to_LQHtransmission467_heat,100
LQHtransmission467_to_LQHtransmission1449_heat,100
LQHtransmission1449_to_LQHtransmission994_heat,100
LQHtransmission994_to_LQHtransmission1323_heat,100
LQHtransmission1323_to_LQHtransmission1284_heat,100
LQHtransmission1284_to_LQHtransmission900_heat,100
LQHtransmission900_to_LQHtransmission1622_heat,100
LQHtransmission1622_to_LQHtransmission250_heat,100
LQHtransmission250_to_LQHtransmission968_heat,100
LQHtransmission968_to_LQHtransmission457_heat,100
LQHtransmission1449_to_LQHtransmission1855_heat,100
LQHtransmission1855_to_LQHtransmission542_heat,100
LQHtransmission542_to_LQHtransmission849_heat,100
LQHtransmission849_to_LQHtransmission1578_heat,100
LQHtransmission1578_to_LQHtransmission1369_heat,100
LQHtransmission1369_to_LQHtransmission158_heat,100
LQHtransmission158_to_LQHtransmission694_heat,100
LQHtransmission694_to_LQHtransmission1473_heat,100
LQHtransmission1473_to_LQHtransmission1656_heat,100
LQHtransmission1656_to_LQHtransmission1115_heat,100
LQHtransmission1115_to_LQHtransmission1878_heat,100
LQHtransmission849_to_LQHtransmission794_heat,100
LQHtransmission794_to_LQHtransmission1619_heat,100
LQHtransmission1619_to_LQHtransmission1028_heat,100
LQHtransmission1028_to_LQHtransmission1178_heat,100
LQHtransmission1178_to_LQHtransmission1412_heat,100
LQHtransmission1412_to_LQHtransmission1722_heat,100
LQHtransmission1722_to_LQHtransmission1530_heat,100
LQHtransmission1530_to_LQHtransmission1357_heat,100
LQHtransmission1357_to_LQHtransmission1561_heat,100
LQHtransmission1561_to_LQHtransmission415_heat,100
LQHtransmission415_to_LQHtransmission1353_heat,100
LQHtransmission1353_to_LQHtransmission168_heat,100
LQHtransmission168_to_LQHtransmission618_heat,100
LQHtransmission618_to_LQHtransmission487_heat,100
LQHtransmission487_to_LQHtransmission922_heat,100
LQHtransmission922_to_LQHtransmission662_heat,100
LQHtransmission662_to_LQHtransmission1711_heat,100
LQHtransmission1711_to_LQHtransmission570_heat,100
LQHtransmission570_to_LQHtransmission1878_heat,100
LQHtransmission242_to_LQHtransmission1424_heat,100
LQHtransmission1424_to_LQHtransmission671_heat,100
LQHtransmission671_to_LQHtransmission1324_heat,100
LQHtransmission1324_to_LQHtransmission1381_heat,100
LQHtransmission1381_to_LQHtransmission1641_heat,100
LQHtransmission1641_to_LQHtransmission1694_heat,100
LQHtransmission1694_to_LQHtransmission406_heat,100
LQHtransmission406_to_LQHtransmission886_heat,100
LQHtransmission886_to_LQHtransmission1143_heat,100
LQHtransmission1143_to_LQHtransmission92_heat,100
LQHtransmission92_to_LQHtransmission533_heat,100
LQHtransmission533_to_LQHtransmission789_heat,100
LQHtransmission789_to_LQHtransmission1759_heat,100
LQHtransmission1759_to_LQHtransmission651_heat,100
LQHtransmission651_to_LQHtransmission679_heat,100
LQHtransmission679_to_LQHtransmission446_heat,100
LQHtransmission446_to_LQHtransmission705_heat,100
LQHtransmission705_to_LQHtransmission1401_heat,100
LQHtransmission1401_to_LQHtransmission1901_heat,100
LQHtransmission1901_to_LQHtransmission575_heat,100
LQHtransmission575_to_LQHtransmission834_heat,100
LQHtransmission834_to_LQHtransmission1579_heat,100
LQHtransmission1579_to_LQHtransmission232_heat,100
LQHtransmission232_to_LQHtransmission1438_heat,100
LQHtransmission1438_to_LQHtransmission1489_heat,100
LQHtransmission1489_to_LQHtransmission770_heat,100
LQHtransmission770_to_LQHtransmission1442_heat,100
LQHtransmission1442_to_LQHtransmission346_heat,100
LQHtransmission346_to_LQHtransmission310_heat,100
LQHtransmission310_to_LQHtransmission1051_heat,100
LQHtransmission1051_to_LQHtransmission1703_heat,100
LQHtransmission1703_to_LQHtransmission1668_heat,100
LQHtransmission1668_to_LQHtransmission580_heat,100
LQHtransmission580_to_LQHtransmission79_heat,100
LQHtransmission79_to_LQHtransmission534_heat,100
LQHtransmission534_to_LQHtransmission634_heat,100
LQHtransmission634_to_LQHtransmission728_heat,100
LQHtransmission728_to_LQHtransmission1531_heat,100
LQHtransmission1531_to_LQHtransmission1165_heat,100
LQHtransmission1165_to_LQHtransmission1902_heat,100
LQHtransmission1902_to_LQHtransmission1063_heat,100
LQHtransmission1063_to_LQHtransmission751_heat,100
LQHtransmission751_to_LQHtransmission551_heat,100
LQHtransmission551_to_LQHtransmission198_heat,100
LQHtransmission198_to_LQHtransmission527_heat,100
LQHtransmission527_to_LQHtransmission982_heat,100
LQHtransmission982_to_LQHtransmission275_heat,100
LQHtransmission275_to_LQHtransmission1177_heat,100
LQHtransmission1177_to_LQHtransmission1589_heat,100
LQHtransmission1589_to_LQHtransmission178_heat,100
LQHtransmission178_to_LQHtransmission992_heat,100
LQHtransmission992_to_LQHtransmission813_heat,100
LQHtransmission813_to_LQHtransmission1035_heat,100
LQHtransmission1035_to_LQHtransmission1748_heat,100
LQHtransmission1748_to_LQHtransmission859_heat,100
LQHtransmission859_to_LQHtransmission645_heat,100
LQHtransmission645_to_LQHtransmission907_heat,100
LQHtransmission907_to_LQHtransmission1183_heat,100
LQHtransmission1183_to_LQHtransmission293_heat,100
LQHtransmission293_to_LQHtransmission958_heat,100
LQHtransmission958_to_LQHtransmission564_heat,100
LQHtransmission564_to_LQHtransmission1709_heat,100
LQHtransmission1709_to_LQHtransmission1335_heat,100
LQHtransmission1335_to_LQHtransmission439_heat,100
LQHtransmission439_to_LQHtransmission1103_heat,100
LQHtransmission1103_to_LQHtransmission911_heat,100
LQHtransmission911_to_LQHtransmission489_heat,100
LQHtransmission489_to_LQHtransmission686_heat,100
LQHtransmission686_to_LQHtransmission1255_heat,100
LQHtransmission1255_to_LQHtransmission1445_heat,100
LQHtransmission1445_to_LQHtransmission1719_heat,100
LQHtransmission1719_to_LQHtransmission165_heat,100
LQHtransmission165_to_LQHtransmission825_heat,100
LQHtransmission825_to_LQHtransmission203_heat,100
LQHtransmission203_to_LQHtransmission1218_heat,100
LQHtransmission1218_to_LQHtransmission8_heat,100
LQHtransmission8_to_LQHtransmission354_heat,100
LQHtransmission354_to_LQHtransmission1121_heat,100
LQHtransmission1121_to_LQHtransmission1674_heat,100
LQHtransmission1674_to_LQHtransmission416_heat,100
LQHtransmission416_to_LQHtransmission459_heat,100
LQHtransmission459_to_LQHtransmission1026_heat,100
LQHtransmission1026_to_LQHtransmission219_heat,100
LQHtransmission219_to_LQHtransmission328_heat,100
LQHtransmission328_to_LQHtransmission23_heat,100
LQHtransmission23_to_LQHtransmission112_heat,100
LQHtransmission112_to_LQHtransmission1351_heat,100
LQHtransmission1351_to_LQHtransmission1056_heat,100
LQHtransmission1056_to_LQHtransmission544_heat,100
LQHtransmission544_to_LQHtransmission1279_heat,100
LQHtransmission1279_to_LQHtransmission478_heat,100
LQHtransmission478_to_LQHtransmission1979_heat,100
LQHtransmission1979_to_LQHtransmission730_heat,100
LQHtransmission730_to_LQHtransmission224_heat,100
LQHtransmission224_to_LQHtransmission822_heat,100
LQHtransmission822_to_LQHtransmission1642_heat,100
LQHtransmission1642_to_LQHtransmission401_heat,100
LQHtransmission1835_to_LQHtransmission1179_heat,100
LQHtransmission1179_to_LQHtransmission1477_heat,100
LQHtransmission1477_to_LQHtransmission339_heat,100
LQHtransmission339_to_LQHtransmission125_heat,100
LQHtransmission125_to_LQHtransmission1702_heat,100
LQHtransmission1702_to_LQHtransmission1920_heat,100
LQHtransmission1920_to_LQHtransmission1249_heat,100
LQHtransmission1249_to_LQHtransmission821_heat,100
LQHtransmission821_to_LQHtransmission1974_heat,100
LQHtransmission1974_to_LQHtransmission496_heat,100
LQHtransmission496_to_LQHtransmission1171_heat,100
LQHtransmission1171_to_LQHtransmission1868_heat,100
LQHtransmission1868_to_LQHtransmission784_heat,100
LQHtransmission784_to_LQHtransmission779_heat,100
LQHtransmission779_to_LQHtransmission242_heat,100
LQHtransmission401_to_LQHtransmission498_heat,100
LQHtransmission498_to_LQHtransmission200_heat,100
LQHtransmission200_to_LQHtransmission1219_heat,100
LQHtransmission1219_to_LQHtransmission1318_heat,100
LQHtransmission1318_to_LQHtransmission1104_heat,100
LQHtransmission1104_to_LQHtransmission1718_heat,100
LQHtransmission1718_to_LQHtransmission1747_heat,100
LQHtransmission1747_to_LQHtransmission1329_heat,100
LQHtransmission1329_to_LQHtransmission1686_heat,100
LQHtransmission1686_to_LQHtransmission1727_heat,100
LQHtransmission1727_to_LQHtransmission1692_heat,100
LQHtransmission1692_to_LQHtransmission1697_heat,100
LQHtransmission1697_to_LQHtransmission1029_heat,100
LQHtransmission1029_to_LQHtransmission1270_heat,100
LQHtransmission1270_to_LQHtransmission1228_heat,100
LQHtransmission1228_to_LQHtransmission1057_heat,100
LQHtransmission1057_to_LQHtransmission844_heat,100
LQHtransmission844_to_LQHtransmission628_heat,100
LQHtransmission628_to_LQHtransmission1627_heat,100
LQHtransmission1627_to_LQHtransmission589_heat,100
LQHtransmission589_to_LQHtransmission1431_heat,100
LQHtransmission1431_to_LQHtransmission1864_heat,100
LQHtransmission1864_to_LQHtransmission1871_heat,100
LQHtransmission1871_to_LQHtransmission845_heat,100
LQHtransmission845_to_LQHtransmission574_heat,100
LQHtransmission574_to_LQHtransmission954_heat,100
LQHtransmission954_to_LQHtransmission1191_heat,100
LQHtransmission1191_to_LQHtransmission343_heat,100
LQHtransmission343_to_LQHtransmission1628_heat,100
LQHtransmission1628_to_LQHtransmission1023_heat,100
LQHtransmission1023_to_LQHtransmission748_heat,100
LQHtransmission748_to_LQHtransmission1995_heat,100
LQHtransmission1995_to_LQHtransmission1003_heat,100
LQHtransmission1003_to_LQHtransmission986_heat,100
LQHtransmission986_to_LQHtransmission1815_heat,100
LQHtransmission1815_to_LQHtransmission635_heat,100
LQHtransmission635_to_LQHtransmission1926_heat,100
LQHtransmission1926_to_LQHtransmission1016_heat,100
LQHtransmission1016_to_LQHtransmission1280_heat,100
LQHtransmission1280_to_LQHtransmission1966_heat,100
LQHtransmission1966_to_LQHtransmission976_heat,100
LQHtransmission976_to_LQHtransmission156_heat,100
LQHtransmission5_to_LQHtransmission807_heat,100
LQHtransmission807_to_LQHtransmission1793_heat,100
LQHtransmission1793_to_LQHtransmission606_heat,100
LQHtransmission606_to_LQHtransmission262_heat,100
LQHtransmission262_to_LQHtransmission148_heat,100
LQHtransmission148_to_LQHtransmission1845_heat,100
LQHtransmission1845_to_LQHtransmission860_heat,100
LQHtransmission860_to_LQHtransmission1835_heat,100
LQHtransmission470_to_LQHtransmission582_heat,100
LQHtransmission582_to_LQHtransmission1961_heat,100
LQHtransmission1961_to_LQHtransmission1210_heat,100
LQHtransmission1210_to_LQHtransmission1574_heat,100
LQHtransmission1574_to_LQHtransmission1446_heat,100
LQHtransmission1446_to_LQHtransmission333_heat,100
LQHtransmission333_to_LQHtransmission445_heat,100
LQHtransmission445_to_LQHtransmission1856_heat,100
LQHtransmission1856_to_LQHtransmission798_heat,100
LQHtransmission798_to_LQHtransmission625_heat,100
LQHtransmission625_to_LQHtransmission1153_heat,100
LQHtransmission1153_to_LQHtransmission1423_heat,100
LQHtransmission1117_to_LQHtransmission1112_heat,100
LQHtransmission1112_to_LQHtransmission1166_heat,100
LQHtransmission1166_to_LQHtransmission1390_heat,100
LQHtransmission1663_to_LQHtransmission819_heat,100
LQHtransmission819_to_LQHtransmission1522_heat,100
LQHtransmission1522_to_LQHtransmission1537_heat,100
LQHtransmission1537_to_LQHtransmission1161_heat,100
LQHtransmission1161_to_LQHtransmission1117_heat,100
LQHtransmission1247_to_LQHtransmission661_heat,100
LQHtransmission661_to_LQHtransmission1836_heat,100
LQHtransmission1836_to_LQHtransmission1075_heat,100
LQHtransmission1860_to_LQHtransmission337_heat,100
LQHtransmission337_to_LQHtransmission1752_heat,100
LQHtransmission1752_to_LQHtransmission1944_heat,100
LQHtransmission1944_to_LQHtransmission96_heat,100
LQHtransmission96_to_LQHtransmission1583_heat,100
LQHtransmission1583_to_LQHtransmission619_heat,100
LQHtransmission619_to_LQHtransmission1000_heat,100
LQHtransmission1000_to_LQHtransmission1873_heat,100
LQHtransmission1873_to_LQHtransmission1147_heat,100
LQHtransmission1147_to_LQHtransmission377_heat,100
LQHtransmission377_to_LQHtransmission523_heat,100
LQHtransmission523_to_LQHtransmission750_heat,100
LQHtransmission750_to_LQHtransmission1440_heat,100
LQHtransmission1440_to_LQHtransmission710_heat,100
LQHtransmission710_to_LQHtransmission1610_heat,100
LQHtransmission1610_to_LQHtransmission537_heat,100
LQHtransmission537_to_LQHtransmission808_heat,100
LQHtransmission808_to_LQHtransmission1211_heat,100
LQHtransmission1211_to_LQHtransmission1714_heat,100
LQHtransmission1714_to_LQHtransmission594_heat,100
LQHtransmission594_to_LQHtransmission321_heat,100
LQHtransmission321_to_LQHtransmission1014_heat,100
LQHtransmission1014_to_LQHtransmission1910_heat,100
LQHtransmission1910_to_LQHtransmission502_heat,100
LQHtransmission502_to_LQHtransmission1247_heat,100
LQHtransmission227_to_LQHtransmission450_heat,100
LQHtransmission450_to_LQHtransmission1532_heat,100
LQHtransmission1532_to_LQHtransmission1657_heat,100
LQHtransmission1657_to_LQHtransmission1368_heat,100
LQHtransmission1368_to_LQHtransmission160_heat,100
LQHtransmission160_to_LQHtransmission1905_heat,100
LQHtransmission1905_to_LQHtransmission1571_heat,100
LQHtransmission1571_to_LQHtransmission1409_heat,100
LQHtransmission1409_to_LQHtransmission1045_heat,100
LQHtransmission1045_to_LQHtransmission208_heat,100
LQHtransmission208_to_LQHtransmission1236_heat,100
LQHtransmission1236_to_LQHtransmission1076_heat,100
LQHtransmission1076_to_LQHtransmission1997_heat,100
LQHtransmission1997_to_LQHtransmission1194_heat,100
LQHtransmission1194_to_LQHtransmission837_heat,100
LQHtransmission837_to_LQHtransmission25_heat,100
LQHtransmission25_to_LQHtransmission1700_heat,100
LQHtransmission1700_to_LQHtransmission869_heat,100
LQHtransmission869_to_LQHtransmission501_heat,100
LQHtransmission1264_to_LQHtransmission1441_heat,100
LQHtransmission1441_to_LQHtransmission1662_heat,100
LQHtransmission1662_to_LQHtransmission227_heat,100
LQHtransmission1425_to_LQHtransmission476_heat,100
LQHtransmission476_to_LQHtransmission1590_heat,100
LQHtransmission1590_to_LQHtransmission425_heat,100
LQHtransmission289_to_LQHtransmission1113_heat,100
LQHtransmission1113_to_LQHtransmission173_heat,100
LQHtransmission173_to_LQHtransmission1233_heat,100
LQHtransmission1233_to_LQHtransmission513_heat,100
LQHtransmission513_to_LQHtransmission1344_heat,100
LQHtransmission1344_to_LQHtransmission829_heat,100
LQHtransmission829_to_LQHtransmission253_heat,100
LQHtransmission253_to_LQHtransmission426_heat,100
LQHtransmission426_to_LQHtransmission850_heat,100
LQHtransmission850_to_LQHtransmission305_heat,100
LQHtransmission305_to_LQHtransmission1808_heat,100
LQHtransmission1808_to_LQHtransmission905_heat,100
LQHtransmission905_to_LQHtransmission1716_heat,100
LQHtransmission1716_to_LQHtransmission176_heat,100
LQHtransmission176_to_LQHtransmission9_heat,100
LQHtransmission9_to_LQHtransmission732_heat,100
LQHtransmission732_to_LQHtransmission243_heat,100
LQHtransmission243_to_LQHtransmission1425_heat,100
LQHtransmission1092_to_LQHtransmission1138_heat,100
LQHtransmission1138_to_LQHtransmission1341_heat,100
LQHtransmission1341_to_LQHtransmission1149_heat,100
LQHtransmission501_to_LQHtransmission277_heat,100
LQHtransmission277_to_LQHtransmission507_heat,100
LQHtransmission507_to_LQHtransmission951_heat,100
LQHtransmission951_to_LQHtransmission1386_heat,100
LQHtransmission1386_to_LQHtransmission299_heat,100
LQHtransmission299_to_LQHtransmission1128_heat,100
LQHtransmission1128_to_LQHtransmission670_heat,100
LQHtransmission670_to_LQHtransmission873_heat,100
LQHtransmission873_to_LQHtransmission185_heat,100
LQHtransmission185_to_LQHtransmission237_heat,100
LQHtransmission237_to_LQHtransmission381_heat,100
LQHtransmission381_to_LQHtransmission103_heat,100
LQHtransmission103_to_LQHtransmission1606_heat,100
LQHtransmission1606_to_LQHtransmission1665_heat,100
LQHtransmission1665_to_LQHtransmission1145_heat,100
LQHtransmission1145_to_LQHtransmission826_heat,100
LQHtransmission826_to_LQHtransmission1433_heat,100
LQHtransmission1433_to_LQHtransmission549_heat,100
LQHtransmission549_to_LQHtransmission1130_heat,100
LQHtransmission1130_to_LQHtransmission691_heat,100
LQHtransmission691_to_LQHtransmission51_heat,100
LQHtransmission51_to_LQHtransmission856_heat,100
LQHtransmission1922_to_LQHtransmission688_heat,100
LQHtransmission688_to_LQHtransmission1630_heat,100
LQHtransmission1630_to_LQHtransmission963_heat,100
LQHtransmission963_to_LQHtransmission785_heat,100
LQHtransmission785_to_LQHtransmission557_heat,100
LQHtransmission557_to_LQHtransmission1760_heat,100
LQHtransmission1760_to_LQHtransmission1065_heat,100
LQHtransmission1065_to_LQHtransmission898_heat,100
LQHtransmission898_to_LQHtransmission1444_heat,100
LQHtransmission1444_to_LQHtransmission268_heat,100
LQHtransmission268_to_LQHtransmission565_heat,100
LQHtransmission565_to_LQHtransmission1765_heat,100
LQHtransmission1765_to_LQHtransmission901_heat,100
LQHtransmission901_to_LQHtransmission1380_heat,100
LQHtransmission1380_to_LQHtransmission451_heat,100
LQHtransmission451_to_LQHtransmission273_heat,100
LQHtransmission862_to_LQHtransmission947_heat,100
LQHtransmission947_to_LQHtransmission1455_heat,100
LQHtransmission1455_to_LQHtransmission620_heat,100
LQHtransmission620_to_LQHtransmission1008_heat,100
LQHtransmission1008_to_LQHtransmission823_heat,100
LQHtransmission823_to_LQHtransmission1504_heat,100
LQHtransmission1504_to_LQHtransmission1439_heat,100
LQHtransmission1439_to_LQHtransmission368_heat,100
LQHtransmission368_to_LQHtransmission596_heat,100
LQHtransmission596_to_LQHtransmission1133_heat,100
LQHtransmission1133_to_LQHtransmission284_heat,100
LQHtransmission284_to_LQHtransmission666_heat,100
LQHtransmission666_to_LQHtransmission135_heat,100
LQHtransmission135_to_LQHtransmission1890_heat,100
LQHtransmission1890_to_LQHtransmission52_heat,100
LQHtransmission52_to_LQHtransmission179_heat,100
LQHtransmission179_to_LQHtransmission1705_heat,100
LQHtransmission1705_to_LQHtransmission93_heat,100
LQHtransmission93_to_LQHtransmission1659_heat,100
LQHtransmission1659_to_LQHtransmission196_heat,100
LQHtransmission196_to_LQHtransmission993_heat,100
LQHtransmission993_to_LQHtransmission1859_heat,100
LQHtransmission1859_to_LQHtransmission1067_heat,100
LQHtransmission1067_to_LQHtransmission906_heat,100
LQHtransmission906_to_LQHtransmission114_heat,100
LQHtransmission114_to_LQHtransmission1239_heat,100
LQHtransmission1239_to_LQHtransmission1358_heat,100
LQHtransmission1358_to_LQHtransmission1794_heat,100
LQHtransmission1794_to_LQHtransmission914_heat,100
LQHtransmission914_to_LQHtransmission387_heat,100
LQHtransmission387_to_LQHtransmission1639_heat,100
LQHtransmission1639_to_LQHtransmission1301_heat,100
LQHtransmission957_to_LQHtransmission932_heat,100
LQHtransmission932_to_LQHtransmission1410_heat,100
LQHtransmission1410_to_LQHtransmission545_heat,100
LQHtransmission545_to_LQHtransmission1843_heat,100
LQHtransmission1843_to_LQHtransmission1782_heat,100
LQHtransmission1782_to_LQHtransmission641_heat,100
LQHtransmission641_to_LQHtransmission1286_heat,100
LQHtransmission1286_to_LQHtransmission1010_heat,100
LQHtransmission1010_to_LQHtransmission1276_heat,100
LQHtransmission1276_to_LQHtransmission1504_heat,100
LQHtransmission1504_to_LQHtransmission1937_heat,100
LQHtransmission1937_to_LQHtransmission899_heat,100
LQHtransmission899_to_LQHtransmission1263_heat,100
LQHtransmission1263_to_LQHtransmission252_heat,100
LQHtransmission252_to_LQHtransmission839_heat,100
LQHtransmission839_to_LQHtransmission1829_heat,100
LQHtransmission1829_to_LQHtransmission265_heat,100
LQHtransmission265_to_LQHtransmission605_heat,100
LQHtransmission605_to_LQHtransmission1634_heat,100
LQHtransmission1634_to_LQHtransmission374_heat,100
LQHtransmission374_to_LQHtransmission1326_heat,100
LQHtransmission1326_to_LQHtransmission1044_heat,100
LQHtransmission1044_to_LQHtransmission1108_heat,100
LQHtransmission1108_to_LQHtransmission319_heat,100
LQHtransmission319_to_LQHtransmission145_heat,100
LQHtransmission145_to_LQHtransmission1239_heat,100
LQHtransmission265_to_LQHtransmission1557_heat,100
LQHtransmission1557_to_LQHtransmission1521_heat,100
LQHtransmission1521_to_LQHtransmission1427_heat,100
LQHtransmission1330_to_LQHtransmission205_heat,100
LQHtransmission205_to_LQHtransmission1394_heat,100
LQHtransmission1394_to_LQHtransmission1652_heat,100
LQHtransmission1652_to_LQHtransmission418_heat,100
LQHtransmission418_to_LQHtransmission791_heat,100
LQHtransmission791_to_LQHtransmission1480_heat,100
LQHtransmission1480_to_LQHtransmission270_heat,100
LQHtransmission1504_to_LQHtransmission936_heat,100
LQHtransmission936_to_LQHtransmission1952_heat,100
LQHtransmission1952_to_LQHtransmission371_heat,100
LQHtransmission371_to_LQHtransmission1004_heat,100
LQHtransmission1004_to_LQHtransmission1602_heat,100
LQHtransmission1602_to_LQHtransmission1594_heat,100
LQHtransmission1594_to_LQHtransmission28_heat,100
LQHtransmission28_to_LQHtransmission1118_heat,100
LQHtransmission1118_to_LQHtransmission1330_heat,100
LQHtransmission1330_to_LQHtransmission1618_heat,100
LQHtransmission1618_to_LQHtransmission1847_heat,100
LQHtransmission1847_to_LQHtransmission97_heat,100
LQHtransmission97_to_LQHtransmission883_heat,100
LQHtransmission883_to_LQHtransmission957_heat,100
LQHtransmission1265_to_LQHtransmission1377_heat,100
LQHtransmission1377_to_LQHtransmission706_heat,100
LQHtransmission706_to_LQHtransmission988_heat,100
LQHtransmission988_to_LQHtransmission959_heat,100
LQHtransmission1908_to_LQHtransmission1308_heat,100
LQHtransmission1308_to_LQHtransmission593_heat,100
LQHtransmission593_to_LQHtransmission1142_heat,100
LQHtransmission1142_to_LQHtransmission1246_heat,100
LQHtransmission1254_to_LQHtransmission14_heat,100
LQHtransmission14_to_LQHtransmission926_heat,100
LQHtransmission926_to_LQHtransmission1940_heat,100
LQHtransmission1940_to_LQHtransmission1406_heat,100
LQHtransmission1406_to_LQHtransmission1984_heat,100
LQHtransmission1984_to_LQHtransmission101_heat,100
LQHtransmission101_to_LQHtransmission1125_heat,100
LQHtransmission1125_to_LQHtransmission1240_heat,100
LQHtransmission1240_to_LQHtransmission1184_heat,100
LQHtransmission1184_to_LQHtransmission1731_heat,100
LQHtransmission1731_to_LQHtransmission295_heat,100
LQHtransmission295_to_LQHtransmission1964_heat,100
LQHtransmission1964_to_LQHtransmission797_heat,100
LQHtransmission797_to_LQHtransmission453_heat,100
LQHtransmission453_to_LQHtransmission1695_heat,100
LQHtransmission1695_to_LQHtransmission1985_heat,100
LQHtransmission1985_to_LQHtransmission235_heat,100
LQHtransmission235_to_LQHtransmission73_heat,100
LQHtransmission1116_to_LQHtransmission419_heat,100
LQHtransmission419_to_LQHtransmission894_heat,100
LQHtransmission894_to_LQHtransmission1672_heat,100
LQHtransmission1672_to_LQHtransmission863_heat,100
LQHtransmission863_to_LQHtransmission492_heat,100
LQHtransmission492_to_LQHtransmission1116_heat,100
LQHtransmission648_to_LQHtransmission1020_heat,100
LQHtransmission1020_to_LQHtransmission1527_heat,100
LQHtransmission1680_to_LQHtransmission656_heat,100
LQHtransmission656_to_LQHtransmission1797_heat,100
LQHtransmission1797_to_LQHtransmission1840_heat,100
LQHtransmission1840_to_LQHtransmission1643_heat,100
LQHtransmission1643_to_LQHtransmission391_heat,100
LQHtransmission391_to_LQHtransmission89_heat,100
LQHtransmission89_to_LQHtransmission22_heat,100
LQHtransmission22_to_LQHtransmission187_heat,100
LQHtransmission187_to_LQHtransmission118_heat,100
LQHtransmission118_to_LQHtransmission1241_heat,100
LQHtransmission1241_to_LQHtransmission888_heat,100
LQHtransmission888_to_LQHtransmission1572_heat,100
LQHtransmission1572_to_LQHtransmission1058_heat,100
LQHtransmission1058_to_LQHtransmission999_heat,100
LQHtransmission999_to_LQHtransmission1621_heat,100
LQHtransmission1621_to_LQHtransmission1090_heat,100
LQHtransmission1090_to_LQHtransmission1456_heat,100
LQHtransmission1456_to_LQHtransmission320_heat,100
LQHtransmission320_to_LQHtransmission407_heat,100
LQHtransmission407_to_LQHtransmission536_heat,100
LQHtransmission536_to_LQHtransmission631_heat,100
LQHtransmission631_to_LQHtransmission695_heat,100
LQHtransmission695_to_LQHtransmission872_heat,100
LQHtransmission872_to_LQHtransmission1400_heat,100
LQHtransmission1400_to_LQHtransmission1287_heat,100
LQHtransmission1287_to_LQHtransmission1160_heat,100
LQHtransmission1160_to_LQHtransmission1235_heat,100
LQHtransmission1235_to_LQHtransmission1609_heat,100
LQHtransmission1609_to_LQHtransmission359_heat,100
LQHtransmission359_to_LQHtransmission1811_heat,100
LQHtransmission1811_to_LQHtransmission334_heat,100
LQHtransmission334_to_LQHtransmission413_heat,100
LQHtransmission413_to_LQHtransmission1857_heat,100
LQHtransmission1512_to_LQHtransmission1398_heat,100
LQHtransmission1398_to_LQHtransmission1223_heat,100
LQHtransmission1223_to_LQHtransmission1690_heat,100
LQHtransmission1690_to_LQHtransmission1813_heat,100
LQHtransmission1813_to_LQHtransmission707_heat,100
LQHtransmission707_to_LQHtransmission962_heat,100
LQHtransmission962_to_LQHtransmission1744_heat,100
LQHtransmission1744_to_LQHtransmission1347_heat,100
LQHtransmission1347_to_LQHtransmission309_heat,100
LQHtransmission309_to_LQHtransmission1738_heat,100
LQHtransmission1738_to_LQHtransmission955_heat,100
LQHtransmission955_to_LQHtransmission1271_heat,100
LQHtransmission1271_to_LQHtransmission1123_heat,100
LQHtransmission1123_to_LQHtransmission82_heat,100
LQHtransmission82_to_LQHtransmission658_heat,100
LQHtransmission658_to_LQHtransmission724_heat,100
LQHtransmission724_to_LQHtransmission1042_heat,100
LQHtransmission1042_to_LQHtransmission895_heat,100
LQHtransmission895_to_LQHtransmission1863_heat,100
LQHtransmission1863_to_LQHtransmission184_heat,100
LQHtransmission184_to_LQHtransmission1651_heat,100
LQHtransmission1651_to_LQHtransmission896_heat,100
LQHtransmission896_to_LQHtransmission107_heat,100
LQHtransmission107_to_LQHtransmission457_heat,100
LQHtransmission457_to_LQHtransmission1015_heat,100
LQHtransmission1015_to_LQHtransmission102_heat,100
LQHtransmission102_to_LQHtransmission1600_heat,100
LQHtransmission1600_to_LQHtransmission1325_heat,100
LQHtransmission1325_to_LQHtransmission786_heat,100
LQHtransmission786_to_LQHtransmission961_heat,100
LQHtransmission961_to_LQHtransmission1957_heat,100
LQHtransmission1957_to_LQHtransmission1458_heat,100
LQHtransmission1458_to_LQHtransmission1613_heat,100
LQHtransmission1613_to_LQHtransmission214_heat,100
LQHtransmission214_to_LQHtransmission475_heat,100
LQHtransmission475_to_LQHtransmission482_heat,100
LQHtransmission482_to_LQHtransmission1596_heat,100
LQHtransmission1596_to_LQHtransmission1832_heat,100
LQHtransmission1481_to_LQHtransmission68_heat,100
LQHtransmission68_to_LQHtransmission1756_heat,100
LQHtransmission1756_to_LQHtransmission669_heat,100
LQHtransmission669_to_LQHtransmission87_heat,100
LQHtransmission87_to_LQHtransmission36_heat,100
LQHtransmission36_to_LQHtransmission1034_heat,100
LQHtransmission1034_to_LQHtransmission1339_heat,100
LQHtransmission1339_to_LQHtransmission584_heat,100
LQHtransmission584_to_LQHtransmission10_heat,100
LQHtransmission10_to_LQHtransmission1012_heat,100
LQHtransmission1012_to_LQHtransmission1601_heat,100
LQHtransmission1601_to_LQHtransmission555_heat,100
LQHtransmission555_to_LQHtransmission1176_heat,100
LQHtransmission1176_to_LQHtransmission1736_heat,100
LQHtransmission1736_to_LQHtransmission972_heat,100
LQHtransmission44_to_LQHtransmission683_heat,100
LQHtransmission683_to_LQHtransmission616_heat,100
LQHtransmission616_to_LQHtransmission956_heat,100
LQHtransmission956_to_LQHtransmission298_heat,100
LQHtransmission298_to_LQHtransmission1977_heat,100
LQHtransmission1977_to_LQHtransmission573_heat,100
LQHtransmission573_to_LQHtransmission246_heat,100
LQHtransmission246_to_LQHtransmission887_heat,100
LQHtransmission887_to_LQHtransmission1275_heat,100
LQHtransmission1275_to_LQHtransmission1612_heat,100
LQHtransmission1612_to_LQHtransmission1560_heat,100
LQHtransmission1560_to_LQHtransmission848_heat,100
LQHtransmission480_to_LQHtransmission1929_heat,100
LQHtransmission1929_to_LQHtransmission375_heat,100
LQHtransmission375_to_LQHtransmission1432_heat,100
LQHtransmission1432_to_LQHtransmission44_heat,100
LQHtransmission44_to_LQHtransmission672_heat,100
LQHtransmission672_to_LQHtransmission440_heat,100
LQHtransmission440_to_LQHtransmission555_heat,100
LQHtransmission138_to_LQHtransmission783_heat,100
LQHtransmission783_to_LQHtransmission1024_heat,100
LQHtransmission1024_to_LQHtransmission326_heat,100
LQHtransmission326_to_LQHtransmission607_heat,100
LQHtransmission607_to_LQHtransmission169_heat,100
LQHtransmission169_to_LQHtransmission436_heat,100
LQHtransmission436_to_LQHtransmission1_heat,100
LQHtransmission1_to_LQHtransmission266_heat,100
LQHtransmission266_to_LQHtransmission1620_heat,100
LQHtransmission1620_to_LQHtransmission1632_heat,100
LQHtransmission1632_to_LQHtransmission927_heat,100
LQHtransmission927_to_LQHtransmission480_heat,100
LQHtransmission480_to_LQHtransmission1100_heat,100
LQHtransmission1100_to_LQHtransmission1497_heat,100
LQHtransmission1497_to_LQHtransmission1753_heat,100
LQHtransmission1753_to_LQHtransmission953_heat,100
LQHtransmission953_to_LQHtransmission1175_heat,100
LQHtransmission1175_to_LQHtransmission130_heat,100
LQHtransmission130_to_LQHtransmission349_heat,100
LQHtransmission349_to_LQHtransmission1784_heat,100
LQHtransmission1784_to_LQHtransmission1372_heat,100
LQHtransmission1372_to_LQHtransmission972_heat,100
LQHtransmission1486_to_LQHtransmission1576_heat,100
LQHtransmission1576_to_LQHtransmission282_heat,100
LQHtransmission282_to_LQHtransmission1039_heat,100
LQHtransmission1039_to_LQHtransmission928_heat,100
LQHtransmission928_to_LQHtransmission307_heat,100
LQHtransmission307_to_LQHtransmission1501_heat,100
LQHtransmission1501_to_LQHtransmission660_heat,100
LQHtransmission660_to_LQHtransmission756_heat,100
LQHtransmission756_to_LQHtransmission1516_heat,100
LQHtransmission1516_to_LQHtransmission218_heat,100
LQHtransmission218_to_LQHtransmission1484_heat,100
LQHtransmission1484_to_LQHtransmission193_heat,100
LQHtransmission879_to_LQHtransmission622_heat,100
LQHtransmission622_to_LQHtransmission137_heat,100
LQHtransmission137_to_LQHtransmission773_heat,100
LQHtransmission773_to_LQHtransmission729_heat,100
LQHtransmission729_to_LQHtransmission53_heat,100
LQHtransmission53_to_LQHtransmission1338_heat,100
LQHtransmission1338_to_LQHtransmission423_heat,100
LQHtransmission423_to_LQHtransmission738_heat,100
LQHtransmission1812_to_LQHtransmission1921_heat,100
LQHtransmission1921_to_LQHtransmission91_heat,100
LQHtransmission91_to_LQHtransmission1188_heat,100
LQHtransmission1188_to_LQHtransmission1304_heat,100
LQHtransmission1304_to_LQHtransmission1762_heat,100
LQHtransmission1762_to_LQHtransmission879_heat,100
LQHtransmission274_to_LQHtransmission408_heat,100
LQHtransmission408_to_LQHtransmission1693_heat,100
LQHtransmission1693_to_LQHtransmission1831_heat,100
LQHtransmission1831_to_LQHtransmission1771_heat,100
LQHtransmission1771_to_LQHtransmission1072_heat,100
LQHtransmission1072_to_LQHtransmission1476_heat,100
LQHtransmission1476_to_LQHtransmission558_heat,100
LQHtransmission558_to_LQHtransmission327_heat,100
LQHtransmission55_to_LQHtransmission1626_heat,100
LQHtransmission1626_to_LQHtransmission1654_heat,100
LQHtransmission1654_to_LQHtransmission966_heat,100
LQHtransmission966_to_LQHtransmission471_heat,100
LQHtransmission471_to_LQHtransmission1533_heat,100
LQHtransmission1533_to_LQHtransmission1802_heat,100
LQHtransmission1802_to_LQHtransmission1114_heat,100
LQHtransmission1114_to_LQHtransmission1962_heat,100
LQHtransmission1962_to_LQHtransmission1502_heat,100
LQHtransmission1502_to_LQHtransmission1013_heat,100
LQHtransmission762_to_LQHtransmission708_heat,100
LQHtransmission708_to_LQHtransmission1030_heat,100
LQHtransmission1030_to_LQHtransmission116_heat,100
LQHtransmission116_to_LQHtransmission1608_heat,100
LQHtransmission1608_to_LQHtransmission191_heat,100
LQHtransmission191_to_LQHtransmission1311_heat,100
LQHtransmission1311_to_LQHtransmission1624_heat,100
LQHtransmission1624_to_LQHtransmission1392_heat,100
LQHtransmission1392_to_LQHtransmission192_heat,100
LQHtransmission192_to_LQHtransmission792_heat,100
LQHtransmission792_to_LQHtransmission1645_heat,100
LQHtransmission1645_to_LQHtransmission398_heat,100
LQHtransmission398_to_LQHtransmission1701_heat,100
LQHtransmission1701_to_LQHtransmission1593_heat,100
LQHtransmission1593_to_LQHtransmission1637_heat,100
LQHtransmission1637_to_LQHtransmission69_heat,100
LQHtransmission69_to_LQHtransmission764_heat,100
LQHtransmission764_to_LQHtransmission1089_heat,100
LQHtransmission1881_to_LQHtransmission974_heat,100
LQHtransmission974_to_LQHtransmission674_heat,100
LQHtransmission674_to_LQHtransmission923_heat,100
LQHtransmission1699_to_LQHtransmission1037_heat,100
LQHtransmission1037_to_LQHtransmission1903_heat,100
LQHtransmission1903_to_LQHtransmission579_heat,100
LQHtransmission579_to_LQHtransmission1459_heat,100
LQHtransmission1459_to_LQHtransmission780_heat,100
LQHtransmission780_to_LQHtransmission1047_heat,100
LQHtransmission1047_to_LQHtransmission372_heat,100
LQHtransmission372_to_LQHtransmission598_heat,100
LQHtransmission598_to_LQHtransmission919_heat,100
LQHtransmission919_to_LQHtransmission1800_heat,100
LQHtransmission1800_to_LQHtransmission466_heat,100
LQHtransmission466_to_LQHtransmission1816_heat,100
LQHtransmission1816_to_LQHtransmission697_heat,100
LQHtransmission697_to_LQHtransmission1867_heat,100
LQHtransmission1867_to_LQHtransmission902_heat,100
LQHtransmission902_to_LQHtransmission597_heat,100
LQHtransmission597_to_LQHtransmission718_heat,100
LQHtransmission718_to_LQHtransmission1307_heat,100
LQHtransmission1293_to_LQHtransmission599_heat,100
LQHtransmission599_to_LQHtransmission1159_heat,100
LQHtransmission1159_to_LQHtransmission485_heat,100
LQHtransmission1716_to_LQHtransmission389_heat,100
LQHtransmission812_to_LQHtransmission276_heat,100
LQHtransmission276_to_LQHtransmission980_heat,100
LQHtransmission980_to_LQHtransmission464_heat,100
LQHtransmission464_to_LQHtransmission490_heat,100
LQHtransmission490_to_LQHtransmission1185_heat,100
LQHtransmission1185_to_LQHtransmission189_heat,100
LQHtransmission189_to_LQHtransmission1354_heat,100
LQHtransmission1354_to_LQHtransmission365_heat,100
LQHtransmission365_to_LQHtransmission393_heat,100
LQHtransmission393_to_LQHtransmission367_heat,100
LQHtransmission367_to_LQHtransmission736_heat,100
LQHtransmission736_to_LQHtransmission761_heat,100
LQHtransmission761_to_LQHtransmission233_heat,100
LQHtransmission233_to_LQHtransmission470_heat,100
LQHtransmission485_to_LQHtransmission1152_heat,100
LQHtransmission1152_to_LQHtransmission1036_heat,100
LQHtransmission1036_to_LQHtransmission1177_heat,100
LQHtransmission154_to_LQHtransmission1623_heat,100
LQHtransmission1623_to_LQHtransmission581_heat,100
LQHtransmission581_to_LQHtransmission29_heat,100
LQHtransmission29_to_LQHtransmission1518_heat,100
LQHtransmission1518_to_LQHtransmission528_heat,100
LQHtransmission528_to_LQHtransmission1981_heat,100
LQHtransmission1981_to_LQHtransmission1463_heat,100
LQHtransmission1463_to_LQHtransmission612_heat,100
LQHtransmission612_to_LQHtransmission1644_heat,100
LQHtransmission1644_to_LQHtransmission1095_heat,100
LQHtransmission1095_to_LQHtransmission552_heat,100
LQHtransmission552_to_LQHtransmission7_heat,100
LQHtransmission7_to_LQHtransmission1488_heat,100
LQHtransmission1488_to_LQHtransmission481_heat,100
LQHtransmission481_to_LQHtransmission1670_heat,100
LQHtransmission1670_to_LQHtransmission559_heat,100
LQHtransmission559_to_LQHtransmission465_heat,100
LQHtransmission465_to_LQHtransmission45_heat,100
LQHtransmission45_to_LQHtransmission1796_heat,100
LQHtransmission1796_to_LQHtransmission673_heat,100
LQHtransmission673_to_LQHtransmission1314_heat,100
LQHtransmission1314_to_LQHtransmission1548_heat,100
LQHtransmission1796_to_LQHtransmission1257_heat,100
LQHtransmission1257_to_LQHtransmission767_heat,100
LQHtransmission767_to_LQHtransmission1266_heat,100
LQHtransmission1266_to_LQHtransmission1006_heat,100
LQHtransmission1006_to_LQHtransmission1078_heat,100
LQHtransmission1078_to_LQHtransmission814_heat,100
LQHtransmission814_to_LQHtransmission39_heat,100
LQHtransmission39_to_LQHtransmission335_heat,100
LQHtransmission335_to_LQHtransmission1853_heat,100
LQHtransmission1853_to_LQHtransmission126_heat,100
LQHtransmission126_to_LQHtransmission531_heat,100
LQHtransmission531_to_LQHtransmission937_heat,100
LQHtransmission937_to_LQHtransmission538_heat,100
LQHtransmission538_to_LQHtransmission945_heat,100
LQHtransmission945_to_LQHtransmission1443_heat,100
LQHtransmission1423_to_LQHtransmission1150_heat,100
LQHtransmission1150_to_LQHtransmission242_heat,100
LQHtransmission856_to_LQHtransmission1978_heat,100
LQHtransmission1978_to_LQHtransmission892_heat,100
LQHtransmission892_to_LQHtransmission1803_heat,100
LQHtransmission1803_to_LQHtransmission935_heat,100
LQHtransmission935_to_LQHtransmission122_heat,100
LQHtransmission122_to_LQHtransmission347_heat,100
LQHtransmission347_to_LQHtransmission586_heat,100
LQHtransmission586_to_LQHtransmission225_heat,100
LQHtransmission225_to_LQHtransmission1428_heat,100
LQHtransmission1428_to_LQHtransmission585_heat,100
LQHtransmission585_to_LQHtransmission1603_heat,100
LQHtransmission1603_to_LQHtransmission81_heat,100
LQHtransmission81_to_LQHtransmission1092_heat,100
LQHtransmission802_to_LQHtransmission1499_heat,100
LQHtransmission1499_to_LQHtransmission132_heat,100
LQHtransmission132_to_LQHtransmission1538_heat,100
LQHtransmission1538_to_LQHtransmission201_heat,100
LQHtransmission201_to_LQHtransmission133_heat,100
LQHtransmission133_to_LQHtransmission810_heat,100
LQHtransmission810_to_LQHtransmission369_heat,100
LQHtransmission369_to_LQHtransmission880_heat,100
LQHtransmission880_to_LQHtransmission1513_heat,100
LQHtransmission1513_to_LQHtransmission1209_heat,100
LQHtransmission1209_to_LQHtransmission35_heat,100
LQHtransmission35_to_LQHtransmission1894_heat,100
LQHtransmission1894_to_LQHtransmission1724_heat,100
LQHtransmission1724_to_LQHtransmission279_heat,100
LQHtransmission279_to_LQHtransmission1146_heat,100
LQHtransmission1146_to_LQHtransmission1919_heat,100
LQHtransmission1919_to_LQHtransmission1858_heat,100
LQHtransmission1858_to_LQHtransmission696_heat,100
LQHtransmission696_to_LQHtransmission1290_heat,100
LQHtransmission1792_to_LQHtransmission454_heat,100
LQHtransmission454_to_LQHtransmission1097_heat,100
LQHtransmission1097_to_LQHtransmission1707_heat,100
LQHtransmission1707_to_LQHtransmission1064_heat,100
LQHtransmission1064_to_LQHtransmission1768_heat,100
LQHtransmission1768_to_LQHtransmission602_heat,100
LQHtransmission602_to_LQHtransmission998_heat,100
LQHtransmission998_to_LQHtransmission313_heat,100
LQHtransmission313_to_LQHtransmission1216_heat,100
LQHtransmission1216_to_LQHtransmission269_heat,100
LQHtransmission269_to_LQHtransmission437_heat,100
LQHtransmission437_to_LQHtransmission727_heat,100
LQHtransmission727_to_LQHtransmission805_heat,100
LQHtransmission805_to_LQHtransmission1296_heat,100
LQHtransmission1296_to_LQHtransmission1087_heat,100
LQHtransmission1087_to_LQHtransmission1819_heat,100
LVEtransmission1413_to_LVEtransmission578_electricity,100
LVEtransmission578_to_LVEtransmission1342_electricity,100
LVEtransmission1342_to_LVEtransmission340_electricity,100
LVEtransmission340_to_LVEtransmission1850_electricity,100
LVEtransmission1850_to_LVEtransmission1866_electricity,100
LVEtransmission1866_to_LVEtransmission1376_electricity,100
LVEtransmission1376_to_LVEtransmission1580_electricity,100
LVEtransmission1580_to_LVEtransmission1648_electricity,100
LVEtransmission1648_to_LVEtransmission1300_electricity,100
LVEtransmission1300_to_LVEtransmission1611_electricity,100
LVEtransmission1611_to_LVEtransmission1563_electricity,100
LVEtransmission1563_to_LVEtransmission292_electricity,100
LVEtransmission292_to_LVEtransmission1994_electricity,100
LVEtransmission1994_to_LVEtransmission1196_electricity,100
LVEtransmission1196_to_LVEtransmission226_electricity,100
LVEtransmission226_to_LVEtransmission1889_electricity,100
LVEtransmission1889_to_LVEtransmission197_electricity,100
LVEtransmission197_to_LVEtransmission938_electricity,100
LVEtransmission938_to_LVEtransmission1922_electricity,100
LVEtransmission1922_to_LVEtransmission1371_electricity,100
LVEtransmission1371_to_LVEtransmission1305_electricity,100
LVEtransmission1305_to_LVEtransmission1874_electricity,100
LVEtransmission1874_to_LVEtransmission1367_electricity,100
LVEtransmission1367_to_LVEtransmission1356_electricity,100
LVEtransmission1356_to_LVEtransmission1826_electricity,100
LVEtransmission1826_to_LVEtransmission1996_electricity,100
LVEtransmission1996_to_LVEtransmission1988_electricity,100
LVEtransmission1988_to_LVEtransmission853_electricity,100
LVEtransmission853_to_LVEtransmission397_electricity,100
LVEtransmission397_to_LVEtransmission633_electricity,100
LVEtransmission633_to_LVEtransmission355_electricity,100
LVEtransmission355_to_LVEtransmission638_electricity,100
LVEtransmission638_to_LVEtransmission653_electricity,100
LVEtransmission653_to_LVEtransmission379_electricity,100
LVEtransmission379_to_LVEtransmission366_electricity,100
LVEtransmission366_to_LVEtransmission652_electricity,100
LVEtransmission652_to_LVEtransmission378_electricity,100
LVEtransmission378_to_LVEtransmission1758_electricity,100
LVEtransmission1758_to_LVEtransmission678_electricity,100
LVEtransmission678_to_LVEtransmission1772_electricity,100
LVEtransmission1772_to_LVEtransmission1833_electricity,100
LVEtransmission1833_to_LVEtransmission1189_electricity,100
LVEtransmission1189_to_LVEtransmission273_electricity,100
LVEtransmission273_to_LVEtransmission590_electricity,100
LVEtransmission590_to_LVEtransmission12_electricity,100
LVEtransmission12_to_LVEtransmission1950_electricity,100
LVEtransmission1950_to_LVEtransmission712_electricity,100
LVEtransmission712_to_LVEtransmission1689_electricity,100
LVEtransmission1689_to_LVEtransmission1107_electricity,100
LVEtransmission1107_to_LVEtransmission54_electricity,100
LVEtransmission54_to_LVEtransmission1986_electricity,100
LVEtransmission1986_to_LVEtransmission766_electricity,100
LVEtransmission766_to_LVEtransmission1742_electricity,100
LVEtransmission1149_to_LVEtransmission1474_electricity,100
LVEtransmission1474_to_LVEtransmission56_electricity,100
LVEtransmission56_to_LVEtransmission1005_electricity,100
LVEtransmission1005_to_LVEtransmission1359_electricity,100
LVEtransmission1359_to_LVEtransmission946_electricity,100
LVEtransmission946_to_LVEtransmission19_electricity,100
LVEtransmission19_to_LVEtransmission921_electricity,100
LVEtransmission921_to_LVEtransmission667_electricity,100
LVEtransmission667_to_LVEtransmission1789_electricity,100
LVEtransmission1789_to_LVEtransmission644_electricity,100
LVEtransmission644_to_LVEtransmission1405_electricity,100
LVEtransmission1405_to_LVEtransmission240_electricity,100
LVEtransmission240_to_LVEtransmission1383_electricity,100
LVEtransmission1383_to_LVEtransmission941_electricity,100
LVEtransmission941_to_LVEtransmission939_electricity,100
LVEtransmission939_to_LVEtransmission1222_electricity,100
LVEtransmission1222_to_LVEtransmission1524_electricity,100
LVEtransmission1524_to_LVEtransmission1951_electricity,100
LVEtransmission1951_to_LVEtransmission411_electricity,100
LVEtransmission411_to_LVEtransmission1930_electricity,100
LVEtransmission1930_to_LVEtransmission483_electricity,100
LVEtransmission483_to_LVEtransmission929_electricity,100
LVEtransmission929_to_LVEtransmission654_electricity,100
LVEtransmission654_to_LVEtransmission1181_electricity,100
LVEtransmission1181_to_LVEtransmission430_electricity,100
LVEtransmission430_to_LVEtransmission1197_electricity,100
LVEtransmission1197_to_LVEtransmission1735_electricity,100
LVEtransmission1735_to_LVEtransmission443_electricity,100
LVEtransmission443_to_LVEtransmission479_electricity,100
LVEtransmission479_to_LVEtransmission547_electricity,100
LVEtransmission547_to_LVEtransmission322_electricity,100
LVEtransmission322_to_LVEtransmission1328_electricity,100
LVEtransmission1328_to_LVEtransmission1399_electricity,100
LVEtransmission1399_to_LVEtransmission1243_electricity,100
LVEtransmission1243_to_LVEtransmission1119_electricity,100
LVEtransmission1119_to_LVEtransmission1355_electricity,100
LVEtransmission1355_to_LVEtransmission1419_electricity,100
LVEtransmission1419_to_LVEtransmission1912_electricity,100
LVEtransmission1912_to_LVEtransmission1945_electricity,100
LVEtransmission1945_to_LVEtransmission376_electricity,100
LVEtransmission376_to_LVEtransmission1550_electricity,100
LVEtransmission1550_to_LVEtransmission591_electricity,100
LVEtransmission591_to_LVEtransmission1088_electricity,100
LVEtransmission1088_to_LVEtransmission162_electricity,100
LVEtransmission162_to_LVEtransmission202_electricity,100
LVEtransmission1635_to_LVEtransmission272_electricity,100
LVEtransmission272_to_LVEtransmission731_electricity,100
LVEtransmission731_to_LVEtransmission1002_electricity,100
LVEtransmission1002_to_LVEtransmission385_electricity,100
LVEtransmission385_to_LVEtransmission183_electricity,100
LVEtransmission183_to_LVEtransmission211_electricity,100
LVEtransmission211_to_LVEtransmission278_electricity,100
LVEtransmission278_to_LVEtransmission1370_electricity,100
LVEtransmission1370_to_LVEtransmission504_electricity,100
LVEtransmission504_to_LVEtransmission541_electricity,100
LVEtransmission541_to_LVEtransmission166_electricity,100
LVEtransmission166_to_LVEtransmission202_electricity,100
LVEtransmission202_to_LVEtransmission1226_electricity,100
LVEtransmission1226_to_LVEtransmission1306_electricity,100
LVEtransmission1306_to_LVEtransmission301_electricity,100
LVEtransmission301_to_LVEtransmission933_electricity,100
LVEtransmission933_to_LVEtransmission1958_electricity,100
LVEtransmission1958_to_LVEtransmission1397_electricity,100
LVEtransmission1397_to_LVEtransmission392_electricity,100
LVEtransmission392_to_LVEtransmission942_electricity,100
LVEtransmission942_to_LVEtransmission1939_electricity,100
LVEtransmission1939_to_LVEtransmission1011_electricity,100
LVEtransmission1011_to_LVEtransmission587_electricity,100
LVEtransmission587_to_LVEtransmission1268_electricity,100
LVEtransmission1268_to_LVEtransmission108_electricity,100
LVEtransmission108_to_LVEtransmission1631_electricity,100
LVEtransmission1631_to_LVEtransmission874_electricity,100
LVEtransmission874_to_LVEtransmission995_electricity,100
LVEtransmission995_to_LVEtransmission925_electricity,100
LVEtransmission925_to_LVEtransmission1942_electricity,100
LVEtransmission1942_to_LVEtransmission245_electricity,100
LVEtransmission245_to_LVEtransmission787_electricity,100
LVEtransmission787_to_LVEtransmission1830_electricity,100
LVEtransmission1830_to_LVEtransmission1591_electricity,100
LVEtransmission1591_to_LVEtransmission336_electricity,100
LVEtransmission336_to_LVEtransmission943_electricity,100
LVEtransmission943_to_LVEtransmission820_electricity,100
LVEtransmission820_to_LVEtransmission1934_electricity,100
LVEtransmission1934_to_LVEtransmission83_electricity,100
LVEtransmission83_to_LVEtransmission1237_electricity,100
LVEtransmission1237_to_LVEtransmission913_electricity,100
LVEtransmission913_to_LVEtransmission1332_electricity,100
LVEtransmission1332_to_LVEtransmission1763_electricity,100
LVEtransmission1763_to_LVEtransmission603_electricity,100
LVEtransmission603_to_LVEtransmission758_electricity,100
LVEtransmission758_to_LVEtransmission1876_electricity,100
LVEtransmission1876_to_LVEtransmission546_electricity,100
LVEtransmission546_to_LVEtransmission1182_electricity,100
LVEtransmission1182_to_LVEtransmission973_electricity,100
LVEtransmission973_to_LVEtransmission556_electricity,100
LVEtransmission556_to_LVEtransmission364_electricity,100
LVEtransmission364_to_LVEtransmission985_electricity,100
LVEtransmission985_to_LVEtransmission324_electricity,100
LVEtransmission324_to_LVEtransmission1508_electricity,100
LVEtransmission1508_to_LVEtransmission1730_electricity,100
LVEtransmission1730_to_LVEtransmission1896_electricity,100
LVEtransmission1896_to_LVEtransmission615_electricity,100
LVEtransmission615_to_LVEtransmission204_electricity,100
LVEtransmission204_to_LVEtransmission384_electricity,100
LVEtransmission384_to_LVEtransmission1959_electricity,100
LVEtransmission1959_to_LVEtransmission1584_electricity,100
LVEtransmission1584_to_LVEtransmission1393_electricity,100
LVEtransmission1089_to_LVEtransmission1434_electricity,100
LVEtransmission1434_to_LVEtransmission663_electricity,100
LVEtransmission663_to_LVEtransmission1272_electricity,100
LVEtransmission1272_to_LVEtransmission1715_electricity,100
LVEtransmission1715_to_LVEtransmission1031_electricity,100
LVEtransmission1031_to_LVEtransmission1285_electricity,100
LVEtransmission1285_to_LVEtransmission1728_electricity,100
LVEtransmission1728_to_LVEtransmission157_electricity,100
LVEtransmission157_to_LVEtransmission1798_electricity,100
LVEtransmission1798_to_LVEtransmission1555_electricity,100
LVEtransmission1555_to_LVEtransmission215_electricity,100
LVEtransmission215_to_LVEtransmission1567_electricity,100
LVEtransmission1567_to_LVEtransmission1774_electricity,100
LVEtransmission1774_to_LVEtransmission866_electricity,100
LVEtransmission866_to_LVEtransmission159_electricity,100
LVEtransmission159_to_LVEtransmission1340_electricity,100
LVEtransmission1340_to_LVEtransmission630_electricity,100
LVEtransmission630_to_LVEtransmission836_electricity,100
LVEtransmission836_to_LVEtransmission1935_electricity,100
LVEtransmission1935_to_LVEtransmission1254_electricity,100
LVEtransmission1254_to_LVEtransmission1317_electricity,100
LVEtransmission1317_to_LVEtransmission1723_electricity,100
LVEtransmission1723_to_LVEtransmission1316_electricity,100
LVEtransmission1316_to_LVEtransmission949_electricity,100
LVEtransmission949_to_LVEtransmission1120_electricity,100
LVEtransmission1120_to_LVEtransmission1660_electricity,100
LVEtransmission1660_to_LVEtransmission1740_electricity,100
LVEtransmission1740_to_LVEtransmission1817_electricity,100
LVEtransmission1817_to_LVEtransmission1417_electricity,100
LVEtransmission1417_to_LVEtransmission1947_electricity,100
LVEtransmission1947_to_LVEtransmission1025_electricity,100
LVEtransmission1025_to_LVEtransmission1751_electricity,100
LVEtransmission1751_to_LVEtransmission689_electricity,100
LVEtransmission689_to_LVEtransmission1217_electricity,100
LVEtransmission1217_to_LVEtransmission1946_electricity,100
LVEtransmission1946_to_LVEtransmission33_electricity,100
LVEtransmission33_to_LVEtransmission1565_electricity,100
LVEtransmission1565_to_LVEtransmission1167_electricity,100
LVEtransmission1167_to_LVEtransmission1248_electricity,100
LVEtransmission1248_to_LVEtransmission996_electricity,100
LVEtransmission996_to_LVEtransmission1767_electricity,100
LVEtransmission1548_to_LVEtransmission1734_electricity,100
LVEtransmission1734_to_LVEtransmission26_electricity,100
LVEtransmission26_to_LVEtransmission48_electricity,100
LVEtransmission48_to_LVEtransmission765_electricity,100
LVEtransmission765_to_LVEtransmission1925_electricity,100
LVEtransmission1925_to_LVEtransmission566_electricity,100
LVEtransmission566_to_LVEtransmission1993_electricity,100
LVEtransmission1993_to_LVEtransmission259_electricity,100
LVEtransmission259_to_LVEtransmission506_electricity,100
LVEtransmission506_to_LVEtransmission120_electricity,100
LVEtransmission120_to_LVEtransmission576_electricity,100
LVEtransmission576_to_LVEtransmission857_electricity,100
LVEtransmission857_to_LVEtransmission17_electricity,100
LVEtransmission17_to_LVEtransmission734_electricity,100
LVEtransmission734_to_LVEtransmission88_electricity,100
LVEtransmission88_to_LVEtransmission522_electricity,100
LVEtransmission522_to_LVEtransmission969_electricity,100
LVEtransmission969_to_LVEtransmission1443_electricity,100
LVEtransmission1443_to_LVEtransmission63_electricity,100
LVEtransmission63_to_LVEtransmission1820_electricity,100
LVEtransmission1820_to_LVEtransmission1562_electricity,100
LVEtransmission1562_to_LVEtransmission154_electricity,100
LVEtransmission154_to_LVEtransmission1198_electricity,100
LVEtransmission1198_to_LVEtransmission221_electricity,100
LVEtransmission221_to_LVEtransmission816_electricity,100
LVEtransmission816_to_LVEtransmission970_electricity,100
LVEtransmission970_to_LVEtransmission1403_electricity,100
LVEtransmission1403_to_LVEtransmission1701_electricity,100
LVEtransmission456_to_LVEtransmission800_electricity,100
LVEtransmission800_to_LVEtransmission417_electricity,100
LVEtransmission417_to_LVEtransmission835_electricity,100
LVEtransmission835_to_LVEtransmission1062_electricity,100
LVEtransmission1062_to_LVEtransmission1547_electricity,100
LVEtransmission1547_to_LVEtransmission1510_electricity,100
LVEtransmission1510_to_LVEtransmission1969_electricity,100
LVEtransmission1969_to_LVEtransmission885_electricity,100
LVEtransmission885_to_LVEtransmission390_electricity,100
LVEtransmission390_to_LVEtransmission1343_electricity,100
LVEtransmission1343_to_LVEtransmission1073_electricity,100
LVEtransmission486_to_LVEtransmission441_electricity,100
LVEtransmission441_to_LVEtransmission267_electricity,100
LVEtransmission267_to_LVEtransmission637_electricity,100
LVEtransmission637_to_LVEtransmission1886_electricity,100
LVEtransmission1886_to_LVEtransmission1577_electricity,100
LVEtransmission1577_to_LVEtransmission1494_electricity,100
LVEtransmission1494_to_LVEtransmission1963_electricity,100
LVEtransmission1963_to_LVEtransmission1875_electricity,100
LVEtransmission1875_to_LVEtransmission815_electricity,100
LVEtransmission815_to_LVEtransmission452_electricity,100
LVEtransmission452_to_LVEtransmission1586_electricity,100
LVEtransmission1586_to_LVEtransmission1948_electricity,100
LVEtransmission1948_to_LVEtransmission959_electricity,100
LVEtransmission959_to_LVEtransmission1888_electricity,100
LVEtransmission1888_to_LVEtransmission1483_electricity,100
LVEtransmission1483_to_LVEtransmission1297_electricity,100
LVEtransmission1297_to_LVEtransmission1931_electricity,100
LVEtransmission1931_to_LVEtransmission867_electricity,100
LVEtransmission867_to_LVEtransmission1135_electricity,100
LVEtransmission1135_to_LVEtransmission769_electricity,100
LVEtransmission769_to_LVEtransmission595_electricity,100
LVEtransmission595_to_LVEtransmission59_electricity,100
LVEtransmission59_to_LVEtransmission1246_electricity,100
LVEtransmission1246_to_LVEtransmission238_electricity,100
LVEtransmission238_to_LVEtransmission1122_electricity,100
LVEtransmission1122_to_LVEtransmission341_electricity,100
LVEtransmission341_to_LVEtransmission1520_electricity,100
LVEtransmission1520_to_LVEtransmission351_electricity,100
LVEtransmission351_to_LVEtransmission255_electricity,100
LVEtransmission255_to_LVEtransmission1151_electricity,100
LVEtransmission1151_to_LVEtransmission1154_electricity,100
LVEtransmission1154_to_LVEtransmission910_electricity,100
LVEtransmission910_to_LVEtransmission468_electricity,100
LVEtransmission468_to_LVEtransmission881_electricity,100
LVEtransmission881_to_LVEtransmission647_electricity,100
LVEtransmission647_to_LVEtransmission430_electricity,100
LVEtransmission1390_to_LVEtransmission854_electricity,100
LVEtransmission854_to_LVEtransmission67_electricity,100
LVEtransmission67_to_LVEtransmission1983_electricity,100
LVEtransmission1983_to_LVEtransmission643_electricity,100
LVEtransmission643_to_LVEtransmission289_electricity,100
LVEtransmission289_to_LVEtransmission421_electricity,100
LVEtransmission421_to_LVEtransmission1865_electricity,100
LVEtransmission1865_to_LVEtransmission1647_electricity,100
LVEtransmission1647_to_LVEtransmission230_electricity,100
LVEtransmission230_to_LVEtransmission1708_electricity,100
LVEtransmission1708_to_LVEtransmission1027_electricity,100
LVEtransmission1027_to_LVEtransmission1904_electricity,100
LVEtransmission401_to_LVEtransmission1595_electricity,100
LVEtransmission1595_to_LVEtransmission110_electricity,100
LVEtransmission110_to_LVEtransmission1869_electricity,100
LVEtransmission1869_to_LVEtransmission1289_electricity,100
LVEtransmission1289_to_LVEtransmission1823_electricity,100
LVEtransmission1823_to_LVEtransmission1592_electricity,100
LVEtransmission1592_to_LVEtransmission762_electricity,100
LVEtransmission1359_to_LVEtransmission1462_electricity,100
LVEtransmission1462_to_LVEtransmission583_electricity,100
LVEtransmission583_to_LVEtransmission212_electricity,100
LVEtransmission212_to_LVEtransmission964_electricity,100
LVEtransmission964_to_LVEtransmission388_electricity,100
LVEtransmission388_to_LVEtransmission431_electricity,100
LVEtransmission431_to_LVEtransmission1082_electricity,100
LVEtransmission1082_to_LVEtransmission1588_electricity,100
LVEtransmission1588_to_LVEtransmission1804_electricity,100
LVEtransmission1804_to_LVEtransmission561_electricity,100
LVEtransmission561_to_LVEtransmission1770_electricity,100
LVEtransmission1770_to_LVEtransmission803_electricity,100
LVEtransmission803_to_LVEtransmission486_electricity,100
LVEtransmission486_to_LVEtransmission111_electricity,100
LVEtransmission111_to_LVEtransmission1302_electricity,100
LVEtransmission1302_to_LVEtransmission199_electricity,100
LVEtransmission199_to_LVEtransmission1799_electricity,100
LVEtransmission1799_to_LVEtransmission1661_electricity,100
LVEtransmission1661_to_LVEtransmission1068_electricity,100
LVEtransmission1068_to_LVEtransmission1779_electricity,100
LVEtransmission1779_to_LVEtransmission180_electricity,100
LVEtransmission180_to_LVEtransmission1598_electricity,100
LVEtransmission1598_to_LVEtransmission1422_electricity,100
LVEtransmission1422_to_LVEtransmission1913_electricity,100
LVEtransmission1913_to_LVEtransmission1547_electricity,100
LVEtransmission550_to_LVEtransmission171_electricity,100
LVEtransmission171_to_LVEtransmission774_electricity,100
LVEtransmission774_to_LVEtransmission1190_electricity,100
LVEtransmission1190_to_LVEtransmission1791_electricity,100
LVEtransmission1791_to_LVEtransmission1638_electricity,100
LVEtransmission1638_to_LVEtransmission213_electricity,100
LVEtransmission213_to_LVEtransmission1970_electricity,100
LVEtransmission1970_to_LVEtransmission562_electricity,100
LVEtransmission562_to_LVEtransmission990_electricity,100
LVEtransmission990_to_LVEtransmission543_electricity,100
LVEtransmission543_to_LVEtransmission455_electricity,100
LVEtransmission455_to_LVEtransmission1535_electricity,100
LVEtransmission1535_to_LVEtransmission438_electricity,100
LVEtransmission438_to_LVEtransmission1509_electricity,100
LVEtransmission1509_to_LVEtransmission1469_electricity,100
LVEtransmission1469_to_LVEtransmission288_electricity,100
LVEtransmission288_to_LVEtransmission1892_electricity,100
LVEtransmission1892_to_LVEtransmission263_electricity,100
LVEtransmission263_to_LVEtransmission1900_electricity,100
LVEtransmission1900_to_LVEtransmission681_electricity,100
LVEtransmission681_to_LVEtransmission493_electricity,100
LVEtransmission493_to_LVEtransmission617_electricity,100
LVEtransmission617_to_LVEtransmission702_electricity,100
LVEtransmission702_to_LVEtransmission817_electricity,100
LVEtransmission817_to_LVEtransmission1585_electricity,100
LVEtransmission1585_to_LVEtransmission400_electricity,100
LVEtransmission400_to_LVEtransmission1860_electricity,100
LVEtransmission1860_to_LVEtransmission781_electricity,100
LVEtransmission781_to_LVEtransmission1264_electricity,100
LVEtransmission193_to_LVEtransmission129_electricity,100
LVEtransmission129_to_LVEtransmission930_electricity,100
LVEtransmission930_to_LVEtransmission675_electricity,100
LVEtransmission675_to_LVEtransmission1283_electricity,100
LVEtransmission1283_to_LVEtransmission1413_electricity,100
LVEtransmission1413_to_LVEtransmission195_electricity,100
LVEtransmission195_to_LVEtransmission768_electricity,100
LVEtransmission768_to_LVEtransmission106_electricity,100
LVEtransmission106_to_LVEtransmission657_electricity,100
LVEtransmission657_to_LVEtransmission553_electricity,100
LVEtransmission553_to_LVEtransmission877_electricity,100
LVEtransmission877_to_LVEtransmission491_electricity,100
LVEtransmission491_to_LVEtransmission149_electricity,100
LVEtransmission149_to_LVEtransmission627_electricity,100
LVEtransmission627_to_LVEtransmission520_electricity,100
LVEtransmission520_to_LVEtransmission840_electricity,100
LVEtransmission840_to_LVEtransmission501_electricity,100
LVEtransmission1512_to_LVEtransmission1337_electricity,100
LVEtransmission1337_to_LVEtransmission1614_electricity,100
LVEtransmission1614_to_LVEtransmission1909_electricity,100
LVEtransmission1909_to_LVEtransmission649_electricity,100
LVEtransmission649_to_LVEtransmission472_electricity,100
LVEtransmission472_to_LVEtransmission285_electricity,100
LVEtransmission285_to_LVEtransmission94_electricity,100
LVEtransmission94_to_LVEtransmission358_electricity,100
LVEtransmission358_to_LVEtransmission1581_electricity,100
LVEtransmission1581_to_LVEtransmission473_electricity,100
LVEtransmission473_to_LVEtransmission790_electricity,100
LVEtransmission790_to_LVEtransmission344_electricity,100
LVEtransmission344_to_LVEtransmission832_electricity,100
LVEtransmission832_to_LVEtransmission1749_electricity,100
LVEtransmission1749_to_LVEtransmission99_electricity,100
LVEtransmission99_to_LVEtransmission608_electricity,100
LVEtransmission608_to_LVEtransmission1916_electricity,100
LVEtransmission1916_to_LVEtransmission155_electricity,100
LVEtransmission155_to_LVEtransmission109_electricity,100
LVEtransmission109_to_LVEtransmission1307_electricity,100
LVEtransmission1075_to_LVEtransmission1664_electricity,100
LVEtransmission1664_to_LVEtransmission777_electricity,100
LVEtransmission777_to_LVEtransmission890_electricity,100
LVEtransmission890_to_LVEtransmission6_electricity,100
LVEtransmission6_to_LVEtransmission509_electricity,100
LVEtransmission509_to_LVEtransmission1573_electricity,100
LVEtransmission1573_to_LVEtransmission744_electricity,100
LVEtransmission744_to_LVEtransmission1053_electricity,100
LVEtransmission1053_to_LVEtransmission1327_electricity,100
LVEtransmission1327_to_LVEtransmission1675_electricity,100
LVEtransmission1675_to_LVEtransmission136_electricity,100
LVEtransmission136_to_LVEtransmission1838_electricity,100
LVEtransmission1838_to_LVEtransmission1467_electricity,100
LVEtransmission1467_to_LVEtransmission692_electricity,100
LVEtransmission692_to_LVEtransmission290_electricity,100
LVEtransmission290_to_LVEtransmission1982_electricity,100
LVEtransmission1982_to_LVEtransmission469_electricity,100
LVEtransmission720_to_LVEtransmission1828_electricity,100
LVEtransmission1828_to_LVEtransmission1597_electricity,100
LVEtransmission1597_to_LVEtransmission500_electricity,100
LVEtransmission500_to_LVEtransmission280_electricity,100
LVEtransmission280_to_LVEtransmission1423_electricity,100
LVEtransmission425_to_LVEtransmission1451_electricity,100
LVEtransmission1451_to_LVEtransmission1943_electricity,100
LVEtransmission1943_to_LVEtransmission123_electricity,100
LVEtransmission123_to_LVEtransmission1049_electricity,100
LVEtransmission1049_to_LVEtransmission760_electricity,100
LVEtransmission760_to_LVEtransmission1824_electricity,100
LVEtransmission1824_to_LVEtransmission711_electricity,100
LVEtransmission711_to_LVEtransmission414_electricity,100
LVEtransmission414_to_LVEtransmission1785_electricity,100
LVEtransmission1785_to_LVEtransmission362_electricity,100
LVEtransmission362_to_LVEtransmission85_electricity,100
LVEtransmission85_to_LVEtransmission1457_electricity,100
LVEtransmission1457_to_LVEtransmission1364_electricity,100
LVEtransmission1364_to_LVEtransmission27_electricity,100
LVEtransmission27_to_LVEtransmission1110_electricity,100
LVEtransmission1110_to_LVEtransmission1385_electricity,100
LVEtransmission1385_to_LVEtransmission878_electricity,100
LVEtransmission878_to_LVEtransmission745_electricity,100
LVEtransmission745_to_LVEtransmission1528_electricity,100
LVEtransmission1528_to_LVEtransmission757_electricity,100
LVEtransmission757_to_LVEtransmission1906_electricity,100
LVEtransmission1906_to_LVEtransmission1373_electricity,100
LVEtransmission1373_to_LVEtransmission1507_electricity,100
LVEtransmission1507_to_LVEtransmission585_electricity,100
LVEtransmission738_to_LVEtransmission463_electricity,100
LVEtransmission463_to_LVEtransmission1083_electricity,100
LVEtransmission1083_to_LVEtransmission1054_electricity,100
LVEtransmission1054_to_LVEtransmission316_electricity,100
LVEtransmission316_to_LVEtransmission1839_electricity,100
LVEtransmission1839_to_LVEtransmission960_electricity,100
LVEtransmission960_to_LVEtransmission38_electricity,100
LVEtransmission1767_to_LVEtransmission1018_electricity,100
LVEtransmission1018_to_LVEtransmission1202_electricity,100
LVEtransmission1202_to_LVEtransmission73_electricity,100
LVEtransmission73_to_LVEtransmission1553_electricity,100
LVEtransmission1553_to_LVEtransmission1540_electricity,100
LVEtransmission1540_to_LVEtransmission361_electricity,100
LVEtransmission361_to_LVEtransmission1374_electricity,100
LVEtransmission1374_to_LVEtransmission458_electricity,100
LVEtransmission458_to_LVEtransmission1932_electricity,100
LVEtransmission1932_to_LVEtransmission1897_electricity,100
LVEtransmission1897_to_LVEtransmission505_electricity,100
LVEtransmission505_to_LVEtransmission1346_electricity,100
LVEtransmission1346_to_LVEtransmission1938_electricity,100
LVEtransmission1938_to_LVEtransmission1206_electricity,100
LVEtransmission1206_to_LVEtransmission98_electricity,100
LVEtransmission98_to_LVEtransmission1635_electricity,100
LVEtransmission1905_to_LVEtransmission1605_electricity,100
LVEtransmission1605_to_LVEtransmission1416_electricity,100
LVEtransmission1416_to_LVEtransmission50_electricity,100
LVEtransmission50_to_LVEtransmission58_electricity,100
LVEtransmission58_to_LVEtransmission78_electricity,100
LVEtransmission78_to_LVEtransmission741_electricity,100
LVEtransmission741_to_LVEtransmission548_electricity,100
LVEtransmission548_to_LVEtransmission30_electricity,100
LVEtransmission30_to_LVEtransmission611_electricity,100
LVEtransmission611_to_LVEtransmission1365_electricity,100
LVEtransmission1365_to_LVEtransmission188_electricity,100
LVEtransmission188_to_LVEtransmission801_electricity,100
LVEtransmission801_to_LVEtransmission1132_electricity,100
LVEtransmission1132_to_LVEtransmission302_electricity,100
LVEtransmission302_to_LVEtransmission1131_electricity,100
LVEtransmission1131_to_LVEtransmission121_electricity,100
LVEtransmission121_to_LVEtransmission76_electricity,100
LVEtransmission76_to_LVEtransmission1043_electricity,100
LVEtransmission1043_to_LVEtransmission342_electricity,100
LVEtransmission342_to_LVEtransmission1331_electricity,100
LVEtransmission1331_to_LVEtransmission1899_electricity,100
LVEtransmission1899_to_LVEtransmission57_electricity,100
LVEtransmission57_to_LVEtransmission1291_electricity,100
LVEtransmission1291_to_LVEtransmission971_electricity,100
LVEtransmission971_to_LVEtransmission1106_electricity,100
LVEtransmission1106_to_LVEtransmission1213_electricity,100
LVEtransmission920_to_LVEtransmission1505_electricity,100
LVEtransmission1505_to_LVEtransmission134_electricity,100
LVEtransmission134_to_LVEtransmission693_electricity,100
LVEtransmission693_to_LVEtransmission72_electricity,100
LVEtransmission72_to_LVEtransmission1269_electricity,100
LVEtransmission1269_to_LVEtransmission152_electricity,100
LVEtransmission152_to_LVEtransmission851_electricity,100
LVEtransmission851_to_LVEtransmission1980_electricity,100
LVEtransmission1980_to_LVEtransmission723_electricity,100
LVEtransmission723_to_LVEtransmission806_electricity,100
LVEtransmission806_to_LVEtransmission1033_electricity,100
LVEtransmission1033_to_LVEtransmission1349_electricity,100
LVEtransmission1349_to_LVEtransmission264_electricity,100
LVEtransmission264_to_LVEtransmission1927_electricity,100
LVEtransmission1927_to_LVEtransmission1539_electricity,100
LVEtransmission1539_to_LVEtransmission1163_electricity,100
LVEtransmission1163_to_LVEtransmission1764_electricity,100
LVEtransmission1764_to_LVEtransmission117_electricity,100
LVEtransmission117_to_LVEtransmission428_electricity,100
LVEtransmission428_to_LVEtransmission1549_electricity,100
LVEtransmission1549_to_LVEtransmission1478_electricity,100
LVEtransmission1478_to_LVEtransmission1928_electricity,100
LVEtransmission1928_to_LVEtransmission623_electricity,100
LVEtransmission623_to_LVEtransmission1110_electricity,100
LVEtransmission1307_to_LVEtransmission772_electricity,100
LVEtransmission772_to_LVEtransmission709_electricity,100
LVEtransmission709_to_LVEtransmission1809_electricity,100
LVEtransmission1809_to_LVEtransmission1231_electricity,100
LVEtransmission1231_to_LVEtransmission1465_electricity,100
LVEtransmission1465_to_LVEtransmission143_electricity,100
LVEtransmission143_to_LVEtransmission1552_electricity,100
LVEtransmission1552_to_LVEtransmission153_electricity,100
LVEtransmission153_to_LVEtransmission77_electricity,100
LVEtransmission77_to_LVEtransmission717_electricity,100
LVEtransmission717_to_LVEtransmission1205_electricity,100
LVEtransmission1205_to_LVEtransmission161_electricity,100
LVEtransmission161_to_LVEtransmission550_electricity,100
LVEtransmission550_to_LVEtransmission386_electricity,100
LVEtransmission386_to_LVEtransmission70_electricity,100
LVEtransmission70_to_LVEtransmission1050_electricity,100
LVEtransmission1050_to_LVEtransmission1277_electricity,100
LVEtransmission1277_to_LVEtransmission1348_electricity,100
LVEtransmission1348_to_LVEtransmission1288_electricity,100
LVEtransmission1288_to_LVEtransmission4_electricity,100
LVEtransmission4_to_LVEtransmission1511_electricity,100
LVEtransmission1511_to_LVEtransmission1450_electricity,100
LVEtransmission1450_to_LVEtransmission1421_electricity,100
LVEtransmission1421_to_LVEtransmission315_electricity,100
LVEtransmission315_to_LVEtransmission1615_electricity,100
LVEtransmission1615_to_LVEtransmission1773_electricity,100
LVEtransmission1773_to_LVEtransmission1309_electricity,100
LVEtransmission202_to_LVEtransmission1795_electricity,100
LVEtransmission1795_to_LVEtransmission1482_electricity,100
LVEtransmission1482_to_LVEtransmission882_electricity,100
LVEtransmission882_to_LVEtransmission1846_electricity,100
LVEtransmission1846_to_LVEtransmission1267_electricity,100
LVEtransmission1267_to_LVEtransmission1778_electricity,100
LVEtransmission1778_to_LVEtransmission739_electricity,100
LVEtransmission739_to_LVEtransmission1229_electricity,100
LVEtransmission1229_to_LVEtransmission391_electricity,100
LVEtransmission1267_to_LVEtransmission1312_electricity,100
LVEtransmission1312_to_LVEtransmission1582_electricity,100
LVEtransmission1582_to_LVEtransmission294_electricity,100
LVEtransmission294_to_LVEtransmission31_electricity,100
LVEtransmission31_to_LVEtransmission614_electricity,100
LVEtransmission614_to_LVEtransmission876_electricity,100
LVEtransmission876_to_LVEtransmission422_electricity,100
LVEtransmission422_to_LVEtransmission1366_electricity,100
LVEtransmission1366_to_LVEtransmission1678_electricity,100
LVEtransmission1678_to_LVEtransmission1717_electricity,100
LVEtransmission1717_to_LVEtransmission1525_electricity,100
LVEtransmission1525_to_LVEtransmission1546_electricity,100
LVEtransmission320_to_LVEtransmission1704_electricity,100
LVEtransmission1704_to_LVEtransmission1192_electricity,100
LVEtransmission1192_to_LVEtransmission740_electricity,100
LVEtransmission740_to_LVEtransmission1546_electricity,100
LVEtransmission1546_to_LVEtransmission503_electricity,100
LVEtransmission503_to_LVEtransmission1140_electricity,100
LVEtransmission1140_to_LVEtransmission1884_electricity,100
LVEtransmission1884_to_LVEtransmission903_electricity,100
LVEtransmission903_to_LVEtransmission1631_electricity,100
LVEtransmission1698_to_LVEtransmission554_electricity,100
LVEtransmission554_to_LVEtransmission1382_electricity,100
LVEtransmission1382_to_LVEtransmission847_electricity,100
LVEtransmission847_to_LVEtransmission1911_electricity,100
LVEtransmission731_to_LVEtransmission1019_electricity,100
LVEtransmission1019_to_LVEtransmission1741_electricity,100
LVEtransmission1741_to_LVEtransmission1698_electricity,100
LVEtransmission1911_to_LVEtransmission1460_electricity,100
LVEtransmission1460_to_LVEtransmission86_electricity,100
LVEtransmission86_to_LVEtransmission1914_electricity,100
LVEtransmission1914_to_LVEtransmission1492_electricity,100
LVEtransmission1492_to_LVEtransmission514_electricity,100
LVEtransmission514_to_LVEtransmission113_electricity,100
LVEtransmission113_to_LVEtransmission1475_electricity,100
LVEtransmission1475_to_LVEtransmission1017_electricity,100
LVEtransmission1017_to_LVEtransmission560_electricity,100
LVEtransmission560_to_LVEtransmission1667_electricity,100
LVEtransmission1667_to_LVEtransmission1203_electricity,100
LVEtransmission1203_to_LVEtransmission1021_electricity,100
LVEtransmission1021_to_LVEtransmission306_electricity,100
LVEtransmission306_to_LVEtransmission1208_electricity,100
LVEtransmission1136_to_LVEtransmission759_electricity,100
LVEtransmission759_to_LVEtransmission13_electricity,100
LVEtransmission13_to_LVEtransmission1825_electricity,100
LVEtransmission1825_to_LVEtransmission677_electricity,100
LVEtransmission677_to_LVEtransmission1375_electricity,100
LVEtransmission1375_to_LVEtransmission796_electricity,100
LVEtransmission796_to_LVEtransmission139_electricity,100
LVEtransmission139_to_LVEtransmission84_electricity,100
LVEtransmission84_to_LVEtransmission1258_electricity,100
LVEtransmission1258_to_LVEtransmission1852_electricity,100
LVEtransmission1852_to_LVEtransmission818_electricity,100
LVEtransmission818_to_LVEtransmission1818_electricity,100
LVEtransmission1818_to_LVEtransmission1776_electricity,100
LVEtransmission1776_to_LVEtransmission920_electricity,100
LVEtransmission920_to_LVEtransmission1080_electricity,100
LVEtransmission1080_to_LVEtransmission1658_electricity,100
LVEtransmission1658_to_LVEtransmission1294_electricity,100
LVEtransmission1294_to_LVEtransmission1224_electricity,100
LVEtransmission1224_to_LVEtransmission1569_electricity,100
LVEtransmission1569_to_LVEtransmission771_electricity,100
LVEtransmission771_to_LVEtransmission753_electricity,100
LVEtransmission753_to_LVEtransmission1992_electricity,100
LVEtransmission1992_to_LVEtransmission1786_electricity,100
LVEtransmission1786_to_LVEtransmission1319_electricity,100
LVEtransmission1319_to_LVEtransmission1085_electricity,100
LVEtransmission1085_to_LVEtransmission871_electricity,100
LVEtransmission871_to_LVEtransmission548_electricity,100
LVEtransmission1089_to_LVEtransmission915_electricity,100
LVEtransmission915_to_LVEtransmission1414_electricity,100
LVEtransmission1414_to_LVEtransmission1232_electricity,100
LVEtransmission1232_to_LVEtransmission1262_electricity,100
LVEtransmission1262_to_LVEtransmission11_electricity,100
LVEtransmission11_to_LVEtransmission497_electricity,100
LVEtransmission497_to_LVEtransmission325_electricity,100
LVEtransmission325_to_LVEtransmission827_electricity,100
LVEtransmission827_to_LVEtransmission846_electricity,100
LVEtransmission846_to_LVEtransmission1629_electricity,100
LVEtransmission1629_to_LVEtransmission100_electricity,100
LVEtransmission100_to_LVEtransmission1924_electricity,100
LVEtransmission1924_to_LVEtransmission411_electricity,100
LVEtransmission373_to_LVEtransmission613_electricity,100
LVEtransmission613_to_LVEtransmission680_electricity,100
LVEtransmission680_to_LVEtransmission1387_electricity,100
LVEtransmission1387_to_LVEtransmission484_electricity,100
LVEtransmission484_to_LVEtransmission981_electricity,100
LVEtransmission981_to_LVEtransmission1420_electricity,100
LVEtransmission1420_to_LVEtransmission1649_electricity,100
LVEtransmission1649_to_LVEtransmission1534_electricity,100
LVEtransmission1534_to_LVEtransmission1519_electricity,100
LVEtransmission1519_to_LVEtransmission1156_electricity,100
LVEtransmission1156_to_LVEtransmission508_electricity,100
LVEtransmission508_to_LVEtransmission1676_electricity,100
LVEtransmission1676_to_LVEtransmission170_electricity,100
LVEtransmission170_to_LVEtransmission868_electricity,100
LVEtransmission868_to_LVEtransmission1827_electricity,100
LVEtransmission1827_to_LVEtransmission494_electricity,100
LVEtransmission494_to_LVEtransmission1225_electricity,100
LVEtransmission1225_to_LVEtransmission750_electricity,100
LVEtransmission1244_to_LVEtransmission1069_electricity,100
LVEtransmission1069_to_LVEtransmission244_electricity,100
LVEtransmission244_to_LVEtransmission1568_electricity,100
LVEtransmission1568_to_LVEtransmission1650_electricity,100
LVEtransmission1650_to_LVEtransmission1907_electricity,100
LVEtransmission1907_to_LVEtransmission1207_electricity,100
LVEtransmission1207_to_LVEtransmission1299_electricity,100
LVEtransmission1299_to_LVEtransmission1402_electricity,100
LVEtransmission1402_to_LVEtransmission65_electricity,100
LVEtransmission65_to_LVEtransmission1967_electricity,100
LVEtransmission1967_to_LVEtransmission1046_electricity,100
LVEtransmission1046_to_LVEtransmission1998_electricity,100
LVEtransmission1998_to_LVEtransmission1636_electricity,100
LVEtransmission1636_to_LVEtransmission345_electricity,100
LVEtransmission345_to_LVEtransmission1685_electricity,100
LVEtransmission1685_to_LVEtransmission1777_electricity,100
LVEtransmission1777_to_LVEtransmission1780_electricity,100
LVEtransmission1780_to_LVEtransmission1320_electricity,100
LVEtransmission1320_to_LVEtransmission1295_electricity,100
LVEtransmission1295_to_LVEtransmission1806_electricity,100
LVEtransmission546_to_LVEtransmission1754_electricity,100
LVEtransmission1754_to_LVEtransmission312_electricity,100
LVEtransmission312_to_LVEtransmission228_electricity,100
LVEtransmission228_to_LVEtransmission1038_electricity,100
LVEtransmission1038_to_LVEtransmission984_electricity,100
LVEtransmission984_to_LVEtransmission1315_electricity,100
LVEtransmission1315_to_LVEtransmission1155_electricity,100
LVEtransmission1155_to_LVEtransmission1259_electricity,100
LVEtransmission1396_to_LVEtransmission1737_electricity,100
LVEtransmission1737_to_LVEtransmission18_electricity,100
LVEtransmission18_to_LVEtransmission532_electricity,100
LVEtransmission532_to_LVEtransmission239_electricity,100
LVEtransmission239_to_LVEtransmission1213_electricity,100
LVEtransmission1213_to_LVEtransmission405_electricity,100
LVEtransmission405_to_LVEtransmission317_electricity,100
LVEtransmission317_to_LVEtransmission747_electricity,100
LVEtransmission747_to_LVEtransmission1923_electricity,100
LVEtransmission6_to_LVEtransmission1990_electricity,100
LVEtransmission1990_to_LVEtransmission1953_electricity,100
LVEtransmission1953_to_LVEtransmission1755_electricity,100
LVEtransmission1755_to_LVEtransmission1851_electricity,100
LVEtransmission1851_to_LVEtransmission151_electricity,100
LVEtransmission151_to_LVEtransmission1941_electricity,100
LVEtransmission1941_to_LVEtransmission510_electricity,100
LVEtransmission510_to_LVEtransmission1094_electricity,100
LVEtransmission1094_to_LVEtransmission1066_electricity,100
LVEtransmission1066_to_LVEtransmission1496_electricity,100
LVEtransmission238_to_LVEtransmission1081_electricity,100
LVEtransmission1081_to_LVEtransmission40_electricity,100
LVEtransmission40_to_LVEtransmission1720_electricity,100
LVEtransmission1720_to_LVEtransmission1936_electricity,100
LVEtransmission1936_to_LVEtransmission380_electricity,100
LVEtransmission380_to_LVEtransmission1274_electricity,100
LVEtransmission1274_to_LVEtransmission402_electricity,100
LVEtransmission402_to_LVEtransmission811_electricity,100
LVEtransmission811_to_LVEtransmission1230_electricity,100
LVEtransmission389_to_LVEtransmission1683_electricity,100
LVEtransmission1683_to_LVEtransmission1761_electricity,100
LVEtransmission1761_to_LVEtransmission1713_electricity,100
LVEtransmission1713_to_LVEtransmission1435_electricity,100
LVEtransmission1435_to_LVEtransmission870_electricity,100
LVEtransmission870_to_LVEtransmission477_electricity,100
LVEtransmission477_to_LVEtransmission1404_electricity,100
LVEtransmission1404_to_LVEtransmission1841_electricity,100
LVEtransmission193_to_LVEtransmission1681_electricity,100
LVEtransmission1681_to_LVEtransmission1336_electricity,100
LVEtransmission1336_to_LVEtransmission1009_electricity,100
LVEtransmission1009_to_LVEtransmission210_electricity,100
LVEtransmission210_to_LVEtransmission138_electricity,100
LVEtransmission138_to_LVEtransmission948_electricity,100
LVEtransmission948_to_LVEtransmission610_electricity,100
LVEtransmission610_to_LVEtransmission1186_electricity,100
LVEtransmission1186_to_LVEtransmission848_electricity,100
LVEtransmission848_to_LVEtransmission43_electricity,100
LVEtransmission43_to_LVEtransmission1545_electricity,100
LVEtransmission1545_to_LVEtransmission1481_electricity,100
LVEtransmission1543_to_LVEtransmission975_electricity,100
LVEtransmission975_to_LVEtransmission1485_electricity,100
LVEtransmission1485_to_LVEtransmission626_electricity,100
LVEtransmission626_to_LVEtransmission141_electricity,100
LVEtransmission141_to_LVEtransmission1775_electricity,100
LVEtransmission1775_to_LVEtransmission75_electricity,100
LVEtransmission75_to_LVEtransmission434_electricity,100
LVEtransmission434_to_LVEtransmission1479_electricity,100
LVEtransmission1479_to_LVEtransmission1361_electricity,100
LVEtransmission1361_to_LVEtransmission571_electricity,100
LVEtransmission571_to_LVEtransmission460_electricity,100
LVEtransmission460_to_LVEtransmission1070_electricity,100
LVEtransmission1070_to_LVEtransmission251_electricity,100
LVEtransmission251_to_LVEtransmission1470_electricity,100
LVEtransmission1470_to_LVEtransmission909_electricity,100
LVEtransmission909_to_LVEtransmission330_electricity,100
LVEtransmission330_to_LVEtransmission229_electricity,100
LVEtransmission1309_to_LVEtransmission21_electricity,100
LVEtransmission21_to_LVEtransmission409_electricity,100
LVEtransmission409_to_LVEtransmission754_electricity,100
LVEtransmission754_to_LVEtransmission1313_electricity,100
LVEtransmission1313_to_LVEtransmission601_electricity,100
LVEtransmission601_to_LVEtransmission1162_electricity,100
LVEtransmission1162_to_LVEtransmission1769_electricity,100
LVEtransmission1769_to_LVEtransmission1960_electricity,100
LVEtransmission1960_to_LVEtransmission1515_electricity,100
LVEtransmission1515_to_LVEtransmission1542_electricity,100
LVEtransmission1542_to_LVEtransmission190_electricity,100
LVEtransmission190_to_LVEtransmission1298_electricity,100
LVEtransmission1298_to_LVEtransmission34_electricity,100
LVEtransmission34_to_LVEtransmission234_electricity,100
LVEtransmission234_to_LVEtransmission1732_electricity,100
LVEtransmission1732_to_LVEtransmission1391_electricity,100
LVEtransmission1391_to_LVEtransmission828_electricity,100
LVEtransmission828_to_LVEtransmission743_electricity,100
LVEtransmission743_to_LVEtransmission412_electricity,100
LVEtransmission412_to_LVEtransmission150_electricity,100
LVEtransmission150_to_LVEtransmission1384_electricity,100
LVEtransmission1384_to_LVEtransmission567_electricity,100
LVEtransmission567_to_LVEtransmission1345_electricity,100
LVEtransmission1345_to_LVEtransmission403_electricity,100
LVEtransmission403_to_LVEtransmission1725_electricity,100
LVEtransmission1725_to_LVEtransmission64_electricity,100
LVEtransmission64_to_LVEtransmission1587_electricity,100
LVEtransmission1587_to_LVEtransmission621_electricity,100
LVEtransmission621_to_LVEtransmission1915_electricity,100
LVEtransmission1915_to_LVEtransmission1234_electricity,100
LVEtransmission1234_to_LVEtransmission236_electricity,100
LVEtransmission236_to_LVEtransmission1570_electricity,100
LVEtransmission1570_to_LVEtransmission1877_electricity,100
LVEtransmission1877_to_LVEtransmission1543_electricity,100
LVEtransmission802_to_LVEtransmission1640_electricity,100
LVEtransmission1640_to_LVEtransmission442_electricity,100
LVEtransmission442_to_LVEtransmission749_electricity,100
LVEtransmission749_to_LVEtransmission1551_electricity,100
LVEtransmission1551_to_LVEtransmission163_electricity,100
LVEtransmission163_to_LVEtransmission1429_electricity,100
LVEtransmission1429_to_LVEtransmission716_electricity,100
LVEtransmission716_to_LVEtransmission1055_electricity,100
LVEtransmission1055_to_LVEtransmission323_electricity,100
LVEtransmission323_to_LVEtransmission664_electricity,100
LVEtransmission664_to_LVEtransmission1259_electricity,100
LVEtransmission1259_to_LVEtransmission124_electricity,100
LVEtransmission124_to_LVEtransmission1575_electricity,100
LVEtransmission1575_to_LVEtransmission1792_electricity,100
LVEtransmission1792_to_LVEtransmission1060_electricity,100
LVEtransmission1060_to_LVEtransmission146_electricity,100
LVEtransmission146_to_LVEtransmission1180_electricity,100
LVEtransmission1180_to_LVEtransmission687_electricity,100
LVEtransmission687_to_LVEtransmission1040_electricity,100
LVEtransmission1040_to_LVEtransmission332_electricity,100
LVEtransmission332_to_LVEtransmission1144_electricity,100
LVEtransmission1144_to_LVEtransmission1781_electricity,100
LVEtransmission1781_to_LVEtransmission1544_electricity,100
LVEtransmission1544_to_LVEtransmission512_electricity,100
LVEtransmission512_to_LVEtransmission1169_electricity,100
LVEtransmission1169_to_LVEtransmission952_electricity,100
LVEtransmission952_to_LVEtransmission1471_electricity,100
LVEtransmission1471_to_LVEtransmission1251_electricity,100
LVEtransmission1251_to_LVEtransmission329_electricity,100
LVEtransmission329_to_LVEtransmission1170_electricity,100
LVEtransmission1170_to_LVEtransmission1971_electricity,100
LVEtransmission1971_to_LVEtransmission1278_electricity,100
LVEtransmission1278_to_LVEtransmission495_electricity,100
LVEtransmission495_to_LVEtransmission1157_electricity,100
LVEtransmission1157_to_LVEtransmission1949_electricity,100
LVEtransmission1949_to_LVEtransmission1253_electricity,100
LVEtransmission1253_to_LVEtransmission525_electricity,100
LVEtransmission525_to_LVEtransmission1362_electricity,100
LVEtransmission1362_to_LVEtransmission164_electricity,100
LVEtransmission164_to_LVEtransmission997_electricity,100
LVEtransmission997_to_LVEtransmission722_electricity,100
LVEtransmission722_to_LVEtransmission721_electricity,100
LVEtransmission721_to_LVEtransmission370_electricity,100
LVEtransmission370_to_LVEtransmission104_electricity,100
LVEtransmission104_to_LVEtransmission1453_electricity,100
LVEtransmission1453_to_LVEtransmission742_electricity,100
LVEtransmission742_to_LVEtransmission1554_electricity,100
LVEtransmission1554_to_LVEtransmission1074_electricity,100
LVEtransmission1074_to_LVEtransmission60_electricity,100
LVEtransmission60_to_LVEtransmission703_electricity,100
LVEtransmission703_to_LVEtransmission1805_electricity,100
LVEtransmission1805_to_LVEtransmission1007_electricity,100
LVEtransmission1007_to_LVEtransmission90_electricity,100
LVEtransmission90_to_LVEtransmission912_electricity,100
LVEtransmission912_to_LVEtransmission1745_electricity,100
LVEtransmission1745_to_LVEtransmission535_electricity,100
LVEtransmission535_to_LVEtransmission1841_electricity,100
LVEtransmission1841_to_LVEtransmission1204_electricity,100
LVEtransmission1204_to_LVEtransmission1164_electricity,100
LVEtransmission1164_to_LVEtransmission1653_electricity,100
LVEtransmission1653_to_LVEtransmission499_electricity,100
LVEtransmission499_to_LVEtransmission931_electricity,100
LVEtransmission931_to_LVEtransmission1617_electricity,100
LVEtransmission1617_to_LVEtransmission1987_electricity,100
LVEtransmission1987_to_LVEtransmission924_electricity,100
LVEtransmission924_to_LVEtransmission1292_electricity,100
LVEtransmission1292_to_LVEtransmission1541_electricity,100
LVEtransmission1541_to_LVEtransmission432_electricity,100
LVEtransmission432_to_LVEtransmission831_electricity,100
LVEtransmission831_to_LVEtransmission1972_electricity,100
LVEtransmission1972_to_LVEtransmission1281_electricity,100
LVEtransmission1281_to_LVEtransmission1301_electricity,100
LVEtransmission1301_to_LVEtransmission1041_electricity,100
LVEtransmission1041_to_LVEtransmission1861_electricity,100
LVEtransmission1861_to_LVEtransmission223_electricity,100
LVEtransmission223_to_LVEtransmission950_electricity,100
LVEtransmission950_to_LVEtransmission861_electricity,100
LVEtransmission861_to_LVEtransmission1242_electricity,100
LVEtransmission1242_to_LVEtransmission604_electricity,100
LVEtransmission604_to_LVEtransmission989_electricity,100
LVEtransmission989_to_LVEtransmission1599_electricity,100
LVEtransmission1599_to_LVEtransmission283_electricity,100
LVEtransmission283_to_LVEtransmission1124_electricity,100
LVEtransmission1124_to_LVEtransmission862_electricity,100
LVEtransmission862_to_LVEtransmission1322_electricity,100
LVEtransmission1322_to_LVEtransmission1379_electricity,100
LVEtransmission1379_to_LVEtransmission1126_electricity,100
LVEtransmission1126_to_LVEtransmission318_electricity,100
LVEtransmission318_to_LVEtransmission700_electricity,100
LVEtransmission700_to_LVEtransmission1895_electricity,100
LVEtransmission1895_to_LVEtransmission308_electricity,100
LVEtransmission308_to_LVEtransmission1245_electricity,100
LVEtransmission1245_to_LVEtransmission632_electricity,100
LVEtransmission632_to_LVEtransmission383_electricity,100
LVEtransmission383_to_LVEtransmission1954_electricity,100
LVEtransmission1954_to_LVEtransmission1556_electricity,100
LVEtransmission1556_to_LVEtransmission934_electricity,100
LVEtransmission934_to_LVEtransmission1360_electricity,100
LVEtransmission1360_to_LVEtransmission447_electricity,100
LVEtransmission447_to_LVEtransmission1673_electricity,100
LVEtransmission1673_to_LVEtransmission1437_electricity,100
LVEtransmission1437_to_LVEtransmission1496_electricity,100
LVEtransmission1496_to_LVEtransmission1447_electricity,100
LVEtransmission1447_to_LVEtransmission841_electricity,100
LVEtransmission841_to_LVEtransmission216_electricity,100
LVEtransmission216_to_LVEtransmission668_electricity,100
LVEtransmission668_to_LVEtransmission488_electricity,100
LVEtransmission488_to_LVEtransmission918_electricity,100
LVEtransmission918_to_LVEtransmission127_electricity,100
LVEtransmission127_to_LVEtransmission1746_electricity,100
LVEtransmission1746_to_LVEtransmission142_electricity,100
LVEtransmission142_to_LVEtransmission1757_electricity,100
LVEtransmission1757_to_LVEtransmission410_electricity,100
LVEtransmission410_to_LVEtransmission1352_electricity,100
LVEtransmission1352_to_LVEtransmission1215_electricity,100
LVEtransmission1215_to_LVEtransmission1666_electricity,100
LVEtransmission1666_to_LVEtransmission1256_electricity,100
LVEtransmission1256_to_LVEtransmission1139_electricity,100
LVEtransmission1139_to_LVEtransmission1506_electricity,100
LVEtransmission1506_to_LVEtransmission1388_electricity,100
LVEtransmission1388_to_LVEtransmission254_electricity,100
LVEtransmission254_to_LVEtransmission352_electricity,100
LVEtransmission352_to_LVEtransmission908_electricity,100
LVEtransmission908_to_LVEtransmission1883_electricity,100
LVEtransmission1883_to_LVEtransmission1672_electricity,100
LVEtransmission1672_to_LVEtransmission1822_electricity,100
LVEtransmission1822_to_LVEtransmission1543_electricity,100
LVEtransmission1570_to_LVEtransmission404_electricity,100
LVEtransmission404_to_LVEtransmission247_electricity,100
LVEtransmission247_to_LVEtransmission1116_electricity,100
LVEtransmission1116_to_LVEtransmission715_electricity,100
LVEtransmission715_to_LVEtransmission1893_electricity,100
LVEtransmission1893_to_LVEtransmission175_electricity,100
LVEtransmission175_to_LVEtransmission685_electricity,100
LVEtransmission685_to_LVEtransmission1411_electricity,100
LVEtransmission1411_to_LVEtransmission1712_electricity,100
LVEtransmission1712_to_LVEtransmission858_electricity,100
LVEtransmission858_to_LVEtransmission1378_electricity,100
LVEtransmission1378_to_LVEtransmission1111_electricity,100
LVEtransmission1111_to_LVEtransmission1558_electricity,100
LVEtransmission1558_to_LVEtransmission1898_electricity,100
LVEtransmission1898_to_LVEtransmission1454_electricity,100
LVEtransmission1454_to_LVEtransmission1061_electricity,100
LVEtransmission1061_to_LVEtransmission577_electricity,100
LVEtransmission577_to_LVEtransmission304_electricity,100
LVEtransmission304_to_LVEtransmission746_electricity,100
LVEtransmission746_to_LVEtransmission1137_electricity,100
LVEtransmission1137_to_LVEtransmission62_electricity,100
LVEtransmission62_to_LVEtransmission248_electricity,100
LVEtransmission248_to_LVEtransmission642_electricity,100
LVEtransmission642_to_LVEtransmission609_electricity,100
LVEtransmission609_to_LVEtransmission1787_electricity,100
LVEtransmission1787_to_LVEtransmission1094_electricity,100
LVEtransmission1094_to_LVEtransmission222_electricity,100
LVEtransmission222_to_LVEtransmission1834_electricity,100
LVEtransmission1834_to_LVEtransmission297_electricity,100
LVEtransmission297_to_LVEtransmission1955_electricity,100
LVEtransmission1955_to_LVEtransmission1976_electricity,100
LVEtransmission1976_to_LVEtransmission1604_electricity,100
LVEtransmission1604_to_LVEtransmission1523_electricity,100
LVEtransmission1523_to_LVEtransmission174_electricity,100
LVEtransmission174_to_LVEtransmission1084_electricity,100
LVEtransmission1084_to_LVEtransmission1187_electricity,100
LVEtransmission1187_to_LVEtransmission147_electricity,100
LVEtransmission147_to_LVEtransmission809_electricity,100
LVEtransmission809_to_LVEtransmission916_electricity,100
LVEtransmission916_to_LVEtransmission1415_electricity,100
LVEtransmission1415_to_LVEtransmission360_electricity,100
LVEtransmission360_to_LVEtransmission838_electricity,100
LVEtransmission838_to_LVEtransmission1141_electricity,100
LVEtransmission1141_to_LVEtransmission41_electricity,100
LVEtransmission41_to_LVEtransmission511_electricity,100
LVEtransmission511_to_LVEtransmission1493_electricity,100
LVEtransmission1493_to_LVEtransmission1134_electricity,100
LVEtransmission1134_to_LVEtransmission257_electricity,100
LVEtransmission257_to_LVEtransmission1729_electricity,100
LVEtransmission1729_to_LVEtransmission1333_electricity,100
LVEtransmission1333_to_LVEtransmission1989_electricity,100
LVEtransmission1989_to_LVEtransmission1466_electricity,100
LVEtransmission1466_to_LVEtransmission338_electricity,100
LVEtransmission338_to_LVEtransmission1514_electricity,100
LVEtransmission1514_to_LVEtransmission435_electricity,100
LVEtransmission435_to_LVEtransmission1904_electricity,100
LVEtransmission1904_to_LVEtransmission967_electricity,100
LVEtransmission967_to_LVEtransmission1472_electricity,100
LVEtransmission1472_to_LVEtransmission1093_electricity,100
LVEtransmission1093_to_LVEtransmission665_electricity,100
LVEtransmission665_to_LVEtransmission1616_electricity,100
LVEtransmission1616_to_LVEtransmission15_electricity,100
LVEtransmission15_to_LVEtransmission1849_electricity,100
LVEtransmission1849_to_LVEtransmission539_electricity,100
LVEtransmission539_to_LVEtransmission356_electricity,100
LVEtransmission356_to_LVEtransmission782_electricity,100
LVEtransmission782_to_LVEtransmission1739_electricity,100
LVEtransmission1739_to_LVEtransmission1564_electricity,100
LVEtransmission1564_to_LVEtransmission944_electricity,100
LVEtransmission944_to_LVEtransmission1880_electricity,100
LVEtransmission1880_to_LVEtransmission477_electricity,100
LVEtransmission477_to_LVEtransmission167_electricity,100
LVEtransmission167_to_LVEtransmission684_electricity,100
LVEtransmission684_to_LVEtransmission965_electricity,100
LVEtransmission965_to_LVEtransmission1503_electricity,100
LVEtransmission1503_to_LVEtransmission1173_electricity,100
LVEtransmission1173_to_LVEtransmission348_electricity,100
LVEtransmission348_to_LVEtransmission1721_electricity,100
LVEtransmission1721_to_LVEtransmission1862_electricity,100
LVEtransmission1862_to_LVEtransmission353_electricity,100
LVEtransmission353_to_LVEtransmission1973_electricity,100
LVEtransmission1973_to_LVEtransmission699_electricity,100
LVEtransmission699_to_LVEtransmission1426_electricity,100
LVEtransmission1426_to_LVEtransmission1077_electricity,100
LVEtransmission1077_to_LVEtransmission733_electricity,100
LVEtransmission733_to_LVEtransmission1468_electricity,100
LVEtransmission1468_to_LVEtransmission1099_electricity,100
LVEtransmission1099_to_LVEtransmission220_electricity,100
LVEtransmission220_to_LVEtransmission1733_electricity,100
LVEtransmission1733_to_LVEtransmission429_electricity,100
LVEtransmission429_to_LVEtransmission1821_electricity,100
LVEtransmission1821_to_LVEtransmission991_electricity,100
LVEtransmission991_to_LVEtransmission1148_electricity,100
LVEtransmission1148_to_LVEtransmission1790_electricity,100
LVEtransmission1790_to_LVEtransmission1487_electricity,100
LVEtransmission1487_to_LVEtransmission1965_electricity,100
LVEtransmission1965_to_LVEtransmission1677_electricity,100
LVEtransmission1677_to_LVEtransmission1526_electricity,100
LVEtransmission1526_to_LVEtransmission209_electricity,100
LVEtransmission209_to_LVEtransmission725_electricity,100
LVEtransmission725_to_LVEtransmission331_electricity,100
LVEtransmission331_to_LVEtransmission20_electricity,100
LVEtransmission20_to_LVEtransmission1212_electricity,100
LVEtransmission1212_to_LVEtransmission399_electricity,100
LVEtransmission399_to_LVEtransmission1102_electricity,100
LVEtransmission1102_to_LVEtransmission778_electricity,100
LVEtransmission778_to_LVEtransmission1766_electricity,100
LVEtransmission1766_to_LVEtransmission16_electricity,100
LVEtransmission16_to_LVEtransmission74_electricity,100
LVEtransmission74_to_LVEtransmission420_electricity,100
LVEtransmission420_to_LVEtransmission448_electricity,100
LVEtransmission448_to_LVEtransmission775_electricity,100
LVEtransmission775_to_LVEtransmission1517_electricity,100
LVEtransmission1517_to_LVEtransmission1168_electricity,100
LVEtransmission1168_to_LVEtransmission1625_electricity,100
LVEtransmission1625_to_LVEtransmission1315_electricity,100
LVEtransmission1315_to_LVEtransmission1158_electricity,100
LVEtransmission1158_to_LVEtransmission1682_electricity,100
LVEtransmission1682_to_LVEtransmission1273_electricity,100
LVEtransmission1273_to_LVEtransmission897_electricity,100
LVEtransmission897_to_LVEtransmission1887_electricity,100
LVEtransmission1887_to_LVEtransmission1743_electricity,100
LVEtransmission1743_to_LVEtransmission37_electricity,100
LVEtransmission37_to_LVEtransmission1238_electricity,100
LVEtransmission1238_to_LVEtransmission889_electricity,100
LVEtransmission889_to_LVEtransmission518_electricity,100
LVEtransmission518_to_LVEtransmission1252_electricity,100
LVEtransmission1252_to_LVEtransmission1086_electricity,100
LVEtransmission1086_to_LVEtransmission714_electricity,100
LVEtransmission714_to_LVEtransmission1669_electricity,100
LVEtransmission1669_to_LVEtransmission1321_electricity,100
LVEtransmission1321_to_LVEtransmission3_electricity,100
LVEtransmission3_to_LVEtransmission1655_electricity,100
LVEtransmission1655_to_LVEtransmission1303_electricity,100
LVEtransmission1303_to_LVEtransmission1174_electricity,100
LVEtransmission1174_to_LVEtransmission795_electricity,100
LVEtransmission795_to_LVEtransmission1991_electricity,100
LVEtransmission1991_to_LVEtransmission1646_electricity,100
LVEtransmission1646_to_LVEtransmission519_electricity,100
LVEtransmission519_to_LVEtransmission177_electricity,100
LVEtransmission177_to_LVEtransmission1607_electricity,100
LVEtransmission1607_to_LVEtransmission1448_electricity,100
LVEtransmission1448_to_LVEtransmission1464_electricity,100
LVEtransmission1742_to_LVEtransmission1105_electricity,100
LVEtransmission1105_to_LVEtransmission281_electricity,100
LVEtransmission281_to_LVEtransmission47_electricity,100
LVEtransmission47_to_LVEtransmission1870_electricity,100
LVEtransmission1870_to_LVEtransmission80_electricity,100
LVEtransmission80_to_LVEtransmission1536_electricity,100
LVEtransmission1536_to_LVEtransmission172_electricity,100
LVEtransmission172_to_LVEtransmission1968_electricity,100
LVEtransmission1968_to_LVEtransmission1842_electricity,100
LVEtransmission1842_to_LVEtransmission1872_electricity,100
LVEtransmission1872_to_LVEtransmission287_electricity,100
LVEtransmission287_to_LVEtransmission1956_electricity,100
LVEtransmission1956_to_LVEtransmission32_electricity,100
LVEtransmission32_to_LVEtransmission462_electricity,100
LVEtransmission462_to_LVEtransmission122_electricity,100
LVEtransmission1651_to_LVEtransmission1687_electricity,100
LVEtransmission1687_to_LVEtransmission568_electricity,100
LVEtransmission568_to_LVEtransmission526_electricity,100
LVEtransmission526_to_LVEtransmission71_electricity,100
LVEtransmission71_to_LVEtransmission1854_electricity,100
LVEtransmission1854_to_LVEtransmission66_electricity,100
LVEtransmission66_to_LVEtransmission1879_electricity,100
LVEtransmission1879_to_LVEtransmission95_electricity,100
LVEtransmission95_to_LVEtransmission1706_electricity,100
LVEtransmission1706_to_LVEtransmission1489_electricity,100
LVEtransmission1052_to_LVEtransmission474_electricity,100
LVEtransmission474_to_LVEtransmission444_electricity,100
LVEtransmission444_to_LVEtransmission690_electricity,100
LVEtransmission690_to_LVEtransmission648_electricity,100
LVEtransmission648_to_LVEtransmission1408_electricity,100
LVEtransmission1408_to_LVEtransmission636_electricity,100
LVEtransmission636_to_LVEtransmission1726_electricity,100
LVEtransmission1726_to_LVEtransmission592_electricity,100
LVEtransmission592_to_LVEtransmission303_electricity,100
LVEtransmission303_to_LVEtransmission1788_electricity,100
LVEtransmission1788_to_LVEtransmission1891_electricity,100
LVEtransmission1891_to_LVEtransmission1363_electricity,100
LVEtransmission1363_to_LVEtransmission217_electricity,100
LVEtransmission217_to_LVEtransmission1195_electricity,100
LVEtransmission1195_to_LVEtransmission1048_electricity,100
LVEtransmission1048_to_LVEtransmission449_electricity,100
LVEtransmission449_to_LVEtransmission979_electricity,100
LVEtransmission979_to_LVEtransmission1783_electricity,100
LVEtransmission1783_to_LVEtransmission206_electricity,100
LVEtransmission206_to_LVEtransmission1844_electricity,100
LVEtransmission1844_to_LVEtransmission61_electricity,100
LVEtransmission61_to_LVEtransmission1672_electricity,100
LVEtransmission1832_to_LVEtransmission752_electricity,100
LVEtransmission752_to_LVEtransmission842_electricity,100
LVEtransmission842_to_LVEtransmission363_electricity,100
LVEtransmission363_to_LVEtransmission424_electricity,100
LVEtransmission424_to_LVEtransmission1633_electricity,100
LVEtransmission1633_to_LVEtransmission1696_electricity,100
LVEtransmission1696_to_LVEtransmission181_electricity,100
LVEtransmission181_to_LVEtransmission207_electricity,100
LVEtransmission207_to_LVEtransmission676_electricity,100
LVEtransmission676_to_LVEtransmission529_electricity,100
LVEtransmission529_to_LVEtransmission755_electricity,100
LVEtransmission755_to_LVEtransmission817_electricity,100
LVEtransmission1806_to_LVEtransmission563_electricity,100
LVEtransmission563_to_LVEtransmission119_electricity,100
LVEtransmission119_to_LVEtransmission1334_electricity,100
LVEtransmission1334_to_LVEtransmission1071_electricity,100
LVEtransmission1071_to_LVEtransmission131_electricity,100
LVEtransmission131_to_LVEtransmission917_electricity,100
LVEtransmission917_to_LVEtransmission1079_electricity,100
LVEtransmission1079_to_LVEtransmission1679_electricity,100
LVEtransmission1679_to_LVEtransmission1418_electricity,100
LVEtransmission1418_to_LVEtransmission395_electricity,100
LVEtransmission395_to_LVEtransmission1688_electricity,100
LVEtransmission1688_to_LVEtransmission1430_electricity,100
LVEtransmission1430_to_LVEtransmission182_electricity,100
LVEtransmission182_to_LVEtransmission1529_electricity,100
LVEtransmission1529_to_LVEtransmission260_electricity,100
LVEtransmission260_to_LVEtransmission682_electricity,100
LVEtransmission697_to_LVEtransmission394_electricity,100
LVEtransmission394_to_LVEtransmission1395_electricity,100
LVEtransmission1395_to_LVEtransmission1918_electricity,100
LVEtransmission1918_to_LVEtransmission1244_electricity,100
LVEtransmission1244_to_LVEtransmission1975_electricity,100
LVEtransmission1975_to_LVEtransmission194_electricity,100
LVEtransmission194_to_LVEtransmission1500_electricity,100
LVEtransmission1500_to_LVEtransmission682_electricity,100
LVEtransmission682_to_LVEtransmission382_electricity,100
LVEtransmission382_to_LVEtransmission1750_electricity,100
LVEtransmission1750_to_LVEtransmission830_electricity,100
LVEtransmission1806_to_LVEtransmission572_electricity,100
LVEtransmission572_to_LVEtransmission776_electricity,100
LVEtransmission776_to_LVEtransmission517_electricity,100
LVEtransmission517_to_LVEtransmission719_electricity,100
LVEtransmission719_to_LVEtransmission256_electricity,100
LVEtransmission256_to_LVEtransmission1101_electricity,100
LVEtransmission1101_to_LVEtransmission893_electricity,100
LVEtransmission893_to_LVEtransmission433_electricity,100
LVEtransmission433_to_LVEtransmission144_electricity,100
LVEtransmission144_to_LVEtransmission1933_electricity,100
LVEtransmission1933_to_LVEtransmission763_electricity,100
LVEtransmission763_to_LVEtransmission311_electricity,100
LVEtransmission311_to_LVEtransmission105_electricity,100
LVEtransmission105_to_LVEtransmission286_electricity,100
LVEtransmission286_to_LVEtransmission258_electricity,100
LVEtransmission258_to_LVEtransmission855_electricity,100
LVEtransmission855_to_LVEtransmission650_electricity,100
LVEtransmission650_to_LVEtransmission1491_electricity,100
LVEtransmission1491_to_LVEtransmission830_electricity,100
LVEtransmission1177_to_LVEtransmission1710_electricity,100
LVEtransmission1710_to_LVEtransmission1282_electricity,100
LVEtransmission1282_to_LVEtransmission852_electricity,100
LVEtransmission852_to_LVEtransmission600_electricity,100
LVEtransmission600_to_LVEtransmission977_electricity,100
LVEtransmission977_to_LVEtransmission1486_electricity,100
LVEtransmission401_to_LVEtransmission1461_electricity,100
LVEtransmission1461_to_LVEtransmission1498_electricity,100
LVEtransmission1498_to_LVEtransmission923_electricity,100
LVEtransmission1013_to_LVEtransmission891_electricity,100
LVEtransmission891_to_LVEtransmission140_electricity,100
LVEtransmission140_to_LVEtransmission1098_electricity,100
LVEtransmission1098_to_LVEtransmission1885_electricity,100
LVEtransmission1885_to_LVEtransmission843_electricity,100
LVEtransmission843_to_LVEtransmission1882_electricity,100
LVEtransmission1882_to_LVEtransmission1059_electricity,100
LVEtransmission1059_to_LVEtransmission588_electricity,100
LVEtransmission588_to_LVEtransmission735_electricity,100
LVEtransmission735_to_LVEtransmission629_electricity,100
LVEtransmission629_to_LVEtransmission1220_electricity,100
LVEtransmission1220_to_LVEtransmission1566_electricity,100
LVEtransmission1566_to_LVEtransmission427_electricity,100
LVEtransmission427_to_LVEtransmission788_electricity,100
LVEtransmission788_to_LVEtransmission1127_electricity,100
LVEtransmission1127_to_LVEtransmission1261_electricity,100
LVEtransmission1261_to_LVEtransmission357_electricity,100
LVEtransmission357_to_LVEtransmission461_electricity,100
LVEtransmission461_to_LVEtransmission249_electricity,100
LVEtransmission249_to_LVEtransmission296_electricity,100
LVEtransmission296_to_LVEtransmission46_electricity,100
LVEtransmission46_to_LVEtransmission940_electricity,100
LVEtransmission940_to_LVEtransmission485_electricity,100
LVEtransmission485_to_LVEtransmission24_electricity,100
LVEtransmission24_to_LVEtransmission1214_electricity,100
LVEtransmission1214_to_LVEtransmission540_electricity,100
LVEtransmission540_to_LVEtransmission1199_electricity,100
LVEtransmission1199_to_LVEtransmission1350_electricity,100
LVEtransmission1350_to_LVEtransmission274_electricity,100
LVEtransmission327_to_LVEtransmission1250_electricity,100
LVEtransmission1250_to_LVEtransmission241_electricity,100
LVEtransmission241_to_LVEtransmission1810_electricity,100
LVEtransmission1810_to_LVEtransmission646_electricity,100
LVEtransmission646_to_LVEtransmission1495_electricity,100
LVEtransmission1495_to_LVEtransmission515_electricity,100
LVEtransmission515_to_LVEtransmission987_electricity,100
LVEtransmission987_to_LVEtransmission726_electricity,100
LVEtransmission726_to_LVEtransmission1837_electricity,100
LVEtransmission1837_to_LVEtransmission983_electricity,100
LVEtransmission983_to_LVEtransmission1801_electricity,100
LVEtransmission1801_to_LVEtransmission1221_electricity,100
LVEtransmission1221_to_LVEtransmission291_electricity,100
LVEtransmission291_to_LVEtransmission1109_electricity,100
LVEtransmission1109_to_LVEtransmission1490_electricity,100
LVEtransmission1490_to_LVEtransmission2_electricity,100
LVEtransmission2_to_LVEtransmission396_electricity,100
LVEtransmission396_to_LVEtransmission624_electricity,100
LVEtransmission624_to_LVEtransmission701_electricity,100
LVEtransmission701_to_LVEtransmission1096_electricity,100
LVEtransmission1096_to_LVEtransmission1691_electricity,100
LVEtransmission1691_to_LVEtransmission1407_electricity,100
LVEtransmission1407_to_LVEtransmission1032_electricity,100
LVEtransmission1032_to_LVEtransmission864_electricity,100
LVEtransmission864_to_LVEtransmission569_electricity,100
LVEtransmission569_to_LVEtransmission42_electricity,100
LVEtransmission42_to_LVEtransmission521_electricity,100
LVEtransmission521_to_LVEtransmission231_electricity,100
LVEtransmission231_to_LVEtransmission524_electricity,100
LVEtransmission524_to_LVEtransmission1814_electricity,100
LVEtransmission1814_to_LVEtransmission1917_electricity,100
LVEtransmission1917_to_LVEtransmission698_electricity,100
LVEtransmission698_to_LVEtransmission1807_electricity,100
LVEtransmission1807_to_LVEtransmission804_electricity,100
LVEtransmission804_to_LVEtransmission1091_electricity,100
LVEtransmission1091_to_LVEtransmission1310_electricity,100
LVEtransmission1310_to_LVEtransmission704_electricity,100
LVEtransmission704_to_LVEtransmission923_electricity,100
LVEtransmission923_to_LVEtransmission1193_electricity,100
LVEtransmission1193_to_LVEtransmission737_electricity,100
LVEtransmission737_to_LVEtransmission271_electricity,100
LVEtransmission271_to_LVEtransmission1001_electricity,100
LVEtransmission1001_to_LVEtransmission530_electricity,100
LVEtransmission530_to_LVEtransmission713_electricity,100
LVEtransmission713_to_LVEtransmission1436_electricity,100
LVEtransmission1436_to_LVEtransmission1812_electricity,100
LVEtransmission1423_to_LVEtransmission639_electricity,100
LVEtransmission639_to_LVEtransmission314_electricity,100
LVEtransmission314_to_LVEtransmission875_electricity,100
LVEtransmission875_to_LVEtransmission516_electricity,100
LVEtransmission516_to_LVEtransmission1022_electricity,100
LVEtransmission1022_to_LVEtransmission1201_electricity,100
LVEtransmission1201_to_LVEtransmission1260_electricity,100
LVEtransmission1260_to_LVEtransmission115_electricity,100
LVEtransmission115_to_LVEtransmission300_electricity,100
LVEtransmission300_to_LVEtransmission793_electricity,100
LVEtransmission793_to_LVEtransmission261_electricity,100
LVEtransmission261_to_LVEtransmission186_electricity,100
LVEtransmission186_to_LVEtransmission799_electricity,100
LVEtransmission799_to_LVEtransmission49_electricity,100
LVEtransmission49_to_LVEtransmission1559_electricity,100
LVEtransmission1559_to_LVEtransmission865_electricity,100
LVEtransmission865_to_LVEtransmission55_electricity,100
LVEtransmission242_to_LVEtransmission640_electricity,100
LVEtransmission640_to_LVEtransmission884_electricity,100
LVEtransmission884_to_LVEtransmission1389_electricity,100
LVEtransmission1389_to_LVEtransmission904_electricity,100
LVEtransmission904_to_LVEtransmission1684_electricity,100
LVEtransmission1684_to_LVEtransmission833_electricity,100
LVEtransmission833_to_LVEtransmission128_electricity,100
LVEtransmission128_to_LVEtransmission1452_electricity,100
LVEtransmission1452_to_LVEtransmission1699_electricity,100
LVEtransmission1171_to_LVEtransmission1848_electricity,100
LVEtransmission1848_to_LVEtransmission978_electricity,100
LVEtransmission978_to_LVEtransmission655_electricity,100
LVEtransmission655_to_LVEtransmission1227_electricity,100
LVEtransmission1227_to_LVEtransmission904_electricity,100
LVEtransmission1512_to_LVEtransmission824_electricity,100
LVEtransmission824_to_LVEtransmission659_electricity,100
LVEtransmission659_to_LVEtransmission350_electricity,100
LVEtransmission350_to_LVEtransmission1172_electricity,100
LVEtransmission1172_to_LVEtransmission1671_electricity,100
LVEtransmission1671_to_LVEtransmission1129_electricity,100
LVEtransmission1129_to_LVEtransmission1200_electricity,100
LVEtransmission1200_to_LVEtransmission467_electricity,100
LVEtransmission467_to_LVEtransmission1449_electricity,100
LVEtransmission1449_to_LVEtransmission994_electricity,100
LVEtransmission994_to_LVEtransmission1323_electricity,100
LVEtransmission1323_to_LVEtransmission1284_electricity,100
LVEtransmission1284_to_LVEtransmission900_electricity,100
LVEtransmission900_to_LVEtransmission1622_electricity,100
LVEtransmission1622_to_LVEtransmission250_electricity,100
LVEtransmission250_to_LVEtransmission968_electricity,100
LVEtransmission968_to_LVEtransmission457_electricity,100
LVEtransmission1449_to_LVEtransmission1855_electricity,100
LVEtransmission1855_to_LVEtransmission542_electricity,100
LVEtransmission542_to_LVEtransmission849_electricity,100
LVEtransmission849_to_LVEtransmission1578_electricity,100
LVEtransmission1578_to_LVEtransmission1369_electricity,100
LVEtransmission1369_to_LVEtransmission158_electricity,100
LVEtransmission158_to_LVEtransmission694_electricity,100
LVEtransmission694_to_LVEtransmission1473_electricity,100
LVEtransmission1473_to_LVEtransmission1656_electricity,100
LVEtransmission1656_to_LVEtransmission1115_electricity,100
LVEtransmission1115_to_LVEtransmission1878_electricity,100
LVEtransmission849_to_LVEtransmission794_electricity,100
LVEtransmission794_to_LVEtransmission1619_electricity,100
LVEtransmission1619_to_LVEtransmission1028_electricity,100
LVEtransmission1028_to_LVEtransmission1178_electricity,100
LVEtransmission1178_to_LVEtransmission1412_electricity,100
LVEtransmission1412_to_LVEtransmission1722_electricity,100
LVEtransmission1722_to_LVEtransmission1530_electricity,100
LVEtransmission1530_to_LVEtransmission1357_electricity,100
LVEtransmission1357_to_LVEtransmission1561_electricity,100
LVEtransmission1561_to_LVEtransmission415_electricity,100
LVEtransmission415_to_LVEtransmission1353_electricity,100
LVEtransmission1353_to_LVEtransmission168_electricity,100
LVEtransmission168_to_LVEtransmission618_electricity,100
LVEtransmission618_to_LVEtransmission487_electricity,100
LVEtransmission487_to_LVEtransmission922_electricity,100
LVEtransmission922_to_LVEtransmission662_electricity,100
LVEtransmission662_to_LVEtransmission1711_electricity,100
LVEtransmission1711_to_LVEtransmission570_electricity,100
LVEtransmission570_to_LVEtransmission1878_electricity,100
LVEtransmission242_to_LVEtransmission1424_electricity,100
LVEtransmission1424_to_LVEtransmission671_electricity,100
LVEtransmission671_to_LVEtransmission1324_electricity,100
LVEtransmission1324_to_LVEtransmission1381_electricity,100
LVEtransmission1381_to_LVEtransmission1641_electricity,100
LVEtransmission1641_to_LVEtransmission1694_electricity,100
LVEtransmission1694_to_LVEtransmission406_electricity,100
LVEtransmission406_to_LVEtransmission886_electricity,100
LVEtransmission886_to_LVEtransmission1143_electricity,100
LVEtransmission1143_to_LVEtransmission92_electricity,100
LVEtransmission92_to_LVEtransmission533_electricity,100
LVEtransmission533_to_LVEtransmission789_electricity,100
LVEtransmission789_to_LVEtransmission1759_electricity,100
LVEtransmission1759_to_LVEtransmission651_electricity,100
LVEtransmission651_to_LVEtransmission679_electricity,100
LVEtransmission679_to_LVEtransmission446_electricity,100
LVEtransmission446_to_LVEtransmission705_electricity,100
LVEtransmission705_to_LVEtransmission1401_electricity,100
LVEtransmission1401_to_LVEtransmission1901_electricity,100
LVEtransmission1901_to_LVEtransmission575_electricity,100
LVEtransmission575_to_LVEtransmission834_electricity,100
LVEtransmission834_to_LVEtransmission1579_electricity,100
LVEtransmission1579_to_LVEtransmission232_electricity,100
LVEtransmission232_to_LVEtransmission1438_electricity,100
LVEtransmission1438_to_LVEtransmission1489_electricity,100
LVEtransmission1489_to_LVEtransmission770_electricity,100
LVEtransmission770_to_LVEtransmission1442_electricity,100
LVEtransmission1442_to_LVEtransmission346_electricity,100
LVEtransmission346_to_LVEtransmission310_electricity,100
LVEtransmission310_to_LVEtransmission1051_electricity,100
LVEtransmission1051_to_LVEtransmission1703_electricity,100
LVEtransmission1703_to_LVEtransmission1668_electricity,100
LVEtransmission1668_to_LVEtransmission580_electricity,100
LVEtransmission580_to_LVEtransmission79_electricity,100
LVEtransmission79_to_LVEtransmission534_electricity,100
LVEtransmission534_to_LVEtransmission634_electricity,100
LVEtransmission634_to_LVEtransmission728_electricity,100
LVEtransmission728_to_LVEtransmission1531_electricity,100
LVEtransmission1531_to_LVEtransmission1165_electricity,100
LVEtransmission1165_to_LVEtransmission1902_electricity,100
LVEtransmission1902_to_LVEtransmission1063_electricity,100
LVEtransmission1063_to_LVEtransmission751_electricity,100
LVEtransmission751_to_LVEtransmission551_electricity,100
LVEtransmission551_to_LVEtransmission198_electricity,100
LVEtransmission198_to_LVEtransmission527_electricity,100
LVEtransmission527_to_LVEtransmission982_electricity,100
LVEtransmission982_to_LVEtransmission275_electricity,100
LVEtransmission275_to_LVEtransmission1177_electricity,100
LVEtransmission1177_to_LVEtransmission1589_electricity,100
LVEtransmission1589_to_LVEtransmission178_electricity,100
LVEtransmission178_to_LVEtransmission992_electricity,100
LVEtransmission992_to_LVEtransmission813_electricity,100
LVEtransmission813_to_LVEtransmission1035_electricity,100
LVEtransmission1035_to_LVEtransmission1748_electricity,100
LVEtransmission1748_to_LVEtransmission859_electricity,100
LVEtransmission859_to_LVEtransmission645_electricity,100
LVEtransmission645_to_LVEtransmission907_electricity,100
LVEtransmission907_to_LVEtransmission1183_electricity,100
LVEtransmission1183_to_LVEtransmission293_electricity,100
LVEtransmission293_to_LVEtransmission958_electricity,100
LVEtransmission958_to_LVEtransmission564_electricity,100
LVEtransmission564_to_LVEtransmission1709_electricity,100
LVEtransmission1709_to_LVEtransmission1335_electricity,100
LVEtransmission1335_to_LVEtransmission439_electricity,100
LVEtransmission439_to_LVEtransmission1103_electricity,100
LVEtransmission1103_to_LVEtransmission911_electricity,100
LVEtransmission911_to_LVEtransmission489_electricity,100
LVEtransmission489_to_LVEtransmission686_electricity,100
LVEtransmission686_to_LVEtransmission1255_electricity,100
LVEtransmission1255_to_LVEtransmission1445_electricity,100
LVEtransmission1445_to_LVEtransmission1719_electricity,100
LVEtransmission1719_to_LVEtransmission165_electricity,100
LVEtransmission165_to_LVEtransmission825_electricity,100
LVEtransmission825_to_LVEtransmission203_electricity,100
LVEtransmission203_to_LVEtransmission1218_electricity,100
LVEtransmission1218_to_LVEtransmission8_electricity,100
LVEtransmission8_to_LVEtransmission354_electricity,100
LVEtransmission354_to_LVEtransmission1121_electricity,100
LVEtransmission1121_to_LVEtransmission1674_electricity,100
LVEtransmission1674_to_LVEtransmission416_electricity,100
LVEtransmission416_to_LVEtransmission459_electricity,100
LVEtransmission459_to_LVEtransmission1026_electricity,100
LVEtransmission1026_to_LVEtransmission219_electricity,100
LVEtransmission219_to_LVEtransmission328_electricity,100
LVEtransmission328_to_LVEtransmission23_electricity,100
LVEtransmission23_to_LVEtransmission112_electricity,100
LVEtransmission112_to_LVEtransmission1351_electricity,100
LVEtransmission1351_to_LVEtransmission1056_electricity,100
LVEtransmission1056_to_LVEtransmission544_electricity,100
LVEtransmission544_to_LVEtransmission1279_electricity,100
LVEtransmission1279_to_LVEtransmission478_electricity,100
LVEtransmission478_to_LVEtransmission1979_electricity,100
LVEtransmission1979_to_LVEtransmission730_electricity,100
LVEtransmission730_to_LVEtransmission224_electricity,100
LVEtransmission224_to_LVEtransmission822_electricity,100
LVEtransmission822_to_LVEtransmission1642_electricity,100
LVEtransmission1642_to_LVEtransmission401_electricity,100
LVEtransmission1835_to_LVEtransmission1179_electricity,100
LVEtransmission1179_to_LVEtransmission1477_electricity,100
LVEtransmission1477_to_LVEtransmission339_electricity,100
LVEtransmission339_to_LVEtransmission125_electricity,100
LVEtransmission125_to_LVEtransmission1702_electricity,100
LVEtransmission1702_to_LVEtransmission1920_electricity,100
LVEtransmission1920_to_LVEtransmission1249_electricity,100
LVEtransmission1249_to_LVEtransmission821_electricity,100
LVEtransmission821_to_LVEtransmission1974_electricity,100
LVEtransmission1974_to_LVEtransmission496_electricity,100
LVEtransmission496_to_LVEtransmission1171_electricity,100
LVEtransmission1171_to_LVEtransmission1868_electricity,100
LVEtransmission1868_to_LVEtransmission784_electricity,100
LVEtransmission784_to_LVEtransmission779_electricity,100
LVEtransmission779_to_LVEtransmission242_electricity,100
LVEtransmission401_to_LVEtransmission498_electricity,100
LVEtransmission498_to_LVEtransmission200_electricity,100
LVEtransmission200_to_LVEtransmission1219_electricity,100
LVEtransmission1219_to_LVEtransmission1318_electricity,100
LVEtransmission1318_to_LVEtransmission1104_electricity,100
LVEtransmission1104_to_LVEtransmission1718_electricity,100
LVEtransmission1718_to_LVEtransmission1747_electricity,100
LVEtransmission1747_to_LVEtransmission1329_electricity,100
LVEtransmission1329_to_LVEtransmission1686_electricity,100
LVEtransmission1686_to_LVEtransmission1727_electricity,100
LVEtransmission1727_to_LVEtransmission1692_electricity,100
LVEtransmission1692_to_LVEtransmission1697_electricity,100
LVEtransmission1697_to_LVEtransmission1029_electricity,100
LVEtransmission1029_to_LVEtransmission1270_electricity,100
LVEtransmission1270_to_LVEtransmission1228_electricity,100
LVEtransmission1228_to_LVEtransmission1057_electricity,100
LVEtransmission1057_to_LVEtransmission844_electricity,100
LVEtransmission844_to_LVEtransmission628_electricity,100
LVEtransmission628_to_LVEtransmission1627_electricity,100
LVEtransmission1627_to_LVEtransmission589_electricity,100
LVEtransmission589_to_LVEtransmission1431_electricity,100
LVEtransmission1431_to_LVEtransmission1864_electricity,100
LVEtransmission1864_to_LVEtransmission1871_electricity,100
LVEtransmission1871_to_LVEtransmission845_electricity,100
LVEtransmission845_to_LVEtransmission574_electricity,100
LVEtransmission574_to_LVEtransmission954_electricity,100
LVEtransmission954_to_LVEtransmission1191_electricity,100
LVEtransmission1191_to_LVEtransmission343_electricity,100
LVEtransmission343_to_LVEtransmission1628_electricity,100
LVEtransmission1628_to_LVEtransmission1023_electricity,100
LVEtransmission1023_to_LVEtransmission748_electricity,100
LVEtransmission748_to_LVEtransmission1995_electricity,100
LVEtransmission1995_to_LVEtransmission1003_electricity,100
LVEtransmission1003_to_LVEtransmission986_electricity,100
LVEtransmission986_to_LVEtransmission1815_electricity,100
LVEtransmission1815_to_LVEtransmission635_electricity,100
LVEtransmission635_to_LVEtransmission1926_electricity,100
LVEtransmission1926_to_LVEtransmission1016_electricity,100
LVEtransmission1016_to_LVEtransmission1280_electricity,100
LVEtransmission1280_to_LVEtransmission1966_electricity,100
LVEtransmission1966_to_LVEtransmission976_electricity,100
LVEtransmission976_to_LVEtransmission156_electricity,100
LVEtransmission5_to_LVEtransmission807_electricity,100
LVEtransmission807_to_LVEtransmission1793_electricity,100
LVEtransmission1793_to_LVEtransmission606_electricity,100
LVEtransmission606_to_LVEtransmission262_electricity,100
LVEtransmission262_to_LVEtransmission148_electricity,100
LVEtransmission148_to_LVEtransmission1845_electricity,100
LVEtransmission1845_to_LVEtransmission860_electricity,100
LVEtransmission860_to_LVEtransmission1835_electricity,100
LVEtransmission470_to_LVEtransmission582_electricity,100
LVEtransmission582_to_LVEtransmission1961_electricity,100
LVEtransmission1961_to_LVEtransmission1210_electricity,100
LVEtransmission1210_to_LVEtransmission1574_electricity,100
LVEtransmission1574_to_LVEtransmission1446_electricity,100
LVEtransmission1446_to_LVEtransmission333_electricity,100
LVEtransmission333_to_LVEtransmission445_electricity,100
LVEtransmission445_to_LVEtransmission1856_electricity,100
LVEtransmission1856_to_LVEtransmission798_electricity,100
LVEtransmission798_to_LVEtransmission625_electricity,100
LVEtransmission625_to_LVEtransmission1153_electricity,100
LVEtransmission1153_to_LVEtransmission1423_electricity,100
LVEtransmission1117_to_LVEtransmission1112_electricity,100
LVEtransmission1112_to_LVEtransmission1166_electricity,100
LVEtransmission1166_to_LVEtransmission1390_electricity,100
LVEtransmission1663_to_LVEtransmission819_electricity,100
LVEtransmission819_to_LVEtransmission1522_electricity,100
LVEtransmission1522_to_LVEtransmission1537_electricity,100
LVEtransmission1537_to_LVEtransmission1161_electricity,100
LVEtransmission1161_to_LVEtransmission1117_electricity,100
LVEtransmission1247_to_LVEtransmission661_electricity,100
LVEtransmission661_to_LVEtransmission1836_electricity,100
LVEtransmission1836_to_LVEtransmission1075_electricity,100
LVEtransmission1860_to_LVEtransmission337_electricity,100
LVEtransmission337_to_LVEtransmission1752_electricity,100
LVEtransmission1752_to_LVEtransmission1944_electricity,100
LVEtransmission1944_to_LVEtransmission96_electricity,100
LVEtransmission96_to_LVEtransmission1583_electricity,100
LVEtransmission1583_to_LVEtransmission619_electricity,100
LVEtransmission619_to_LVEtransmission1000_electricity,100
LVEtransmission1000_to_LVEtransmission1873_electricity,100
LVEtransmission1873_to_LVEtransmission1147_electricity,100
LVEtransmission1147_to_LVEtransmission377_electricity,100
LVEtransmission377_to_LVEtransmission523_electricity,100
LVEtransmission523_to_LVEtransmission750_electricity,100
LVEtransmission750_to_LVEtransmission1440_electricity,100
LVEtransmission1440_to_LVEtransmission710_electricity,100
LVEtransmission710_to_LVEtransmission1610_electricity,100
LVEtransmission1610_to_LVEtransmission537_electricity,100
LVEtransmission537_to_LVEtransmission808_electricity,100
LVEtransmission808_to_LVEtransmission1211_electricity,100
LVEtransmission1211_to_LVEtransmission1714_electricity,100
LVEtransmission1714_to_LVEtransmission594_electricity,100
LVEtransmission594_to_LVEtransmission321_electricity,100
LVEtransmission321_to_LVEtransmission1014_electricity,100
LVEtransmission1014_to_LVEtransmission1910_electricity,100
LVEtransmission1910_to_LVEtransmission502_electricity,100
LVEtransmission502_to_LVEtransmission1247_electricity,100
LVEtransmission227_to_LVEtransmission450_electricity,100
LVEtransmission450_to_LVEtransmission1532_electricity,100
LVEtransmission1532_to_LVEtransmission1657_electricity,100
LVEtransmission1657_to_LVEtransmission1368_electricity,100
LVEtransmission1368_to_LVEtransmission160_electricity,100
LVEtransmission160_to_LVEtransmission1905_electricity,100
LVEtransmission1905_to_LVEtransmission1571_electricity,100
LVEtransmission1571_to_LVEtransmission1409_electricity,100
LVEtransmission1409_to_LVEtransmission1045_electricity,100
LVEtransmission1045_to_LVEtransmission208_electricity,100
LVEtransmission208_to_LVEtransmission1236_electricity,100
LVEtransmission1236_to_LVEtransmission1076_electricity,100
LVEtransmission1076_to_LVEtransmission1997_electricity,100
LVEtransmission1997_to_LVEtransmission1194_electricity,100
LVEtransmission1194_to_LVEtransmission837_electricity,100
LVEtransmission837_to_LVEtransmission25_electricity,100
LVEtransmission25_to_LVEtransmission1700_electricity,100
LVEtransmission1700_to_LVEtransmission869_electricity,100
LVEtransmission869_to_LVEtransmission501_electricity,100
LVEtransmission1264_to_LVEtransmission1441_electricity,100
LVEtransmission1441_to_LVEtransmission1662_electricity,100
LVEtransmission1662_to_LVEtransmission227_electricity,100
LVEtransmission1425_to_LVEtransmission476_electricity,100
LVEtransmission476_to_LVEtransmission1590_electricity,100
LVEtransmission1590_to_LVEtransmission425_electricity,100
LVEtransmission289_to_LVEtransmission1113_electricity,100
LVEtransmission1113_to_LVEtransmission173_electricity,100
LVEtransmission173_to_LVEtransmission1233_electricity,100
LVEtransmission1233_to_LVEtransmission513_electricity,100
LVEtransmission513_to_LVEtransmission1344_electricity,100
LVEtransmission1344_to_LVEtransmission829_electricity,100
LVEtransmission829_to_LVEtransmission253_electricity,100
LVEtransmission253_to_LVEtransmission426_electricity,100
LVEtransmission426_to_LVEtransmission850_electricity,100
LVEtransmission850_to_LVEtransmission305_electricity,100
LVEtransmission305_to_LVEtransmission1808_electricity,100
LVEtransmission1808_to_LVEtransmission905_electricity,100
LVEtransmission905_to_LVEtransmission1716_electricity,100
LVEtransmission1716_to_LVEtransmission176_electricity,100
LVEtransmission176_to_LVEtransmission9_electricity,100
LVEtransmission9_to_LVEtransmission732_electricity,100
LVEtransmission732_to_LVEtransmission243_electricity,100
LVEtransmission243_to_LVEtransmission1425_electricity,100
LVEtransmission1092_to_LVEtransmission1138_electricity,100
LVEtransmission1138_to_LVEtransmission1341_electricity,100
LVEtransmission1341_to_LVEtransmission1149_electricity,100
LVEtransmission501_to_LVEtransmission277_electricity,100
LVEtransmission277_to_LVEtransmission507_electricity,100
LVEtransmission507_to_LVEtransmission951_electricity,100
LVEtransmission951_to_LVEtransmission1386_electricity,100
LVEtransmission1386_to_LVEtransmission299_electricity,100
LVEtransmission299_to_LVEtransmission1128_electricity,100
LVEtransmission1128_to_LVEtransmission670_electricity,100
LVEtransmission670_to_LVEtransmission873_electricity,100
LVEtransmission873_to_LVEtransmission185_electricity,100
LVEtransmission185_to_LVEtransmission237_electricity,100
LVEtransmission237_to_LVEtransmission381_electricity,100
LVEtransmission381_to_LVEtransmission103_electricity,100
LVEtransmission103_to_LVEtransmission1606_electricity,100
LVEtransmission1606_to_LVEtransmission1665_electricity,100
LVEtransmission1665_to_LVEtransmission1145_electricity,100
LVEtransmission1145_to_LVEtransmission826_electricity,100
LVEtransmission826_to_LVEtransmission1433_electricity,100
LVEtransmission1433_to_LVEtransmission549_electricity,100
LVEtransmission549_to_LVEtransmission1130_electricity,100
LVEtransmission1130_to_LVEtransmission691_electricity,100
LVEtransmission691_to_LVEtransmission51_electricity,100
LVEtransmission51_to_LVEtransmission856_electricity,100
LVEtransmission1922_to_LVEtransmission688_electricity,100
LVEtransmission688_to_LVEtransmission1630_electricity,100
LVEtransmission1630_to_LVEtransmission963_electricity,100
LVEtransmission963_to_LVEtransmission785_electricity,100
LVEtransmission785_to_LVEtransmission557_electricity,100
LVEtransmission557_to_LVEtransmission1760_electricity,100
LVEtransmission1760_to_LVEtransmission1065_electricity,100
LVEtransmission1065_to_LVEtransmission898_electricity,100
LVEtransmission898_to_LVEtransmission1444_electricity,100
LVEtransmission1444_to_LVEtransmission268_electricity,100
LVEtransmission268_to_LVEtransmission565_electricity,100
LVEtransmission565_to_LVEtransmission1765_electricity,100
LVEtransmission1765_to_LVEtransmission901_electricity,100
LVEtransmission901_to_LVEtransmission1380_electricity,100
LVEtransmission1380_to_LVEtransmission451_electricity,100
LVEtransmission451_to_LVEtransmission273_electricity,100
LVEtransmission862_to_LVEtransmission947_electricity,100
LVEtransmission947_to_LVEtransmission1455_electricity,100
LVEtransmission1455_to_LVEtransmission620_electricity,100
LVEtransmission620_to_LVEtransmission1008_electricity,100
LVEtransmission1008_to_LVEtransmission823_electricity,100
LVEtransmission823_to_LVEtransmission1504_electricity,100
LVEtransmission1504_to_LVEtransmission1439_electricity,100
LVEtransmission1439_to_LVEtransmission368_electricity,100
LVEtransmission368_to_LVEtransmission596_electricity,100
LVEtransmission596_to_LVEtransmission1133_electricity,100
LVEtransmission1133_to_LVEtransmission284_electricity,100
LVEtransmission284_to_LVEtransmission666_electricity,100
LVEtransmission666_to_LVEtransmission135_electricity,100
LVEtransmission135_to_LVEtransmission1890_electricity,100
LVEtransmission1890_to_LVEtransmission52_electricity,100
LVEtransmission52_to_LVEtransmission179_electricity,100
LVEtransmission179_to_LVEtransmission1705_electricity,100
LVEtransmission1705_to_LVEtransmission93_electricity,100
LVEtransmission93_to_LVEtransmission1659_electricity,100
LVEtransmission1659_to_LVEtransmission196_electricity,100
LVEtransmission196_to_LVEtransmission993_electricity,100
LVEtransmission993_to_LVEtransmission1859_electricity,100
LVEtransmission1859_to_LVEtransmission1067_electricity,100
LVEtransmission1067_to_LVEtransmission906_electricity,100
LVEtransmission906_to_LVEtransmission114_electricity,100
LVEtransmission114_to_LVEtransmission1239_electricity,100
LVEtransmission1239_to_LVEtransmission1358_electricity,100
LVEtransmission1358_to_LVEtransmission1794_electricity,100
LVEtransmission1794_to_LVEtransmission914_electricity,100
LVEtransmission914_to_LVEtransmission387_electricity,100
LVEtransmission387_to_LVEtransmission1639_electricity,100
LVEtransmission1639_to_LVEtransmission1301_electricity,100
LVEtransmission957_to_LVEtransmission932_electricity,100
LVEtransmission932_to_LVEtransmission1410_electricity,100
LVEtransmission1410_to_LVEtransmission545_electricity,100
LVEtransmission545_to_LVEtransmission1843_electricity,100
LVEtransmission1843_to_LVEtransmission1782_electricity,100
LVEtransmission1782_to_LVEtransmission641_electricity,100
LVEtransmission641_to_LVEtransmission1286_electricity,100
LVEtransmission1286_to_LVEtransmission1010_electricity,100
LVEtransmission1010_to_LVEtransmission1276_electricity,100
LVEtransmission1276_to_LVEtransmission1504_electricity,100
LVEtransmission1504_to_LVEtransmission1937_electricity,100
LVEtransmission1937_to_LVEtransmission899_electricity,100
LVEtransmission899_to_LVEtransmission1263_electricity,100
LVEtransmission1263_to_LVEtransmission252_electricity,100
LVEtransmission252_to_LVEtransmission839_electricity,100
LVEtransmission839_to_LVEtransmission1829_electricity,100
LVEtransmission1829_to_LVEtransmission265_electricity,100
LVEtransmission265_to_LVEtransmission605_electricity,100
LVEtransmission605_to_LVEtransmission1634_electricity,100
LVEtransmission1634_to_LVEtransmission374_electricity,100
LVEtransmission374_to_LVEtransmission1326_electricity,100
LVEtransmission1326_to_LVEtransmission1044_electricity,100
LVEtransmission1044_to_LVEtransmission1108_electricity,100
LVEtransmission1108_to_LVEtransmission319_electricity,100
LVEtransmission319_to_LVEtransmission145_electricity,100
LVEtransmission145_to_LVEtransmission1239_electricity,100
LVEtransmission265_to_LVEtransmission1557_electricity,100
LVEtransmission1557_to_LVEtransmission1521_electricity,100
LVEtransmission1521_to_LVEtransmission1427_electricity,100
LVEtransmission1330_to_LVEtransmission205_electricity,100
LVEtransmission205_to_LVEtransmission1394_electricity,100
LVEtransmission1394_to_LVEtransmission1652_electricity,100
LVEtransmission1652_to_LVEtransmission418_electricity,100
LVEtransmission418_to_LVEtransmission791_electricity,100
LVEtransmission791_to_LVEtransmission1480_electricity,100
LVEtransmission1480_to_LVEtransmission270_electricity,100
LVEtransmission1504_to_LVEtransmission936_electricity,100
LVEtransmission936_to_LVEtransmission1952_electricity,100
LVEtransmission1952_to_LVEtransmission371_electricity,100
LVEtransmission371_to_LVEtransmission1004_electricity,100
LVEtransmission1004_to_LVEtransmission1602_electricity,100
LVEtransmission1602_to_LVEtransmission1594_electricity,100
LVEtransmission1594_to_LVEtransmission28_electricity,100
LVEtransmission28_to_LVEtransmission1118_electricity,100
LVEtransmission1118_to_LVEtransmission1330_electricity,100
LVEtransmission1330_to_LVEtransmission1618_electricity,100
LVEtransmission1618_to_LVEtransmission1847_electricity,100
LVEtransmission1847_to_LVEtransmission97_electricity,100
LVEtransmission97_to_LVEtransmission883_electricity,100
LVEtransmission883_to_LVEtransmission957_electricity,100
LVEtransmission1265_to_LVEtransmission1377_electricity,100
LVEtransmission1377_to_LVEtransmission706_electricity,100
LVEtransmission706_to_LVEtransmission988_electricity,100
LVEtransmission988_to_LVEtransmission959_electricity,100
LVEtransmission1908_to_LVEtransmission1308_electricity,100
LVEtransmission1308_to_LVEtransmission593_electricity,100
LVEtransmission593_to_LVEtransmission1142_electricity,100
LVEtransmission1142_to_LVEtransmission1246_electricity,100
LVEtransmission1254_to_LVEtransmission14_electricity,100
LVEtransmission14_to_LVEtransmission926_electricity,100
LVEtransmission926_to_LVEtransmission1940_electricity,100
LVEtransmission1940_to_LVEtransmission1406_electricity,100
LVEtransmission1406_to_LVEtransmission1984_electricity,100
LVEtransmission1984_to_LVEtransmission101_electricity,100
LVEtransmission101_to_LVEtransmission1125_electricity,100
LVEtransmission1125_to_LVEtransmission1240_electricity,100
LVEtransmission1240_to_LVEtransmission1184_electricity,100
LVEtransmission1184_to_LVEtransmission1731_electricity,100
LVEtransmission1731_to_LVEtransmission295_electricity,100
LVEtransmission295_to_LVEtransmission1964_electricity,100
LVEtransmission1964_to_LVEtransmission797_electricity,100
LVEtransmission797_to_LVEtransmission453_electricity,100
LVEtransmission453_to_LVEtransmission1695_electricity,100
LVEtransmission1695_to_LVEtransmission1985_electricity,100
LVEtransmission1985_to_LVEtransmission235_electricity,100
LVEtransmission235_to_LVEtransmission73_electricity,100
LVEtransmission1116_to_LVEtransmission419_electricity,100
LVEtransmission419_to_LVEtransmission894_electricity,100
LVEtransmission894_to_LVEtransmission1672_electricity,100
LVEtransmission1672_to_LVEtransmission863_electricity,100
LVEtransmission863_to_LVEtransmission492_electricity,100
LVEtransmission492_to_LVEtransmission1116_electricity,100
LVEtransmission648_to_LVEtransmission1020_electricity,100
LVEtransmission1020_to_LVEtransmission1527_electricity,100
LVEtransmission1680_to_LVEtransmission656_electricity,100
LVEtransmission656_to_LVEtransmission1797_electricity,100
LVEtransmission1797_to_LVEtransmission1840_electricity,100
LVEtransmission1840_to_LVEtransmission1643_electricity,100
LVEtransmission1643_to_LVEtransmission391_electricity,100
LVEtransmission391_to_LVEtransmission89_electricity,100
LVEtransmission89_to_LVEtransmission22_electricity,100
LVEtransmission22_to_LVEtransmission187_electricity,100
LVEtransmission187_to_LVEtransmission118_electricity,100
LVEtransmission118_to_LVEtransmission1241_electricity,100
LVEtransmission1241_to_LVEtransmission888_electricity,100
LVEtransmission888_to_LVEtransmission1572_electricity,100
LVEtransmission1572_to_LVEtransmission1058_electricity,100
LVEtransmission1058_to_LVEtransmission999_electricity,100
LVEtransmission999_to_LVEtransmission1621_electricity,100
LVEtransmission1621_to_LVEtransmission1090_electricity,100
LVEtransmission1090_to_LVEtransmission1456_electricity,100
LVEtransmission1456_to_LVEtransmission320_electricity,100
LVEtransmission320_to_LVEtransmission407_electricity,100
LVEtransmission407_to_LVEtransmission536_electricity,100
LVEtransmission536_to_LVEtransmission631_electricity,100
LVEtransmission631_to_LVEtransmission695_electricity,100
LVEtransmission695_to_LVEtransmission872_electricity,100
LVEtransmission872_to_LVEtransmission1400_electricity,100
LVEtransmission1400_to_LVEtransmission1287_electricity,100
LVEtransmission1287_to_LVEtransmission1160_electricity,100
LVEtransmission1160_to_LVEtransmission1235_electricity,100
LVEtransmission1235_to_LVEtransmission1609_electricity,100
LVEtransmission1609_to_LVEtransmission359_electricity,100
LVEtransmission359_to_LVEtransmission1811_electricity,100
LVEtransmission1811_to_LVEtransmission334_electricity,100
LVEtransmission334_to_LVEtransmission413_electricity,100
LVEtransmission413_to_LVEtransmission1857_electricity,100
LVEtransmission1512_to_LVEtransmission1398_electricity,100
LVEtransmission1398_to_LVEtransmission1223_electricity,100
LVEtransmission1223_to_LVEtransmission1690_electricity,100
LVEtransmission1690_to_LVEtransmission1813_electricity,100
LVEtransmission1813_to_LVEtransmission707_electricity,100
LVEtransmission707_to_LVEtransmission962_electricity,100
LVEtransmission962_to_LVEtransmission1744_electricity,100
LVEtransmission1744_to_LVEtransmission1347_electricity,100
LVEtransmission1347_to_LVEtransmission309_electricity,100
LVEtransmission309_to_LVEtransmission1738_electricity,100
LVEtransmission1738_to_LVEtransmission955_electricity,100
LVEtransmission955_to_LVEtransmission1271_electricity,100
LVEtransmission1271_to_LVEtransmission1123_electricity,100
LVEtransmission1123_to_LVEtransmission82_electricity,100
LVEtransmission82_to_LVEtransmission658_electricity,100
LVEtransmission658_to_LVEtransmission724_electricity,100
LVEtransmission724_to_LVEtransmission1042_electricity,100
LVEtransmission1042_to_LVEtransmission895_electricity,100
LVEtransmission895_to_LVEtransmission1863_electricity,100
LVEtransmission1863_to_LVEtransmission184_electricity,100
LVEtransmission184_to_LVEtransmission1651_electricity,100
LVEtransmission1651_to_LVEtransmission896_electricity,100
LVEtransmission896_to_LVEtransmission107_electricity,100
LVEtransmission107_to_LVEtransmission457_electricity,100
LVEtransmission457_to_LVEtransmission1015_electricity,100
LVEtransmission1015_to_LVEtransmission102_electricity,100
LVEtransmission102_to_LVEtransmission1600_electricity,100
LVEtransmission1600_to_LVEtransmission1325_electricity,100
LVEtransmission1325_to_LVEtransmission786_electricity,100
LVEtransmission786_to_LVEtransmission961_electricity,100
LVEtransmission961_to_LVEtransmission1957_electricity,100
LVEtransmission1957_to_LVEtransmission1458_electricity,100
LVEtransmission1458_to_LVEtransmission1613_electricity,100
LVEtransmission1613_to_LVEtransmission214_electricity,100
LVEtransmission214_to_LVEtransmission475_electricity,100
LVEtransmission475_to_LVEtransmission482_electricity,100
LVEtransmission482_to_LVEtransmission1596_electricity,100
LVEtransmission1596_to_LVEtransmission1832_electricity,100
LVEtransmission1481_to_LVEtransmission68_electricity,100
LVEtransmission68_to_LVEtransmission1756_electricity,100
LVEtransmission1756_to_LVEtransmission669_electricity,100
LVEtransmission669_to_LVEtransmission87_electricity,100
LVEtransmission87_to_LVEtransmission36_electricity,100
LVEtransmission36_to_LVEtransmission1034_electricity,100
LVEtransmission1034_to_LVEtransmission1339_electricity,100
LVEtransmission1339_to_LVEtransmission584_electricity,100
LVEtransmission584_to_LVEtransmission10_electricity,100
LVEtransmission10_to_LVEtransmission1012_electricity,100
LVEtransmission1012_to_LVEtransmission1601_electricity,100
LVEtransmission1601_to_LVEtransmission555_electricity,100
LVEtransmission555_to_LVEtransmission1176_electricity,100
LVEtransmission1176_to_LVEtransmission1736_electricity,100
LVEtransmission1736_to_LVEtransmission972_electricity,100
LVEtransmission44_to_LVEtransmission683_electricity,100
LVEtransmission683_to_LVEtransmission616_electricity,100
LVEtransmission616_to_LVEtransmission956_electricity,100
LVEtransmission956_to_LVEtransmission298_electricity,100
LVEtransmission298_to_LVEtransmission1977_electricity,100
LVEtransmission1977_to_LVEtransmission573_electricity,100
LVEtransmission573_to_LVEtransmission246_electricity,100
LVEtransmission246_to_LVEtransmission887_electricity,100
LVEtransmission887_to_LVEtransmission1275_electricity,100
LVEtransmission1275_to_LVEtransmission1612_electricity,100
LVEtransmission1612_to_LVEtransmission1560_electricity,100
LVEtransmission1560_to_LVEtransmission848_electricity,100
LVEtransmission480_to_LVEtransmission1929_electricity,100
LVEtransmission1929_to_LVEtransmission375_electricity,100
LVEtransmission375_to_LVEtransmission1432_electricity,100
LVEtransmission1432_to_LVEtransmission44_electricity,100
LVEtransmission44_to_LVEtransmission672_electricity,100
LVEtransmission672_to_LVEtransmission440_electricity,100
LVEtransmission440_to_LVEtransmission555_electricity,100
LVEtransmission138_to_LVEtransmission783_electricity,100
LVEtransmission783_to_LVEtransmission1024_electricity,100
LVEtransmission1024_to_LVEtransmission326_electricity,100
LVEtransmission326_to_LVEtransmission607_electricity,100
LVEtransmission607_to_LVEtransmission169_electricity,100
LVEtransmission169_to_LVEtransmission436_electricity,100
LVEtransmission436_to_LVEtransmission1_electricity,100
LVEtransmission1_to_LVEtransmission266_electricity,100
LVEtransmission266_to_LVEtransmission1620_electricity,100
LVEtransmission1620_to_LVEtransmission1632_electricity,100
LVEtransmission1632_to_LVEtransmission927_electricity,100
LVEtransmission927_to_LVEtransmission480_electricity,100
LVEtransmission480_to_LVEtransmission1100_electricity,100
LVEtransmission1100_to_LVEtransmission1497_electricity,100
LVEtransmission1497_to_LVEtransmission1753_electricity,100
LVEtransmission1753_to_LVEtransmission953_electricity,100
LVEtransmission953_to_LVEtransmission1175_electricity,100
LVEtransmission1175_to_LVEtransmission130_electricity,100
LVEtransmission130_to_LVEtransmission349_electricity,100
LVEtransmission349_to_LVEtransmission1784_electricity,100
LVEtransmission1784_to_LVEtransmission1372_electricity,100
LVEtransmission1372_to_LVEtransmission972_electricity,100
LVEtransmission1486_to_LVEtransmission1576_electricity,100
LVEtransmission1576_to_LVEtransmission282_electricity,100
LVEtransmission282_to_LVEtransmission1039_electricity,100
LVEtransmission1039_to_LVEtransmission928_electricity,100
LVEtransmission928_to_LVEtransmission307_electricity,100
LVEtransmission307_to_LVEtransmission1501_electricity,100
LVEtransmission1501_to_LVEtransmission660_electricity,100
LVEtransmission660_to_LVEtransmission756_electricity,100
LVEtransmission756_to_LVEtransmission1516_electricity,100
LVEtransmission1516_to_LVEtransmission218_electricity,100
LVEtransmission218_to_LVEtransmission1484_electricity,100
LVEtransmission1484_to_LVEtransmission193_electricity,100
LVEtransmission879_to_LVEtransmission622_electricity,100
LVEtransmission622_to_LVEtransmission137_electricity,100
LVEtransmission137_to_LVEtransmission773_electricity,100
LVEtransmission773_to_LVEtransmission729_electricity,100
LVEtransmission729_to_LVEtransmission53_electricity,100
LVEtransmission53_to_LVEtransmission1338_electricity,100
LVEtransmission1338_to_LVEtransmission423_electricity,100
LVEtransmission423_to_LVEtransmission738_electricity,100
LVEtransmission1812_to_LVEtransmission1921_electricity,100
LVEtransmission1921_to_LVEtransmission91_electricity,100
LVEtransmission91_to_LVEtransmission1188_electricity,100
LVEtransmission1188_to_LVEtransmission1304_electricity,100
LVEtransmission1304_to_LVEtransmission1762_electricity,100
LVEtransmission1762_to_LVEtransmission879_electricity,100
LVEtransmission274_to_LVEtransmission408_electricity,100
LVEtransmission408_to_LVEtransmission1693_electricity,100
LVEtransmission1693_to_LVEtransmission1831_electricity,100
LVEtransmission1831_to_LVEtransmission1771_electricity,100
LVEtransmission1771_to_LVEtransmission1072_electricity,100
LVEtransmission1072_to_LVEtransmission1476_electricity,100
LVEtransmission1476_to_LVEtransmission558_electricity,100
LVEtransmission558_to_LVEtransmission327_electricity,100
LVEtransmission55_to_LVEtransmission1626_electricity,100
LVEtransmission1626_to_LVEtransmission1654_electricity,100
LVEtransmission1654_to_LVEtransmission966_electricity,100
LVEtransmission966_to_LVEtransmission471_electricity,100
LVEtransmission471_to_LVEtransmission1533_electricity,100
LVEtransmission1533_to_LVEtransmission1802_electricity,100
LVEtransmission1802_to_LVEtransmission1114_electricity,100
LVEtransmission1114_to_LVEtransmission1962_electricity,100
LVEtransmission1962_to_LVEtransmission1502_electricity,100
LVEtransmission1502_to_LVEtransmission1013_electricity,100
LVEtransmission762_to_LVEtransmission708_electricity,100
LVEtransmission708_to_LVEtransmission1030_electricity,100
LVEtransmission1030_to_LVEtransmission116_electricity,100
LVEtransmission116_to_LVEtransmission1608_electricity,100
LVEtransmission1608_to_LVEtransmission191_electricity,100
LVEtransmission191_to_LVEtransmission1311_electricity,100
LVEtransmission1311_to_LVEtransmission1624_electricity,100
LVEtransmission1624_to_LVEtransmission1392_electricity,100
LVEtransmission1392_to_LVEtransmission192_electricity,100
LVEtransmission192_to_LVEtransmission792_electricity,100
LVEtransmission792_to_LVEtransmission1645_electricity,100
LVEtransmission1645_to_LVEtransmission398_electricity,100
LVEtransmission398_to_LVEtransmission1701_electricity,100
LVEtransmission1701_to_LVEtransmission1593_electricity,100
LVEtransmission1593_to_LVEtransmission1637_electricity,100
LVEtransmission1637_to_LVEtransmission69_electricity,100
LVEtransmission69_to_LVEtransmission764_electricity,100
LVEtransmission764_to_LVEtransmission1089_electricity,100
LVEtransmission1881_to_LVEtransmission974_electricity,100
LVEtransmission974_to_LVEtransmission674_electricity,100
LVEtransmission674_to_LVEtransmission923_electricity,100
LVEtransmission1699_to_LVEtransmission1037_electricity,100
LVEtransmission1037_to_LVEtransmission1903_electricity,100
LVEtransmission1903_to_LVEtransmission579_electricity,100
LVEtransmission579_to_LVEtransmission1459_electricity,100
LVEtransmission1459_to_LVEtransmission780_electricity,100
LVEtransmission780_to_LVEtransmission1047_electricity,100
LVEtransmission1047_to_LVEtransmission372_electricity,100
LVEtransmission372_to_LVEtransmission598_electricity,100
LVEtransmission598_to_LVEtransmission919_electricity,100
LVEtransmission919_to_LVEtransmission1800_electricity,100
LVEtransmission1800_to_LVEtransmission466_electricity,100
LVEtransmission466_to_LVEtransmission1816_electricity,100
LVEtransmission1816_to_LVEtransmission697_electricity,100
LVEtransmission697_to_LVEtransmission1867_electricity,100
LVEtransmission1867_to_LVEtransmission902_electricity,100
LVEtransmission902_to_LVEtransmission597_electricity,100
LVEtransmission597_to_LVEtransmission718_electricity,100
LVEtransmission718_to_LVEtransmission1307_electricity,100
LVEtransmission1293_to_LVEtransmission599_electricity,100
LVEtransmission599_to_LVEtransmission1159_electricity,100
LVEtransmission1159_to_LVEtransmission485_electricity,100
LVEtransmission1716_to_LVEtransmission389_electricity,100
LVEtransmission812_to_LVEtransmission276_electricity,100
LVEtransmission276_to_LVEtransmission980_electricity,100
LVEtransmission980_to_LVEtransmission464_electricity,100
LVEtransmission464_to_LVEtransmission490_electricity,100
LVEtransmission490_to_LVEtransmission1185_electricity,100
LVEtransmission1185_to_LVEtransmission189_electricity,100
LVEtransmission189_to_LVEtransmission1354_electricity,100
LVEtransmission1354_to_LVEtransmission365_electricity,100
LVEtransmission365_to_LVEtransmission393_electricity,100
LVEtransmission393_to_LVEtransmission367_electricity,100
LVEtransmission367_to_LVEtransmission736_electricity,100
LVEtransmission736_to_LVEtransmission761_electricity,100
LVEtransmission761_to_LVEtransmission233_electricity,100
LVEtransmission233_to_LVEtransmission470_electricity,100
LVEtransmission485_to_LVEtransmission1152_electricity,100
LVEtransmission1152_to_LVEtransmission1036_electricity,100
LVEtransmission1036_to_LVEtransmission1177_electricity,100
LVEtransmission154_to_LVEtransmission1623_electricity,100
LVEtransmission1623_to_LVEtransmission581_electricity,100
LVEtransmission581_to_LVEtransmission29_electricity,100
LVEtransmission29_to_LVEtransmission1518_electricity,100
LVEtransmission1518_to_LVEtransmission528_electricity,100
LVEtransmission528_to_LVEtransmission1981_electricity,100
LVEtransmission1981_to_LVEtransmission1463_electricity,100
LVEtransmission1463_to_LVEtransmission612_electricity,100
LVEtransmission612_to_LVEtransmission1644_electricity,100
LVEtransmission1644_to_LVEtransmission1095_electricity,100
LVEtransmission1095_to_LVEtransmission552_electricity,100
LVEtransmission552_to_LVEtransmission7_electricity,100
LVEtransmission7_to_LVEtransmission1488_electricity,100
LVEtransmission1488_to_LVEtransmission481_electricity,100
LVEtransmission481_to_LVEtransmission1670_electricity,100
LVEtransmission1670_to_LVEtransmission559_electricity,100
LVEtransmission559_to_LVEtransmission465_electricity,100
LVEtransmission465_to_LVEtransmission45_electricity,100
LVEtransmission45_to_LVEtransmission1796_electricity,100
LVEtransmission1796_to_LVEtransmission673_electricity,100
LVEtransmission673_to_LVEtransmission1314_electricity,100
LVEtransmission1314_to_LVEtransmission1548_electricity,100
LVEtransmission1796_to_LVEtransmission1257_electricity,100
LVEtransmission1257_to_LVEtransmission767_electricity,100
LVEtransmission767_to_LVEtransmission1266_electricity,100
LVEtransmission1266_to_LVEtransmission1006_electricity,100
LVEtransmission1006_to_LVEtransmission1078_electricity,100
LVEtransmission1078_to_LVEtransmission814_electricity,100
LVEtransmission814_to_LVEtransmission39_electricity,100
LVEtransmission39_to_LVEtransmission335_electricity,100
LVEtransmission335_to_LVEtransmission1853_electricity,100
LVEtransmission1853_to_LVEtransmission126_electricity,100
LVEtransmission126_to_LVEtransmission531_electricity,100
LVEtransmission531_to_LVEtransmission937_electricity,100
LVEtransmission937_to_LVEtransmission538_electricity,100
LVEtransmission538_to_LVEtransmission945_electricity,100
LVEtransmission945_to_LVEtransmission1443_electricity,100
LVEtransmission1423_to_LVEtransmission1150_electricity,100
LVEtransmission1150_to_LVEtransmission242_electricity,100
LVEtransmission856_to_LVEtransmission1978_electricity,100
LVEtransmission1978_to_LVEtransmission892_electricity,100
LVEtransmission892_to_LVEtransmission1803_electricity,100
LVEtransmission1803_to_LVEtransmission935_electricity,100
LVEtransmission935_to_LVEtransmission122_electricity,100
LVEtransmission122_to_LVEtransmission347_electricity,100
LVEtransmission347_to_LVEtransmission586_electricity,100
LVEtransmission586_to_LVEtransmission225_electricity,100
LVEtransmission225_to_LVEtransmission1428_electricity,100
LVEtransmission1428_to_LVEtransmission585_electricity,100
LVEtransmission585_to_LVEtransmission1603_electricity,100
LVEtransmission1603_to_LVEtransmission81_electricity,100
LVEtransmission81_to_LVEtransmission1092_electricity,100
LVEtransmission802_to_LVEtransmission1499_electricity,100
LVEtransmission1499_to_LVEtransmission132_electricity,100
LVEtransmission132_to_LVEtransmission1538_electricity,100
LVEtransmission1538_to_LVEtransmission201_electricity,100
LVEtransmission201_to_LVEtransmission133_electricity,100
LVEtransmission133_to_LVEtransmission810_electricity,100
LVEtransmission810_to_LVEtransmission369_electricity,100
LVEtransmission369_to_LVEtransmission880_electricity,100
LVEtransmission880_to_LVEtransmission1513_electricity,100
LVEtransmission1513_to_LVEtransmission1209_electricity,100
LVEtransmission1209_to_LVEtransmission35_electricity,100
LVEtransmission35_to_LVEtransmission1894_electricity,100
LVEtransmission1894_to_LVEtransmission1724_electricity,100
LVEtransmission1724_to_LVEtransmission279_electricity,100
LVEtransmission279_to_LVEtransmission1146_electricity,100
LVEtransmission1146_to_LVEtransmission1919_electricity,100
LVEtransmission1919_to_LVEtransmission1858_electricity,100
LVEtransmission1858_to_LVEtransmission696_electricity,100
LVEtransmission696_to_LVEtransmission1290_electricity,100
LVEtransmission1792_to_LVEtransmission454_electricity,100
LVEtransmission454_to_LVEtransmission1097_electricity,100
LVEtransmission1097_to_LVEtransmission1707_electricity,100
LVEtransmission1707_to_LVEtransmission1064_electricity,100
LVEtransmission1064_to_LVEtransmission1768_electricity,100
LVEtransmission1768_to_LVEtransmission602_electricity,100
LVEtransmission602_to_LVEtransmission998_electricity,100
LVEtransmission998_to_LVEtransmission313_electricity,100
LVEtransmission313_to_LVEtransmission1216_electricity,100
LVEtransmission1216_to_LVEtransmission269_electricity,100
LVEtransmission269_to_LVEtransmission437_electricity,100
LVEtransmission437_to_LVEtransmission727_electricity,100
LVEtransmission727_to_LVEtransmission805_electricity,100
LVEtransmission805_to_LVEtransmission1296_electricity,100
LVEtransmission1296_to_LVEtransmission1087_electricity,100
LVEtransmission1087_to_LVEtransmission1819_electricity,100
warmtenet8_to_substation_multatulibuurt,100
substation_multatulibuurt_to_LQHtransmission38_heat,100
MV_LV_transformer1_to_LVEtransmission1384_electricity,100
MV_LV_transformer2_to_LVEtransmission1303_electricity,100
MV_LV_transformer3_to_LVEtransmission1073_electricity,100
MV_LV_transformer4_to_LVEtransmission1432_electricity,100
MV_LV_transformer5_to_LVEtransmission1998_electricity,100
MV_LV_transformer6_to_LVEtransmission1453_electricity,100
MV_LV_transformer7_to_LVEtransmission80_electricity,100
MV_LV_transformer8_to_LVEtransmission1488_electricity,100
MV_LV_transformer9_to_LVEtransmission1878_electricity,100
MV_LV_transformer10_to_LVEtransmission1360_electricity,100
MV_LV_transformer11_to_LVEtransmission819_electricity,100
MV_LV_transformer12_to_LVEtransmission272_electricity,100
D0503100000000193_to_LQHtransmission1456_heat,100
D0503100000018688_to_LQHtransmission837_heat,100
D0503100000018708_to_LQHtransmission253_heat,100
D0503100000031429_to_LQHtransmission1675_heat,100
D0503100000031824_to_LQHtransmission1730_heat,100
D0503100000000190_to_LVEtransmission1073_electricity,100
D0503100000000191_to_LVEtransmission1073_electricity,100
D0503100000001933_to_LVEtransmission157_electricity,100
D0503100000001936_to_LVEtransmission731_electricity,100
D0503100000001937_to_LVEtransmission1328_electricity,100
D0503100000001938_to_LVEtransmission322_electricity,100
D0503100000002020_to_LVEtransmission553_electricity,100
D0503100000002021_to_LVEtransmission1866_electricity,100
D0503100000002023_to_LVEtransmission1130_electricity,100
D0503100000002025_to_LVEtransmission549_electricity,100
D0503100000002026_to_LVEtransmission264_electricity,100
D0503100000002031_to_LVEtransmission1433_electricity,100
D0503100000002032_to_LVEtransmission180_electricity,100
D0503100000002033_to_LVEtransmission1908_electricity,100
D0503100000013778_to_LVEtransmission800_electricity,100
D0503100000013779_to_LVEtransmission456_electricity,100
D0503100000013780_to_LVEtransmission456_electricity,100
D0503100000013831_to_LVEtransmission1494_electricity,100
D0503100000013832_to_LVEtransmission1494_electricity,100
D0503100000013834_to_LVEtransmission1405_electricity,100
D0503100000013838_to_LVEtransmission1297_electricity,100
D0503100000013839_to_LVEtransmission1888_electricity,100
D0503100000013840_to_LVEtransmission240_electricity,100
D0503100000013841_to_LVEtransmission644_electricity,100
D0503100000013842_to_LVEtransmission212_electricity,100
D0503100000013843_to_LVEtransmission1963_electricity,100
D0503100000013844_to_LVEtransmission1494_electricity,100
D0503100000013845_to_LVEtransmission1494_electricity,100
D0503100000013846_to_LVEtransmission667_electricity,100
D0503100000013849_to_LVEtransmission1265_electricity,100
D0503100000013850_to_LVEtransmission1494_electricity,100
D0503100000013851_to_LVEtransmission1804_electricity,100
D0503100000013852_to_LVEtransmission1297_electricity,100
D0503100000013853_to_LVEtransmission1494_electricity,100
D0503100000013854_to_LVEtransmission1265_electricity,100
D0503100000013855_to_LVEtransmission1483_electricity,100
D0503100000013864_to_LVEtransmission800_electricity,100
D0503100000013866_to_LVEtransmission456_electricity,100
D0503100000013867_to_LVEtransmission800_electricity,100
D0503100000013868_to_LVEtransmission456_electricity,100
D0503100000013869_to_LVEtransmission800_electricity,100
D0503100000013870_to_LVEtransmission456_electricity,100
D0503100000013871_to_LVEtransmission456_electricity,100
D0503100000013872_to_LVEtransmission1969_electricity,100
D0503100000013873_to_LVEtransmission1510_electricity,100
D0503100000013875_to_LVEtransmission1073_electricity,100
D0503100000013876_to_LVEtransmission1343_electricity,100
D0503100000013877_to_LVEtransmission1073_electricity,100
D0503100000013878_to_LVEtransmission1073_electricity,100
D0503100000013880_to_LVEtransmission390_electricity,100
D0503100000013881_to_LVEtransmission885_electricity,100
D0503100000014645_to_LVEtransmission1580_electricity,100
D0503100000014648_to_LVEtransmission1580_electricity,100
D0503100000014649_to_LVEtransmission1580_electricity,100
D0503100000014654_to_LVEtransmission1866_electricity,100
D0503100000014719_to_LVEtransmission1580_electricity,100
D0503100000014723_to_LVEtransmission1580_electricity,100
D0503100000014725_to_LVEtransmission80_electricity,100
D0503100000014726_to_LVEtransmission1872_electricity,100
D0503100000014729_to_LVEtransmission1536_electricity,100
D0503100000014731_to_LVEtransmission1842_electricity,100
D0503100000014733_to_LVEtransmission157_electricity,100
D0503100000014739_to_LVEtransmission827_electricity,100
D0503100000014741_to_LVEtransmission1285_electricity,100
D0503100000014744_to_LVEtransmission497_electricity,100
D0503100000014745_to_LVEtransmission325_electricity,100
D0503100000014747_to_LVEtransmission157_electricity,100
D0503100000014748_to_LVEtransmission157_electricity,100
D0503100000014835_to_LVEtransmission547_electricity,100
D0503100000014836_to_LVEtransmission157_electricity,100
D0503100000014837_to_LVEtransmission443_electricity,100
D0503100000014838_to_LVEtransmission272_electricity,100
D0503100000014843_to_LVEtransmission183_electricity,100
D0503100000014847_to_LVEtransmission1355_electricity,100
D0503100000014848_to_LVEtransmission157_electricity,100
D0503100000014850_to_LVEtransmission385_electricity,100
D0503100000014852_to_LVEtransmission504_electricity,100
D0503100000014854_to_LVEtransmission1419_electricity,100
D0503100000015289_to_LVEtransmission1665_electricity,100
D0503100000015290_to_LVEtransmission877_electricity,100
D0503100000015291_to_LVEtransmission381_electricity,100
D0503100000015292_to_LVEtransmission185_electricity,100
D0503100000015293_to_LVEtransmission1145_electricity,100
D0503100000015294_to_LVEtransmission1606_electricity,100
D0503100000015295_to_LVEtransmission381_electricity,100
D0503100000015297_to_LVEtransmission1606_electricity,100
D0503100000015298_to_LVEtransmission1349_electricity,100
D0503100000015299_to_LVEtransmission1128_electricity,100
D0503100000015300_to_LVEtransmission670_electricity,100
D0503100000015304_to_LVEtransmission1665_electricity,100
D0503100000015305_to_LVEtransmission237_electricity,100
D0503100000015306_to_LVEtransmission723_electricity,100
D0503100000015307_to_LVEtransmission1128_electricity,100
D0503100000015312_to_LVEtransmission1980_electricity,100
D0503100000015314_to_LVEtransmission56_electricity,100
D0503100000015316_to_LVEtransmission561_electricity,100
D0503100000015317_to_LVEtransmission1927_electricity,100
D0503100000015318_to_LVEtransmission1130_electricity,100
D0503100000015402_to_LVEtransmission1549_electricity,100
D0503100000015404_to_LVEtransmission1588_electricity,100
D0503100000015405_to_LVEtransmission1804_electricity,100
D0503100000015406_to_LVEtransmission1779_electricity,100
D0503100000015408_to_LVEtransmission1302_electricity,100
D0503100000015409_to_LVEtransmission212_electricity,100
D0503100000015410_to_LVEtransmission1478_electricity,100
D0503100000015412_to_LVEtransmission964_electricity,100
D0503100000015413_to_LVEtransmission388_electricity,100
D0503100000015414_to_LVEtransmission1661_electricity,100
D0503100000015415_to_LVEtransmission1130_electricity,100
D0503100000015416_to_LVEtransmission1770_electricity,100
D0503100000015418_to_LVEtransmission1130_electricity,100
D0503100000015420_to_LVEtransmission199_electricity,100
D0503100000015424_to_LVEtransmission1908_electricity,100
D0503100000015425_to_LVEtransmission959_electricity,100
D0503100000015428_to_LVEtransmission921_electricity,100
D0503100000015431_to_LVEtransmission1804_electricity,100
D0503100000015432_to_LVEtransmission1948_electricity,100
D0503100000018691_to_LVEtransmission1156_electricity,100
D0503100000018692_to_LVEtransmission1676_electricity,100
D0503100000018693_to_LVEtransmission1892_electricity,100
D0503100000018694_to_LVEtransmission1469_electricity,100
D0503100000018695_to_LVEtransmission1509_electricity,100
D0503100000018698_to_LVEtransmission1162_electricity,100
D0503100000018699_to_LVEtransmission601_electricity,100
D0503100000018700_to_LVEtransmission743_electricity,100
D0503100000018701_to_LVEtransmission315_electricity,100
D0503100000018704_to_LVEtransmission484_electricity,100
D0503100000018705_to_LVEtransmission484_electricity,100
D0503100000018706_to_LVEtransmission1156_electricity,100
D0503100000018707_to_LVEtransmission502_electricity,100
D0503100000018710_to_LVEtransmission1923_electricity,100
D0503100000018711_to_LVEtransmission1923_electricity,100
D0503100000018712_to_LVEtransmission239_electricity,100
D0503100000018785_to_LVEtransmission1128_electricity,100
D0503100000018786_to_LVEtransmission152_electricity,100
D0503100000018787_to_LVEtransmission1539_electricity,100
D0503100000018788_to_LVEtransmission21_electricity,100
D0503100000018789_to_LVEtransmission21_electricity,100
D0503100000018790_to_LVEtransmission21_electricity,100
D0503100000018791_to_LVEtransmission21_electricity,100
D0503100000018792_to_LVEtransmission21_electricity,100
D0503100000018793_to_LVEtransmission1313_electricity,100
D0503100000018794_to_LVEtransmission1277_electricity,100
D0503100000018795_to_LVEtransmission1288_electricity,100
D0503100000018796_to_LVEtransmission1450_electricity,100
D0503100000018797_to_LVEtransmission373_electricity,100
D0503100000018798_to_LVEtransmission373_electricity,100
D0503100000018799_to_LVEtransmission373_electricity,100
D0503100000018800_to_LVEtransmission373_electricity,100
D0503100000018801_to_LVEtransmission373_electricity,100
D0503100000018802_to_LVEtransmission1515_electricity,100
D0503100000018803_to_LVEtransmission1515_electricity,100
D0503100000018804_to_LVEtransmission484_electricity,100
D0503100000018805_to_LVEtransmission484_electricity,100
D0503100000018806_to_LVEtransmission484_electricity,100
D0503100000018807_to_LVEtransmission613_electricity,100
D0503100000018808_to_LVEtransmission680_electricity,100
D0503100000018809_to_LVEtransmission981_electricity,100
D0503100000018810_to_LVEtransmission1649_electricity,100
D0503100000018811_to_LVEtransmission1534_electricity,100
D0503100000018812_to_LVEtransmission1519_electricity,100
D0503100000018813_to_LVEtransmission213_electricity,100
D0503100000018814_to_LVEtransmission1638_electricity,100
D0503100000018815_to_LVEtransmission1190_electricity,100
D0503100000018879_to_LVEtransmission386_electricity,100
D0503100000018880_to_LVEtransmission171_electricity,100
D0503100000018881_to_LVEtransmission438_electricity,100
D0503100000018882_to_LVEtransmission1535_electricity,100
D0503100000018883_to_LVEtransmission543_electricity,100
D0503100000018884_to_LVEtransmission990_electricity,100
D0503100000018892_to_LVEtransmission1156_electricity,100
D0503100000018893_to_LVEtransmission1156_electricity,100
D0503100000018894_to_LVEtransmission321_electricity,100
D0503100000018895_to_LVEtransmission1014_electricity,100
D0503100000018896_to_LVEtransmission868_electricity,100
D0503100000018897_to_LVEtransmission1827_electricity,100
D0503100000018899_to_LVEtransmission1542_electricity,100
D0503100000018901_to_LVEtransmission1960_electricity,100
D0503100000018902_to_LVEtransmission1769_electricity,100
D0503100000018903_to_LVEtransmission743_electricity,100
D0503100000018904_to_LVEtransmission743_electricity,100
D0503100000018905_to_LVEtransmission743_electricity,100
D0503100000018906_to_LVEtransmission828_electricity,100
D0503100000018907_to_LVEtransmission1361_electricity,100
D0503100000018908_to_LVEtransmission1361_electricity,100
D0503100000018909_to_LVEtransmission1725_electricity,100
D0503100000018910_to_LVEtransmission403_electricity,100
D0503100000018911_to_LVEtransmission1345_electricity,100
D0503100000018912_to_LVEtransmission567_electricity,100
D0503100000018979_to_LVEtransmission190_electricity,100
D0503100000018980_to_LVEtransmission1361_electricity,100
D0503100000018981_to_LVEtransmission1384_electricity,100
D0503100000018982_to_LVEtransmission150_electricity,100
D0503100000018983_to_LVEtransmission412_electricity,100
D0503100000018984_to_LVEtransmission1391_electricity,100
D0503100000018985_to_LVEtransmission1391_electricity,100
D0503100000018986_to_LVEtransmission373_electricity,100
D0503100000018987_to_LVEtransmission373_electricity,100
D0503100000018988_to_LVEtransmission373_electricity,100
D0503100000018989_to_LVEtransmission469_electricity,100
D0503100000018990_to_LVEtransmission1675_electricity,100
D0503100000019096_to_LVEtransmission1638_electricity,100
D0503100000019098_to_LVEtransmission1892_electricity,100
D0503100000019099_to_LVEtransmission363_electricity,100
D0503100000019100_to_LVEtransmission842_electricity,100
D0503100000019102_to_LVEtransmission1615_electricity,100
D0503100000019103_to_LVEtransmission1638_electricity,100
D0503100000019104_to_LVEtransmission1552_electricity,100
D0503100000019106_to_LVEtransmission99_electricity,100
D0503100000019107_to_LVEtransmission99_electricity,100
D0503100000019108_to_LVEtransmission288_electricity,100
D0503100000019109_to_LVEtransmission1509_electricity,100
D0503100000019110_to_LVEtransmission438_electricity,100
D0503100000019112_to_LVEtransmission543_electricity,100
D0503100000019113_to_LVEtransmission562_electricity,100
D0503100000019114_to_LVEtransmission990_electricity,100
D0503100000019115_to_LVEtransmission1878_electricity,100
D0503100000019116_to_LVEtransmission1878_electricity,100
D0503100000019117_to_LVEtransmission570_electricity,100
D0503100000019194_to_LVEtransmission1711_electricity,100
D0503100000019195_to_LVEtransmission662_electricity,100
D0503100000019196_to_LVEtransmission922_electricity,100
D0503100000019197_to_LVEtransmission832_electricity,100
D0503100000019198_to_LVEtransmission487_electricity,100
D0503100000019223_to_LVEtransmission676_electricity,100
D0503100000019224_to_LVEtransmission181_electricity,100
D0503100000019225_to_LVEtransmission1696_electricity,100
D0503100000019226_to_LVEtransmission424_electricity,100
D0503100000019427_to_LVEtransmission939_electricity,100
D0503100000019429_to_LVEtransmission380_electricity,100
D0503100000019430_to_LVEtransmission380_electricity,100
D0503100000019431_to_LVEtransmission380_electricity,100
D0503100000019432_to_LVEtransmission1154_electricity,100
D0503100000019433_to_LVEtransmission468_electricity,100
D0503100000019435_to_LVEtransmission1222_electricity,100
D0503100000019436_to_LVEtransmission1524_electricity,100
D0503100000019437_to_LVEtransmission1930_electricity,100
D0503100000019438_to_LVEtransmission929_electricity,100
D0503100000019439_to_LVEtransmission468_electricity,100
D0503100000019440_to_LVEtransmission1230_electricity,100
D0503100000019441_to_LVEtransmission1011_electricity,100
D0503100000019442_to_LVEtransmission1011_electricity,100
D0503100000019443_to_LVEtransmission1011_electricity,100
D0503100000019444_to_LVEtransmission392_electricity,100
D0503100000019513_to_LVEtransmission1958_electricity,100
D0503100000019514_to_LVEtransmission933_electricity,100
D0503100000019515_to_LVEtransmission1328_electricity,100
D0503100000019516_to_LVEtransmission1399_electricity,100
D0503100000019517_to_LVEtransmission1243_electricity,100
D0503100000019518_to_LVEtransmission1355_electricity,100
D0503100000019519_to_LVEtransmission1912_electricity,100
D0503100000019520_to_LVEtransmission1419_electricity,100
D0503100000019534_to_LVEtransmission1265_electricity,100
D0503100000019535_to_LVEtransmission1265_electricity,100
D0503100000019536_to_LVEtransmission1265_electricity,100
D0503100000019537_to_LVEtransmission769_electricity,100
D0503100000019538_to_LVEtransmission1520_electricity,100
D0503100000019539_to_LVEtransmission1520_electricity,100
D0503100000019619_to_LVEtransmission1908_electricity,100
D0503100000019620_to_LVEtransmission1908_electricity,100
D0503100000019621_to_LVEtransmission1908_electricity,100
D0503100000019622_to_LVEtransmission1908_electricity,100
D0503100000019623_to_LVEtransmission1308_electricity,100
D0503100000019624_to_LVEtransmission1274_electricity,100
D0503100000019625_to_LVEtransmission1274_electricity,100
D0503100000019626_to_LVEtransmission83_electricity,100
D0503100000019627_to_LVEtransmission1934_electricity,100
D0503100000019628_to_LVEtransmission820_electricity,100
D0503100000019629_to_LVEtransmission820_electricity,100
D0503100000019630_to_LVEtransmission1830_electricity,100
D0503100000019631_to_LVEtransmission1230_electricity,100
D0503100000019632_to_LVEtransmission1230_electricity,100
D0503100000019939_to_LVEtransmission58_electricity,100
D0503100000019940_to_LVEtransmission50_electricity,100
D0503100000019941_to_LVEtransmission13_electricity,100
D0503100000019942_to_LVEtransmission425_electricity,100
D0503100000019943_to_LVEtransmission1980_electricity,100
D0503100000019944_to_LVEtransmission806_electricity,100
D0503100000019945_to_LVEtransmission723_electricity,100
D0503100000019946_to_LVEtransmission1824_electricity,100
D0503100000019947_to_LVEtransmission1927_electricity,100
D0503100000019950_to_LVEtransmission1923_electricity,100
D0503100000019951_to_LVEtransmission1663_electricity,100
D0503100000019952_to_LVEtransmission1663_electricity,100
D0503100000019953_to_LVEtransmission1396_electricity,100
D0503100000020024_to_LVEtransmission1396_electricity,100
D0503100000020025_to_LVEtransmission1737_electricity,100
D0503100000020026_to_LVEtransmission18_electricity,100
D0503100000020027_to_LVEtransmission1956_electricity,100
D0503100000020028_to_LVEtransmission1657_electricity,100
D0503100000020030_to_LVEtransmission1927_electricity,100
D0503100000020032_to_LVEtransmission611_electricity,100
D0503100000020033_to_LVEtransmission741_electricity,100
D0503100000020034_to_LVEtransmission78_electricity,100
D0503100000020035_to_LVEtransmission121_electricity,100
D0503100000020036_to_LVEtransmission1131_electricity,100
D0503100000020037_to_LVEtransmission302_electricity,100
D0503100000020038_to_LVEtransmission1132_electricity,100
D0503100000020039_to_LVEtransmission747_electricity,100
D0503100000020041_to_LVEtransmission57_electricity,100
D0503100000020042_to_LVEtransmission1899_electricity,100
D0503100000020043_to_LVEtransmission342_electricity,100
D0503100000020044_to_LVEtransmission1331_electricity,100
D0503100000020045_to_LVEtransmission1396_electricity,100
D0503100000020046_to_LVEtransmission1396_electricity,100
D0503100000020047_to_LVEtransmission1043_electricity,100
D0503100000020048_to_LVEtransmission76_electricity,100
D0503100000020049_to_LVEtransmission1786_electricity,100
D0503100000020050_to_LVEtransmission1786_electricity,100
D0503100000020051_to_LVEtransmission801_electricity,100
D0503100000020052_to_LVEtransmission1818_electricity,100
D0503100000020053_to_LVEtransmission1852_electricity,100
D0503100000020054_to_LVEtransmission1258_electricity,100
D0503100000020055_to_LVEtransmission1375_electricity,100
D0503100000020056_to_LVEtransmission1537_electricity,100
D0503100000020131_to_LVEtransmission373_electricity,100
D0503100000020132_to_LVEtransmission759_electricity,100
D0503100000020133_to_LVEtransmission13_electricity,100
D0503100000020145_to_LVEtransmission759_electricity,100
D0503100000020146_to_LVEtransmission13_electricity,100
D0503100000020147_to_LVEtransmission1258_electricity,100
D0503100000020148_to_LVEtransmission1269_electricity,100
D0503100000020149_to_LVEtransmission152_electricity,100
D0503100000020157_to_LVEtransmission425_electricity,100
D0503100000020158_to_LVEtransmission1943_electricity,100
D0503100000020159_to_LVEtransmission760_electricity,100
D0503100000020165_to_LVEtransmission1923_electricity,100
D0503100000028572_to_LVEtransmission211_electricity,100
D0503100000028573_to_LVEtransmission272_electricity,100
D0503100000028575_to_LVEtransmission278_electricity,100
D0503100000030019_to_LVEtransmission801_electricity,100
D0503100000030020_to_LVEtransmission1663_electricity,100
D0503100000030021_to_LVEtransmission1132_electricity,100
D0503100000030022_to_LVEtransmission677_electricity,100
D0503100000030024_to_LVEtransmission13_electricity,100
D0503100000030026_to_LVEtransmission1049_electricity,100
D0503100000030027_to_LVEtransmission1923_electricity,100
D0503100000030105_to_LVEtransmission80_electricity,100
D0503100000030106_to_LVEtransmission1580_electricity,100
D0503100000030108_to_LVEtransmission1968_electricity,100
D0503100000030111_to_LVEtransmission1285_electricity,100
D0503100000030112_to_LVEtransmission1181_electricity,100
D0503100000030113_to_LVEtransmission1119_electricity,100
D0503100000030115_to_LVEtransmission1243_electricity,100
D0503100000030235_to_LVEtransmission806_electricity,100
D0503100000030237_to_LVEtransmission237_electricity,100
D0503100000030238_to_LVEtransmission1082_electricity,100
D0503100000030304_to_LVEtransmission1478_electricity,100
D0503100000030305_to_LVEtransmission1073_electricity,100
D0503100000031368_to_LVEtransmission1145_electricity,100
D0503100000031431_to_LVEtransmission21_electricity,100
D0503100000031432_to_LVEtransmission1511_electricity,100
D0503100000031433_to_LVEtransmission1515_electricity,100
D0503100000031434_to_LVEtransmission484_electricity,100
D0503100000031435_to_LVEtransmission774_electricity,100
D0503100000031436_to_LVEtransmission562_electricity,100
D0503100000031438_to_LVEtransmission377_electricity,100
D0503100000031439_to_LVEtransmission743_electricity,100
D0503100000031440_to_LVEtransmission1345_electricity,100
D0503100000031441_to_LVEtransmission743_electricity,100
D0503100000031442_to_LVEtransmission469_electricity,100
D0503100000031455_to_LVEtransmission1923_electricity,100
D0503100000031457_to_LVEtransmission76_electricity,100
D0503100000031822_to_LVEtransmission80_electricity,100
D0503100000032612_to_LVEtransmission443_electricity,100
D0503100000032613_to_LVEtransmission301_electricity,100
D0503100000032617_to_LVEtransmission1274_electricity,100
D0503100000032618_to_LVEtransmission1230_electricity,100
