geometry,lat,lon,id
POINT (4.3577588 51.9927123),51.9927123,4.3577588,transmission1
POINT (4.3561187 51.9938197),51.9938197,4.3561187,transmission2
POINT (4.3586688 51.9899635),51.9899635,4.3586688,transmission3
POINT (4.360595 51.9911859),51.9911859,4.360595,transmission4
POINT (4.3619208 51.9923363),51.9923363,4.3619208,transmission5
POINT (4.3566071 51.9927966),51.9927966,4.3566071,transmission6
POINT (4.3563317 51.9945854),51.9945854,4.3563317,transmission7
POINT (4.3562879 51.993857),51.993857,4.3562879,transmission8
POINT (4.3607937 51.9942284),51.9942284,4.3607937,transmission9
POINT (4.3595505 51.995182),51.995182,4.3595505,transmission10
POINT (4.3625289 51.9913578),51.9913578,4.3625289,transmission11
POINT (4.3553562 51.9944801),51.9944801,4.3553562,transmission12
POINT (4.3577981 51.9924231),51.9924231,4.3577981,transmission13
POINT (4.3604194 51.9935753),51.9935753,4.3604194,transmission14
POINT (4.3581828 51.9934623),51.9934623,4.3581828,transmission15
POINT (4.3575965 51.9951046),51.9951046,4.3575965,transmission16
POINT (4.3571422 51.9938225),51.9938225,4.3571422,transmission17
POINT (4.3555136 51.9958405),51.9958405,4.3555136,transmission18
POINT (4.3613191 51.9930954),51.9930954,4.3613191,transmission19
POINT (4.3605818 51.9935265),51.9935265,4.3605818,transmission20
POINT (4.3622175 51.991272),51.991272,4.3622175,transmission21
POINT (4.3554062 51.9956619),51.9956619,4.3554062,transmission22
POINT (4.3563411 51.9951687),51.9951687,4.3563411,transmission23
POINT (4.3615152 51.9940201),51.9940201,4.3615152,transmission24
POINT (4.3604647 51.9959568),51.9959568,4.3604647,transmission25
POINT (4.3571396 51.9944478),51.9944478,4.3571396,transmission26
POINT (4.3612682 51.9930008),51.9930008,4.3612682,transmission27
POINT (4.3585664 51.994735),51.994735,4.3585664,transmission28
POINT (4.3606029 51.9957025),51.9957025,4.3606029,transmission29
POINT (4.3612949 51.991522),51.991522,4.3612949,transmission30
POINT (4.3609433 51.9909897),51.9909897,4.3609433,transmission31
POINT (4.355513 51.995448),51.995448,4.355513,transmission32
POINT (4.3575601 51.9965577),51.9965577,4.3575601,transmission33
POINT (4.360504 51.991885),51.991885,4.360504,transmission34
POINT (4.3577135 51.9930284),51.9930284,4.3577135,transmission35
POINT (4.3560833 51.99422),51.99422,4.3560833,transmission36
POINT (4.355216 51.994751),51.994751,4.355216,transmission37
POINT (4.3588063 51.9961605),51.9961605,4.3588063,transmission38
POINT (4.3590432 51.9911659),51.9911659,4.3590432,transmission39
POINT (4.356932 51.9928157),51.9928157,4.356932,transmission40
POINT (4.3592722 51.9931579),51.9931579,4.3592722,transmission41
POINT (4.3564133 51.9942912),51.9942912,4.3564133,transmission42
POINT (4.3594576 51.994263),51.994263,4.3594576,transmission43
POINT (4.3569194 51.9947067),51.9947067,4.3569194,transmission44
POINT (4.3601758 51.9929028),51.9929028,4.3601758,transmission45
POINT (4.3577995 51.9964256),51.9964256,4.3577995,transmission46
POINT (4.3584291 51.9941864),51.9941864,4.3584291,transmission47
POINT (4.3558861 51.9956057),51.9956057,4.3558861,transmission48
POINT (4.3616738 51.991188),51.991188,4.3616738,transmission49
POINT (4.3607381 51.9932072),51.9932072,4.3607381,transmission50
POINT (4.3580511 51.9924828),51.9924828,4.3580511,transmission51
POINT (4.360719 51.9967284),51.9967284,4.360719,transmission52
POINT (4.3565646 51.9934983),51.9934983,4.3565646,transmission53
POINT (4.3573835 51.9956481),51.9956481,4.3573835,transmission54
POINT (4.3589792 51.991148),51.991148,4.3589792,transmission55
POINT (4.3584437 51.9959793),51.9959793,4.3584437,transmission56
POINT (4.3566751 51.9944883),51.9944883,4.3566751,transmission57
POINT (4.3573521 51.9920723),51.9920723,4.3573521,transmission58
POINT (4.3587027 51.9956017),51.9956017,4.3587027,transmission59
POINT (4.361924 51.9932693),51.9932693,4.361924,transmission60
POINT (4.3558922 51.9942287),51.9942287,4.3558922,transmission61
POINT (4.3578649 51.9939588),51.9939588,4.3578649,transmission62
POINT (4.3583147 51.9926389),51.9926389,4.3583147,transmission63
POINT (4.357532 51.9925003),51.9925003,4.357532,transmission64
POINT (4.3603586 51.993248),51.993248,4.3603586,transmission65
POINT (4.3561963 51.9944277),51.9944277,4.3561963,transmission66
POINT (4.357303 51.9921547),51.9921547,4.357303,transmission67
POINT (4.3570968 51.9954855),51.9954855,4.3570968,transmission68
POINT (4.3578167 51.9940338),51.9940338,4.3578167,transmission69
POINT (4.3564794 51.9943054),51.9943054,4.3564794,transmission70
POINT (4.3599499 51.9946585),51.9946585,4.3599499,transmission71
POINT (4.3598601 51.9928414),51.9928414,4.3598601,transmission72
POINT (4.3575887 51.9912834),51.9912834,4.3575887,transmission73
POINT (4.3586838 51.9940166),51.9940166,4.3586838,transmission74
POINT (4.3586594 51.9910586),51.9910586,4.3586594,transmission75
POINT (4.3594809 51.9934959),51.9934959,4.3594809,transmission76
POINT (4.3624845 51.9936333),51.9936333,4.3624845,transmission77
POINT (4.3583341 51.9959641),51.9959641,4.3583341,transmission78
POINT (4.3585315 51.9910228),51.9910228,4.3585315,transmission79
POINT (4.3553132 51.9954305),51.9954305,4.3553132,transmission80
POINT (4.3622565 51.9910126),51.9910126,4.3622565,transmission81
POINT (4.3574621 51.9939045),51.9939045,4.3574621,transmission82
POINT (4.3570718 51.9958023),51.9958023,4.3570718,transmission83
POINT (4.3575206 51.9913979),51.9913979,4.3575206,transmission84
POINT (4.3586884 51.9945755),51.9945755,4.3586884,transmission85
POINT (4.3611009 51.9928965),51.9928965,4.3611009,transmission86
POINT (4.359927 51.9928573),51.9928573,4.359927,transmission87
POINT (4.3588777 51.9955241),51.9955241,4.3588777,transmission88
POINT (4.3568518 51.9929695),51.9929695,4.3568518,transmission89
POINT (4.3605924 51.9930458),51.9930458,4.3605924,transmission90
POINT (4.3612286 51.9947481),51.9947481,4.3612286,transmission91
POINT (4.3629861 51.9915543),51.9915543,4.3629861,transmission92
POINT (4.3624649 51.9923019),51.9923019,4.3624649,transmission93
POINT (4.3569598 51.9957322),51.9957322,4.3569598,transmission94
POINT (4.3571782 51.9946384),51.9946384,4.3571782,transmission95
POINT (4.3582737 51.9959641),51.9959641,4.3582737,transmission96
POINT (4.3578157 51.9910965),51.9910965,4.3578157,transmission97
POINT (4.3624336 51.9913966),51.9913966,4.3624336,transmission98
POINT (4.3587928 51.9908276),51.9908276,4.3587928,transmission99
POINT (4.3576579 51.9918652),51.9918652,4.3576579,transmission100
POINT (4.361136 51.9936612),51.9936612,4.361136,transmission101
POINT (4.3583042 51.9925426),51.9925426,4.3583042,transmission102
POINT (4.3567484 51.9931607),51.9931607,4.3567484,transmission103
POINT (4.357431 51.9951716),51.9951716,4.357431,transmission104
POINT (4.357163 51.9950127),51.9950127,4.357163,transmission105
POINT (4.3616898 51.9917594),51.9917594,4.3616898,transmission106
POINT (4.3623745 51.9918375),51.9918375,4.3623745,transmission107
POINT (4.3603945 51.9913445),51.9913445,4.3603945,transmission108
POINT (4.3577681 51.9918938),51.9918938,4.3577681,transmission109
POINT (4.3598094 51.9935417),51.9935417,4.3598094,transmission110
POINT (4.3559513 51.9958115),51.9958115,4.3559513,transmission111
POINT (4.3604417 51.9959992),51.9959992,4.3604417,transmission112
POINT (4.3630821 51.991333),51.991333,4.3630821,transmission113
POINT (4.3607371 51.9928938),51.9928938,4.3607371,transmission114
POINT (4.3600908 51.9913313),51.9913313,4.3600908,transmission115
POINT (4.359994 51.9928731),51.9928731,4.359994,transmission116
POINT (4.357226 51.9921806),51.9921806,4.357226,transmission117
POINT (4.3592116 51.9934349),51.9934349,4.3592116,transmission118
POINT (4.3579187 51.9940643),51.9940643,4.3579187,transmission119
POINT (4.3588174 51.9943555),51.9943555,4.3588174,transmission120
POINT (4.3569528 51.9927762),51.9927762,4.3569528,transmission121
POINT (4.3581544 51.9915802),51.9915802,4.3581544,transmission122
POINT (4.3593171 51.9962886),51.9962886,4.3593171,transmission123
POINT (4.3602495 51.9934867),51.9934867,4.3602495,transmission124
POINT (4.3579428 51.9908905),51.9908905,4.3579428,transmission125
POINT (4.3596724 51.9942525),51.9942525,4.3596724,transmission126
POINT (4.3567351 51.9963728),51.9963728,4.3567351,transmission127
POINT (4.3589935 51.9920769),51.9920769,4.3589935,transmission128
POINT (4.3581144 51.9924978),51.9924978,4.3581144,transmission129
POINT (4.3572717 51.9944763),51.9944763,4.3572717,transmission130
POINT (4.3580403 51.9909134),51.9909134,4.3580403,transmission131
POINT (4.3574955 51.9965451),51.9965451,4.3574955,transmission132
POINT (4.3613215 51.9945817),51.9945817,4.3613215,transmission133
POINT (4.360734 51.9915619),51.9915619,4.360734,transmission134
POINT (4.3554617 51.9950661),51.9950661,4.3554617,transmission135
POINT (4.3576221 51.9916179),51.9916179,4.3576221,transmission136
POINT (4.3571436 51.9924335),51.9924335,4.3571436,transmission137
POINT (4.3580843 51.9936163),51.9936163,4.3580843,transmission138
POINT (4.3566484 51.9930611),51.9930611,4.3566484,transmission139
POINT (4.357812 51.9911864),51.9911864,4.357812,transmission140
POINT (4.362452 51.993721),51.993721,4.362452,transmission141
POINT (4.359043 51.9913646),51.9913646,4.359043,transmission142
POINT (4.3575521 51.9918385),51.9918385,4.3575521,transmission143
POINT (4.3591352 51.9962603),51.9962603,4.3591352,transmission144
POINT (4.3600863 51.9923721),51.9923721,4.3600863,transmission145
POINT (4.3567375 51.9960022),51.9960022,4.3567375,transmission146
POINT (4.3615689 51.990818),51.990818,4.3615689,transmission147
POINT (4.3553263 51.9947713),51.9947713,4.3553263,transmission148
POINT (4.3594359 51.9913673),51.9913673,4.3594359,transmission149
POINT (4.3579823 51.9951856),51.9951856,4.3579823,transmission150
POINT (4.3554916 51.9954908),51.9954908,4.3554916,transmission151
POINT (4.3562206 51.995364),51.995364,4.3562206,transmission152
POINT (4.3575438 51.9959038),51.9959038,4.3575438,transmission153
POINT (4.3583032 51.9919121),51.9919121,4.3583032,transmission154
POINT (4.3593786 51.9939671),51.9939671,4.3593786,transmission155
POINT (4.3589009 51.9936774),51.9936774,4.3589009,transmission156
POINT (4.3555984 51.9952769),51.9952769,4.3555984,transmission157
POINT (4.3611124 51.9949562),51.9949562,4.3611124,transmission158
POINT (4.3591608 51.9906211),51.9906211,4.3591608,transmission159
POINT (4.3587845 51.9940783),51.9940783,4.3587845,transmission160
POINT (4.3602386 51.9950409),51.9950409,4.3602386,transmission161
POINT (4.3591547 51.9941673),51.9941673,4.3591547,transmission162
POINT (4.3585571 51.9931211),51.9931211,4.3585571,transmission163
POINT (4.3556781 51.9957886),51.9957886,4.3556781,transmission164
POINT (4.3583915 51.9963741),51.9963741,4.3583915,transmission165
POINT (4.3595351 51.9912249),51.9912249,4.3595351,transmission166
POINT (4.3558817 51.9947319),51.9947319,4.3558817,transmission167
POINT (4.3595556 51.9948435),51.9948435,4.3595556,transmission168
POINT (4.3580845 51.9908396),51.9908396,4.3580845,transmission169
POINT (4.3560609 51.9942612),51.9942612,4.3560609,transmission170
POINT (4.3581174 51.9918633),51.9918633,4.3581174,transmission171
POINT (4.355556 51.9950905),51.9950905,4.355556,transmission172
POINT (4.3566519 51.9965341),51.9965341,4.3566519,transmission173
POINT (4.3621376 51.9938602),51.9938602,4.3621376,transmission174
POINT (4.3571392 51.9958168),51.9958168,4.3571392,transmission175
POINT (4.3577244 51.9910552),51.9910552,4.3577244,transmission176
POINT (4.3553848 51.9957047),51.9957047,4.3553848,transmission177
POINT (4.3563418 51.994833),51.994833,4.3563418,transmission178
POINT (4.3595273 51.994044),51.994044,4.3595273,transmission179
POINT (4.3576893 51.9965829),51.9965829,4.3576893,transmission180
POINT (4.3555193 51.9945145),51.9945145,4.3555193,transmission181
POINT (4.3585662 51.9906077),51.9906077,4.3585662,transmission182
POINT (4.3576959 51.9914936),51.9914936,4.3576959,transmission183
POINT (4.3569415 51.9944051),51.9944051,4.3569415,transmission184
POINT (4.3562714 51.9940355),51.9940355,4.3562714,transmission185
POINT (4.3585299 51.9950879),51.9950879,4.3585299,transmission186
POINT (4.3606644 51.9928932),51.9928932,4.3606644,transmission187
POINT (4.3585567 51.9942169),51.9942169,4.3585567,transmission188
POINT (4.3602452 51.9942245),51.9942245,4.3602452,transmission189
POINT (4.3602116 51.9951984),51.9951984,4.3602116,transmission190
POINT (4.356085 51.9949005),51.9949005,4.356085,transmission191
POINT (4.3603745 51.9962756),51.9962756,4.3603745,transmission192
POINT (4.3599303 51.9940929),51.9940929,4.3599303,transmission193
POINT (4.3582711 51.9904099),51.9904099,4.3582711,transmission194
POINT (4.3585247 51.9939417),51.9939417,4.3585247,transmission195
POINT (4.3568716 51.994531),51.994531,4.3568716,transmission196
POINT (4.3625841 51.9922353),51.9922353,4.3625841,transmission197
POINT (4.3583689 51.9908714),51.9908714,4.3583689,transmission198
POINT (4.3581324 51.9930145),51.9930145,4.3581324,transmission199
POINT (4.3573168 51.9924807),51.9924807,4.3573168,transmission200
POINT (4.3587578 51.9906585),51.9906585,4.3587578,transmission201
POINT (4.3602605 51.996769),51.996769,4.3602605,transmission202
POINT (4.3606286 51.9929746),51.9929746,4.3606286,transmission203
POINT (4.3604579 51.996809),51.996809,4.3604579,transmission204
POINT (4.3606555 51.9929161),51.9929161,4.3606555,transmission205
POINT (4.3598127 51.9934616),51.9934616,4.3598127,transmission206
POINT (4.3625061 51.9935748),51.9935748,4.3625061,transmission207
POINT (4.3621319 51.9920651),51.9920651,4.3621319,transmission208
POINT (4.3608398 51.9934883),51.9934883,4.3608398,transmission209
POINT (4.3553593 51.9953089),51.9953089,4.3553593,transmission210
POINT (4.3581977 51.9928169),51.9928169,4.3581977,transmission211
POINT (4.3589589 51.9956613),51.9956613,4.3589589,transmission212
POINT (4.3603163 51.9935036),51.9935036,4.3603163,transmission213
POINT (4.3615572 51.9912351),51.9912351,4.3615572,transmission214
POINT (4.3630212 51.9914004),51.9914004,4.3630212,transmission215
POINT (4.3610327 51.9927955),51.9927955,4.3610327,transmission216
POINT (4.3626317 51.9921509),51.9921509,4.3626317,transmission217
POINT (4.3599013 51.9912813),51.9912813,4.3599013,transmission218
POINT (4.3589064 51.9905534),51.9905534,4.3589064,transmission219
POINT (4.3604619 51.9961212),51.9961212,4.3604619,transmission220
POINT (4.3568751 51.9958855),51.9958855,4.3568751,transmission221
POINT (4.3620852 51.9929747),51.9929747,4.3620852,transmission222
POINT (4.3591223 51.9962896),51.9962896,4.3591223,transmission223
POINT (4.3584813 51.9901471),51.9901471,4.3584813,transmission224
POINT (4.3607941 51.9915771),51.9915771,4.3607941,transmission225
POINT (4.3588899 51.9932022),51.9932022,4.3588899,transmission226
POINT (4.362053 51.9913086),51.9913086,4.362053,transmission227
POINT (4.3602053 51.99471),51.99471,4.3602053,transmission228
POINT (4.362146 51.9924706),51.9924706,4.362146,transmission229
POINT (4.3602452 51.9922485),51.9922485,4.3602452,transmission230
POINT (4.3613216 51.9914846),51.9914846,4.3613216,transmission231
POINT (4.3594269 51.9912732),51.9912732,4.3594269,transmission232
POINT (4.3598003 51.9936206),51.9936206,4.3598003,transmission233
POINT (4.3554702 51.9955335),51.9955335,4.3554702,transmission234
POINT (4.3600277 51.9913146),51.9913146,4.3600277,transmission235
POINT (4.3571153 51.9947472),51.9947472,4.3571153,transmission236
POINT (4.3578057 51.9910583),51.9910583,4.3578057,transmission237
POINT (4.3591443 51.9934196),51.9934196,4.3591443,transmission238
POINT (4.359513 51.991258),51.991258,4.359513,transmission239
POINT (4.3571315 51.9953003),51.9953003,4.3571315,transmission240
POINT (4.3587546 51.9916935),51.9916935,4.3587546,transmission241
POINT (4.355577 51.9953196),51.9953196,4.355577,transmission242
POINT (4.3592789 51.9934502),51.9934502,4.3592789,transmission243
POINT (4.3566996 51.9952112),51.9952112,4.3566996,transmission244
POINT (4.3611324 51.9919823),51.9919823,4.3611324,transmission245
POINT (4.3576112 51.9959183),51.9959183,4.3576112,transmission246
POINT (4.3619757 51.9915924),51.9915924,4.3619757,transmission247
POINT (4.3596832 51.9927559),51.9927559,4.3596832,transmission248
POINT (4.3602803 51.9913812),51.9913812,4.3602803,transmission249
POINT (4.3588535 51.9935352),51.9935352,4.3588535,transmission250
POINT (4.3575958 51.9961567),51.9961567,4.3575958,transmission251
POINT (4.3556838 51.9951057),51.9951057,4.3556838,transmission252
POINT (4.362665 51.9918722),51.9918722,4.362665,transmission253
POINT (4.3602312 51.9965463),51.9965463,4.3602312,transmission254
POINT (4.3609963 51.9951642),51.9951642,4.3609963,transmission255
POINT (4.3611272 51.9912126),51.9912126,4.3611272,transmission256
POINT (4.3575844 51.9929974),51.9929974,4.3575844,transmission257
POINT (4.3611163 51.993301),51.993301,4.3611163,transmission258
POINT (4.3578763 51.9909973),51.9909973,4.3578763,transmission259
POINT (4.3563789 51.9936941),51.9936941,4.3563789,transmission260
POINT (4.3575062 51.9961796),51.9961796,4.3575062,transmission261
POINT (4.3612146 51.9916344),51.9916344,4.3612146,transmission262
POINT (4.3612937 51.994431),51.994431,4.3612937,transmission263
POINT (4.3579858 51.9937703),51.9937703,4.3579858,transmission264
POINT (4.3591256 51.9915504),51.9915504,4.3591256,transmission265
POINT (4.3578842 51.9927422),51.9927422,4.3578842,transmission266
POINT (4.3566062 51.9931323),51.9931323,4.3566062,transmission267
POINT (4.360782 51.9921745),51.9921745,4.360782,transmission268
POINT (4.3582299 51.9931524),51.9931524,4.3582299,transmission269
POINT (4.3603151 51.9914385),51.9914385,4.3603151,transmission270
POINT (4.3592292 51.9960829),51.9960829,4.3592292,transmission271
POINT (4.3580463 51.9940948),51.9940948,4.3580463,transmission272
POINT (4.3612017 51.9938046),51.9938046,4.3612017,transmission273
POINT (4.3621543 51.9928485),51.9928485,4.3621543,transmission274
POINT (4.3628263 51.9916878),51.9916878,4.3628263,transmission275
POINT (4.3608625 51.994236),51.994236,4.3608625,transmission276
POINT (4.3568641 51.9928029),51.9928029,4.3568641,transmission277
POINT (4.3604614 51.9946259),51.9946259,4.3604614,transmission278
POINT (4.3624736 51.9936625),51.9936625,4.3624736,transmission279
POINT (4.3588346 51.993295),51.993295,4.3588346,transmission280
POINT (4.3600099 51.9948177),51.9948177,4.3600099,transmission281
POINT (4.3593756 51.992259),51.992259,4.3593756,transmission282
POINT (4.3592688 51.9907939),51.9907939,4.3592688,transmission283
POINT (4.3570965 51.9960995),51.9960995,4.3570965,transmission284
POINT (4.3579993 51.9918137),51.9918137,4.3579993,transmission285
POINT (4.358973 51.9935646),51.9935646,4.358973,transmission286
POINT (4.3602099 51.9937998),51.9937998,4.3602099,transmission287
POINT (4.3576341 51.9912071),51.9912071,4.3576341,transmission288
POINT (4.3576247 51.9965703),51.9965703,4.3576247,transmission289
POINT (4.3603497 51.9928987),51.9928987,4.3603497,transmission290
POINT (4.3615021 51.992083),51.992083,4.3615021,transmission291
POINT (4.3564894 51.994978),51.994978,4.3564894,transmission292
POINT (4.3569696 51.9928659),51.9928659,4.3569696,transmission293
POINT (4.3615622 51.9914823),51.9914823,4.3615622,transmission294
POINT (4.3571424 51.9954033),51.9954033,4.3571424,transmission295
POINT (4.3615527 51.9911537),51.9911537,4.3615527,transmission296
POINT (4.3564725 51.9948616),51.9948616,4.3564725,transmission297
POINT (4.3567338 51.9949188),51.9949188,4.3567338,transmission298
POINT (4.3580761 51.993),51.993,4.3580761,transmission299
POINT (4.3567386 51.9925664),51.9925664,4.3567386,transmission300
POINT (4.360185 51.9938397),51.9938397,4.360185,transmission301
POINT (4.3594153 51.9909134),51.9909134,4.3594153,transmission302
POINT (4.3625912 51.991375),51.991375,4.3625912,transmission303
POINT (4.3606336 51.9928315),51.9928315,4.3606336,transmission304
POINT (4.358424 51.9930887),51.9930887,4.358424,transmission305
POINT (4.3624001 51.9938011),51.9938011,4.3624001,transmission306
POINT (4.3556411 51.9951913),51.9951913,4.3556411,transmission307
POINT (4.3575463 51.9931825),51.9931825,4.3575463,transmission308
POINT (4.3569939 51.9925755),51.9925755,4.3569939,transmission309
POINT (4.3564787 51.9927711),51.9927711,4.3564787,transmission310
POINT (4.359665 51.9948378),51.9948378,4.359665,transmission311
POINT (4.3579085 51.9954109),51.9954109,4.3579085,transmission312
POINT (4.3557789 51.9947815),51.9947815,4.3557789,transmission313
POINT (4.3603921 51.9967957),51.9967957,4.3603921,transmission314
POINT (4.3575745 51.9961929),51.9961929,4.3575745,transmission315
POINT (4.3563334 51.9937765),51.9937765,4.3563334,transmission316
POINT (4.3589153 51.9911301),51.9911301,4.3589153,transmission317
POINT (4.3601265 51.9957606),51.9957606,4.3601265,transmission318
POINT (4.3625674 51.9930331),51.9930331,4.3625674,transmission319
POINT (4.3630412 51.9915104),51.9915104,4.3630412,transmission320
POINT (4.3594371 51.9922752),51.9922752,4.3594371,transmission321
POINT (4.3565876 51.9934561),51.9934561,4.3565876,transmission322
POINT (4.3595044 51.9929396),51.9929396,4.3595044,transmission323
POINT (4.360672 51.9955754),51.9955754,4.360672,transmission324
POINT (4.3581734 51.9928535),51.9928535,4.3581734,transmission325
POINT (4.3571648 51.9961128),51.9961128,4.3571648,transmission326
POINT (4.3588383 51.9947033),51.9947033,4.3588383,transmission327
POINT (4.3601734 51.991642),51.991642,4.3601734,transmission328
POINT (4.3587823 51.9920464),51.9920464,4.3587823,transmission329
POINT (4.3569697 51.995268),51.995268,4.3569697,transmission330
POINT (4.3553934 51.995816),51.995816,4.3553934,transmission331
POINT (4.362489 51.9924042),51.9924042,4.362489,transmission332
POINT (4.3631816 51.9913203),51.9913203,4.3631816,transmission333
POINT (4.3581786 51.9960785),51.9960785,4.3581786,transmission334
POINT (4.3557256 51.9950231),51.9950231,4.3557256,transmission335
POINT (4.3579402 51.9929674),51.9929674,4.3579402,transmission336
POINT (4.3561286 51.9941385),51.9941385,4.3561286,transmission337
POINT (4.3609252 51.9951091),51.9951091,4.3609252,transmission338
POINT (4.3562272 51.9937077),51.9937077,4.3562272,transmission339
POINT (4.3570752 51.9948235),51.9948235,4.3570752,transmission340
POINT (4.3613487 51.9917755),51.9917755,4.3613487,transmission341
POINT (4.3623155 51.9925538),51.9925538,4.3623155,transmission342
POINT (4.3618215 51.9936504),51.9936504,4.3618215,transmission343
POINT (4.3558812 51.9945908),51.9945908,4.3558812,transmission344
POINT (4.3565445 51.9931602),51.9931602,4.3565445,transmission345
POINT (4.3588657 51.9961739),51.9961739,4.3588657,transmission346
POINT (4.3587353 51.9942604),51.9942604,4.3587353,transmission347
POINT (4.3576754 51.9932124),51.9932124,4.3576754,transmission348
POINT (4.3601351 51.9939194),51.9939194,4.3601351,transmission349
POINT (4.3598032 51.9925652),51.9925652,4.3598032,transmission350
POINT (4.3600757 51.9962521),51.9962521,4.3600757,transmission351
POINT (4.3612893 51.9928584),51.9928584,4.3612893,transmission352
POINT (4.3603312 51.9941444),51.9941444,4.3603312,transmission353
POINT (4.357232 51.9922764),51.9922764,4.357232,transmission354
POINT (4.3614595 51.9937315),51.9937315,4.3614595,transmission355
POINT (4.3584048 51.9939134),51.9939134,4.3584048,transmission356
POINT (4.3614821 51.9912598),51.9912598,4.3614821,transmission357
POINT (4.3568248 51.9950447),51.9950447,4.3568248,transmission358
POINT (4.3558474 51.9943112),51.9943112,4.3558474,transmission359
POINT (4.3574946 51.9917267),51.9917267,4.3574946,transmission360
POINT (4.3617291 51.9912071),51.9912071,4.3617291,transmission361
POINT (4.3561921 51.99484),51.99484,4.3561921,transmission362
POINT (4.3607036 51.9914239),51.9914239,4.3607036,transmission363
POINT (4.3559673 51.9957867),51.9957867,4.3559673,transmission364
POINT (4.3578435 51.9912449),51.9912449,4.3578435,transmission365
POINT (4.362747 51.9914835),51.9914835,4.362747,transmission366
POINT (4.3605326 51.993031),51.993031,4.3605326,transmission367
POINT (4.358949 51.9936022),51.9936022,4.358949,transmission368
POINT (4.3588414 51.9955864),51.9955864,4.3588414,transmission369
POINT (4.3613152 51.9929291),51.9929291,4.3613152,transmission370
POINT (4.3587238 51.9940637),51.9940637,4.3587238,transmission371
POINT (4.3583564 51.9949615),51.9949615,4.3583564,transmission372
POINT (4.3564091 51.9932861),51.9932861,4.3564091,transmission373
POINT (4.3581355 51.9961517),51.9961517,4.3581355,transmission374
POINT (4.358037 51.9907875),51.9907875,4.358037,transmission375
POINT (4.3558782 51.9948685),51.9948685,4.3558782,transmission376
POINT (4.360656 51.9942131),51.9942131,4.360656,transmission377
POINT (4.3592419 51.9909477),51.9909477,4.3592419,transmission378
POINT (4.3590525 51.9919957),51.9919957,4.3590525,transmission379
POINT (4.3587735 51.9963512),51.9963512,4.3587735,transmission380
POINT (4.3579732 51.9926049),51.9926049,4.3579732,transmission381
POINT (4.3628259 51.9915619),51.9915619,4.3628259,transmission382
POINT (4.3571878 51.992355),51.992355,4.3571878,transmission383
POINT (4.3624396 51.9923439),51.9923439,4.3624396,transmission384
POINT (4.358114 51.9961884),51.9961884,4.358114,transmission385
POINT (4.3582215 51.991824),51.991824,4.3582215,transmission386
POINT (4.3609638 51.9916214),51.9916214,4.3609638,transmission387
POINT (4.3558235 51.9936142),51.9936142,4.3558235,transmission388
POINT (4.3633401 51.9911321),51.9911321,4.3633401,transmission389
POINT (4.3610788 51.9940042),51.9940042,4.3610788,transmission390
POINT (4.362879 51.9917319),51.9917319,4.362879,transmission391
POINT (4.3615785 51.9913635),51.9913635,4.3615785,transmission392
POINT (4.3585052 51.9955165),51.9955165,4.3585052,transmission393
POINT (4.358652 51.9904857),51.9904857,4.358652,transmission394
POINT (4.3618319 51.9934377),51.9934377,4.3618319,transmission395
POINT (4.359288 51.9906549),51.9906549,4.359288,transmission396
POINT (4.3566885 51.9937992),51.9937992,4.3566885,transmission397
POINT (4.3568095 51.9943766),51.9943766,4.3568095,transmission398
POINT (4.3593965 51.9908278),51.9908278,4.3593965,transmission399
POINT (4.3569826 51.9956911),51.9956911,4.3569826,transmission400
POINT (4.3576568 51.991169),51.991169,4.3576568,transmission401
POINT (4.3585188 51.9901104),51.9901104,4.3585188,transmission402
POINT (4.3598332 51.9921303),51.9921303,4.3598332,transmission403
POINT (4.3611827 51.9911346),51.9911346,4.3611827,transmission404
POINT (4.3607229 51.9935265),51.9935265,4.3607229,transmission405
POINT (4.3596302 51.9938843),51.9938843,4.3596302,transmission406
POINT (4.3576961 51.9926974),51.9926974,4.3576961,transmission407
POINT (4.3594723 51.9948997),51.9948997,4.3594723,transmission408
POINT (4.3571653 51.9935508),51.9935508,4.3571653,transmission409
POINT (4.3610744 51.9963362),51.9963362,4.3610744,transmission410
POINT (4.3598016 51.9946709),51.9946709,4.3598016,transmission411
POINT (4.3624363 51.9929008),51.9929008,4.3624363,transmission412
POINT (4.3620292 51.9912205),51.9912205,4.3620292,transmission413
POINT (4.3555971 51.9947834),51.9947834,4.3555971,transmission414
POINT (4.3568411 51.9960423),51.9960423,4.3568411,transmission415
POINT (4.3602691 51.9947228),51.9947228,4.3602691,transmission416
POINT (4.3574553 51.9929664),51.9929664,4.3574553,transmission417
POINT (4.357493 51.9954505),51.9954505,4.357493,transmission418
POINT (4.3570142 51.9937897),51.9937897,4.3570142,transmission419
POINT (4.3583721 51.9903234),51.9903234,4.3583721,transmission420
POINT (4.3607197 51.9946747),51.9946747,4.3607197,transmission421
POINT (4.3569304 51.992686),51.992686,4.3569304,transmission422
POINT (4.3565991 51.9938164),51.9938164,4.3565991,transmission423
POINT (4.3593036 51.9937744),51.9937744,4.3593036,transmission424
POINT (4.3585021 51.9953857),51.9953857,4.3585021,transmission425
POINT (4.359139 51.9932976),51.9932976,4.359139,transmission426
POINT (4.357233 51.9961262),51.9961262,4.357233,transmission427
POINT (4.3607828 51.9966077),51.9966077,4.3607828,transmission428
POINT (4.3602961 51.9932327),51.9932327,4.3602961,transmission429
POINT (4.3581008 51.9931214),51.9931214,4.3581008,transmission430
POINT (4.3578467 51.990741),51.990741,4.3578467,transmission431
POINT (4.3577625 51.9940071),51.9940071,4.3577625,transmission432
POINT (4.3594255 51.9935837),51.9935837,4.3594255,transmission433
POINT (4.3619804 51.9933523),51.9933523,4.3619804,transmission434
POINT (4.3624918 51.9935188),51.9935188,4.3624918,transmission435
POINT (4.3573964 51.992837),51.992837,4.3573964,transmission436
POINT (4.362202 51.9910876),51.9910876,4.362202,transmission437
POINT (4.3589816 51.9913486),51.9913486,4.3589816,transmission438
POINT (4.3567577 51.9950314),51.9950314,4.3567577,transmission439
POINT (4.3584081 51.9950625),51.9950625,4.3584081,transmission440
POINT (4.3592244 51.990638),51.990638,4.3592244,transmission441
POINT (4.3583015 51.9941559),51.9941559,4.3583015,transmission442
POINT (4.3598899 51.9920489),51.9920489,4.3598899,transmission443
POINT (4.3612509 51.9937248),51.9937248,4.3612509,transmission444
POINT (4.3622525 51.9919102),51.9919102,4.3622525,transmission445
POINT (4.3561873 51.9936981),51.9936981,4.3561873,transmission446
POINT (4.3556197 51.9952341),51.9952341,4.3556197,transmission447
POINT (4.3578691 51.9932572),51.9932572,4.3578691,transmission448
POINT (4.3609659 51.9930132),51.9930132,4.3609659,transmission449
POINT (4.3566753 51.9931455),51.9931455,4.3566753,transmission450
POINT (4.3577309 51.9964113),51.9964113,4.3577309,transmission451
POINT (4.3560959 51.9955723),51.9955723,4.3560959,transmission452
POINT (4.3568058 51.9925804),51.9925804,4.3568058,transmission453
POINT (4.3622694 51.992638),51.992638,4.3622694,transmission454
POINT (4.3591511 51.995706),51.995706,4.3591511,transmission455
POINT (4.3577841 51.9925601),51.9925601,4.3577841,transmission456
POINT (4.3608843 51.9910615),51.9910615,4.3608843,transmission457
POINT (4.3561578 51.9936905),51.9936905,4.3561578,transmission458
POINT (4.359077 51.9934044),51.9934044,4.359077,transmission459
POINT (4.3614554 51.9912973),51.9912973,4.3614554,transmission460
POINT (4.3605985 51.9936188),51.9936188,4.3605985,transmission461
POINT (4.3577023 51.9910927),51.9910927,4.3577023,transmission462
POINT (4.3577672 51.9962358),51.9962358,4.3577672,transmission463
POINT (4.3605385 51.9928954),51.9928954,4.3605385,transmission464
POINT (4.3610161 51.9913686),51.9913686,4.3610161,transmission465
POINT (4.3633118 51.9912148),51.9912148,4.3633118,transmission466
POINT (4.3625407 51.9921761),51.9921761,4.3625407,transmission467
POINT (4.3610051 51.9941239),51.9941239,4.3610051,transmission468
POINT (4.3565062 51.9968164),51.9968164,4.3565062,transmission469
POINT (4.3576003 51.9928859),51.9928859,4.3576003,transmission470
POINT (4.3607384 51.9934959),51.9934959,4.3607384,transmission471
POINT (4.3621782 51.9929807),51.9929807,4.3621782,transmission472
POINT (4.3582836 51.9913857),51.9913857,4.3582836,transmission473
POINT (4.3573481 51.9919746),51.9919746,4.3573481,transmission474
POINT (4.3590972 51.9906042),51.9906042,4.3590972,transmission475
POINT (4.3578558 51.9910278),51.9910278,4.3578558,transmission476
POINT (4.3600074 51.9962374),51.9962374,4.3600074,transmission477
POINT (4.3609426 51.9963098),51.9963098,4.3609426,transmission478
POINT (4.3570333 51.99263),51.99263,4.3570333,transmission479
POINT (4.3578571 51.9908307),51.9908307,4.3578571,transmission480
POINT (4.3607787 51.9910747),51.9910747,4.3607787,transmission481
POINT (4.3552108 51.9956703),51.9956703,4.3552108,transmission482
POINT (4.361378 51.9928373),51.9928373,4.361378,transmission483
POINT (4.3621128 51.9931035),51.9931035,4.3621128,transmission484
POINT (4.3572839 51.9928869),51.9928869,4.3572839,transmission485
POINT (4.3589911 51.9959488),51.9959488,4.3589911,transmission486
POINT (4.3601939 51.9939339),51.9939339,4.3601939,transmission487
POINT (4.3582706 51.9966965),51.9966965,4.3582706,transmission488
POINT (4.361256 51.9923474),51.9923474,4.361256,transmission489
POINT (4.3592184 51.9941826),51.9941826,4.3592184,transmission490
POINT (4.3598223 51.9946327),51.9946327,4.3598223,transmission491
POINT (4.3578894 51.9956577),51.9956577,4.3578894,transmission492
POINT (4.360313 51.9963896),51.9963896,4.360313,transmission493
POINT (4.3610969 51.9928112),51.9928112,4.3610969,transmission494
POINT (4.3600103 51.9959641),51.9959641,4.3600103,transmission495
POINT (4.3577251 51.9951316),51.9951316,4.3577251,transmission496
POINT (4.3580096 51.9927721),51.9927721,4.3580096,transmission497
POINT (4.3564506 51.993206),51.993206,4.3564506,transmission498
POINT (4.3561058 51.9941788),51.9941788,4.3561058,transmission499
POINT (4.3607639 51.9955803),51.9955803,4.3607639,transmission500
POINT (4.3606259 51.9956601),51.9956601,4.3606259,transmission501
POINT (4.3605549 51.9959547),51.9959547,4.3605549,transmission502
POINT (4.3580305 51.9905461),51.9905461,4.3580305,transmission503
POINT (4.3591707 51.9968717),51.9968717,4.3591707,transmission504
POINT (4.3573616 51.9956877),51.9956877,4.3573616,transmission505
POINT (4.3567406 51.9945025),51.9945025,4.3567406,transmission506
POINT (4.3590422 51.9963253),51.9963253,4.3590422,transmission507
POINT (4.3598926 51.992382),51.992382,4.3598926,transmission508
POINT (4.3617167 51.9936481),51.9936481,4.3617167,transmission509
POINT (4.3557465 51.9949818),51.9949818,4.3557465,transmission510
POINT (4.3615622 51.992794),51.992794,4.3615622,transmission511
POINT (4.3582956 51.9903717),51.9903717,4.3582956,transmission512
POINT (4.3581298 51.9962753),51.9962753,4.3581298,transmission513
POINT (4.3601203 51.9950177),51.9950177,4.3601203,transmission514
POINT (4.3582945 51.9931679),51.9931679,4.3582945,transmission515
POINT (4.3606582 51.9936333),51.9936333,4.3606582,transmission516
POINT (4.358707 51.9955584),51.9955584,4.358707,transmission517
POINT (4.3608826 51.9928949),51.9928949,4.3608826,transmission518
POINT (4.355252 51.9957523),51.9957523,4.355252,transmission519
POINT (4.3593235 51.991436),51.991436,4.3593235,transmission520
POINT (4.3584719 51.9907417),51.9907417,4.3584719,transmission521
POINT (4.3573725 51.9919334),51.9919334,4.3573725,transmission522
POINT (4.3586163 51.9942314),51.9942314,4.3586163,transmission523
POINT (4.3611785 51.9946429),51.9946429,4.3611785,transmission524
POINT (4.3573401 51.9924436),51.9924436,4.3573401,transmission525
POINT (4.3601184 51.9953804),51.9953804,4.3601184,transmission526
POINT (4.36109 51.9909793),51.9909793,4.36109,transmission527
POINT (4.360909 51.9916069),51.9916069,4.360909,transmission528
POINT (4.3585438 51.9913511),51.9913511,4.3585438,transmission529
POINT (4.3585725 51.9955304),51.9955304,4.3585725,transmission530
POINT (4.3629052 51.9916905),51.9916905,4.3629052,transmission531
POINT (4.36175 51.9917751),51.9917751,4.36175,transmission532
POINT (4.3611094 51.9947701),51.9947701,4.3611094,transmission533
POINT (4.3562651 51.9938972),51.9938972,4.3562651,transmission534
POINT (4.3566335 51.9933717),51.9933717,4.3566335,transmission535
POINT (4.3569825 51.9934177),51.9934177,4.3569825,transmission536
POINT (4.3614491 51.9941429),51.9941429,4.3614491,transmission537
POINT (4.3591044 51.9913805),51.9913805,4.3591044,transmission538
POINT (4.3606765 51.9916427),51.9916427,4.3606765,transmission539
POINT (4.3584648 51.9939275),51.9939275,4.3584648,transmission540
POINT (4.3590322 51.9968447),51.9968447,4.3590322,transmission541
POINT (4.3619931 51.9931431),51.9931431,4.3619931,transmission542
POINT (4.3615088 51.9912224),51.9912224,4.3615088,transmission543
POINT (4.3561553 51.9958549),51.9958549,4.3561553,transmission544
POINT (4.359744 51.994249),51.994249,4.359744,transmission545
POINT (4.3591292 51.9921942),51.9921942,4.3591292,transmission546
POINT (4.3605714 51.9928157),51.9928157,4.3605714,transmission547
POINT (4.3599639 51.9960454),51.9960454,4.3599639,transmission548
POINT (4.3568834 51.9935789),51.9935789,4.3568834,transmission549
POINT (4.3615637 51.9920998),51.9920998,4.3615637,transmission550
POINT (4.3624253 51.9934273),51.9934273,4.3624253,transmission551
POINT (4.3605895 51.9968357),51.9968357,4.3605895,transmission552
POINT (4.3610892 51.9949978),51.9949978,4.3610892,transmission553
POINT (4.356267 51.9937172),51.9937172,4.356267,transmission554
POINT (4.3600138 51.9946713),51.9946713,4.3600138,transmission555
POINT (4.3601915 51.9952349),51.9952349,4.3601915,transmission556
POINT (4.3554649 51.994503),51.994503,4.3554649,transmission557
POINT (4.3628938 51.9914579),51.9914579,4.3628938,transmission558
POINT (4.3589019 51.9910176),51.9910176,4.3589019,transmission559
POINT (4.3591998 51.9917927),51.9917927,4.3591998,transmission560
POINT (4.360292 51.9950523),51.9950523,4.360292,transmission561
POINT (4.3611283 51.9916649),51.9916649,4.3611283,transmission562
POINT (4.3578858 51.9909172),51.9909172,4.3578858,transmission563
POINT (4.3574886 51.992569),51.992569,4.3574886,transmission564
POINT (4.357681 51.9960117),51.9960117,4.357681,transmission565
POINT (4.3605095 51.9923653),51.9923653,4.3605095,transmission566
POINT (4.3585548 51.9934616),51.9934616,4.3585548,transmission567
POINT (4.3568339 51.9936595),51.9936595,4.3568339,transmission568
POINT (4.3569082 51.9935386),51.9935386,4.3569082,transmission569
POINT (4.3575729 51.9917008),51.9917008,4.3575729,transmission570
POINT (4.358609 51.9956881),51.9956881,4.358609,transmission571
POINT (4.3589249 51.9936398),51.9936398,4.3589249,transmission572
POINT (4.3594877 51.990804),51.990804,4.3594877,transmission573
POINT (4.3622435 51.992858),51.992858,4.3622435,transmission574
POINT (4.3601498 51.9957199),51.9957199,4.3601498,transmission575
POINT (4.3570282 51.9960861),51.9960861,4.3570282,transmission576
POINT (4.360369 51.9913712),51.9913712,4.360369,transmission577
POINT (4.3618584 51.9938011),51.9938011,4.3618584,transmission578
POINT (4.3597809 51.994709),51.994709,4.3597809,transmission579
POINT (4.3572099 51.9923157),51.9923157,4.3572099,transmission580
POINT (4.3589729 51.9947325),51.9947325,4.3589729,transmission581
POINT (4.3609304 51.9942818),51.9942818,4.3609304,transmission582
POINT (4.3602235 51.9949532),51.9949532,4.3602235,transmission583
POINT (4.3574309 51.9965324),51.9965324,4.3574309,transmission584
POINT (4.3580242 51.9962931),51.9962931,4.3580242,transmission585
POINT (4.360908 51.9934731),51.9934731,4.360908,transmission586
POINT (4.3559303 51.994648),51.994648,4.3559303,transmission587
POINT (4.3592998 51.9910879),51.9910879,4.3592998,transmission588
POINT (4.3590772 51.9907432),51.9907432,4.3590772,transmission589
POINT (4.3611185 51.9909385),51.9909385,4.3611185,transmission590
POINT (4.3560958 51.9938602),51.9938602,4.3560958,transmission591
POINT (4.357032 51.9933372),51.9933372,4.357032,transmission592
POINT (4.3569298 51.9949617),51.9949617,4.3569298,transmission593
POINT (4.3605568 51.9957873),51.9957873,4.3605568,transmission594
POINT (4.3597878 51.9923731),51.9923731,4.3597878,transmission595
POINT (4.3558102 51.9947166),51.9947166,4.3558102,transmission596
POINT (4.3585641 51.995767),51.995767,4.3585641,transmission597
POINT (4.3623082 51.9913618),51.9913618,4.3623082,transmission598
POINT (4.3628178 51.9915314),51.9915314,4.3628178,transmission599
POINT (4.3616803 51.9915137),51.9915137,4.3616803,transmission600
POINT (4.3554521 51.9952354),51.9952354,4.3554521,transmission601
POINT (4.3618492 51.9909407),51.9909407,4.3618492,transmission602
POINT (4.3613534 51.9928741),51.9928741,4.3613534,transmission603
POINT (4.3578853 51.9910618),51.9910618,4.3578853,transmission604
POINT (4.358469 51.9950752),51.9950752,4.358469,transmission605
POINT (4.3583399 51.99671),51.99671,4.3583399,transmission606
POINT (4.3575227 51.9907932),51.9907932,4.3575227,transmission607
POINT (4.3579612 51.9938087),51.9938087,4.3579612,transmission608
POINT (4.3615031 51.9914665),51.9914665,4.3615031,transmission609
POINT (4.3610024 51.9910049),51.9910049,4.3610024,transmission610
POINT (4.3626793 51.9920664),51.9920664,4.3626793,transmission611
POINT (4.3612681 51.9915595),51.9915595,4.3612681,transmission612
POINT (4.3581109 51.9952126),51.9952126,4.3581109,transmission613
POINT (4.3619878 51.9912918),51.9912918,4.3619878,transmission614
POINT (4.3604048 51.99403),51.99403,4.3604048,transmission615
POINT (4.35924 51.9968852),51.9968852,4.35924,transmission616
POINT (4.359436 51.9939804),51.9939804,4.359436,transmission617
POINT (4.3598872 51.994242),51.994242,4.3598872,transmission618
POINT (4.358994 51.9915123),51.9915123,4.358994,transmission619
POINT (4.3564429 51.9925041),51.9925041,4.3564429,transmission620
POINT (4.3561968 51.9940179),51.9940179,4.3561968,transmission621
POINT (4.3578358 51.9910622),51.9910622,4.3578358,transmission622
POINT (4.3617411 51.9918785),51.9918785,4.3617411,transmission623
POINT (4.358362 51.9931838),51.9931838,4.358362,transmission624
POINT (4.3603543 51.994695),51.994695,4.3603543,transmission625
POINT (4.3625267 51.9929523),51.9929523,4.3625267,transmission626
POINT (4.3628578 51.9915771),51.9915771,4.3628578,transmission627
POINT (4.3604187 51.9960416),51.9960416,4.3604187,transmission628
POINT (4.3613167 51.9937305),51.9937305,4.3613167,transmission629
POINT (4.3601743 51.9929423),51.9929423,4.3601743,transmission630
POINT (4.3580055 51.9964685),51.9964685,4.3580055,transmission631
POINT (4.3588563 51.9959194),51.9959194,4.3588563,transmission632
POINT (4.3552824 51.9955115),51.9955115,4.3552824,transmission633
POINT (4.3586996 51.9932632),51.9932632,4.3586996,transmission634
POINT (4.3591908 51.9922104),51.9922104,4.3591908,transmission635
POINT (4.3579717 51.9930904),51.9930904,4.3579717,transmission636
POINT (4.3604102 51.9942131),51.9942131,4.3604102,transmission637
POINT (4.3610543 51.9940441),51.9940441,4.3610543,transmission638
POINT (4.3609272 51.9932541),51.9932541,4.3609272,transmission639
POINT (4.3598757 51.993854),51.993854,4.3598757,transmission640
POINT (4.3614141 51.9917927),51.9917927,4.3614141,transmission641
POINT (4.3595037 51.9940809),51.9940809,4.3595037,transmission642
POINT (4.3608792 51.9951939),51.9951939,4.3608792,transmission643
POINT (4.3580317 51.9954147),51.9954147,4.3580317,transmission644
POINT (4.3590403 51.9947472),51.9947472,4.3590403,transmission645
POINT (4.3605615 51.9918042),51.9918042,4.3605615,transmission646
POINT (4.3616631 51.9939481),51.9939481,4.3616631,transmission647
POINT (4.3588428 51.9905365),51.9905365,4.3588428,transmission648
POINT (4.3584134 51.9962514),51.9962514,4.3584134,transmission649
POINT (4.363109 51.9913025),51.9913025,4.363109,transmission650
POINT (4.3616706 51.9937323),51.9937323,4.3616706,transmission651
POINT (4.360754 51.9934654),51.9934654,4.360754,transmission652
POINT (4.3605092 51.9927998),51.9927998,4.3605092,transmission653
POINT (4.3578215 51.9927273),51.9927273,4.3578215,transmission654
POINT (4.359975 51.9919268),51.9919268,4.359975,transmission655
POINT (4.3561598 51.9942387),51.9942387,4.3561598,transmission656
POINT (4.3565613 51.9933565),51.9933565,4.3565613,transmission657
POINT (4.3588373 51.9951077),51.9951077,4.3588373,transmission658
POINT (4.3575829 51.9924189),51.9924189,4.3575829,transmission659
POINT (4.3555102 51.9951172),51.9951172,4.3555102,transmission660
POINT (4.3618575 51.9915609),51.9915609,4.3618575,transmission661
POINT (4.3611403 51.9963493),51.9963493,4.3611403,transmission662
POINT (4.3571591 51.9953728),51.9953728,4.3571591,transmission663
POINT (4.3594866 51.994873),51.994873,4.3594866,transmission664
POINT (4.3601698 51.9966639),51.9966639,4.3601698,transmission665
POINT (4.3616296 51.9917437),51.9917437,4.3616296,transmission666
POINT (4.3562048 51.9941573),51.9941573,4.3562048,transmission667
POINT (4.3610187 51.9916359),51.9916359,4.3610187,transmission668
POINT (4.3579606 51.9955362),51.9955362,4.3579606,transmission669
POINT (4.3603098 51.9936405),51.9936405,4.3603098,transmission670
POINT (4.3600702 51.993903),51.993903,4.3600702,transmission671
POINT (4.3604791 51.9935898),51.9935898,4.3604791,transmission672
POINT (4.358006 51.9905853),51.9905853,4.358006,transmission673
POINT (4.3576655 51.9914358),51.9914358,4.3576655,transmission674
POINT (4.3564045 51.9937921),51.9937921,4.3564045,transmission675
POINT (4.3623524 51.9926535),51.9926535,4.3623524,transmission676
POINT (4.3587604 51.9951363),51.9951363,4.3587604,transmission677
POINT (4.3555737 51.9958527),51.9958527,4.3555737,transmission678
POINT (4.3603956 51.996084),51.996084,4.3603956,transmission679
POINT (4.3631047 51.9914131),51.9914131,4.3631047,transmission680
POINT (4.3597792 51.9926033),51.9926033,4.3597792,transmission681
POINT (4.3570394 51.9937499),51.9937499,4.3570394,transmission682
POINT (4.3593211 51.9939537),51.9939537,4.3593211,transmission683
POINT (4.3581887 51.9962891),51.9962891,4.3581887,transmission684
POINT (4.3593089 51.9952138),51.9952138,4.3593089,transmission685
POINT (4.3616296 51.9928093),51.9928093,4.3616296,transmission686
POINT (4.3593524 51.9936981),51.9936981,4.3593524,transmission687
POINT (4.3560211 51.9956973),51.9956973,4.3560211,transmission688
POINT (4.3627157 51.9914093),51.9914093,4.3627157,transmission689
POINT (4.3604813 51.9962176),51.9962176,4.3604813,transmission690
POINT (4.362093 51.9912376),51.9912376,4.362093,transmission691
POINT (4.3600317 51.9918454),51.9918454,4.3600317,transmission692
POINT (4.358035 51.9936933),51.9936933,4.358035,transmission693
POINT (4.3603969 51.9946136),51.9946136,4.3603969,transmission694
POINT (4.3581834 51.9918785),51.9918785,4.3581834,transmission695
POINT (4.3562913 51.9958839),51.9958839,4.3562913,transmission696
POINT (4.3561741 51.9940581),51.9940581,4.3561741,transmission697
POINT (4.3567305 51.9937706),51.9937706,4.3567305,transmission698
POINT (4.3632393 51.991188),51.991188,4.3632393,transmission699
POINT (4.3557324 51.9957829),51.9957829,4.3557324,transmission700
POINT (4.3584929 51.9942017),51.9942017,4.3584929,transmission701
POINT (4.3552496 51.9955883),51.9955883,4.3552496,transmission702
POINT (4.3604801 51.9939122),51.9939122,4.3604801,transmission703
POINT (4.359148 51.9962311),51.9962311,4.359148,transmission704
POINT (4.3577451 51.9914107),51.9914107,4.3577451,transmission705
POINT (4.3591703 51.9918333),51.9918333,4.3591703,transmission706
POINT (4.3591515 51.991088),51.991088,4.3591515,transmission707
POINT (4.3584087 51.991549),51.991549,4.3584087,transmission708
POINT (4.3567845 51.9928322),51.9928322,4.3567845,transmission709
POINT (4.3561761 51.9944668),51.9944668,4.3561761,transmission710
POINT (4.3610936 51.9930428),51.9930428,4.3610936,transmission711
POINT (4.3565429 51.9927839),51.9927839,4.3565429,transmission712
POINT (4.3589237 51.9959341),51.9959341,4.3589237,transmission713
POINT (4.3582349 51.9954586),51.9954586,4.3582349,transmission714
POINT (4.3623128 51.9918327),51.9918327,4.3623128,transmission715
POINT (4.3581772 51.9903107),51.9903107,4.3581772,transmission716
POINT (4.3574203 51.991555),51.991555,4.3574203,transmission717
POINT (4.3568122 51.9959927),51.9959927,4.3568122,transmission718
POINT (4.3589201 51.9913327),51.9913327,4.3589201,transmission719
POINT (4.3592273 51.9914124),51.9914124,4.3592273,transmission720
POINT (4.3588228 51.9920712),51.9920712,4.3588228,transmission721
POINT (4.3612411 51.9916859),51.9916859,4.3612411,transmission722
POINT (4.3575732 51.9954236),51.9954236,4.3575732,transmission723
POINT (4.3605282 51.994208),51.994208,4.3605282,transmission724
POINT (4.3613167 51.9943886),51.9943886,4.3613167,transmission725
POINT (4.3559486 51.9944672),51.9944672,4.3559486,transmission726
POINT (4.3579368 51.9955767),51.9955767,4.3579368,transmission727
POINT (4.3574452 51.9926376),51.9926376,4.3574452,transmission728
POINT (4.3562011 51.9945585),51.9945585,4.3562011,transmission729
POINT (4.3588634 51.9920959),51.9920959,4.3588634,transmission730
POINT (4.3580899 51.9952863),51.9952863,4.3580899,transmission731
POINT (4.3610251 51.9918175),51.9918175,4.3610251,transmission732
POINT (4.3567452 51.9926872),51.9926872,4.3567452,transmission733
POINT (4.3573276 51.9921135),51.9921135,4.3573276,transmission734
POINT (4.3571216 51.9924728),51.9924728,4.3571216,transmission735
POINT (4.3585303 51.9935001),51.9935001,4.3585303,transmission736
POINT (4.3595009 51.9948463),51.9948463,4.3595009,transmission737
POINT (4.359199 51.9915924),51.9915924,4.359199,transmission738
POINT (4.3566906 51.995018),51.995018,4.3566906,transmission739
POINT (4.3612492 51.993206),51.993206,4.3612492,transmission740
POINT (4.3625366 51.9923197),51.9923197,4.3625366,transmission741
POINT (4.3555181 51.9950924),51.9950924,4.3555181,transmission742
POINT (4.3564929 51.9934831),51.9934831,4.3564929,transmission743
POINT (4.3588233 51.993186),51.993186,4.3588233,transmission744
POINT (4.3628631 51.9915962),51.9915962,4.3628631,transmission745
POINT (4.3597584 51.9922352),51.9922352,4.3597584,transmission746
POINT (4.3606991 51.9922958),51.9922958,4.3606991,transmission747
POINT (4.3601864 51.9922316),51.9922316,4.3601864,transmission748
POINT (4.3554715 51.995196),51.995196,4.3554715,transmission749
POINT (4.3624398 51.9910629),51.9910629,4.3624398,transmission750
POINT (4.3572436 51.995356),51.995356,4.3572436,transmission751
POINT (4.3581605 51.9959526),51.9959526,4.3581605,transmission752
POINT (4.3578189 51.9912864),51.9912864,4.3578189,transmission753
POINT (4.3608569 51.9954138),51.9954138,4.3608569,transmission754
POINT (4.3581343 51.9906235),51.9906235,4.3581343,transmission755
POINT (4.3576608 51.9951181),51.9951181,4.3576608,transmission756
POINT (4.3564727 51.9936671),51.9936671,4.3564727,transmission757
POINT (4.3557945 51.9947491),51.9947491,4.3557945,transmission758
POINT (4.3615048 51.9942454),51.9942454,4.3615048,transmission759
POINT (4.3577929 51.9907249),51.9907249,4.3577929,transmission760
POINT (4.3617115 51.9919154),51.9919154,4.3617115,transmission761
POINT (4.3588824 51.9950275),51.9950275,4.3588824,transmission762
POINT (4.3595953 51.9935252),51.9935252,4.3595953,transmission763
POINT (4.3591561 51.9932671),51.9932671,4.3591561,transmission764
POINT (4.3614488 51.992342),51.992342,4.3614488,transmission765
POINT (4.3583694 51.9965134),51.9965134,4.3583694,transmission766
POINT (4.3573696 51.9961529),51.9961529,4.3573696,transmission767
POINT (4.3617383 51.9910959),51.9910959,4.3617383,transmission768
POINT (4.3568545 51.9959229),51.9959229,4.3568545,transmission769
POINT (4.3564953 51.9959274),51.9959274,4.3564953,transmission770
POINT (4.3568755 51.9943909),51.9943909,4.3568755,transmission771
POINT (4.3612834 51.9917583),51.9917583,4.3612834,transmission772
POINT (4.3591218 51.9933281),51.9933281,4.3591218,transmission773
POINT (4.3562211 51.9949245),51.9949245,4.3562211,transmission774
POINT (4.3608372 51.9920937),51.9920937,4.3608372,transmission775
POINT (4.361951 51.9922975),51.9922975,4.361951,transmission776
POINT (4.3622744 51.992498),51.992498,4.3622744,transmission777
POINT (4.3619009 51.9933114),51.9933114,4.3619009,transmission778
POINT (4.3606478 51.9957883),51.9957883,4.3606478,transmission779
POINT (4.3611526 51.9938845),51.9938845,4.3611526,transmission780
POINT (4.3561142 51.9943203),51.9943203,4.3561142,transmission781
POINT (4.3566727 51.9964937),51.9964937,4.3566727,transmission782
POINT (4.3563249 51.9934431),51.9934431,4.3563249,transmission783
POINT (4.3578131 51.9909051),51.9909051,4.3578131,transmission784
POINT (4.3616757 51.9918613),51.9918613,4.3616757,transmission785
POINT (4.3585248 51.9904518),51.9904518,4.3585248,transmission786
POINT (4.359023 51.9932346),51.9932346,4.359023,transmission787
POINT (4.3558698 51.99427),51.99427,4.3558698,transmission788
POINT (4.3572475 51.9945183),51.9945183,4.3572475,transmission789
POINT (4.36058 51.9923641),51.9923641,4.36058,transmission790
POINT (4.357649 51.9930129),51.9930129,4.357649,transmission791
POINT (4.3602937 51.9929719),51.9929719,4.3602937,transmission792
POINT (4.3558249 51.9943525),51.9943525,4.3558249,transmission793
POINT (4.3609498 51.9952474),51.9952474,4.3609498,transmission794
POINT (4.3578253 51.991909),51.991909,4.3578253,transmission795
POINT (4.3615348 51.9921405),51.9921405,4.3615348,transmission796
POINT (4.3569708 51.9926147),51.9926147,4.3569708,transmission797
POINT (4.3555134 51.9948044),51.9948044,4.3555134,transmission798
POINT (4.3615308 51.991188),51.991188,4.3615308,transmission799
POINT (4.3592587 51.9917115),51.9917115,4.3592587,transmission800
POINT (4.3567888 51.9946798),51.9946798,4.3567888,transmission801
POINT (4.3595603 51.9923077),51.9923077,4.3595603,transmission802
POINT (4.3555593 51.9948578),51.9948578,4.3555593,transmission803
POINT (4.3569371 51.9945452),51.9945452,4.3569371,transmission804
POINT (4.3612917 51.9929649),51.9929649,4.3612917,transmission805
POINT (4.3601348 51.9953442),51.9953442,4.3601348,transmission806
POINT (4.3628421 51.9912186),51.9912186,4.3628421,transmission807
POINT (4.3608389 51.9927483),51.9927483,4.3608389,transmission808
POINT (4.3577876 51.991228),51.991228,4.3577876,transmission809
POINT (4.3572016 51.9922218),51.9922218,4.3572016,transmission810
POINT (4.3605056 51.9938723),51.9938723,4.3605056,transmission811
POINT (4.3613912 51.9944569),51.9944569,4.3613912,transmission812
POINT (4.3584091 51.9967234),51.9967234,4.3584091,transmission813
POINT (4.3609196 51.992356),51.992356,4.3609196,transmission814
POINT (4.3570682 51.9945737),51.9945737,4.3570682,transmission815
POINT (4.3614711 51.994102),51.994102,4.3614711,transmission816
POINT (4.3566713 51.9928093),51.9928093,4.3566713,transmission817
POINT (4.3586089 51.9951912),51.9951912,4.3586089,transmission818
POINT (4.360549 51.9931602),51.9931602,4.360549,transmission819
POINT (4.3574379 51.9961662),51.9961662,4.3574379,transmission820
POINT (4.3571196 51.9954444),51.9954444,4.3571196,transmission821
POINT (4.3585067 51.9916242),51.9916242,4.3585067,transmission822
POINT (4.3578426 51.9930594),51.9930594,4.3578426,transmission823
POINT (4.36006 51.9918048),51.9918048,4.36006,transmission824
POINT (4.3559935 51.9943848),51.9943848,4.3559935,transmission825
POINT (4.3598709 51.9962082),51.9962082,4.3598709,transmission826
POINT (4.3596525 51.9935398),51.9935398,4.3596525,transmission827
POINT (4.3592495 51.9960458),51.9960458,4.3592495,transmission828
POINT (4.3579131 51.9956172),51.9956172,4.3579131,transmission829
POINT (4.3601279 51.9929047),51.9929047,4.3601279,transmission830
POINT (4.357254 51.9922371),51.9922371,4.357254,transmission831
POINT (4.3587546 51.993906),51.993906,4.3587546,transmission832
POINT (4.3558575 51.9947739),51.9947739,4.3558575,transmission833
POINT (4.3603435 51.9913979),51.9913979,4.3603435,transmission834
POINT (4.3556685 51.9935799),51.9935799,4.3556685,transmission835
POINT (4.3584295 51.9931997),51.9931997,4.3584295,transmission836
POINT (4.3572959 51.9958063),51.9958063,4.3572959,transmission837
POINT (4.3570169 51.9925362),51.9925362,4.3570169,transmission838
POINT (4.3585955 51.9910407),51.9910407,4.3585955,transmission839
POINT (4.356397 51.9945989),51.9945989,4.356397,transmission840
POINT (4.3586902 51.9931536),51.9931536,4.3586902,transmission841
POINT (4.3568314 51.9961834),51.9961834,4.3568314,transmission842
POINT (4.3576083 51.9923782),51.9923782,4.3576083,transmission843
POINT (4.3610994 51.9912516),51.9912516,4.3610994,transmission844
POINT (4.3555355 51.9951591),51.9951591,4.3555355,transmission845
POINT (4.3599406 51.9960861),51.9960861,4.3599406,transmission846
POINT (4.3581993 51.9906472),51.9906472,4.3581993,transmission847
POINT (4.3584676 51.9910049),51.9910049,4.3584676,transmission848
POINT (4.361064 51.9934731),51.9934731,4.361064,transmission849
POINT (4.3595371 51.9949115),51.9949115,4.3595371,transmission850
POINT (4.3572912 51.9933517),51.9933517,4.3572912,transmission851
POINT (4.3586516 51.9951134),51.9951134,4.3586516,transmission852
POINT (4.3597097 51.9935544),51.9935544,4.3597097,transmission853
POINT (4.356156 51.9945059),51.9945059,4.356156,transmission854
POINT (4.3565894 51.9966551),51.9966551,4.3565894,transmission855
POINT (4.3593042 51.9948034),51.9948034,4.3593042,transmission856
POINT (4.3601167 51.9917234),51.9917234,4.3601167,transmission857
POINT (4.3585024 51.9905908),51.9905908,4.3585024,transmission858
POINT (4.3566297 51.9932299),51.9932299,4.3566297,transmission859
POINT (4.3557047 51.9950644),51.9950644,4.3557047,transmission860
POINT (4.3571401 51.9935906),51.9935906,4.3571401,transmission861
POINT (4.3614019 51.9913722),51.9913722,4.3614019,transmission862
POINT (4.3566774 51.9943481),51.9943481,4.3566774,transmission863
POINT (4.3621819 51.9913349),51.9913349,4.3621819,transmission864
POINT (4.3578787 51.9918836),51.9918836,4.3578787,transmission865
POINT (4.3559146 51.9941874),51.9941874,4.3559146,transmission866
POINT (4.359093 51.9917412),51.9917412,4.359093,transmission867
POINT (4.3632048 51.991216),51.991216,4.3632048,transmission868
POINT (4.3584673 51.9905332),51.9905332,4.3584673,transmission869
POINT (4.3560002 51.9945244),51.9945244,4.3560002,transmission870
POINT (4.3579102 51.99259),51.99259,4.3579102,transmission871
POINT (4.3553214 51.9956576),51.9956576,4.3553214,transmission872
POINT (4.3565516 51.9938049),51.9938049,4.3565516,transmission873
POINT (4.3575678 51.991602),51.991602,4.3575678,transmission874
POINT (4.3560898 51.9936752),51.9936752,4.3560898,transmission875
POINT (4.3570076 51.9944194),51.9944194,4.3570076,transmission876
POINT (4.362566 51.9921341),51.9921341,4.362566,transmission877
POINT (4.3583364 51.9931043),51.9931043,4.3583364,transmission878
POINT (4.3601291 51.9954491),51.9954491,4.3601291,transmission879
POINT (4.3586524 51.9909471),51.9909471,4.3586524,transmission880
POINT (4.3572504 51.9921394),51.9921394,4.3572504,transmission881
POINT (4.3589952 51.9948273),51.9948273,4.3589952,transmission882
POINT (4.3569847 51.9947202),51.9947202,4.3569847,transmission883
POINT (4.3581527 51.9903499),51.9903499,4.3581527,transmission884
POINT (4.3627663 51.991333),51.991333,4.3627663,transmission885
POINT (4.358771 51.9946887),51.9946887,4.358771,transmission886
POINT (4.3578614 51.992438),51.992438,4.3578614,transmission887
POINT (4.3588543 51.9942894),51.9942894,4.3588543,transmission888
POINT (4.3586758 51.9942459),51.9942459,4.3586758,transmission889
POINT (4.3582813 51.9963503),51.9963503,4.3582813,transmission890
POINT (4.3619166 51.9915767),51.9915767,4.3619166,transmission891
POINT (4.355422 51.9954966),51.9954966,4.355422,transmission892
POINT (4.3606958 51.9928474),51.9928474,4.3606958,transmission893
POINT (4.3570782 51.9938061),51.9938061,4.3570782,transmission894
POINT (4.3576384 51.9960842),51.9960842,4.3576384,transmission895
POINT (4.3633456 51.9911931),51.9911931,4.3633456,transmission896
POINT (4.3589622 51.99558),51.99558,4.3589622,transmission897
POINT (4.3607052 51.9916023),51.9916023,4.3607052,transmission898
POINT (4.3611888 51.9923491),51.9923491,4.3611888,transmission899
POINT (4.3588972 51.9954885),51.9954885,4.3588972,transmission900
POINT (4.3624415 51.9934654),51.9934654,4.3624415,transmission901
POINT (4.3594448 51.9911644),51.9911644,4.3594448,transmission902
POINT (4.3589021 51.9933109),51.9933109,4.3589021,transmission903
POINT (4.3589643 51.9910352),51.9910352,4.3589643,transmission904
POINT (4.3579062 51.9952809),51.9952809,4.3579062,transmission905
POINT (4.3571622 51.9927826),51.9927826,4.3571622,transmission906
POINT (4.3611751 51.9910482),51.9910482,4.3611751,transmission907
POINT (4.3625598 51.9918518),51.9918518,4.3625598,transmission908
POINT (4.359993 51.9941079),51.9941079,4.359993,transmission909
POINT (4.3608108 51.9962834),51.9962834,4.3608108,transmission910
POINT (4.3570283 51.9956089),51.9956089,4.3570283,transmission911
POINT (4.3606327 51.9936731),51.9936731,4.3606327,transmission912
POINT (4.3596632 51.9962384),51.9962384,4.3596632,transmission913
POINT (4.3619123 51.99348),51.99348,4.3619123,transmission914
POINT (4.3610092 51.9919487),51.9919487,4.3610092,transmission915
POINT (4.3585563 51.9900737),51.9900737,4.3585563,transmission916
POINT (4.3579469 51.9927572),51.9927572,4.3579469,transmission917
POINT (4.3594634 51.9913292),51.9913292,4.3594634,transmission918
POINT (4.3559546 51.994606),51.994606,4.3559546,transmission919
POINT (4.3569163 51.9958107),51.9958107,4.3569163,transmission920
POINT (4.3594837 51.9951681),51.9951681,4.3594837,transmission921
POINT (4.3623891 51.9924278),51.9924278,4.3623891,transmission922
POINT (4.358243 51.9927483),51.9927483,4.358243,transmission923
POINT (4.3602238 51.9929008),51.9929008,4.3602238,transmission924
POINT (4.3577957 51.9911308),51.9911308,4.3577957,transmission925
POINT (4.3611025 51.991703),51.991703,4.3611025,transmission926
POINT (4.3565929 51.9946393),51.9946393,4.3565929,transmission927
POINT (4.3578682 51.9964399),51.9964399,4.3578682,transmission928
POINT (4.3601033 51.9958013),51.9958013,4.3601033,transmission929
POINT (4.3576581 51.9925302),51.9925302,4.3576581,transmission930
POINT (4.3562881 51.9949379),51.9949379,4.3562881,transmission931
POINT (4.3574746 51.9918663),51.9918663,4.3574746,transmission932
POINT (4.3597334 51.9922702),51.9922702,4.3597334,transmission933
POINT (4.3591914 51.9915695),51.9915695,4.3591914,transmission934
POINT (4.3602274 51.9923698),51.9923698,4.3602274,transmission935
POINT (4.3593946 51.9914532),51.9914532,4.3593946,transmission936
POINT (4.3622005 51.9933052),51.9933052,4.3622005,transmission937
POINT (4.3625589 51.9914313),51.9914313,4.3625589,transmission938
POINT (4.3613225 51.9907509),51.9907509,4.3613225,transmission939
POINT (4.3553747 51.9952683),51.9952683,4.3553747,transmission940
POINT (4.3594093 51.9942284),51.9942284,4.3594093,transmission941
POINT (4.3560729 51.9939008),51.9939008,4.3560729,transmission942
POINT (4.3601714 51.9952714),51.9952714,4.3601714,transmission943
POINT (4.3629872 51.9914373),51.9914373,4.3629872,transmission944
POINT (4.3589565 51.9932184),51.9932184,4.3589565,transmission945
POINT (4.3579428 51.9906883),51.9906883,4.3579428,transmission946
POINT (4.3589726 51.9948673),51.9948673,4.3589726,transmission947
POINT (4.3579665 51.9910377),51.9910377,4.3579665,transmission948
POINT (4.3554611 51.9954161),51.9954161,4.3554611,transmission949
POINT (4.3602719 51.9950888),51.9950888,4.3602719,transmission950
POINT (4.3565645 51.9951827),51.9951827,4.3565645,transmission951
POINT (4.3584784 51.9967369),51.9967369,4.3584784,transmission952
POINT (4.3600098 51.992181),51.992181,4.3600098,transmission953
POINT (4.3622217 51.9928989),51.9928989,4.3622217,transmission954
POINT (4.3570072 51.9933774),51.9933774,4.3570072,transmission955
POINT (4.3594135 51.9934807),51.9934807,4.3594135,transmission956
POINT (4.3590274 51.9941368),51.9941368,4.3590274,transmission957
POINT (4.355526 51.9950676),51.9950676,4.355526,transmission958
POINT (4.3571785 51.9922611),51.9922611,4.3571785,transmission959
POINT (4.3585865 51.9958605),51.9958605,4.3585865,transmission960
POINT (4.3634133 51.9911499),51.9911499,4.3634133,transmission961
POINT (4.3594519 51.9949398),51.9949398,4.3594519,transmission962
POINT (4.3612026 51.9932798),51.9932798,4.3612026,transmission963
POINT (4.3569577 51.993458),51.993458,4.3569577,transmission964
POINT (4.3578788 51.9907939),51.9907939,4.3578788,transmission965
POINT (4.3580718 51.9907951),51.9907951,4.3580718,transmission966
POINT (4.3624144 51.9923859),51.9923859,4.3624144,transmission967
POINT (4.3611941 51.9937096),51.9937096,4.3611941,transmission968
POINT (4.3584264 51.994886),51.994886,4.3584264,transmission969
POINT (4.3591711 51.9912016),51.9912016,4.3591711,transmission970
POINT (4.356741 51.9930248),51.9930248,4.356741,transmission971
POINT (4.3592347 51.9959595),51.9959595,4.3592347,transmission972
POINT (4.356367 51.9933646),51.9933646,4.356367,transmission973
POINT (4.3580995 51.9954294),51.9954294,4.3580995,transmission974
POINT (4.3634858 51.9911079),51.9911079,4.3634858,transmission975
POINT (4.3559904 51.9936523),51.9936523,4.3559904,transmission976
POINT (4.3588587 51.9913167),51.9913167,4.3588587,transmission977
POINT (4.3594152 51.9906888),51.9906888,4.3594152,transmission978
POINT (4.359235 51.9912195),51.9912195,4.359235,transmission979
POINT (4.3577143 51.9913527),51.9913527,4.3577143,transmission980
POINT (4.3568586 51.9936192),51.9936192,4.3568586,transmission981
POINT (4.3575199 51.9929819),51.9929819,4.3575199,transmission982
POINT (4.3569329 51.9934983),51.9934983,4.3569329,transmission983
POINT (4.3580635 51.9953537),51.9953537,4.3580635,transmission984
POINT (4.3578187 51.9955656),51.9955656,4.3578187,transmission985
POINT (4.3581694 51.9907633),51.9907633,4.3581694,transmission986
POINT (4.3571929 51.9964867),51.9964867,4.3571929,transmission987
POINT (4.3586237 51.9931374),51.9931374,4.3586237,transmission988
POINT (4.3581285 51.9916191),51.9916191,4.3581285,transmission989
POINT (4.3585708 51.9913116),51.9913116,4.3585708,transmission990
POINT (4.3605327 51.9918446),51.9918446,4.3605327,transmission991
POINT (4.3615708 51.9923375),51.9923375,4.3615708,transmission992
POINT (4.3577362 51.9929185),51.9929185,4.3577362,transmission993
POINT (4.3576486 51.9908218),51.9908218,4.3576486,transmission994
POINT (4.3591516 51.9916649),51.9916649,4.3591516,transmission995
POINT (4.3572432 51.9950956),51.9950956,4.3572432,transmission996
POINT (4.3603335 51.9963504),51.9963504,4.3603335,transmission997
POINT (4.3583736 51.9903564),51.9903564,4.3583736,transmission998
POINT (4.359406 51.9915085),51.9915085,4.359406,transmission999
POINT (4.3615594 51.9939382),51.9939382,4.3615594,transmission1000
POINT (4.3625169 51.9935455),51.9935455,4.3625169,transmission1001
POINT (4.3584964 51.9948105),51.9948105,4.3584964,transmission1002
POINT (4.3591886 51.996157),51.996157,4.3591886,transmission1003
POINT (4.3625128 51.992362),51.992362,4.3625128,transmission1004
POINT (4.3581777 51.9925127),51.9925127,4.3581777,transmission1005
POINT (4.359025 51.9934845),51.9934845,4.359025,transmission1006
POINT (4.3580036 51.99086),51.99086,4.3580036,transmission1007
POINT (4.3585908 51.9951007),51.9951007,4.3585908,transmission1008
POINT (4.3575575 51.9924596),51.9924596,4.3575575,transmission1009
POINT (4.3583117 51.9909757),51.9909757,4.3583117,transmission1010
POINT (4.356238 51.9943466),51.9943466,4.356238,transmission1011
POINT (4.3555829 51.9946721),51.9946721,4.3555829,transmission1012
POINT (4.3582449 51.9930435),51.9930435,4.3582449,transmission1013
POINT (4.3594987 51.9922915),51.9922915,4.3594987,transmission1014
POINT (4.3604563 51.9934959),51.9934959,4.3604563,transmission1015
POINT (4.3608011 51.9932228),51.9932228,4.3608011,transmission1016
POINT (4.3567843 51.9937401),51.9937401,4.3567843,transmission1017
POINT (4.3609021 51.9929983),51.9929983,4.3609021,transmission1018
POINT (4.3591393 51.9939105),51.9939105,4.3591393,transmission1019
POINT (4.3602978 51.9927893),51.9927893,4.3602978,transmission1020
POINT (4.3576899 51.9913942),51.9913942,4.3576899,transmission1021
POINT (4.358654 51.9958752),51.9958752,4.358654,transmission1022
POINT (4.3610767 51.9917412),51.9917412,4.3610767,transmission1023
POINT (4.3597833 51.9922002),51.9922002,4.3597833,transmission1024
POINT (4.3592152 51.995721),51.995721,4.3592152,transmission1025
POINT (4.3594604 51.9908447),51.9908447,4.3594604,transmission1026
POINT (4.357595 51.9925152),51.9925152,4.357595,transmission1027
POINT (4.3597507 51.995224),51.995224,4.3597507,transmission1028
POINT (4.3612706 51.9944734),51.9944734,4.3612706,transmission1029
POINT (4.3616819 51.9919523),51.9919523,4.3616819,transmission1030
POINT (4.3628046 51.9917267),51.9917267,4.3628046,transmission1031
POINT (4.3612137 51.9917221),51.9917221,4.3612137,transmission1032
POINT (4.3564701 51.9935253),51.9935253,4.3564701,transmission1033
POINT (4.3602848 51.9936803),51.9936803,4.3602848,transmission1034
POINT (4.3605084 51.9960379),51.9960379,4.3605084,transmission1035
POINT (4.3574591 51.9907799),51.9907799,4.3574591,transmission1036
POINT (4.3592062 51.993927),51.993927,4.3592062,transmission1037
POINT (4.3566713 51.9925524),51.9925524,4.3566713,transmission1038
POINT (4.3573919 51.9931924),51.9931924,4.3573919,transmission1039
POINT (4.3617644 51.9928398),51.9928398,4.3617644,transmission1040
POINT (4.3559577 51.9954839),51.9954839,4.3559577,transmission1041
POINT (4.3607655 51.9914398),51.9914398,4.3607655,transmission1042
POINT (4.3563823 51.9938327),51.9938327,4.3563823,transmission1043
POINT (4.3587046 51.9939842),51.9939842,4.3587046,transmission1044
POINT (4.3583095 51.9938465),51.9938465,4.3583095,transmission1045
POINT (4.3586743 51.993491),51.993491,4.3586743,transmission1046
POINT (4.3622223 51.9919489),51.9919489,4.3622223,transmission1047
POINT (4.3597946 51.9934998),51.9934998,4.3597946,transmission1048
POINT (4.3588164 51.9917107),51.9917107,4.3588164,transmission1049
POINT (4.3585476 51.9967504),51.9967504,4.3585476,transmission1050
POINT (4.36016 51.9938795),51.9938795,4.36016,transmission1051
POINT (4.3593767 51.99366),51.99366,4.3593767,transmission1052
POINT (4.3608677 51.9964468),51.9964468,4.3608677,transmission1053
POINT (4.3592763 51.9911232),51.9911232,4.3592763,transmission1054
POINT (4.3557577 51.9944763),51.9944763,4.3557577,transmission1055
POINT (4.3578681 51.9912035),51.9912035,4.3578681,transmission1056
POINT (4.3625619 51.9910965),51.9910965,4.3625619,transmission1057
POINT (4.3598611 51.9949705),51.9949705,4.3598611,transmission1058
POINT (4.3611549 51.9911736),51.9911736,4.3611549,transmission1059
POINT (4.3610634 51.9948548),51.9948548,4.3610634,transmission1060
POINT (4.3609606 51.9914466),51.9914466,4.3609606,transmission1061
POINT (4.3621346 51.9930625),51.9930625,4.3621346,transmission1062
POINT (4.3576573 51.9958399),51.9958399,4.3576573,transmission1063
POINT (4.35605 51.9939413),51.9939413,4.35605,transmission1064
POINT (4.3556337 51.9958649),51.9958649,4.3556337,transmission1065
POINT (4.3597085 51.9923051),51.9923051,4.3597085,transmission1066
POINT (4.3563379 51.9939138),51.9939138,4.3563379,transmission1067
POINT (4.3612518 51.9947065),51.9947065,4.3612518,transmission1068
POINT (4.3556669 51.9946537),51.9946537,4.3556669,transmission1069
POINT (4.3576411 51.9914774),51.9914774,4.3576411,transmission1070
POINT (4.3591452 51.9953092),51.9953092,4.3591452,transmission1071
POINT (4.3612251 51.9928427),51.9928427,4.3612251,transmission1072
POINT (4.358387 51.99123),51.99123,4.358387,transmission1073
POINT (4.3562112 51.9948044),51.9948044,4.3562112,transmission1074
POINT (4.3596487 51.9912148),51.9912148,4.3596487,transmission1075
POINT (4.3592734 51.9947205),51.9947205,4.3592734,transmission1076
POINT (4.3586874 51.9961338),51.9961338,4.3586874,transmission1077
POINT (4.3607851 51.9923595),51.9923595,4.3607851,transmission1078
POINT (4.3599588 51.9942385),51.9942385,4.3599588,transmission1079
POINT (4.3588513 51.9911122),51.9911122,4.3588513,transmission1080
POINT (4.3572701 51.9938553),51.9938553,4.3572701,transmission1081
POINT (4.3555393 51.9948997),51.9948997,4.3555393,transmission1082
POINT (4.3567714 51.9931185),51.9931185,4.3567714,transmission1083
POINT (4.3628314 51.9916242),51.9916242,4.3628314,transmission1084
POINT (4.3602721 51.9964679),51.9964679,4.3602721,transmission1085
POINT (4.360154 51.9913479),51.9913479,4.360154,transmission1086
POINT (4.359501 51.9911781),51.9911781,4.359501,transmission1087
POINT (4.3585884 51.9904687),51.9904687,4.3585884,transmission1088
POINT (4.3576312 51.9906769),51.9906769,4.3576312,transmission1089
POINT (4.361066 51.9950394),51.9950394,4.361066,transmission1090
POINT (4.3610427 51.995081),51.995081,4.3610427,transmission1091
POINT (4.3627452 51.9911469),51.9911469,4.3627452,transmission1092
POINT (4.3597288 51.9937312),51.9937312,4.3597288,transmission1093
POINT (4.3606073 51.993713),51.993713,4.3606073,transmission1094
POINT (4.3581027 51.991658),51.991658,4.3581027,transmission1095
POINT (4.3616228 51.992026),51.992026,4.3616228,transmission1096
POINT (4.3606489 51.9956178),51.9956178,4.3606489,transmission1097
POINT (4.3562828 51.9935216),51.9935216,4.3562828,transmission1098
POINT (4.3611841 51.9963417),51.9963417,4.3611841,transmission1099
POINT (4.3612414 51.9915969),51.9915969,4.3612414,transmission1100
POINT (4.3571554 51.9923004),51.9923004,4.3571554,transmission1101
POINT (4.3553286 51.9953899),51.9953899,4.3553286,transmission1102
POINT (4.3593082 51.9946518),51.9946518,4.3593082,transmission1103
POINT (4.3559037 51.9945496),51.9945496,4.3559037,transmission1104
POINT (4.3610298 51.993028),51.993028,4.3610298,transmission1105
POINT (4.3568916 51.9960594),51.9960594,4.3568916,transmission1106
POINT (4.3607248 51.9942207),51.9942207,4.3607248,transmission1107
POINT (4.3609943 51.994982),51.994982,4.3609943,transmission1108
POINT (4.3584626 51.9959459),51.9959459,4.3584626,transmission1109
POINT (4.3587667 51.9956166),51.9956166,4.3587667,transmission1110
POINT (4.3592549 51.9938507),51.9938507,4.3592549,transmission1111
POINT (4.3572056 51.9944621),51.9944621,4.3572056,transmission1112
POINT (4.3556149 51.994751),51.994751,4.3556149,transmission1113
POINT (4.35587 51.9936256),51.9936256,4.35587,transmission1114
POINT (4.355267 51.9955521),51.9955521,4.355267,transmission1115
POINT (4.3574779 51.9964504),51.9964504,4.3574779,transmission1116
POINT (4.3583293 51.9965792),51.9965792,4.3583293,transmission1117
POINT (4.360061 51.9928889),51.9928889,4.360061,transmission1118
POINT (4.3604563 51.9913603),51.9913603,4.3604563,transmission1119
POINT (4.360046 51.9931717),51.9931717,4.360046,transmission1120
POINT (4.3587214 51.9958899),51.9958899,4.3587214,transmission1121
POINT (4.3611589 51.994873),51.994873,4.3611589,transmission1122
POINT (4.3619226 51.991275),51.991275,4.3619226,transmission1123
POINT (4.3620113 51.9922201),51.9922201,4.3620113,transmission1124
POINT (4.3576342 51.9958791),51.9958791,4.3576342,transmission1125
POINT (4.3591953 51.9942747),51.9942747,4.3591953,transmission1126
POINT (4.3625154 51.992218),51.992218,4.3625154,transmission1127
POINT (4.3614027 51.9928004),51.9928004,4.3614027,transmission1128
POINT (4.3551865 51.9958534),51.9958534,4.3551865,transmission1129
POINT (4.3601903 51.9966247),51.9966247,4.3601903,transmission1130
POINT (4.3606505 51.992363),51.992363,4.3606505,transmission1131
POINT (4.35704 51.9924969),51.9924969,4.35704,transmission1132
POINT (4.3591239 51.9959351),51.9959351,4.3591239,transmission1133
POINT (4.3556506 51.9945424),51.9945424,4.3556506,transmission1134
POINT (4.359006 51.9921618),51.9921618,4.359006,transmission1135
POINT (4.3609686 51.9927797),51.9927797,4.3609686,transmission1136
POINT (4.3600053 51.9931183),51.9931183,4.3600053,transmission1137
POINT (4.3610616 51.9910202),51.9910202,4.3610616,transmission1138
POINT (4.3596219 51.9923239),51.9923239,4.3596219,transmission1139
POINT (4.3578042 51.9929348),51.9929348,4.3578042,transmission1140
POINT (4.3590682 51.9942801),51.9942801,4.3590682,transmission1141
POINT (4.3597325 51.9962283),51.9962283,4.3597325,transmission1142
POINT (4.3606445 51.9935417),51.9935417,4.3606445,transmission1143
POINT (4.3566566 51.9930458),51.9930458,4.3566566,transmission1144
POINT (4.360102 51.9942315),51.9942315,4.360102,transmission1145
POINT (4.3570864 51.9928875),51.9928875,4.3570864,transmission1146
POINT (4.3582989 51.9904811),51.9904811,4.3582989,transmission1147
POINT (4.3561826 51.9947968),51.9947968,4.3561826,transmission1148
POINT (4.3613173 51.9920326),51.9920326,4.3613173,transmission1149
POINT (4.3590336 51.9905872),51.9905872,4.3590336,transmission1150
POINT (4.357219 51.9950249),51.9950249,4.357219,transmission1151
POINT (4.3604901 51.9923096),51.9923096,4.3604901,transmission1152
POINT (4.3565454 51.9943197),51.9943197,4.3565454,transmission1153
POINT (4.3575901 51.9939373),51.9939373,4.3575901,transmission1154
POINT (4.3563475 51.9944171),51.9944171,4.3563475,transmission1155
POINT (4.356137 51.9942795),51.9942795,4.356137,transmission1156
POINT (4.3584905 51.9931049),51.9931049,4.3584905,transmission1157
POINT (4.3589168 51.9954529),51.9954529,4.3589168,transmission1158
POINT (4.3570054 51.99565),51.99565,4.3570054,transmission1159
POINT (4.3611755 51.9908567),51.9908567,4.3611755,transmission1160
POINT (4.3574213 51.991851),51.991851,4.3574213,transmission1161
POINT (4.3599834 51.9931564),51.9931564,4.3599834,transmission1162
POINT (4.3576672 51.9959297),51.9959297,4.3576672,transmission1163
POINT (4.3616287 51.9912949),51.9912949,4.3616287,transmission1164
POINT (4.3596029 51.9912033),51.9912033,4.3596029,transmission1165
POINT (4.3553439 51.9953494),51.9953494,4.3553439,transmission1166
POINT (4.3602868 51.9914792),51.9914792,4.3602868,transmission1167
POINT (4.3592637 51.9939404),51.9939404,4.3592637,transmission1168
POINT (4.3578065 51.9954745),51.9954745,4.3578065,transmission1169
POINT (4.3603726 51.9961264),51.9961264,4.3603726,transmission1170
POINT (4.358496 51.9904925),51.9904925,4.358496,transmission1171
POINT (4.3584812 51.9935771),51.9935771,4.3584812,transmission1172
POINT (4.3618097 51.9923344),51.9923344,4.3618097,transmission1173
POINT (4.360877 51.9914703),51.9914703,4.360877,transmission1174
POINT (4.3605108 51.9958721),51.9958721,4.3605108,transmission1175
POINT (4.3591114 51.9919145),51.9919145,4.3591114,transmission1176
POINT (4.3580596 51.9907475),51.9907475,4.3580596,transmission1177
POINT (4.3587772 51.9909823),51.9909823,4.3587772,transmission1178
POINT (4.3598647 51.9924278),51.9924278,4.3598647,transmission1179
POINT (4.361427 51.9941839),51.9941839,4.361427,transmission1180
POINT (4.3578418 51.9955264),51.9955264,4.3578418,transmission1181
POINT (4.358135 51.992802),51.992802,4.358135,transmission1182
POINT (4.3626841 51.9911301),51.9911301,4.3626841,transmission1183
POINT (4.3580823 51.9907074),51.9907074,4.3580823,transmission1184
POINT (4.3619018 51.9911861),51.9911861,4.3619018,transmission1185
POINT (4.3557136 51.9935913),51.9935913,4.3557136,transmission1186
POINT (4.3573164 51.9933119),51.9933119,4.3573164,transmission1187
POINT (4.3584828 51.9919624),51.9919624,4.3584828,transmission1188
POINT (4.3573908 51.9929509),51.9929509,4.3573908,transmission1189
POINT (4.3575975 51.9916593),51.9916593,4.3575975,transmission1190
POINT (4.3588407 51.9963448),51.9963448,4.3588407,transmission1191
POINT (4.3575667 51.9952028),51.9952028,4.3575667,transmission1192
POINT (4.3605819 51.9937528),51.9937528,4.3605819,transmission1193
POINT (4.3577632 51.9912696),51.9912696,4.3577632,transmission1194
POINT (4.3592887 51.9914284),51.9914284,4.3592887,transmission1195
POINT (4.3625002 51.9929352),51.9929352,4.3625002,transmission1196
POINT (4.3567991 51.9949331),51.9949331,4.3567991,transmission1197
POINT (4.3603315 51.9921274),51.9921274,4.3603315,transmission1198
POINT (4.3576795 51.9911308),51.9911308,4.3576795,transmission1199
POINT (4.3585972 51.9916061),51.9916061,4.3585972,transmission1200
POINT (4.3603549 51.9934921),51.9934921,4.3603549,transmission1201
POINT (4.356046 51.9956556),51.9956556,4.356046,transmission1202
POINT (4.3579638 51.990654),51.990654,4.3579638,transmission1203
POINT (4.3576114 51.9912453),51.9912453,4.3576114,transmission1204
POINT (4.3603756 51.9946543),51.9946543,4.3603756,transmission1205
POINT (4.3604126 51.9928976),51.9928976,4.3604126,transmission1206
POINT (4.3601289 51.9967422),51.9967422,4.3601289,transmission1207
POINT (4.3594353 51.994832),51.994832,4.3594353,transmission1208
POINT (4.3557162 51.9945564),51.9945564,4.3557162,transmission1209
POINT (4.3565416 51.9935405),51.9935405,4.3565416,transmission1210
POINT (4.3612078 51.9963026),51.9963026,4.3612078,transmission1211
POINT (4.359705 51.9937681),51.9937681,4.359705,transmission1212
POINT (4.359502 51.9946927),51.9946927,4.359502,transmission1213
POINT (4.3586313 51.9900002),51.9900002,4.3586313,transmission1214
POINT (4.3609869 51.9923543),51.9923543,4.3609869,transmission1215
POINT (4.358232 51.9933853),51.9933853,4.358232,transmission1216
POINT (4.3620622 51.9930168),51.9930168,4.3620622,transmission1217
POINT (4.3608541 51.9915924),51.9915924,4.3608541,transmission1218
POINT (4.356832 51.9930077),51.9930077,4.356832,transmission1219
POINT (4.3580157 51.9909548),51.9909548,4.3580157,transmission1220
POINT (4.3590724 51.9938939),51.9938939,4.3590724,transmission1221
POINT (4.3605237 51.9968224),51.9968224,4.3605237,transmission1222
POINT (4.3585685 51.9961071),51.9961071,4.3585685,transmission1223
POINT (4.3585416 51.9958064),51.9958064,4.3585416,transmission1224
POINT (4.3583001 51.9908943),51.9908943,4.3583001,transmission1225
POINT (4.3568211 51.9928799),51.9928799,4.3568211,transmission1226
POINT (4.3566095 51.994474),51.994474,4.3566095,transmission1227
POINT (4.3593295 51.995177),51.995177,4.3593295,transmission1228
POINT (4.3570552 51.9948616),51.9948616,4.3570552,transmission1229
POINT (4.3596835 51.9923401),51.9923401,4.3596835,transmission1230
POINT (4.3600492 51.993436),51.993436,4.3600492,transmission1231
POINT (4.3611595 51.9933472),51.9933472,4.3611595,transmission1232
POINT (4.3591786 51.9963088),51.9963088,4.3591786,transmission1233
POINT (4.3581734 51.9905624),51.9905624,4.3581734,transmission1234
POINT (4.3558575 51.9946327),51.9946327,4.3558575,transmission1235
POINT (4.3623288 51.9933357),51.9933357,4.3623288,transmission1236
POINT (4.3585978 51.991272),51.991272,4.3585978,transmission1237
POINT (4.356023 51.9944836),51.9944836,4.356023,transmission1238
POINT (4.3563561 51.9937363),51.9937363,4.3563561,transmission1239
POINT (4.3581281 51.9907665),51.9907665,4.3581281,transmission1240
POINT (4.3588047 51.9938278),51.9938278,4.3588047,transmission1241
POINT (4.3577894 51.9951451),51.9951451,4.3577894,transmission1242
POINT (4.3574711 51.99549),51.99549,4.3574711,transmission1243
POINT (4.3618573 51.9912582),51.9912582,4.3618573,transmission1244
POINT (4.3611034 51.9939643),51.9939643,4.3611034,transmission1245
POINT (4.3610036 51.9910908),51.9910908,4.3610036,transmission1246
POINT (4.3574256 51.9919487),51.9919487,4.3574256,transmission1247
POINT (4.35895 51.9949074),51.9949074,4.35895,transmission1248
POINT (4.3567944 51.9930763),51.9930763,4.3567944,transmission1249
POINT (4.3595424 51.9907227),51.9907227,4.3595424,transmission1250
POINT (4.3616857 51.9939056),51.9939056,4.3616857,transmission1251
POINT (4.3593559 51.991436),51.991436,4.3593559,transmission1252
POINT (4.3583207 51.99086),51.99086,4.3583207,transmission1253
POINT (4.3572952 51.9951404),51.9951404,4.3572952,transmission1254
POINT (4.3575434 51.9916436),51.9916436,4.3575434,transmission1255
POINT (4.360333 51.9947357),51.9947357,4.360333,transmission1256
POINT (4.3587888 51.9959047),51.9959047,4.3587888,transmission1257
POINT (4.3564969 51.9951685),51.9951685,4.3564969,transmission1258
POINT (4.3593109 51.9931215),51.9931215,4.3593109,transmission1259
POINT (4.3565228 51.9937592),51.9937592,4.3565228,transmission1260
POINT (4.3567024 51.9932451),51.9932451,4.3567024,transmission1261
POINT (4.3597603 51.9947472),51.9947472,4.3597603,transmission1262
POINT (4.36197 51.9931852),51.9931852,4.36197,transmission1263
POINT (4.3569158 51.9926033),51.9926033,4.3569158,transmission1264
POINT (4.3579304 51.9953728),51.9953728,4.3579304,transmission1265
POINT (4.3590896 51.9932508),51.9932508,4.3590896,transmission1266
POINT (4.3624653 51.9924464),51.9924464,4.3624653,transmission1267
POINT (4.3590676 51.992178),51.992178,4.3590676,transmission1268
POINT (4.3554807 51.9953759),51.9953759,4.3554807,transmission1269
POINT (4.3571758 51.9953423),51.9953423,4.3571758,transmission1270
POINT (4.3578537 51.9951586),51.9951586,4.3578537,transmission1271
POINT (4.3553405 51.9956296),51.9956296,4.3553405,transmission1272
POINT (4.3569935 51.9927012),51.9927012,4.3569935,transmission1273
POINT (4.356795 51.9962559),51.9962559,4.356795,transmission1274
POINT (4.3604132 51.9930015),51.9930015,4.3604132,transmission1275
POINT (4.3560914 51.9943611),51.9943611,4.3560914,transmission1276
POINT (4.3582883 51.9926796),51.9926796,4.3582883,transmission1277
POINT (4.3585691 51.991642),51.991642,4.3585691,transmission1278
POINT (4.3610297 51.994084),51.994084,4.3610297,transmission1279
POINT (4.3597765 51.9936574),51.9936574,4.3597765,transmission1280
POINT (4.3570993 51.9927673),51.9927673,4.3570993,transmission1281
POINT (4.3591408 51.9918739),51.9918739,4.3591408,transmission1282
POINT (4.3570568 51.9932969),51.9932969,4.3570568,transmission1283
POINT (4.3611345 51.9936282),51.9936282,4.3611345,transmission1284
POINT (4.3593516 51.9906719),51.9906719,4.3593516,transmission1285
POINT (4.3586631 51.9940491),51.9940491,4.3586631,transmission1286
POINT (4.3570736 51.9944336),51.9944336,4.3570736,transmission1287
POINT (4.3623787 51.9910461),51.9910461,4.3623787,transmission1288
POINT (4.3627394 51.9918434),51.9918434,4.3627394,transmission1289
POINT (4.356761 51.9929886),51.9929886,4.356761,transmission1290
POINT (4.3584064 51.9902205),51.9902205,4.3584064,transmission1291
POINT (4.3618669 51.9935652),51.9935652,4.3618669,transmission1292
POINT (4.3552899 51.9944649),51.9944649,4.3552899,transmission1293
POINT (4.3620257 51.9932671),51.9932671,4.3620257,transmission1294
POINT (4.3628941 51.9915886),51.9915886,4.3628941,transmission1295
POINT (4.355937 51.9941462),51.9941462,4.355937,transmission1296
POINT (4.3575433 51.9913597),51.9913597,4.3575433,transmission1297
POINT (4.3567671 51.9952254),51.9952254,4.3567671,transmission1298
POINT (4.3590474 51.9954453),51.9954453,4.3590474,transmission1299
POINT (4.3607543 51.992215),51.992215,4.3607543,transmission1300
POINT (4.3591948 51.9932307),51.9932307,4.3591948,transmission1301
POINT (4.3612523 51.9943708),51.9943708,4.3612523,transmission1302
POINT (4.3601146 51.9929276),51.9929276,4.3601146,transmission1303
POINT (4.3586168 51.9967639),51.9967639,4.3586168,transmission1304
POINT (4.358999 51.9935246),51.9935246,4.358999,transmission1305
POINT (4.3585047 51.9963772),51.9963772,4.3585047,transmission1306
POINT (4.3556559 51.9958267),51.9958267,4.3556559,transmission1307
POINT (4.3596019 51.9949233),51.9949233,4.3596019,transmission1308
POINT (4.3578889 51.9939213),51.9939213,4.3578889,transmission1309
POINT (4.3578353 51.9908676),51.9908676,4.3578353,transmission1310
POINT (4.3579369 51.9964542),51.9964542,4.3579369,transmission1311
POINT (4.3587568 51.9931698),51.9931698,4.3587568,transmission1312
POINT (4.3592589 51.994272),51.994272,4.3592589,transmission1313
POINT (4.3553901 51.9952278),51.9952278,4.3553901,transmission1314
POINT (4.3606181 51.9930496),51.9930496,4.3606181,transmission1315
POINT (4.3606553 51.9968491),51.9968491,4.3606553,transmission1316
POINT (4.3597963 51.9949587),51.9949587,4.3597963,transmission1317
POINT (4.3581672 51.995444),51.995444,4.3581672,transmission1318
POINT (4.357557 51.9962997),51.9962997,4.357557,transmission1319
POINT (4.3585002 51.9958792),51.9958792,4.3585002,transmission1320
POINT (4.3574471 51.9953972),51.9953972,4.3574471,transmission1321
POINT (4.3581066 51.9908028),51.9908028,4.3581066,transmission1322
POINT (4.3602426 51.994915),51.994915,4.3602426,transmission1323
POINT (4.3578608 51.9911033),51.9911033,4.3578608,transmission1324
POINT (4.3580362 51.9926198),51.9926198,4.3580362,transmission1325
POINT (4.3578185 51.9966081),51.9966081,4.3578185,transmission1326
POINT (4.3591793 51.9959473),51.9959473,4.3591793,transmission1327
POINT (4.3618653 51.9923353),51.9923353,4.3618653,transmission1328
POINT (4.3586205 51.9941162),51.9941162,4.3586205,transmission1329
POINT (4.3581335 51.9935393),51.9935393,4.3581335,transmission1330
POINT (4.3598675 51.994078),51.994078,4.3598675,transmission1331
POINT (4.3577957 51.9956048),51.9956048,4.3577957,transmission1332
POINT (4.3587792 51.9905195),51.9905195,4.3587792,transmission1333
POINT (4.3603225 51.9927521),51.9927521,4.3603225,transmission1334
POINT (4.3601513 51.9953079),51.9953079,4.3601513,transmission1335
POINT (4.362885 51.9915733),51.9915733,4.362885,transmission1336
POINT (4.355906 51.9946899),51.9946899,4.355906,transmission1337
POINT (4.358051 51.9917358),51.9917358,4.358051,transmission1338
POINT (4.3580515 51.991848),51.991848,4.3580515,transmission1339
POINT (4.3572156 51.9934711),51.9934711,4.3572156,transmission1340
POINT (4.3582749 51.9917455),51.9917455,4.3582749,transmission1341
POINT (4.3608804 51.9915568),51.9915568,4.3608804,transmission1342
POINT (4.3570897 51.9936702),51.9936702,4.3570897,transmission1343
POINT (4.3602317 51.9951619),51.9951619,4.3602317,transmission1344
POINT (4.3593886 51.9911507),51.9911507,4.3593886,transmission1345
POINT (4.3584194 51.9964199),51.9964199,4.3584194,transmission1346
POINT (4.3582091 51.9908295),51.9908295,4.3582091,transmission1347
POINT (4.360956 51.9942037),51.9942037,4.360956,transmission1348
POINT (4.3582477 51.9963028),51.9963028,4.3582477,transmission1349
POINT (4.3581744 51.9906887),51.9906887,4.3581744,transmission1350
POINT (4.3617105 51.9911346),51.9911346,4.3617105,transmission1351
POINT (4.3622041 51.9938736),51.9938736,4.3622041,transmission1352
POINT (4.3567209 51.9930611),51.9930611,4.3567209,transmission1353
POINT (4.3629313 51.9916491),51.9916491,4.3629313,transmission1354
POINT (4.3582074 51.9934238),51.9934238,4.3582074,transmission1355
POINT (4.3583026 51.9954732),51.9954732,4.3583026,transmission1356
POINT (4.3572617 51.9929199),51.9929199,4.3572617,transmission1357
POINT (4.3565157 51.9934409),51.9934409,4.3565157,transmission1358
POINT (4.3579419 51.9910792),51.9910792,4.3579419,transmission1359
POINT (4.3613447 51.9945401),51.9945401,4.3613447,transmission1360
POINT (4.3610708 51.9919655),51.9919655,4.3610708,transmission1361
POINT (4.3594555 51.9962685),51.9962685,4.3594555,transmission1362
POINT (4.3619115 51.9938126),51.9938126,4.3619115,transmission1363
POINT (4.3575483 51.9917422),51.9917422,4.3575483,transmission1364
POINT (4.3573393 51.9950506),51.9950506,4.3573393,transmission1365
POINT (4.3620391 51.9930589),51.9930589,4.3620391,transmission1366
POINT (4.3588217 51.9906754),51.9906754,4.3588217,transmission1367
POINT (4.3625604 51.9922775),51.9922775,4.3625604,transmission1368
POINT (4.3606801 51.9928703),51.9928703,4.3606801,transmission1369
POINT (4.3590267 51.9910528),51.9910528,4.3590267,transmission1370
POINT (4.3592292 51.9917521),51.9917521,4.3592292,transmission1371
POINT (4.359849 51.9933853),51.9933853,4.359849,transmission1372
POINT (4.3585314 51.9947727),51.9947727,4.3585314,transmission1373
POINT (4.3591809 51.9916267),51.9916267,4.3591809,transmission1374
POINT (4.3603704 51.9939774),51.9939774,4.3603704,transmission1375
POINT (4.359684 51.99521),51.99521,4.359684,transmission1376
POINT (4.3556504 51.9946861),51.9946861,4.3556504,transmission1377
POINT (4.3615952 51.9940755),51.9940755,4.3615952,transmission1378
POINT (4.3586391 51.9963642),51.9963642,4.3586391,transmission1379
POINT (4.3563204 51.9951973),51.9951973,4.3563204,transmission1380
POINT (4.3575079 51.9926526),51.9926526,4.3575079,transmission1381
POINT (4.3575323 51.9928696),51.9928696,4.3575323,transmission1382
POINT (4.3580794 51.9953232),51.9953232,4.3580794,transmission1383
POINT (4.3581886 51.993029),51.993029,4.3581886,transmission1384
POINT (4.3615274 51.9942029),51.9942029,4.3615274,transmission1385
POINT (4.3578315 51.9962502),51.9962502,4.3578315,transmission1386
POINT (4.3587234 51.9910765),51.9910765,4.3587234,transmission1387
POINT (4.3623088 51.9927353),51.9927353,4.3623088,transmission1388
POINT (4.358578 51.9941833),51.9941833,4.358578,transmission1389
POINT (4.3560458 51.9944427),51.9944427,4.3560458,transmission1390
POINT (4.358212 51.9933586),51.9933586,4.358212,transmission1391
POINT (4.3570026 51.9945595),51.9945595,4.3570026,transmission1392
POINT (4.3556916 51.9948362),51.9948362,4.3556916,transmission1393
POINT (4.3576899 51.9954491),51.9954491,4.3576899,transmission1394
POINT (4.3574817 51.9931676),51.9931676,4.3574817,transmission1395
POINT (4.3582513 51.9950722),51.9950722,4.3582513,transmission1396
POINT (4.3582864 51.9950371),51.9950371,4.3582864,transmission1397
POINT (4.3580885 51.9963074),51.9963074,4.3580885,transmission1398
POINT (4.3591094 51.9963188),51.9963188,4.3591094,transmission1399
POINT (4.3613608 51.9943067),51.9943067,4.3613608,transmission1400
POINT (4.360612 51.9931759),51.9931759,4.360612,transmission1401
POINT (4.3571337 51.994588),51.994588,4.3571337,transmission1402
POINT (4.3586014 51.9946972),51.9946972,4.3586014,transmission1403
POINT (4.3620811 51.9932785),51.9932785,4.3620811,transmission1404
POINT (4.3609884 51.9914076),51.9914076,4.3609884,transmission1405
POINT (4.3582203 51.9927826),51.9927826,4.3582203,transmission1406
POINT (4.3561647 51.9951305),51.9951305,4.3561647,transmission1407
POINT (4.3589787 51.9961967),51.9961967,4.3589787,transmission1408
POINT (4.3573437 51.99226),51.99226,4.3573437,transmission1409
POINT (4.3618442 51.9936078),51.9936078,4.3618442,transmission1410
POINT (4.3591046 51.9933586),51.9933586,4.3591046,transmission1411
POINT (4.3606942 51.9957051),51.9957051,4.3606942,transmission1412
POINT (4.3577843 51.9910965),51.9910965,4.3577843,transmission1413
POINT (4.3574089 51.9958748),51.9958748,4.3574089,transmission1414
POINT (4.3625009 51.9910797),51.9910797,4.3625009,transmission1415
POINT (4.3610439 51.9913296),51.9913296,4.3610439,transmission1416
POINT (4.3572702 51.9925548),51.9925548,4.3572702,transmission1417
POINT (4.3553023 51.9956856),51.9956856,4.3553023,transmission1418
POINT (4.3582319 51.9914635),51.9914635,4.3582319,transmission1419
POINT (4.3577211 51.9925451),51.9925451,4.3577211,transmission1420
POINT (4.3608383 51.9929835),51.9929835,4.3608383,transmission1421
POINT (4.3566525 51.9931877),51.9931877,4.3566525,transmission1422
POINT (4.3592453 51.995327),51.995327,4.3592453,transmission1423
POINT (4.3585427 51.9919792),51.9919792,4.3585427,transmission1424
POINT (4.3583611 51.9912689),51.9912689,4.3583611,transmission1425
POINT (4.3573416 51.9932721),51.9932721,4.3573416,transmission1426
POINT (4.3589056 51.9947179),51.9947179,4.3589056,transmission1427
POINT (4.3612476 51.9945157),51.9945157,4.3612476,transmission1428
POINT (4.3574453 51.9915157),51.9915157,4.3574453,transmission1429
POINT (4.3587938 51.9935205),51.9935205,4.3587938,transmission1430
POINT (4.3616255 51.9938154),51.9938154,4.3616255,transmission1431
POINT (4.3570261 51.9950848),51.9950848,4.3570261,transmission1432
POINT (4.3581948 51.9918633),51.9918633,4.3581948,transmission1433
POINT (4.3572234 51.9945602),51.9945602,4.3572234,transmission1434
POINT (4.3604465 51.9919658),51.9919658,4.3604465,transmission1435
POINT (4.3570352 51.9948997),51.9948997,4.3570352,transmission1436
POINT (4.3612286 51.9928958),51.9928958,4.3612286,transmission1437
POINT (4.35741 51.9923325),51.9923325,4.35741,transmission1438
POINT (4.3599174 51.9961268),51.9961268,4.3599174,transmission1439
POINT (4.3555153 51.9946582),51.9946582,4.3555153,transmission1440
POINT (4.3629289 51.9914989),51.9914989,4.3629289,transmission1441
POINT (4.3598108 51.9938376),51.9938376,4.3598108,transmission1442
POINT (4.3554935 51.9952202),51.9952202,4.3554935,transmission1443
POINT (4.3594498 51.9935455),51.9935455,4.3594498,transmission1444
POINT (4.357225 51.9927979),51.9927979,4.357225,transmission1445
POINT (4.3581495 51.9907303),51.9907303,4.3581495,transmission1446
POINT (4.3593471 51.9915897),51.9915897,4.3593471,transmission1447
POINT (4.3585448 51.9953079),51.9953079,4.3585448,transmission1448
POINT (4.3585847 51.9939559),51.9939559,4.3585847,transmission1449
POINT (4.3630821 51.9914474),51.9914474,4.3630821,transmission1450
POINT (4.3609992 51.9918556),51.9918556,4.3609992,transmission1451
POINT (4.3569506 51.9926503),51.9926503,4.3569506,transmission1452
POINT (4.3605181 51.9913762),51.9913762,4.3605181,transmission1453
POINT (4.3562436 51.9935939),51.9935939,4.3562436,transmission1454
POINT (4.3602122 51.9962813),51.9962813,4.3602122,transmission1455
POINT (4.3599871 51.9960047),51.9960047,4.3599871,transmission1456
POINT (4.3596667 51.9949351),51.9949351,4.3596667,transmission1457
POINT (4.3592881 51.9916709),51.9916709,4.3592881,transmission1458
POINT (4.3566565 51.9933295),51.9933295,4.3566565,transmission1459
POINT (4.3560686 51.9944019),51.9944019,4.3560686,transmission1460
POINT (4.3589049 51.9949875),51.9949875,4.3589049,transmission1461
POINT (4.3563668 51.9927457),51.9927457,4.3563668,transmission1462
POINT (4.3610716 51.9912906),51.9912906,4.3610716,transmission1463
POINT (4.3563038 51.9934823),51.9934823,4.3563038,transmission1464
POINT (4.3590058 51.994174),51.994174,4.3590058,transmission1465
POINT (4.3592124 51.9953232),51.9953232,4.3592124,transmission1466
POINT (4.3607413 51.9914767),51.9914767,4.3607413,transmission1467
POINT (4.361935 51.9934374),51.9934374,4.361935,transmission1468
POINT (4.3600883 51.9917641),51.9917641,4.3600883,transmission1469
POINT (4.3608331 51.9952787),51.9952787,4.3608331,transmission1470
POINT (4.3568411 51.9928436),51.9928436,4.3568411,transmission1471
POINT (4.3623528 51.9938202),51.9938202,4.3623528,transmission1472
POINT (4.358355 51.9916278),51.9916278,4.358355,transmission1473
POINT (4.3585719 51.9963707),51.9963707,4.3585719,transmission1474
POINT (4.3558006 51.9957523),51.9957523,4.3558006,transmission1475
POINT (4.3610195 51.9951226),51.9951226,4.3610195,transmission1476
POINT (4.3608767 51.9962966),51.9962966,4.3608767,transmission1477
POINT (4.3580123 51.996646),51.996646,4.3580123,transmission1478
POINT (4.3593605 51.9958481),51.9958481,4.3593605,transmission1479
POINT (4.3602979 51.9923687),51.9923687,4.3602979,transmission1480
POINT (4.3555794 51.9948158),51.9948158,4.3555794,transmission1481
POINT (4.3569599 51.9960728),51.9960728,4.3569599,transmission1482
POINT (4.3609066 51.9915212),51.9915212,4.3609066,transmission1483
POINT (4.3582966 51.9934006),51.9934006,4.3582966,transmission1484
POINT (4.3586624 51.9946175),51.9946175,4.3586624,transmission1485
POINT (4.3611984 51.9916534),51.9916534,4.3611984,transmission1486
POINT (4.3564785 51.9944455),51.9944455,4.3564785,transmission1487
POINT (4.3612983 51.9946233),51.9946233,4.3612983,transmission1488
POINT (4.3622646 51.9933205),51.9933205,4.3622646,transmission1489
POINT (4.3581491 51.9928902),51.9928902,4.3581491,transmission1490
POINT (4.358217 51.996336),51.996336,4.358217,transmission1491
POINT (4.3582134 51.9959641),51.9959641,4.3582134,transmission1492
POINT (4.3577348 51.9924081),51.9924081,4.3577348,transmission1493
POINT (4.3572698 51.9917908),51.9917908,4.3572698,transmission1494
POINT (4.3553677 51.9957377),51.9957377,4.3553677,transmission1495
POINT (4.3613233 51.9923456),51.9923456,4.3613233,transmission1496
POINT (4.3582433 51.9918953),51.9918953,4.3582433,transmission1497
POINT (4.3566102 51.9966147),51.9966147,4.3566102,transmission1498
POINT (4.3584175 51.9910011),51.9910011,4.3584175,transmission1499
POINT (4.3558416 51.9957886),51.9957886,4.3558416,transmission1500
POINT (4.3617938 51.9910183),51.9910183,4.3617938,transmission1501
POINT (4.3568776 51.9960887),51.9960887,4.3568776,transmission1502
POINT (4.3589627 51.9942484),51.9942484,4.3589627,transmission1503
POINT (4.356527 51.996776),51.996776,4.356527,transmission1504
POINT (4.3577909 51.9909426),51.9909426,4.3577909,transmission1505
POINT (4.3552017 51.9958191),51.9958191,4.3552017,transmission1506
POINT (4.3580723 51.992787),51.992787,4.3580723,transmission1507
POINT (4.3560055 51.9954027),51.9954027,4.3560055,transmission1508
POINT (4.3561513 51.9940983),51.9940983,4.3561513,transmission1509
POINT (4.3589284 51.9960613),51.9960613,4.3589284,transmission1510
POINT (4.3578272 51.9910202),51.9910202,4.3578272,transmission1511
POINT (4.3615849 51.9937601),51.9937601,4.3615849,transmission1512
POINT (4.358969 51.9921112),51.9921112,4.358969,transmission1513
POINT (4.3586533 51.9915344),51.9915344,4.3586533,transmission1514
POINT (4.3593462 51.9934654),51.9934654,4.3593462,transmission1515
POINT (4.3555589 51.995215),51.995215,4.3555589,transmission1516
POINT (4.3562765 51.9948187),51.9948187,4.3562765,transmission1517
POINT (4.357189 51.995195),51.995195,4.357189,transmission1518
POINT (4.3583487 51.990398),51.990398,4.3583487,transmission1519
POINT (4.3559594 51.9941049),51.9941049,4.3559594,transmission1520
POINT (4.3618215 51.9909795),51.9909795,4.3618215,transmission1521
POINT (4.3596811 51.9938049),51.9938049,4.3596811,transmission1522
POINT (4.3601238 51.9954147),51.9954147,4.3601238,transmission1523
POINT (4.3579879 51.9924679),51.9924679,4.3579879,transmission1524
POINT (4.356801 51.9929161),51.9929161,4.356801,transmission1525
POINT (4.3603602 51.992087),51.992087,4.3603602,transmission1526
POINT (4.3562492 51.9940761),51.9940761,4.3562492,transmission1527
POINT (4.3568552 51.9927101),51.9927101,4.3568552,transmission1528
POINT (4.3585276 51.9909119),51.9909119,4.3585276,transmission1529
POINT (4.360144 51.9962667),51.9962667,4.360144,transmission1530
POINT (4.3604293 51.9939919),51.9939919,4.3604293,transmission1531
POINT (4.3577943 51.9913278),51.9913278,4.3577943,transmission1532
POINT (4.3574644 51.9928533),51.9928533,4.3574644,transmission1533
POINT (4.3605316 51.9959963),51.9959963,4.3605316,transmission1534
POINT (4.3617762 51.9937356),51.9937356,4.3617762,transmission1535
POINT (4.3580769 51.9916969),51.9916969,4.3580769,transmission1536
POINT (4.3608099 51.9928943),51.9928943,4.3608099,transmission1537
POINT (4.3560161 51.9948898),51.9948898,4.3560161,transmission1538
POINT (4.3595431 51.9929032),51.9929032,4.3595431,transmission1539
POINT (4.3590853 51.9952066),51.9952066,4.3590853,transmission1540
POINT (4.3577495 51.9956831),51.9956831,4.3577495,transmission1541
POINT (4.3612725 51.9931691),51.9931691,4.3612725,transmission1542
POINT (4.3586644 51.9907932),51.9907932,4.3586644,transmission1543
POINT (4.3588395 51.991),51.991,4.3588395,transmission1544
POINT (4.3631272 51.9913788),51.9913788,4.3631272,transmission1545
POINT (4.3593765 51.9915491),51.9915491,4.3593765,transmission1546
POINT (4.3601736 51.994228),51.994228,4.3601736,transmission1547
POINT (4.3604307 51.9913101),51.9913101,4.3604307,transmission1548
POINT (4.3626124 51.991862),51.991862,4.3626124,transmission1549
POINT (4.3573236 51.9920158),51.9920158,4.3573236,transmission1550
POINT (4.3620414 51.9921813),51.9921813,4.3620414,transmission1551
POINT (4.3552215 51.9956474),51.9956474,4.3552215,transmission1552
POINT (4.3602926 51.9964287),51.9964287,4.3602926,transmission1553
POINT (4.3628345 51.9914417),51.9914417,4.3628345,transmission1554
POINT (4.3563752 51.9924889),51.9924889,4.3563752,transmission1555
POINT (4.3579049 51.9908829),51.9908829,4.3579049,transmission1556
POINT (4.3575149 51.9954109),51.9954109,4.3575149,transmission1557
POINT (4.356016 51.9943436),51.9943436,4.356016,transmission1558
POINT (4.3583473 51.9950498),51.9950498,4.3583473,transmission1559
POINT (4.3564223 51.9949646),51.9949646,4.3564223,transmission1560
POINT (4.3555002 51.9953357),51.9953357,4.3555002,transmission1561
POINT (4.3579477 51.9966334),51.9966334,4.3579477,transmission1562
POINT (4.3604387 51.9961628),51.9961628,4.3604387,transmission1563
POINT (4.3625913 51.9920921),51.9920921,4.3625913,transmission1564
POINT (4.3603165 51.9947681),51.9947681,4.3603165,transmission1565
POINT (4.3570631 51.9924576),51.9924576,4.3570631,transmission1566
POINT (4.3601398 51.9955177),51.9955177,4.3601398,transmission1567
POINT (4.360679 51.9962571),51.9962571,4.360679,transmission1568
POINT (4.3588598 51.9950676),51.9950676,4.3588598,transmission1569
POINT (4.3603558 51.9941063),51.9941063,4.3603558,transmission1570
POINT (4.3572408 51.9934313),51.9934313,4.3572408,transmission1571
POINT (4.3609328 51.9914856),51.9914856,4.3609328,transmission1572
POINT (4.3623781 51.9925213),51.9925213,4.3623781,transmission1573
POINT (4.3622561 51.9938431),51.9938431,4.3622561,transmission1574
POINT (4.3598648 51.9948263),51.9948263,4.3598648,transmission1575
POINT (4.3593061 51.9909649),51.9909649,4.3593061,transmission1576
POINT (4.3632897 51.9911601),51.9911601,4.3632897,transmission1577
POINT (4.358694 51.9906416),51.9906416,4.358694,transmission1578
POINT (4.3601851 51.9950294),51.9950294,4.3601851,transmission1579
POINT (4.3612053 51.9947897),51.9947897,4.3612053,transmission1580
POINT (4.3616986 51.9923325),51.9923325,4.3616986,transmission1581
POINT (4.359427 51.9930124),51.9930124,4.359427,transmission1582
POINT (4.3610173 51.9949396),51.9949396,4.3610173,transmission1583
POINT (4.3583705 51.9902903),51.9902903,4.3583705,transmission1584
POINT (4.3591071 51.9911838),51.9911838,4.3591071,transmission1585
POINT (4.3571657 51.9923943),51.9923943,4.3571657,transmission1586
POINT (4.356544 51.9944598),51.9944598,4.356544,transmission1587
POINT (4.358274 51.9905226),51.9905226,4.358274,transmission1588
POINT (4.3580597 51.9936548),51.9936548,4.3580597,transmission1589
POINT (4.3607106 51.9929538),51.9929538,4.3607106,transmission1590
POINT (4.3572989 51.9922485),51.9922485,4.3572989,transmission1591
POINT (4.3564956 51.9936249),51.9936249,4.3564956,transmission1592
POINT (4.3588856 51.9906924),51.9906924,4.3588856,transmission1593
POINT (4.3608642 51.9932384),51.9932384,4.3608642,transmission1594
POINT (4.3598714 51.9933472),51.9933472,4.3598714,transmission1595
POINT (4.358772 51.995594),51.995594,4.358772,transmission1596
POINT (4.3591064 51.9947611),51.9947611,4.3591064,transmission1597
POINT (4.3552322 51.9956245),51.9956245,4.3552322,transmission1598
POINT (4.3621313 51.9928905),51.9928905,4.3621313,transmission1599
POINT (4.3600927 51.9929657),51.9929657,4.3600927,transmission1600
POINT (4.3612553 51.9962244),51.9962244,4.3612553,transmission1601
POINT (4.3576171 51.9961205),51.9961205,4.3576171,transmission1602
POINT (4.357275 51.9950371),51.9950371,4.357275,transmission1603
POINT (4.3581415 51.9966712),51.9966712,4.3581415,transmission1604
POINT (4.3556998 51.9945889),51.9945889,4.3556998,transmission1605
POINT (4.358799 51.9943886),51.9943886,4.358799,transmission1606
POINT (4.3615814 51.9938972),51.9938972,4.3615814,transmission1607
POINT (4.3623385 51.9925117),51.9925117,4.3623385,transmission1608
POINT (4.3569112 51.9928551),51.9928551,4.3569112,transmission1609
POINT (4.3564623 51.9946124),51.9946124,4.3564623,transmission1610
POINT (4.3560271 51.9939818),51.9939818,4.3560271,transmission1611
POINT (4.3605472 51.9962307),51.9962307,4.3605472,transmission1612
POINT (4.3609483 51.9950667),51.9950667,4.3609483,transmission1613
POINT (4.3573791 51.9926224),51.9926224,4.3573791,transmission1614
POINT (4.3587156 51.9905026),51.9905026,4.3587156,transmission1615
POINT (4.3605338 51.9958297),51.9958297,4.3605338,transmission1616
POINT (4.3565385 51.9933987),51.9933987,4.3565385,transmission1617
POINT (4.355726 51.9948877),51.9948877,4.355726,transmission1618
POINT (4.3564267 51.9937515),51.9937515,4.3564267,transmission1619
POINT (4.3613889 51.991681),51.991681,4.3613889,transmission1620
POINT (4.3616305 51.9908348),51.9908348,4.3616305,transmission1621
POINT (4.3577083 51.9939804),51.9939804,4.3577083,transmission1622
POINT (4.3584322 51.9936541),51.9936541,4.3584322,transmission1623
POINT (4.3612836 51.9928945),51.9928945,4.3612836,transmission1624
POINT (4.3573981 51.9938881),51.9938881,4.3573981,transmission1625
POINT (4.3561645 51.9937387),51.9937387,4.3561645,transmission1626
POINT (4.359386 51.9942665),51.9942665,4.359386,transmission1627
POINT (4.3626924 51.9919243),51.9919243,4.3626924,transmission1628
POINT (4.3566236 51.9950047),51.9950047,4.3566236,transmission1629
POINT (4.3611277 51.9935137),51.9935137,4.3611277,transmission1630
POINT (4.3612263 51.9937647),51.9937647,4.3612263,transmission1631
POINT (4.357345 51.9916729),51.9916729,4.357345,transmission1632
POINT (4.3590018 51.9917622),51.9917622,4.3590018,transmission1633
POINT (4.3602349 51.99376),51.99376,4.3602349,transmission1634
POINT (4.362834 51.9915924),51.9915924,4.362834,transmission1635
POINT (4.361125 51.9934731),51.9934731,4.361125,transmission1636
POINT (4.3577944 51.9958197),51.9958197,4.3577944,transmission1637
POINT (4.3561487 51.9951591),51.9951591,4.3561487,transmission1638
POINT (4.3562424 51.9939374),51.9939374,4.3562424,transmission1639
POINT (4.3628063 51.9911636),51.9911636,4.3628063,transmission1640
POINT (4.3587742 51.9955724),51.9955724,4.3587742,transmission1641
POINT (4.3576315 51.9954364),51.9954364,4.3576315,transmission1642
POINT (4.3604729 51.9930162),51.9930162,4.3604729,transmission1643
POINT (4.3581802 51.9915413),51.9915413,4.3581802,transmission1644
POINT (4.362003 51.9933097),51.9933097,4.362003,transmission1645
POINT (4.3566795 51.9932873),51.9932873,4.3566795,transmission1646
POINT (4.3561957 51.9954056),51.9954056,4.3561957,transmission1647
POINT (4.3620911 51.9931444),51.9931444,4.3620911,transmission1648
POINT (4.359051 51.9934444),51.9934444,4.359051,transmission1649
POINT (4.3587296 51.9939451),51.9939451,4.3587296,transmission1650
POINT (4.3584628 51.9914699),51.9914699,4.3584628,transmission1651
POINT (4.3607621 51.9928627),51.9928627,4.3607621,transmission1652
POINT (4.3580907 51.9938393),51.9938393,4.3580907,transmission1653
POINT (4.3606014 51.9928943),51.9928943,4.3606014,transmission1654
POINT (4.3604755 51.9928965),51.9928965,4.3604755,transmission1655
POINT (4.3624667 51.9934921),51.9934921,4.3624667,transmission1656
POINT (4.3618549 51.9933956),51.9933956,4.3618549,transmission1657
POINT (4.3580267 51.9953098),51.9953098,4.3580267,transmission1658
POINT (4.3626534 51.9913921),51.9913921,4.3626534,transmission1659
POINT (4.3589821 51.9954491),51.9954491,4.3589821,transmission1660
POINT (4.3607073 51.993557),51.993557,4.3607073,transmission1661
POINT (4.3593434 51.9957508),51.9957508,4.3593434,transmission1662
POINT (4.3624902 51.99226),51.99226,4.3624902,transmission1663
POINT (4.3587794 51.9944229),51.9944229,4.3587794,transmission1664
POINT (4.3628005 51.9918562),51.9918562,4.3628005,transmission1665
POINT (4.3583853 51.9964848),51.9964848,4.3583853,transmission1666
POINT (4.3590131 51.9959106),51.9959106,4.3590131,transmission1667
POINT (4.3564696 51.9937515),51.9937515,4.3564696,transmission1668
POINT (4.3577025 51.9952341),51.9952341,4.3577025,transmission1669
POINT (4.361947 51.9932273),51.9932273,4.361947,transmission1670
POINT (4.3589082 51.9955673),51.9955673,4.3589082,transmission1671
POINT (4.3578364 51.9911449),51.9911449,4.3578364,transmission1672
POINT (4.3605781 51.9959131),51.9959131,4.3605781,transmission1673
POINT (4.3588287 51.9937902),51.9937902,4.3588287,transmission1674
POINT (4.360804 51.9965675),51.9965675,4.360804,transmission1675
POINT (4.360439 51.9923664),51.9923664,4.360439,transmission1676
POINT (4.3608101 51.9953211),51.9953211,4.3608101,transmission1677
POINT (4.3587403 51.9944916),51.9944916,4.3587403,transmission1678
POINT (4.3615534 51.9913979),51.9913979,4.3615534,transmission1679
POINT (4.3579688 51.9907722),51.9907722,4.3579688,transmission1680
POINT (4.3589842 51.9942112),51.9942112,4.3589842,transmission1681
POINT (4.358438 51.9955025),51.9955025,4.358438,transmission1682
POINT (4.3622798 51.9912891),51.9912891,4.3622798,transmission1683
POINT (4.3568002 51.9926987),51.9926987,4.3568002,transmission1684
POINT (4.3579217 51.9907227),51.9907227,4.3579217,transmission1685
POINT (4.361123 51.99112),51.99112,4.361123,transmission1686
POINT (4.3583703 51.9954878),51.9954878,4.3583703,transmission1687
POINT (4.3603172 51.9963036),51.9963036,4.3603172,transmission1688
POINT (4.3608648 51.9920532),51.9920532,4.3608648,transmission1689
POINT (4.3608801 51.9953722),51.9953722,4.3608801,transmission1690
POINT (4.3624666 51.9913406),51.9913406,4.3624666,transmission1691
POINT (4.3609045 51.992764),51.992764,4.3609045,transmission1692
POINT (4.3558262 51.9945793),51.9945793,4.3558262,transmission1693
POINT (4.3600687 51.9921979),51.9921979,4.3600687,transmission1694
POINT (4.3588245 51.9968043),51.9968043,4.3588245,transmission1695
POINT (4.3570134 51.9926656),51.9926656,4.3570134,transmission1696
POINT (4.3611224 51.9934406),51.9934406,4.3611224,transmission1697
POINT (4.3612318 51.9910622),51.9910622,4.3612318,transmission1698
POINT (4.3595538 51.9940033),51.9940033,4.3595538,transmission1699
POINT (4.3614596 51.9943303),51.9943303,4.3614596,transmission1700
POINT (4.3568339 51.9959602),51.9959602,4.3568339,transmission1701
POINT (4.3621552 51.9912548),51.9912548,4.3621552,transmission1702
POINT (4.358497 51.9932156),51.9932156,4.358497,transmission1703
POINT (4.3571093 51.992379),51.992379,4.3571093,transmission1704
POINT (4.357913 51.9938838),51.9938838,4.357913,transmission1705
POINT (4.3611304 51.9935544),51.9935544,4.3611304,transmission1706
POINT (4.3577628 51.9911346),51.9911346,4.3577628,transmission1707
POINT (4.357837 51.9909833),51.9909833,4.357837,transmission1708
POINT (4.3592793 51.9938126),51.9938126,4.3592793,transmission1709
POINT (4.3558383 51.9956869),51.9956869,4.3558383,transmission1710
POINT (4.356959 51.9950714),51.9950714,4.356959,transmission1711
POINT (4.3603266 51.9962112),51.9962112,4.3603266,transmission1712
POINT (4.360671 51.9957467),51.9957467,4.360671,transmission1713
POINT (4.3607872 51.9955387),51.9955387,4.3607872,transmission1714
POINT (4.360531 51.9938325),51.9938325,4.360531,transmission1715
POINT (4.3581147 51.990654),51.990654,4.3581147,transmission1716
POINT (4.3585168 51.9913907),51.9913907,4.3585168,transmission1717
POINT (4.3612016 51.9946005),51.9946005,4.3612016,transmission1718
POINT (4.3572935 51.9925177),51.9925177,4.3572935,transmission1719
POINT (4.3575422 51.992363),51.992363,4.3575422,transmission1720
POINT (4.3569102 51.9927216),51.9927216,4.3569102,transmission1721
POINT (4.3586813 51.9914986),51.9914986,4.3586813,transmission1722
POINT (4.3575237 51.9917837),51.9917837,4.3575237,transmission1723
POINT (4.3577824 51.9911385),51.9911385,4.3577824,transmission1724
POINT (4.3570739 51.9955266),51.9955266,4.3570739,transmission1725
POINT (4.3583444 51.9902954),51.9902954,4.3583444,transmission1726
POINT (4.3604852 51.9960796),51.9960796,4.3604852,transmission1727
POINT (4.3580476 51.9953842),51.9953842,4.3580476,transmission1728
POINT (4.3601813 51.9941527),51.9941527,4.3601813,transmission1729
POINT (4.3568132 51.993042),51.993042,4.3568132,transmission1730
POINT (4.3598941 51.9961675),51.9961675,4.3598941,transmission1731
POINT (4.3566981 51.9931033),51.9931033,4.3566981,transmission1732
POINT (4.3561458 51.995489),51.995489,4.3561458,transmission1733
POINT (4.3582656 51.9927139),51.9927139,4.3582656,transmission1734
POINT (4.3584807 51.9954247),51.9954247,4.3584807,transmission1735
POINT (4.3584655 51.9960175),51.9960175,4.3584655,transmission1736
POINT (4.3621082 51.9929326),51.9929326,4.3621082,transmission1737
POINT (4.3554429 51.9951073),51.9951073,4.3554429,transmission1738
POINT (4.3569567 51.9937773),51.9937773,4.3569567,transmission1739
POINT (4.3602584 51.9915199),51.9915199,4.3602584,transmission1740
POINT (4.362498 51.991847),51.991847,4.362498,transmission1741
POINT (4.3552772 51.995719),51.995719,4.3552772,transmission1742
POINT (4.3583097 51.9966183),51.9966183,4.3583097,transmission1743
POINT (4.3559774 51.9945652),51.9945652,4.3559774,transmission1744
POINT (4.3556327 51.9947186),51.9947186,4.3556327,transmission1745
POINT (4.360693 51.9915504),51.9915504,4.360693,transmission1746
POINT (4.3593496 51.9930851),51.9930851,4.3593496,transmission1747
POINT (4.3631544 51.9913495),51.9913495,4.3631544,transmission1748
POINT (4.35774 51.9932273),51.9932273,4.35774,transmission1749
POINT (4.3604752 51.9919254),51.9919254,4.3604752,transmission1750
POINT (4.358008 51.9954552),51.9954552,4.358008,transmission1751
POINT (4.3589696 51.9933268),51.9933268,4.3589696,transmission1752
POINT (4.3570952 51.9947853),51.9947853,4.3570952,transmission1753
POINT (4.3584358 51.9915094),51.9915094,4.3584358,transmission1754
POINT (4.3577688 51.9909801),51.9909801,4.3577688,transmission1755
POINT (4.3558965 51.9958),51.9958,4.3558965,transmission1756
POINT (4.3565478 51.9967357),51.9967357,4.3565478,transmission1757
POINT (4.361437 51.9943728),51.9943728,4.361437,transmission1758
POINT (4.3616922 51.9911613),51.9911613,4.3616922,transmission1759
POINT (4.3602171 51.9913646),51.9913646,4.3602171,transmission1760
POINT (4.3566844 51.9959793),51.9959793,4.3566844,transmission1761
POINT (4.3589852 51.9908791),51.9908791,4.3589852,transmission1762
POINT (4.3613751 51.9914096),51.9914096,4.3613751,transmission1763
POINT (4.3567574 51.9937553),51.9937553,4.3567574,transmission1764
POINT (4.3564854 51.9968567),51.9968567,4.3564854,transmission1765
POINT (4.3585876 51.9952301),51.9952301,4.3585876,transmission1766
POINT (4.3581038 51.9904284),51.9904284,4.3581038,transmission1767
POINT (4.3606978 51.9967686),51.9967686,4.3606978,transmission1768
POINT (4.3610542 51.9923526),51.9923526,4.3610542,transmission1769
POINT (4.3605799 51.9957449),51.9957449,4.3605799,transmission1770
POINT (4.3578649 51.9909935),51.9909935,4.3578649,transmission1771
POINT (4.3557674 51.9949404),51.9949404,4.3557674,transmission1772
POINT (4.3618102 51.9917908),51.9917908,4.3618102,transmission1773
POINT (4.3613386 51.9928932),51.9928932,4.3613386,transmission1774
POINT (4.359951 51.995266),51.995266,4.359951,transmission1775
POINT (4.3627268 51.991982),51.991982,4.3627268,transmission1776
POINT (4.3612556 51.9920158),51.9920158,4.3612556,transmission1777
POINT (4.3610085 51.996323),51.996323,4.3610085,transmission1778
POINT (4.356173 51.9948756),51.9948756,4.356173,transmission1779
POINT (4.3559338 51.9955245),51.9955245,4.3559338,transmission1780
POINT (4.3563106 51.9938167),51.9938167,4.3563106,transmission1781
POINT (4.3557633 51.9948139),51.9948139,4.3557633,transmission1782
POINT (4.3562074 51.99366),51.99366,4.3562074,transmission1783
POINT (4.3577726 51.995644),51.995644,4.3577726,transmission1784
POINT (4.359767 51.9935691),51.9935691,4.359767,transmission1785
POINT (4.3582162 51.9951073),51.9951073,4.3582162,transmission1786
POINT (4.3617537 51.9908684),51.9908684,4.3617537,transmission1787
POINT (4.3585183 51.9912224),51.9912224,4.3585183,transmission1788
POINT (4.3599386 51.9932327),51.9932327,4.3599386,transmission1789
POINT (4.3606715 51.9923363),51.9923363,4.3606715,transmission1790
POINT (4.3576387 51.9962072),51.9962072,4.3576387,transmission1791
POINT (4.3581893 51.9907964),51.9907964,4.3581893,transmission1792
POINT (4.3580924 51.996225),51.996225,4.3580924,transmission1793
POINT (4.3555198 51.9952954),51.9952954,4.3555198,transmission1794
POINT (4.3574544 51.9964914),51.9964914,4.3574544,transmission1795
POINT (4.3585191 51.9958458),51.9958458,4.3585191,transmission1796
POINT (4.359775 51.991248),51.991248,4.359775,transmission1797
POINT (4.3574679 51.9950776),51.9950776,4.3574679,transmission1798
POINT (4.3611772 51.9938445),51.9938445,4.3611772,transmission1799
POINT (4.3626843 51.9914661),51.9914661,4.3626843,transmission1800
POINT (4.3588938 51.9968178),51.9968178,4.3588938,transmission1801
POINT (4.3594657 51.992976),51.992976,4.3594657,transmission1802
POINT (4.3593863 51.9962786),51.9962786,4.3593863,transmission1803
POINT (4.362071 51.9938469),51.9938469,4.362071,transmission1804
POINT (4.3608143 51.9927864),51.9927864,4.3608143,transmission1805
POINT (4.3561707 51.9954473),51.9954473,4.3561707,transmission1806
POINT (4.3577539 51.9965955),51.9965955,4.3577539,transmission1807
POINT (4.3618896 51.9935226),51.9935226,4.3618896,transmission1808
POINT (4.3614795 51.9918098),51.9918098,4.3614795,transmission1809
POINT (4.3578182 51.9957792),51.9957792,4.3578182,transmission1810
POINT (4.3593702 51.9909821),51.9909821,4.3593702,transmission1811
POINT (4.3621999 51.9929398),51.9929398,4.3621999,transmission1812
POINT (4.3588581 51.9955597),51.9955597,4.3588581,transmission1813
POINT (4.3600054 51.9938867),51.9938867,4.3600054,transmission1814
POINT (4.3615069 51.9923401),51.9923401,4.3615069,transmission1815
POINT (4.3558145 51.9957275),51.9957275,4.3558145,transmission1816
POINT (4.3581978 51.9905243),51.9905243,4.3581978,transmission1817
POINT (4.3564298 51.9932461),51.9932461,4.3564298,transmission1818
POINT (4.3603535 51.9929867),51.9929867,4.3603535,transmission1819
POINT (4.3607407 51.9956219),51.9956219,4.3607407,transmission1820
POINT (4.361147 51.9908976),51.9908976,4.361147,transmission1821
POINT (4.3609266 51.995289),51.995289,4.3609266,transmission1822
POINT (4.356245 51.9927216),51.9927216,4.356245,transmission1823
POINT (4.3563619 51.9951401),51.9951401,4.3563619,transmission1824
POINT (4.3583066 51.9963165),51.9963165,4.3583066,transmission1825
POINT (4.3564473 51.9935675),51.9935675,4.3564473,transmission1826
POINT (4.358628 51.9961205),51.9961205,4.358628,transmission1827
POINT (4.361838 51.991169),51.991169,4.361838,transmission1828
POINT (4.3627744 51.9918976),51.9918976,4.3627744,transmission1829
POINT (4.3562819 51.9944028),51.9944028,4.3562819,transmission1830
POINT (4.3601828 51.9934698),51.9934698,4.3601828,transmission1831
POINT (4.3578861 51.9909573),51.9909573,4.3578861,transmission1832
POINT (4.3603539 51.9963112),51.9963112,4.3603539,transmission1833
POINT (4.3577466 51.9910177),51.9910177,4.3577466,transmission1834
POINT (4.3575322 51.9950911),51.9950911,4.3575322,transmission1835
POINT (4.3566465 51.9938278),51.9938278,4.3566465,transmission1836
POINT (4.3598628 51.992466),51.992466,4.3598628,transmission1837
POINT (4.3590107 51.9952812),51.9952812,4.3590107,transmission1838
POINT (4.356413 51.9944313),51.9944313,4.356413,transmission1839
POINT (4.3601345 51.9954834),51.9954834,4.3601345,transmission1840
POINT (4.3557712 51.9945679),51.9945679,4.3557712,transmission1841
POINT (4.3575249 51.9963684),51.9963684,4.3575249,transmission1842
POINT (4.3583455 51.9963646),51.9963646,4.3583455,transmission1843
POINT (4.3598242 51.9935837),51.9935837,4.3598242,transmission1844
POINT (4.3555393 51.9952552),51.9952552,4.3555393,transmission1845
POINT (4.3597315 51.9949469),51.9949469,4.3597315,transmission1846
POINT (4.3604212 51.9932632),51.9932632,4.3604212,transmission1847
POINT (4.3615932 51.9920629),51.9920629,4.3615932,transmission1848
POINT (4.3582061 51.9915024),51.9915024,4.3582061,transmission1849
POINT (4.3572273 51.9951248),51.9951248,4.3572273,transmission1850
POINT (4.3585865 51.9957275),51.9957275,4.3585865,transmission1851
POINT (4.3577703 51.9959902),51.9959902,4.3577703,transmission1852
POINT (4.3580992 51.9926348),51.9926348,4.3580992,transmission1853
POINT (4.360467 51.9912758),51.9912758,4.360467,transmission1854
POINT (4.3562935 51.993995),51.993995,4.3562935,transmission1855
POINT (4.3608336 51.9954555),51.9954555,4.3608336,transmission1856
POINT (4.359256 51.9947548),51.9947548,4.359256,transmission1857
POINT (4.3559711 51.994426),51.994426,4.3559711,transmission1858
POINT (4.3617309 51.9938207),51.9938207,4.3617309,transmission1859
POINT (4.3570365 51.9927521),51.9927521,4.3570365,transmission1860
POINT (4.3583012 51.993058),51.993058,4.3583012,transmission1861
POINT (4.3583016 51.9917063),51.9917063,4.3583016,transmission1862
POINT (4.3571698 51.9952301),51.9952301,4.3571698,transmission1863
POINT (4.3587553 51.9967908),51.9967908,4.3587553,transmission1864
POINT (4.3605491 51.9912137),51.9912137,4.3605491,transmission1865
POINT (4.3584373 51.996212),51.996212,4.3584373,transmission1866
POINT (4.356002 51.9947578),51.9947578,4.356002,transmission1867
POINT (4.360889 51.9964066),51.9964066,4.360889,transmission1868
POINT (4.3603847 51.992768),51.992768,4.3603847,transmission1869
POINT (4.3607969 51.9934769),51.9934769,4.3607969,transmission1870
POINT (4.3611736 51.992897),51.992897,4.3611736,transmission1871
POINT (4.3616179 51.9940331),51.9940331,4.3616179,transmission1872
POINT (4.3585645 51.9932315),51.9932315,4.3585645,transmission1873
POINT (4.3572741 51.9958458),51.9958458,4.3572741,transmission1874
POINT (4.3555603 51.9950829),51.9950829,4.3555603,transmission1875
POINT (4.3589133 51.9935499),51.9935499,4.3589133,transmission1876
POINT (4.3599162 51.9932709),51.9932709,4.3599162,transmission1877
POINT (4.3584148 51.9906073),51.9906073,4.3584148,transmission1878
POINT (4.3612316 51.9962635),51.9962635,4.3612316,transmission1879
POINT (4.3612958 51.9931323),51.9931323,4.3612958,transmission1880
POINT (4.3591781 51.9954376),51.9954376,4.3591781,transmission1881
POINT (4.3599259 51.9949823),51.9949823,4.3599259,transmission1882
POINT (4.3576713 51.991535),51.991535,4.3576713,transmission1883
POINT (4.3577731 51.9908524),51.9908524,4.3577731,transmission1884
POINT (4.3616133 51.9911709),51.9911709,4.3616133,transmission1885
POINT (4.3589211 51.9908619),51.9908619,4.3589211,transmission1886
POINT (4.3580628 51.993302),51.993302,4.3580628,transmission1887
POINT (4.3617535 51.9937782),51.9937782,4.3617535,transmission1888
POINT (4.3596103 51.9948406),51.9948406,4.3596103,transmission1889
POINT (4.3554241 51.9951485),51.9951485,4.3554241,transmission1890
POINT (4.3567254 51.9932029),51.9932029,4.3567254,transmission1891
POINT (4.3603027 51.9921678),51.9921678,4.3603027,transmission1892
POINT (4.3572989 51.993124),51.993124,4.3572989,transmission1893
POINT (4.3592698 51.9960087),51.9960087,4.3592698,transmission1894
POINT (4.357703 51.9962215),51.9962215,4.357703,transmission1895
POINT (4.3579745 51.9960343),51.9960343,4.3579745,transmission1896
POINT (4.3595572 51.9911919),51.9911919,4.3595572,transmission1897
POINT (4.3590163 51.9955928),51.9955928,4.3590163,transmission1898
POINT (4.3563108 51.992733),51.992733,4.3563108,transmission1899
POINT (4.3602336 51.9932175),51.9932175,4.3602336,transmission1900
POINT (4.3608999 51.9910011),51.9910011,4.3608999,transmission1901
POINT (4.3579741 51.9952965),51.9952965,4.3579741,transmission1902
POINT (4.3556833 51.9946213),51.9946213,4.3556833,transmission1903
POINT (4.3570995 51.9925121),51.9925121,4.3570995,transmission1904
POINT (4.3613484 51.9914471),51.9914471,4.3613484,transmission1905
POINT (4.3565378 51.9948759),51.9948759,4.3565378,transmission1906
POINT (4.3605514 51.9923248),51.9923248,4.3605514,transmission1907
POINT (4.3575935 51.9963827),51.9963827,4.3575935,transmission1908
POINT (4.3599405 51.9938703),51.9938703,4.3599405,transmission1909
POINT (4.3611183 51.9910342),51.9910342,4.3611183,transmission1910
POINT (4.3562597 51.9943047),51.9943047,4.3562597,transmission1911
POINT (4.3602805 51.9962959),51.9962959,4.3602805,transmission1912
POINT (4.3556355 51.994826),51.994826,4.3556355,transmission1913
POINT (4.3609419 51.9934731),51.9934731,4.3609419,transmission1914
POINT (4.3561807 51.9951019),51.9951019,4.3561807,transmission1915
POINT (4.3555646 51.9950752),51.9950752,4.3555646,transmission1916
POINT (4.3563015 51.9951274),51.9951274,4.3563015,transmission1917
POINT (4.3557477 51.9948463),51.9948463,4.3557477,transmission1918
POINT (4.3600709 51.9930038),51.9930038,4.3600709,transmission1919
POINT (4.358391 51.9906406),51.9906406,4.358391,transmission1920
POINT (4.3620475 51.9932262),51.9932262,4.3620475,transmission1921
POINT (4.3583283 51.9916671),51.9916671,4.3583283,transmission1922
POINT (4.3582242 51.9906057),51.9906057,4.3582242,transmission1923
POINT (4.3566041 51.9925385),51.9925385,4.3566041,transmission1924
POINT (4.3579807 51.9908981),51.9908981,4.3579807,transmission1925
POINT (4.3615282 51.9914322),51.9914322,4.3615282,transmission1926
POINT (4.3584229 51.9919456),51.9919456,4.3584229,transmission1927
POINT (4.3620716 51.9921426),51.9921426,4.3620716,transmission1928
POINT (4.3578656 51.9956982),51.9956982,4.3578656,transmission1929
POINT (4.3556609 51.9950116),51.9950116,4.3556609,transmission1930
POINT (4.3625746 51.9930649),51.9930649,4.3625746,transmission1931
POINT (4.3580709 51.9962616),51.9962616,4.3580709,transmission1932
POINT (4.362623 51.9911133),51.9911133,4.362623,transmission1933
POINT (4.3609554 51.9928954),51.9928954,4.3609554,transmission1934
POINT (4.3595248 51.9962585),51.9962585,4.3595248,transmission1935
POINT (4.3617858 51.9935219),51.9935219,4.3617858,transmission1936
POINT (4.3586301 51.9906247),51.9906247,4.3586301,transmission1937
POINT (4.3588308 51.9956315),51.9956315,4.3588308,transmission1938
POINT (4.3565841 51.9933143),51.9933143,4.3565841,transmission1939
POINT (4.3612259 51.9932429),51.9932429,4.3612259,transmission1940
POINT (4.3583646 51.9909884),51.9909884,4.3583646,transmission1941
POINT (4.3581247 51.9929268),51.9929268,4.3581247,transmission1942
POINT (4.3586744 51.9912689),51.9912689,4.3586744,transmission1943
POINT (4.3624363 51.9918423),51.9918423,4.3624363,transmission1944
POINT (4.3552978 51.995471),51.995471,4.3552978,transmission1945
POINT (4.3579246 51.9924529),51.9924529,4.3579246,transmission1946
POINT (4.3610735 51.9916504),51.9916504,4.3610735,transmission1947
POINT (4.356632 51.9951969),51.9951969,4.356632,transmission1948
POINT (4.3573766 51.9920311),51.9920311,4.3573766,transmission1949
POINT (4.3557883 51.9948991),51.9948991,4.3557883,transmission1950
POINT (4.3587599 51.9944572),51.9944572,4.3587599,transmission1951
POINT (4.3583155 51.9931361),51.9931361,4.3583155,transmission1952
POINT (4.3566113 51.9930305),51.9930305,4.3566113,transmission1953
POINT (4.3602043 51.9949913),51.9949913,4.3602043,transmission1954
POINT (4.361128 51.9939244),51.9939244,4.361128,transmission1955
POINT (4.3622456 51.9913445),51.9913445,4.3622456,transmission1956
POINT (4.3565633 51.9959419),51.9959419,4.3565633,transmission1957
POINT (4.3583095 51.9913467),51.9913467,4.3583095,transmission1958
POINT (4.3605032 51.9912415),51.9912415,4.3605032,transmission1959
POINT (4.3596557 51.9938446),51.9938446,4.3596557,transmission1960
POINT (4.3560384 51.9943024),51.9943024,4.3560384,transmission1961
POINT (4.3579064 51.9960196),51.9960196,4.3579064,transmission1962
POINT (4.362703 51.9920242),51.9920242,4.362703,transmission1963
POINT (4.3590598 51.9915314),51.9915314,4.3590598,transmission1964
POINT (4.3603067 51.9941826),51.9941826,4.3603067,transmission1965
POINT (4.3577707 51.9958602),51.9958602,4.3577707,transmission1966
POINT (4.3585058 51.9935386),51.9935386,4.3585058,transmission1967
POINT (4.3602731 51.9928265),51.9928265,4.3602731,transmission1968
POINT (4.3581495 51.9909382),51.9909382,4.3581495,transmission1969
POINT (4.3571558 51.9931357),51.9931357,4.3571558,transmission1970
POINT (4.3577482 51.9954618),51.9954618,4.3577482,transmission1971
POINT (4.3563601 51.9938732),51.9938732,4.3563601,transmission1972
POINT (4.3588624 51.9914742),51.9914742,4.3588624,transmission1973
POINT (4.3614519 51.9915377),51.9915377,4.3614519,transmission1974
POINT (4.3623421 51.9913063),51.9913063,4.3623421,transmission1975
POINT (4.3620179 51.9938354),51.9938354,4.3620179,transmission1976
POINT (4.3603677 51.9922791),51.9922791,4.3603677,transmission1977
POINT (4.3586364 51.9946594),51.9946594,4.3586364,transmission1978
POINT (4.3623306 51.9926944),51.9926944,4.3623306,transmission1979
POINT (4.3631703 51.991244),51.991244,4.3631703,transmission1980
POINT (4.3627751 51.9914255),51.9914255,4.3627751,transmission1981
POINT (4.360973 51.9952058),51.9952058,4.360973,transmission1982
POINT (4.3632088 51.991291),51.991291,4.3632088,transmission1983
POINT (4.3595292 51.9942595),51.9942595,4.3595292,transmission1984
POINT (4.3602867 51.9928998),51.9928998,4.3602867,transmission1985
POINT (4.355505 51.9951973),51.9951973,4.355505,transmission1986
POINT (4.3580742 51.9964828),51.9964828,4.3580742,transmission1987
POINT (4.3571806 51.9930954),51.9930954,4.3571806,transmission1988
POINT (4.361218 51.9917412),51.9917412,4.361218,transmission1989
POINT (4.3583238 51.9904395),51.9904395,4.3583238,transmission1990
POINT (4.3597072 51.9927177),51.9927177,4.3597072,transmission1991
POINT (4.3586928 51.9916763),51.9916763,4.3586928,transmission1992
POINT (4.3573013 51.9961395),51.9961395,4.3573013,transmission1993
POINT (4.357358 51.9931383),51.9931383,4.357358,transmission1994
POINT (4.3573867 51.9923695),51.9923695,4.3573867,transmission1995
POINT (4.3589411 51.9942856),51.9942856,4.3589411,transmission1996
POINT (4.3562233 51.9958694),51.9958694,4.3562233,transmission1997
POINT (4.3603935 51.9934807),51.9934807,4.3603935,transmission1998
POINT (4.3582176 51.9932909),51.9932909,4.3582176,transmission1999
POINT (4.3590779 51.9952952),51.9952952,4.3590779,transmission2000
POINT (4.3627176 51.9918823),51.9918823,4.3627176,transmission2001
POINT (4.3620693 51.9931853),51.9931853,4.3620693,transmission2002
POINT (4.3627915 51.9912949),51.9912949,4.3627915,transmission2003
POINT (4.3589385 51.9938609),51.9938609,4.3589385,transmission2004
POINT (4.3570645 51.99371),51.99371,4.3570645,transmission2005
POINT (4.357957 51.9909388),51.9909388,4.357957,transmission2006
POINT (4.3568132 51.9962196),51.9962196,4.3568132,transmission2007
POINT (4.3584076 51.9936926),51.9936926,4.3584076,transmission2008
POINT (4.3583214 51.9949993),51.9949993,4.3583214,transmission2009
POINT (4.360338 51.9935322),51.9935322,4.360338,transmission2010
POINT (4.360572 51.9931234),51.9931234,4.360572,transmission2011
POINT (4.3621182 51.9913254),51.9913254,4.3621182,transmission2012
POINT (4.3587468 51.9961472),51.9961472,4.3587468,transmission2013
POINT (4.3593224 51.9942692),51.9942692,4.3593224,transmission2014
POINT (4.3590908 51.9933815),51.9933815,4.3590908,transmission2015
POINT (4.3610509 51.9917793),51.9917793,4.3610509,transmission2016
POINT (4.3628528 51.9917733),51.9917733,4.3628528,transmission2017
POINT (4.3581719 51.9908218),51.9908218,4.3581719,transmission2018
POINT (4.3605388 51.9936043),51.9936043,4.3605388,transmission2019
POINT (4.3611331 51.9935951),51.9935951,4.3611331,transmission2020
POINT (4.3617921 51.9912415),51.9912415,4.3617921,transmission2021
POINT (4.3566685 51.9949045),51.9949045,4.3566685,transmission2022
POINT (4.3602195 51.9955978),51.9955978,4.3602195,transmission2023
POINT (4.3625603 51.9930013),51.9930013,4.3625603,transmission2024
POINT (4.3596166 51.9940182),51.9940182,4.3596166,transmission2025
POINT (4.3616921 51.9908516),51.9908516,4.3616921,transmission2026
POINT (4.3593233 51.9910526),51.9910526,4.3593233,transmission2027
POINT (4.3584814 51.9959126),51.9959126,4.3584814,transmission2028
POINT (4.3612213 51.9930725),51.9930725,4.3612213,transmission2029
POINT (4.35796 51.9962788),51.9962788,4.35796,transmission2030
POINT (4.3594011 51.9936218),51.9936218,4.3594011,transmission2031
POINT (4.3578419 51.9957387),51.9957387,4.3578419,transmission2032
POINT (4.3585656 51.9912376),51.9912376,4.3585656,transmission2033
POINT (4.3586861 51.9967773),51.9967773,4.3586861,transmission2034
POINT (4.3573792 51.9953835),51.9953835,4.3573792,transmission2035
POINT (4.3576167 51.9915189),51.9915189,4.3576167,transmission2036
POINT (4.3588569 51.9908447),51.9908447,4.3588569,transmission2037
POINT (4.3570151 51.9949379),51.9949379,4.3570151,transmission2038
POINT (4.3613656 51.9944019),51.9944019,4.3613656,transmission2039
POINT (4.3603597 51.9935608),51.9935608,4.3603597,transmission2040
POINT (4.3573397 51.9957272),51.9957272,4.3573397,transmission2041
POINT (4.3590055 51.9938774),51.9938774,4.3590055,transmission2042
POINT (4.3583914 51.9949238),51.9949238,4.3583914,transmission2043
POINT (4.3562705 51.9952806),51.9952806,4.3562705,transmission2044
POINT (4.3600555 51.9950059),51.9950059,4.3600555,transmission2045
POINT (4.3593728 51.9946654),51.9946654,4.3593728,transmission2046
POINT (4.3559818 51.9940636),51.9940636,4.3559818,transmission2047
POINT (4.3634496 51.9911289),51.9911289,4.3634496,transmission2048
POINT (4.3595818 51.9928668),51.9928668,4.3595818,transmission2049
POINT (4.3574492 51.9955295),51.9955295,4.3574492,transmission2050
POINT (4.3627829 51.9917656),51.9917656,4.3627829,transmission2051
POINT (4.3587093 51.9914627),51.9914627,4.3587093,transmission2052
POINT (4.3555236 51.9951553),51.9951553,4.3555236,transmission2053
POINT (4.3577886 51.9911308),51.9911308,4.3577886,transmission2054
POINT (4.3587341 51.9935058),51.9935058,4.3587341,transmission2055
POINT (4.3583574 51.9930725),51.9930725,4.3583574,transmission2056
POINT (4.3608403 51.9927483),51.9927483,4.3608403,transmission2057
POINT (4.3574036 51.9950641),51.9950641,4.3574036,transmission2058
POINT (4.3578383 51.9952653),51.9952653,4.3578383,transmission2059
POINT (4.3620161 51.993101),51.993101,4.3620161,transmission2060
POINT (4.3597931 51.9928256),51.9928256,4.3597931,transmission2061
POINT (4.3612039 51.9908158),51.9908158,4.3612039,transmission2062
POINT (4.3560532 51.9953215),51.9953215,4.3560532,transmission2063
POINT (4.3590133 51.9907262),51.9907262,4.3590133,transmission2064
POINT (4.3589667 51.9941222),51.9941222,4.3589667,transmission2065
POINT (4.360234 51.9929571),51.9929571,4.360234,transmission2066
POINT (4.357747 51.9959007),51.9959007,4.357747,transmission2067
POINT (4.3609734 51.9918938),51.9918938,4.3609734,transmission2068
POINT (4.3607328 51.9911025),51.9911025,4.3607328,transmission2069
POINT (4.360155 51.9948092),51.9948092,4.360155,transmission2070
POINT (4.3582491 51.9905641),51.9905641,4.3582491,transmission2071
POINT (4.3579006 51.990757),51.990757,4.3579006,transmission2072
POINT (4.3580203 51.9908237),51.9908237,4.3580203,transmission2073
POINT (4.3605871 51.9942055),51.9942055,4.3605871,transmission2074
POINT (4.3610404 51.9948972),51.9948972,4.3610404,transmission2075
POINT (4.3587948 51.9942749),51.9942749,4.3587948,transmission2076
POINT (4.3602516 51.9965071),51.9965071,4.3602516,transmission2077
POINT (4.3592049 51.990777),51.990777,4.3592049,transmission2078
POINT (4.3602528 51.9939484),51.9939484,4.3602528,transmission2079
POINT (4.3554025 51.9955368),51.9955368,4.3554025,transmission2080
POINT (4.3575103 51.9925346),51.9925346,4.3575103,transmission2081
POINT (4.3587797 51.9938669),51.9938669,4.3587797,transmission2082
POINT (4.3572591 51.9950663),51.9950663,4.3572591,transmission2083
POINT (4.3611879 51.994353),51.994353,4.3611879,transmission2084
POINT (4.3555193 51.9949417),51.9949417,4.3555193,transmission2085
POINT (4.3623959 51.9925717),51.9925717,4.3623959,transmission2086
POINT (4.3574701 51.9917683),51.9917683,4.3574701,transmission2087
POINT (4.3624091 51.9933891),51.9933891,4.3624091,transmission2088
POINT (4.3607178 51.9923612),51.9923612,4.3607178,transmission2089
POINT (4.3598429 51.992499),51.992499,4.3598429,transmission2090
POINT (4.3573969 51.9918922),51.9918922,4.3573969,transmission2091
POINT (4.362741 51.9913712),51.9913712,4.362741,transmission2092
POINT (4.3571992 51.9946022),51.9946022,4.3571992,transmission2093
POINT (4.3571905 51.993511),51.993511,4.3571905,transmission2094
POINT (4.3564245 51.9936097),51.9936097,4.3564245,transmission2095
POINT (4.3580549 51.9905069),51.9905069,4.3580549,transmission2096
POINT (4.3579073 51.990921),51.990921,4.3579073,transmission2097
POINT (4.3624415 51.9924886),51.9924886,4.3624415,transmission2098
POINT (4.3579173 51.9911206),51.9911206,4.3579173,transmission2099
POINT (4.3613841 51.9907677),51.9907677,4.3613841,transmission2100
POINT (4.3583817 51.9915886),51.9915886,4.3583817,transmission2101
POINT (4.3592901 51.9959717),51.9959717,4.3592901,transmission2102
POINT (4.3606868 51.9911303),51.9911303,4.3606868,transmission2103
POINT (4.3603552 51.9942169),51.9942169,4.3603552,transmission2104
POINT (4.358417 51.9908829),51.9908829,4.358417,transmission2105
POINT (4.3611356 51.9949146),51.9949146,4.3611356,transmission2106
POINT (4.361766 51.9910571),51.9910571,4.361766,transmission2107
POINT (4.3626165 51.9920502),51.9920502,4.3626165,transmission2108
POINT (4.3621364 51.9932899),51.9932899,4.3621364,transmission2109
POINT (4.3572785 51.9921959),51.9921959,4.3572785,transmission2110
POINT (4.3563116 51.9937267),51.9937267,4.3563116,transmission2111
POINT (4.3582061 51.9966839),51.9966839,4.3582061,transmission2112
POINT (4.3596008 51.994256),51.994256,4.3596008,transmission2113
POINT (4.3586625 51.9920128),51.9920128,4.3586625,transmission2114
POINT (4.3587148 51.9909647),51.9909647,4.3587148,transmission2115
POINT (4.3567559 51.9963324),51.9963324,4.3567559,transmission2116
POINT (4.3612324 51.990775),51.990775,4.3612324,transmission2117
POINT (4.3557569 51.9947065),51.9947065,4.3557569,transmission2118
POINT (4.3587037 51.994674),51.994674,4.3587037,transmission2119
POINT (4.3566582 51.9946528),51.9946528,4.3566582,transmission2120
POINT (4.3571537 51.9953213),51.9953213,4.3571537,transmission2121
POINT (4.3598382 51.9912647),51.9912647,4.3598382,transmission2122
POINT (4.3558092 51.9948578),51.9948578,4.3558092,transmission2123
POINT (4.3617397 51.9936061),51.9936061,4.3617397,transmission2124
POINT (4.3621922 51.9919877),51.9919877,4.3621922,transmission2125
POINT (4.3609713 51.9950244),51.9950244,4.3609713,transmission2126
POINT (4.3599183 51.9920082),51.9920082,4.3599183,transmission2127
POINT (4.3590176 51.9951918),51.9951918,4.3590176,transmission2128
POINT (4.3633904 51.9911041),51.9911041,4.3633904,transmission2129
POINT (4.3607175 51.9956635),51.9956635,4.3607175,transmission2130
POINT (4.3616035 51.9938563),51.9938563,4.3616035,transmission2131
POINT (4.3588782 51.9917278),51.9917278,4.3588782,transmission2132
POINT (4.3594332 51.9914703),51.9914703,4.3594332,transmission2133
POINT (4.3587143 51.9945335),51.9945335,4.3587143,transmission2134
POINT (4.356631 51.9965744),51.9965744,4.356631,transmission2135
POINT (4.3606114 51.9923306),51.9923306,4.3606114,transmission2136
POINT (4.3601449 51.9955502),51.9955502,4.3601449,transmission2137
POINT (4.3598921 51.9921472),51.9921472,4.3598921,transmission2138
POINT (4.35832 51.9903336),51.9903336,4.35832,transmission2139
POINT (4.3582587 51.990963),51.990963,4.3582587,transmission2140
POINT (4.3594565 51.9941546),51.9941546,4.3594565,transmission2141
POINT (4.3631358 51.991272),51.991272,4.3631358,transmission2142
POINT (4.3600558 51.9941228),51.9941228,4.3600558,transmission2143
POINT (4.3624682 51.992918),51.992918,4.3624682,transmission2144
POINT (4.3581582 51.9935008),51.9935008,4.3581582,transmission2145
POINT (4.3583674 51.9925575),51.9925575,4.3583674,transmission2146
POINT (4.357573 51.9962654),51.9962654,4.357573,transmission2147
POINT (4.3592005 51.9954007),51.9954007,4.3592005,transmission2148
POINT (4.3604177 51.9920062),51.9920062,4.3604177,transmission2149
POINT (4.3580081 51.9929837),51.9929837,4.3580081,transmission2150
POINT (4.3629532 51.9914742),51.9914742,4.3629532,transmission2151
POINT (4.3572879 51.9928131),51.9928131,4.3572879,transmission2152
POINT (4.3607641 51.9954058),51.9954058,4.3607641,transmission2153
POINT (4.3562664 51.9945719),51.9945719,4.3562664,transmission2154
POINT (4.3574457 51.9918098),51.9918098,4.3574457,transmission2155
POINT (4.359746 51.9938213),51.9938213,4.359746,transmission2156
POINT (4.3613287 51.9916653),51.9916653,4.3613287,transmission2157
POINT (4.3561416 51.9937792),51.9937792,4.3561416,transmission2158
POINT (4.3594788 51.9907057),51.9907057,4.3594788,transmission2159
POINT (4.3568957 51.9958481),51.9958481,4.3568957,transmission2160
POINT (4.3566935 51.9964534),51.9964534,4.3566935,transmission2161
POINT (4.3593909 51.99506),51.99506,4.3593909,transmission2162
POINT (4.3618779 51.9933535),51.9933535,4.3618779,transmission2163
POINT (4.3624177 51.9925308),51.9925308,4.3624177,transmission2164
POINT (4.3563459 51.9934038),51.9934038,4.3563459,transmission2165
POINT (4.3557037 51.9946963),51.9946963,4.3557037,transmission2166
POINT (4.357313 51.9926071),51.9926071,4.357313,transmission2167
POINT (4.3601947 51.9967556),51.9967556,4.3601947,transmission2168
POINT (4.3594378 51.9908791),51.9908791,4.3594378,transmission2169
POINT (4.3576683 51.9929022),51.9929022,4.3576683,transmission2170
POINT (4.3572948 51.9917515),51.9917515,4.3572948,transmission2171
POINT (4.3612246 51.9945581),51.9945581,4.3612246,transmission2172
POINT (4.3603065 51.9922638),51.9922638,4.3603065,transmission2173
POINT (4.3623929 51.993351),51.993351,4.3623929,transmission2174
POINT (4.3580363 51.9931059),51.9931059,4.3580363,transmission2175
POINT (4.3598309 51.9934235),51.9934235,4.3598309,transmission2176
POINT (4.3628267 51.9918147),51.9918147,4.3628267,transmission2177
POINT (4.3588977 51.9942875),51.9942875,4.3588977,transmission2178
POINT (4.3600336 51.9959234),51.9959234,4.3600336,transmission2179
POINT (4.3599466 51.9919675),51.9919675,4.3599466,transmission2180
POINT (4.3602809 51.9948387),51.9948387,4.3602809,transmission2181
POINT (4.3573768 51.9922962),51.9922962,4.3573768,transmission2182
POINT (4.3606409 51.9911581),51.9911581,4.3606409,transmission2183
POINT (4.358613 51.9912529),51.9912529,4.358613,transmission2184
POINT (4.3606765 51.9968088),51.9968088,4.3606765,transmission2185
POINT (4.3616937 51.9936902),51.9936902,4.3616937,transmission2186
POINT (4.3614244 51.9911171),51.9911171,4.3614244,transmission2187
POINT (4.3589493 51.9960238),51.9960238,4.3589493,transmission2188
POINT (4.3578722 51.9929511),51.9929511,4.3578722,transmission2189
POINT (4.3603496 51.9961688),51.9961688,4.3603496,transmission2190
POINT (4.3568541 51.9946932),51.9946932,4.3568541,transmission2191
POINT (4.3608924 51.9920128),51.9920128,4.3608924,transmission2192
POINT (4.3586397 51.9955444),51.9955444,4.3586397,transmission2193
POINT (4.3602484 51.9928637),51.9928637,4.3602484,transmission2194
POINT (4.3611396 51.9933777),51.9933777,4.3611396,transmission2195
POINT (4.3621773 51.9928064),51.9928064,4.3621773,transmission2196
POINT (4.3564227 51.9927584),51.9927584,4.3564227,transmission2197
POINT (4.3601085 51.993187),51.993187,4.3601085,transmission2198
POINT (4.3581811 51.9951424),51.9951424,4.3581811,transmission2199
POINT (4.3582802 51.9965258),51.9965258,4.3582802,transmission2200
POINT (4.360695 51.995533),51.995533,4.360695,transmission2201
POINT (4.3591317 51.9942774),51.9942774,4.3591317,transmission2202
POINT (4.3593326 51.9908109),51.9908109,4.3593326,transmission2203
POINT (4.3588076 51.9914646),51.9914646,4.3588076,transmission2204
POINT (4.3574054 51.9956086),51.9956086,4.3574054,transmission2205
POINT (4.3571323 51.9923397),51.9923397,4.3571323,transmission2206
POINT (4.3597552 51.9926414),51.9926414,4.3597552,transmission2207
POINT (4.3573952 51.9915943),51.9915943,4.3573952,transmission2208
POINT (4.36092 51.9919724),51.9919724,4.36092,transmission2209
POINT (4.3600033 51.9918861),51.9918861,4.3600033,transmission2210
POINT (4.3579522 51.9953346),51.9953346,4.3579522,transmission2211
POINT (4.3579825 51.9940796),51.9940796,4.3579825,transmission2212
POINT (4.3611197 51.9934082),51.9934082,4.3611197,transmission2213
POINT (4.3554908 51.9951566),51.9951566,4.3554908,transmission2214
POINT (4.3610533 51.9932854),51.9932854,4.3610533,transmission2215
POINT (4.3603263 51.9967823),51.9967823,4.3603263,transmission2216
POINT (4.3595793 51.9939636),51.9939636,4.3595793,transmission2217
POINT (4.3560873 51.9958405),51.9958405,4.3560873,transmission2218
POINT (4.3617743 51.9911518),51.9911518,4.3617743,transmission2219
POINT (4.3616405 51.9939906),51.9939906,4.3616405,transmission2220
POINT (4.3614885 51.9911354),51.9911354,4.3614885,transmission2221
POINT (4.3612685 51.9916496),51.9916496,4.3612685,transmission2222
POINT (4.360171 51.9932022),51.9932022,4.360171,transmission2223
POINT (4.3629045 51.9915237),51.9915237,4.3629045,transmission2224
POINT (4.3605564 51.9937926),51.9937926,4.3605564,transmission2225
POINT (4.3606245 51.9958299),51.9958299,4.3606245,transmission2226
POINT (4.3583411 51.9925982),51.9925982,4.3583411,transmission2227
POINT (4.3583488 51.9965401),51.9965401,4.3583488,transmission2228
POINT (4.3568716 51.9929314),51.9929314,4.3568716,transmission2229
POINT (4.3598048 51.9940631),51.9940631,4.3598048,transmission2230
POINT (4.3615449 51.991827),51.991827,4.3615449,transmission2231
POINT (4.3603001 51.9948006),51.9948006,4.3603001,transmission2232
POINT (4.361194 51.9919991),51.9919991,4.361194,transmission2233
POINT (4.3562813 51.9942627),51.9942627,4.3562813,transmission2234
POINT (4.3594801 51.9941177),51.9941177,4.3594801,transmission2235
POINT (4.3601847 51.9955902),51.9955902,4.3601847,transmission2236
POINT (4.3576597 51.996048),51.996048,4.3576597,transmission2237
POINT (4.3602107 51.9965855),51.9965855,4.3602107,transmission2238
POINT (4.3617641 51.9918493),51.9918493,4.3617641,transmission2239
POINT (4.3573631 51.995156),51.995156,4.3573631,transmission2240
POINT (4.358706 51.9951248),51.9951248,4.358706,transmission2241
POINT (4.3599645 51.991298),51.991298,4.3599645,transmission2242
POINT (4.3560193 51.995826),51.995826,4.3560193,transmission2243
POINT (4.3611821 51.9948314),51.9948314,4.3611821,transmission2244
POINT (4.3570372 51.9952823),51.9952823,4.3570372,transmission2245
POINT (4.362287 51.9927762),51.9927762,4.362287,transmission2246
POINT (4.3579911 51.9909963),51.9909963,4.3579911,transmission2247
POINT (4.3626671 51.9919662),51.9919662,4.3626671,transmission2248
POINT (4.3578867 51.9954491),51.9954491,4.3578867,transmission2249
POINT (4.359742 51.9940481),51.9940481,4.359742,transmission2250
POINT (4.3602599 51.9937202),51.9937202,4.3602599,transmission2251
POINT (4.357566 51.9913216),51.9913216,4.357566,transmission2252
POINT (4.3582253 51.9926647),51.9926647,4.3582253,transmission2253
POINT (4.358906 51.9941076),51.9941076,4.358906,transmission2254
POINT (4.3605906 51.9946503),51.9946503,4.3605906,transmission2255
POINT (4.3593176 51.9916303),51.9916303,4.3593176,transmission2256
POINT (4.3589282 51.9914932),51.9914932,4.3589282,transmission2257
POINT (4.3571362 51.9947109),51.9947109,4.3571362,transmission2258
POINT (4.3579337 51.9932721),51.9932721,4.3579337,transmission2259
POINT (4.3613829 51.9942657),51.9942657,4.3613829,transmission2260
POINT (4.3592793 51.9957359),51.9957359,4.3592793,transmission2261
POINT (4.3558622 51.9956463),51.9956463,4.3558622,transmission2262
POINT (4.3617394 51.9915295),51.9915295,4.3617394,transmission2263
POINT (4.3569022 51.9952538),51.9952538,4.3569022,transmission2264
POINT (4.3591777 51.9909306),51.9909306,4.3591777,transmission2265
POINT (4.359961 51.9931946),51.9931946,4.359961,transmission2266
POINT (4.3628097 51.9915009),51.9915009,4.3628097,transmission2267
POINT (4.3607744 51.9929687),51.9929687,4.3607744,transmission2268
POINT (4.3574011 51.9919899),51.9919899,4.3574011,transmission2269
POINT (4.3596205 51.9928304),51.9928304,4.3596205,transmission2270
POINT (4.3578831 51.9966208),51.9966208,4.3578831,transmission2271
POINT (4.3577697 51.9913692),51.9913692,4.3577697,transmission2272
POINT (4.3619811 51.9922588),51.9922588,4.3619811,transmission2273
POINT (4.3584873 51.9960556),51.9960556,4.3584873,transmission2274
POINT (4.3606477 51.9916831),51.9916831,4.3606477,transmission2275
POINT (4.3580794 51.9904676),51.9904676,4.3580794,transmission2276
POINT (4.3578469 51.9909465),51.9909465,4.3578469,transmission2277
POINT (4.360395 51.99624),51.99624,4.360395,transmission2278
POINT (4.3554275 51.9956191),51.9956191,4.3554275,transmission2279
POINT (4.3559179 51.9945984),51.9945984,4.3559179,transmission2280
POINT (4.3576346 51.9952185),51.9952185,4.3576346,transmission2281
POINT (4.3573284 51.9928207),51.9928207,4.3573284,transmission2282
POINT (4.3617985 51.9915452),51.9915452,4.3617985,transmission2283
POINT (4.3594112 51.9950199),51.9950199,4.3594112,transmission2284
POINT (4.358631 51.9916592),51.9916592,4.358631,transmission2285
POINT (4.357519 51.9916852),51.9916852,4.357519,transmission2286
POINT (4.358192 51.9933319),51.9933319,4.358192,transmission2287
POINT (4.3555343 51.9954052),51.9954052,4.3555343,transmission2288
POINT (4.3591658 51.9913965),51.9913965,4.3591658,transmission2289
POINT (4.3576622 51.996397),51.996397,4.3576622,transmission2290
POINT (4.3552712 51.9947611),51.9947611,4.3552712,transmission2291
POINT (4.3601569 51.992371),51.992371,4.3601569,transmission2292
POINT (4.3601962 51.9956385),51.9956385,4.3601962,transmission2293
POINT (4.3597356 51.9923566),51.9923566,4.3597356,transmission2294
POINT (4.3592882 51.9952507),51.9952507,4.3592882,transmission2295
POINT (4.3624963 51.991414),51.991414,4.3624963,transmission2296
POINT (4.3599907 51.9949941),51.9949941,4.3599907,transmission2297
POINT (4.3591725 51.9947751),51.9947751,4.3591725,transmission2298
POINT (4.3615093 51.9917124),51.9917124,4.3615093,transmission2299
POINT (4.3568872 51.9927622),51.9927622,4.3568872,transmission2300
POINT (4.3604692 51.9942106),51.9942106,4.3604692,transmission2301
POINT (4.358975 51.9963318),51.9963318,4.358975,transmission2302
POINT (4.3576467 51.9915765),51.9915765,4.3576467,transmission2303
POINT (4.3561224 51.9947838),51.9947838,4.3561224,transmission2304
POINT (4.3570511 51.9949883),51.9949883,4.3570511,transmission2305
POINT (4.3616213 51.991498),51.991498,4.3616213,transmission2306
POINT (4.3558459 51.9947243),51.9947243,4.3558459,transmission2307
POINT (4.3589039 51.9921207),51.9921207,4.3589039,transmission2308
POINT (4.3613789 51.9920494),51.9920494,4.3613789,transmission2309
POINT (4.357739 51.9907089),51.9907089,4.357739,transmission2310
POINT (4.3600824 51.9948134),51.9948134,4.3600824,transmission2311
POINT (4.3577265 51.9957223),51.9957223,4.3577265,transmission2312
POINT (4.3568919 51.9950581),51.9950581,4.3568919,transmission2313
POINT (4.3619577 51.9933949),51.9933949,4.3619577,transmission2314
POINT (4.356606 51.9930458),51.9930458,4.356606,transmission2315
POINT (4.3628168 51.9912567),51.9912567,4.3628168,transmission2316
POINT (4.3583631 51.9919289),51.9919289,4.3583631,transmission2317
POINT (4.3584903 51.9934464),51.9934464,4.3584903,transmission2318
POINT (4.3576716 51.9923932),51.9923932,4.3576716,transmission2319
POINT (4.3566105 51.9934139),51.9934139,4.3566105,transmission2320
POINT (4.36058 51.9913921),51.9913921,4.36058,transmission2321
POINT (4.3588359 51.9943225),51.9943225,4.3588359,transmission2322
POINT (4.3622004 51.9927643),51.9927643,4.3622004,transmission2323
POINT (4.3582202 51.9938698),51.9938698,4.3582202,transmission2324
POINT (4.3597262 51.9928098),51.9928098,4.3597262,transmission2325
POINT (4.3587671 51.9932791),51.9932791,4.3587671,transmission2326
POINT (4.3588768 51.993715),51.993715,4.3588768,transmission2327
POINT (4.3586446 51.9939701),51.9939701,4.3586446,transmission2328
POINT (4.3563157 51.9939544),51.9939544,4.3563157,transmission2329
POINT (4.360675 51.9931915),51.9931915,4.360675,transmission2330
POINT (4.3555398 51.9951229),51.9951229,4.3555398,transmission2331
POINT (4.3564072 51.9948473),51.9948473,4.3564072,transmission2332
POINT (4.3592306 51.9938889),51.9938889,4.3592306,transmission2333
POINT (4.359282 51.9941978),51.9941978,4.359282,transmission2334
POINT (4.3612479 51.9911522),51.9911522,4.3612479,transmission2335
POINT (4.358963 51.9968313),51.9968313,4.358963,transmission2336
POINT (4.3579072 51.9930749),51.9930749,4.3579072,transmission2337
POINT (4.3608524 51.9923578),51.9923578,4.3608524,transmission2338
POINT (4.3579983 51.9932871),51.9932871,4.3579983,transmission2339
POINT (4.3581622 51.9926497),51.9926497,4.3581622,transmission2340
POINT (4.3587224 51.9920296),51.9920296,4.3587224,transmission2341
POINT (4.3587359 51.9912848),51.9912848,4.3587359,transmission2342
POINT (4.3608246 51.9910469),51.9910469,4.3608246,transmission2343
POINT (4.3615373 51.9939791),51.9939791,4.3615373,transmission2344
POINT (4.3587874 51.9910944),51.9910944,4.3587874,transmission2345
POINT (4.359951 51.9921641),51.9921641,4.359951,transmission2346
POINT (4.36155 51.9941605),51.9941605,4.36155,transmission2347
POINT (4.3586252 51.9915703),51.9915703,4.3586252,transmission2348
POINT (4.3576334 51.9926825),51.9926825,4.3576334,transmission2349
POINT (4.3580769 51.9966586),51.9966586,4.3580769,transmission2350
POINT (4.3572032 51.9929091),51.9929091,4.3572032,transmission2351
POINT (4.3575864 51.9908066),51.9908066,4.3575864,transmission2352
POINT (4.3561826 51.9941978),51.9941978,4.3561826,transmission2353
POINT (4.3582482 51.9917848),51.9917848,4.3582482,transmission2354
POINT (4.35705 51.9947337),51.9947337,4.35705,transmission2355
POINT (4.3566031 51.9948902),51.9948902,4.3566031,transmission2356
POINT (4.3603035 51.9962535),51.9962535,4.3603035,transmission2357
POINT (4.3574955 51.9914371),51.9914371,4.3574955,transmission2358
POINT (4.3554416 51.9954563),51.9954563,4.3554416,transmission2359
POINT (4.3555849 51.9945285),51.9945285,4.3555849,transmission2360
POINT (4.3552269 51.9957857),51.9957857,4.3552269,transmission2361
POINT (4.357918 51.9951721),51.9951721,4.357918,transmission2362
POINT (4.3564967 51.9925156),51.9925156,4.3564967,transmission2363
POINT (4.3606827 51.9935951),51.9935951,4.3606827,transmission2364
POINT (4.3573667 51.9932323),51.9932323,4.3573667,transmission2365
POINT (4.3584375 51.9963837),51.9963837,4.3584375,transmission2366
POINT (4.3575706 51.9926675),51.9926675,4.3575706,transmission2367
POINT (4.3583449 51.9938992),51.9938992,4.3583449,transmission2368
POINT (4.3592524 51.9922266),51.9922266,4.3592524,transmission2369
POINT (4.3590871 51.9956911),51.9956911,4.3590871,transmission2370
POINT (4.3567905 51.9960251),51.9960251,4.3567905,transmission2371
POINT (4.3577034 51.9957615),51.9957615,4.3577034,transmission2372
POINT (4.3585361 51.9907589),51.9907589,4.3585361,transmission2373
POINT (4.3571071 51.9950005),51.9950005,4.3571071,transmission2374
POINT (4.3602017 51.9916013),51.9916013,4.3602017,transmission2375
POINT (4.3568914 51.9928932),51.9928932,4.3568914,transmission2376
POINT (4.3618059 51.9937897),51.9937897,4.3618059,transmission2377
POINT (4.3601493 51.9967031),51.9967031,4.3601493,transmission2378
POINT (4.3579334 51.9909795),51.9909795,4.3579334,transmission2379
POINT (4.3558338 51.9946747),51.9946747,4.3558338,transmission2380
POINT (4.3573714 51.996521),51.996521,4.3573714,transmission2381
POINT (4.3590916 51.9962196),51.9962196,4.3590916,transmission2382
POINT (4.3561442 51.9941883),51.9941883,4.3561442,transmission2383
POINT (4.3565276 51.9946259),51.9946259,4.3565276,transmission2384
POINT (4.3568645 51.9949474),51.9949474,4.3568645,transmission2385
POINT (4.3613968 51.9937172),51.9937172,4.3613968,transmission2386
POINT (4.359091 51.9941521),51.9941521,4.359091,transmission2387
POINT (4.3581274 51.993317),51.993317,4.3581274,transmission2388
POINT (4.3609476 51.9919319),51.9919319,4.3609476,transmission2389
POINT (4.3611575 51.9930577),51.9930577,4.3611575,transmission2390
POINT (4.3591136 51.9909134),51.9909134,4.3591136,transmission2391
POINT (4.3579855 51.9918327),51.9918327,4.3579855,transmission2392
POINT (4.3582041 51.9909506),51.9909506,4.3582041,transmission2393
POINT (4.3625531 51.9929695),51.9929695,4.3625531,transmission2394
POINT (4.3614822 51.9942879),51.9942879,4.3614822,transmission2395
POINT (4.3558334 51.9948158),51.9948158,4.3558334,transmission2396
POINT (4.3574704 51.9914764),51.9914764,4.3574704,transmission2397
POINT (4.35894 51.991745),51.991745,4.35894,transmission2398
POINT (4.3597312 51.9926796),51.9926796,4.3597312,transmission2399
POINT (4.3598938 51.993309),51.993309,4.3598938,transmission2400
POINT (4.3574989 51.9951872),51.9951872,4.3574989,transmission2401
POINT (4.362426 51.9937611),51.9937611,4.362426,transmission2402
POINT (4.3561248 51.9951997),51.9951997,4.3561248,transmission2403
POINT (4.3597923 51.9948306),51.9948306,4.3597923,transmission2404
POINT (4.3593457 51.9942131),51.9942131,4.3593457,transmission2405
POINT (4.3598231 51.9925321),51.9925321,4.3598231,transmission2406
POINT (4.361697 51.9928246),51.9928246,4.361697,transmission2407
POINT (4.3611794 51.9933167),51.9933167,4.3611794,transmission2408
POINT (4.3612609 51.9907341),51.9907341,4.3612609,transmission2409
POINT (4.3617542 51.9923334),51.9923334,4.3617542,transmission2410
POINT (4.3605951 51.9930865),51.9930865,4.3605951,transmission2411
POINT (4.3588528 51.9937526),51.9937526,4.3588528,transmission2412
POINT (4.3585235 51.9953468),51.9953468,4.3585235,transmission2413
POINT (4.3627506 51.9919398),51.9919398,4.3627506,transmission2414
POINT (4.3565686 51.9966954),51.9966954,4.3565686,transmission2415
POINT (4.3572748 51.9920982),51.9920982,4.3572748,transmission2416
POINT (4.3561358 51.994545),51.994545,4.3561358,transmission2417
POINT (4.3584898 51.9914303),51.9914303,4.3584898,transmission2418
POINT (4.3629494 51.9915695),51.9915695,4.3629494,transmission2419
POINT (4.3623741 51.9926126),51.9926126,4.3623741,transmission2420
POINT (4.3562196 51.9939776),51.9939776,4.3562196,transmission2421
POINT (4.3621017 51.9921039),51.9921039,4.3621017,transmission2422
POINT (4.3608096 51.9921341),51.9921341,4.3608096,transmission2423
POINT (4.360718 51.9954906),51.9954906,4.360718,transmission2424
POINT (4.3581429 51.9964972),51.9964972,4.3581429,transmission2425
POINT (4.3589494 51.9907093),51.9907093,4.3589494,transmission2426
POINT (4.3612702 51.993084),51.993084,4.3612702,transmission2427
POINT (4.3581571 51.9961151),51.9961151,4.3581571,transmission2428
POINT (4.3571334 51.9964752),51.9964752,4.3571334,transmission2429
POINT (4.3581004 51.9929634),51.9929634,4.3581004,transmission2430
POINT (4.3580259 51.993824),51.993824,4.3580259,transmission2431
POINT (4.3580425 51.9960491),51.9960491,4.3580425,transmission2432
POINT (4.3581554 51.9938545),51.9938545,4.3581554,transmission2433
POINT (4.3609948 51.9942996),51.9942996,4.3609948,transmission2434
POINT (4.3582649 51.9908447),51.9908447,4.3582649,transmission2435
POINT (4.3567576 51.9930687),51.9930687,4.3567576,transmission2436
POINT (4.3584078 51.9907246),51.9907246,4.3584078,transmission2437
POINT (4.3556392 51.995053),51.995053,4.3556392,transmission2438
POINT (4.35895 51.9951771),51.9951771,4.35895,transmission2439
POINT (4.3616524 51.9919891),51.9919891,4.3616524,transmission2440
POINT (4.356576 51.9937668),51.9937668,4.356576,transmission2441
POINT (4.3590819 51.9919551),51.9919551,4.3590819,transmission2442
POINT (4.3614194 51.9923032),51.9923032,4.3614194,transmission2443
POINT (4.3579321 51.9918582),51.9918582,4.3579321,transmission2444
POINT (4.359141 51.9907601),51.9907601,4.359141,transmission2445
POINT (4.3572066 51.9958313),51.9958313,4.3572066,transmission2446
POINT (4.3573341 51.9938717),51.9938717,4.3573341,transmission2447
POINT (4.3584709 51.9912071),51.9912071,4.3584709,transmission2448
POINT (4.359023 51.9956762),51.9956762,4.359023,transmission2449
POINT (4.3592089 51.9961199),51.9961199,4.3592089,transmission2450
POINT (4.360944 51.9910762),51.9910762,4.360944,transmission2451
POINT (4.3560042 51.9940224),51.9940224,4.3560042,transmission2452
POINT (4.360276 51.9942036),51.9942036,4.360276,transmission2453
POINT (4.355598 51.9951345),51.9951345,4.355598,transmission2454
POINT (4.3576804 51.9958007),51.9958007,4.3576804,transmission2455
POINT (4.3579097 51.9910202),51.9910202,4.3579097,transmission2456
POINT (4.3559961 51.995739),51.995739,4.3559961,transmission2457
POINT (4.359314 51.9922428),51.9922428,4.359314,transmission2458
POINT (4.3555784 51.9951748),51.9951748,4.3555784,transmission2459
POINT (4.3583586 51.9937696),51.9937696,4.3583586,transmission2460
POINT (4.3571602 51.9951115),51.9951115,4.3571602,transmission2461
POINT (4.3568497 51.9961472),51.9961472,4.3568497,transmission2462
POINT (4.3584652 51.9908943),51.9908943,4.3584652,transmission2463
POINT (4.3592335 51.9931943),51.9931943,4.3592335,transmission2464
POINT (4.3569951 51.994976),51.994976,4.3569951,transmission2465
POINT (4.3582467 51.990448),51.990448,4.3582467,transmission2466
POINT (4.359363 51.9912553),51.9912553,4.359363,transmission2467
POINT (4.3585091 51.9960938),51.9960938,4.3585091,transmission2468
POINT (4.359023 51.9920363),51.9920363,4.359023,transmission2469
POINT (4.3572992 51.992057),51.992057,4.3572992,transmission2470
POINT (4.3582902 51.9966574),51.9966574,4.3582902,transmission2471
POINT (4.3624628 51.9936918),51.9936918,4.3624628,transmission2472
POINT (4.3574991 51.9918251),51.9918251,4.3574991,transmission2473
POINT (4.3606131 51.9962439),51.9962439,4.3606131,transmission2474
POINT (4.3615222 51.9937458),51.9937458,4.3615222,transmission2475
POINT (4.359299 51.9912374),51.9912374,4.359299,transmission2476
POINT (4.3598861 51.9946456),51.9946456,4.3598861,transmission2477
POINT (4.3566069 51.9932721),51.9932721,4.3566069,transmission2478
POINT (4.3569736 51.9927368),51.9927368,4.3569736,transmission2479
POINT (4.356585 51.9931679),51.9931679,4.356585,transmission2480
POINT (4.3591223 51.991703),51.991703,4.3591223,transmission2481
POINT (4.3627611 51.9918045),51.9918045,4.3627611,transmission2482
POINT (4.3611236 51.9943352),51.9943352,4.3611236,transmission2483
POINT (4.3611215 51.9923508),51.9923508,4.3611215,transmission2484
POINT (4.3572082 51.9951599),51.9951599,4.3572082,transmission2485
POINT (4.3609314 51.9942436),51.9942436,4.3609314,transmission2486
POINT (4.3582115 51.9965115),51.9965115,4.3582115,transmission2487
POINT (4.3557043 51.994929),51.994929,4.3557043,transmission2488
POINT (4.3564017 51.9936519),51.9936519,4.3564017,transmission2489
POINT (4.3573062 51.9928538),51.9928538,4.3573062,transmission2490
POINT (4.358654 51.9956093),51.9956093,4.358654,transmission2491
POINT (4.3611555 51.9946853),51.9946853,4.3611555,transmission2492
POINT (4.3587527 51.9914551),51.9914551,4.3587527,transmission2493
POINT (4.3570511 51.9955677),51.9955677,4.3570511,transmission2494
POINT (4.3562411 51.9951146),51.9951146,4.3562411,transmission2495
POINT (4.3607615 51.9966479),51.9966479,4.3607615,transmission2496
POINT (4.3597333 51.9948057),51.9948057,4.3597333,transmission2497
POINT (4.3623709 51.9913792),51.9913792,4.3623709,transmission2498
POINT (4.3588452 51.9940929),51.9940929,4.3588452,transmission2499
POINT (4.3628674 51.9911804),51.9911804,4.3628674,transmission2500
POINT (4.3633795 51.9911715),51.9911715,4.3633795,transmission2501
POINT (4.3623176 51.9910294),51.9910294,4.3623176,transmission2502
POINT (4.361506 51.9921811),51.9921811,4.361506,transmission2503
POINT (4.3563552 51.9949512),51.9949512,4.3563552,transmission2504
POINT (4.3607882 51.9928246),51.9928246,4.3607882,transmission2505
POINT (4.3616055 51.9912478),51.9912478,4.3616055,transmission2506
POINT (4.3614457 51.9907845),51.9907845,4.3614457,transmission2507
POINT (4.3556175 51.9950943),51.9950943,4.3556175,transmission2508
POINT (4.3571507 51.9952652),51.9952652,4.3571507,transmission2509
POINT (4.3618088 51.9934798),51.9934798,4.3618088,transmission2510
POINT (4.3584612 51.9961726),51.9961726,4.3584612,transmission2511
POINT (4.3600568 51.9958827),51.9958827,4.3600568,transmission2512
POINT (4.3597468 51.9947764),51.9947764,4.3597468,transmission2513
POINT (4.3561208 51.9955306),51.9955306,4.3561208,transmission2514
POINT (4.3617606 51.9912243),51.9912243,4.3617606,transmission2515
POINT (4.3609022 51.9951515),51.9951515,4.3609022,transmission2516
POINT (4.3584851 51.9961332),51.9961332,4.3584851,transmission2517
POINT (4.3563473 51.9942769),51.9942769,4.3563473,transmission2518
POINT (4.3579843 51.9954957),51.9954957,4.3579843,transmission2519
POINT (4.3574761 51.9923477),51.9923477,4.3574761,transmission2520
POINT (4.356227 51.9941167),51.9941167,4.356227,transmission2521
POINT (4.3612448 51.9930367),51.9930367,4.3612448,transmission2522
POINT (4.3605902 51.9917638),51.9917638,4.3605902,transmission2523
POINT (4.3582578 51.9914246),51.9914246,4.3582578,transmission2524
POINT (4.3614049 51.9942248),51.9942248,4.3614049,transmission2525
POINT (4.356101 51.9952403),51.9952403,4.356101,transmission2526
POINT (4.3568637 51.9961179),51.9961179,4.3568637,transmission2527
POINT (4.3576541 51.9939537),51.9939537,4.3576541,transmission2528
POINT (4.3583353 51.9913078),51.9913078,4.3583353,transmission2529
POINT (4.361368 51.9944985),51.9944985,4.361368,transmission2530
POINT (4.3554475 51.9947929),51.9947929,4.3554475,transmission2531
POINT (4.3626079 51.9921931),51.9921931,4.3626079,transmission2532
POINT (4.3556826 51.9949703),51.9949703,4.3556826,transmission2533
POINT (4.356781 51.9929523),51.9929523,4.356781,transmission2534
POINT (4.3594084 51.9914055),51.9914055,4.3594084,transmission2535
POINT (4.359515 51.9907633),51.9907633,4.359515,transmission2536
POINT (4.3559816 51.9954433),51.9954433,4.3559816,transmission2537
POINT (4.3599453 51.9923744),51.9923744,4.3599453,transmission2538
POINT (4.3572469 51.9925919),51.9925919,4.3572469,transmission2539
POINT (4.3599392 51.9962228),51.9962228,4.3599392,transmission2540
POINT (4.3556624 51.9951485),51.9951485,4.3556624,transmission2541
POINT (4.3620176 51.9924431),51.9924431,4.3620176,transmission2542
POINT (4.3582409 51.9925276),51.9925276,4.3582409,transmission2543
POINT (4.3626555 51.9921087),51.9921087,4.3626555,transmission2544
POINT (4.3577781 51.9930439),51.9930439,4.3577781,transmission2545
POINT (4.3568091 51.9936998),51.9936998,4.3568091,transmission2546
POINT (4.3618154 51.9908852),51.9908852,4.3618154,transmission2547
POINT (4.3577387 51.9913111),51.9913111,4.3577387,transmission2548
POINT (4.3567279 51.9928207),51.9928207,4.3567279,transmission2549
POINT (4.357266 51.9933915),51.9933915,4.357266,transmission2550
POINT (4.3610592 51.9943174),51.9943174,4.3610592,transmission2551
POINT (4.3578701 51.9908752),51.9908752,4.3578701,transmission2552
POINT (4.3554053 51.9951897),51.9951897,4.3554053,transmission2553
POINT (4.3588949 51.9956464),51.9956464,4.3588949,transmission2554
POINT (4.359594 51.9962484),51.9962484,4.359594,transmission2555
POINT (4.359551 51.9940071),51.9940071,4.359551,transmission2556
POINT (4.3571149 51.9936304),51.9936304,4.3571149,transmission2557
POINT (4.3604877 51.9959145),51.9959145,4.3604877,transmission2558
POINT (4.3614771 51.9922218),51.9922218,4.3614771,transmission2559
POINT (4.3621475 51.9911626),51.9911626,4.3621475,transmission2560
POINT (4.3557868 51.9957771),51.9957771,4.3557868,transmission2561
POINT (4.3607449 51.9962703),51.9962703,4.3607449,transmission2562
POINT (4.361296 51.9910805),51.9910805,4.361296,transmission2563
POINT (4.3593698 51.9948177),51.9948177,4.3593698,transmission2564
POINT (4.3568418 51.9937525),51.9937525,4.3568418,transmission2565
POINT (4.3608623 51.991024),51.991024,4.3608623,transmission2566
POINT (4.3568346 51.9952396),51.9952396,4.3568346,transmission2567
POINT (4.3630552 51.9913635),51.9913635,4.3630552,transmission2568
POINT (4.3614947 51.9927788),51.9927788,4.3614947,transmission2569
POINT (4.3599157 51.9934022),51.9934022,4.3599157,transmission2570
POINT (4.3583436 51.9907074),51.9907074,4.3583436,transmission2571
POINT (4.3592206 51.995236),51.995236,4.3592206,transmission2572
POINT (4.3613784 51.9911873),51.9911873,4.3613784,transmission2573
POINT (4.3575014 51.9964094),51.9964094,4.3575014,transmission2574
POINT (4.3591529 51.9952213),51.9952213,4.3591529,transmission2575
POINT (4.3599374 51.994822),51.994822,4.3599374,transmission2576
POINT (4.3600776 51.9946842),51.9946842,4.3600776,transmission2577
POINT (4.3578649 51.9954872),51.9954872,4.3578649,transmission2578
POINT (4.3583673 51.990674),51.990674,4.3583673,transmission2579
POINT (4.3606013 51.9958715),51.9958715,4.3606013,transmission2580
POINT (4.3630595 51.9914818),51.9914818,4.3630595,transmission2581
POINT (4.3565565 51.9949913),51.9949913,4.3565565,transmission2582
POINT (4.359328 51.9937363),51.9937363,4.359328,transmission2583
POINT (4.3583889 51.9959717),51.9959717,4.3583889,transmission2584
POINT (4.3573262 51.9929354),51.9929354,4.3573262,transmission2585
POINT (4.3621202 51.9912001),51.9912001,4.3621202,transmission2586
POINT (4.3583611 51.9934158),51.9934158,4.3583611,transmission2587
POINT (4.3573634 51.9924066),51.9924066,4.3573634,transmission2588
POINT (4.3598156 51.9942455),51.9942455,4.3598156,transmission2589
POINT (4.3578408 51.9939963),51.9939963,4.3578408,transmission2590
POINT (4.359337 51.9958893),51.9958893,4.359337,transmission2591
POINT (4.3557587 51.9936028),51.9936028,4.3557587,transmission2592
POINT (4.360049 51.993042),51.993042,4.360049,transmission2593
POINT (4.3623638 51.9924698),51.9924698,4.3623638,transmission2594
POINT (4.3632774 51.9912402),51.9912402,4.3632774,transmission2595
POINT (4.3584614 51.9948483),51.9948483,4.3584614,transmission2596
POINT (4.3607871 51.9953634),51.9953634,4.3607871,transmission2597
POINT (4.3602301 51.9915606),51.9915606,4.3602301,transmission2598
POINT (4.3604155 51.9962044),51.9962044,4.3604155,transmission2599
POINT (4.3574763 51.9958893),51.9958893,4.3574763,transmission2600
POINT (4.358334 51.9938081),51.9938081,4.358334,transmission2601
POINT (4.3585938 51.990037),51.990037,4.3585938,transmission2602
POINT (4.3619647 51.993824),51.993824,4.3619647,transmission2603
POINT (4.3575737 51.9962292),51.9962292,4.3575737,transmission2604
POINT (4.3586146 51.9934763),51.9934763,4.3586146,transmission2605
POINT (4.3562164 51.9943886),51.9943886,4.3562164,transmission2606
POINT (4.3572524 51.9964981),51.9964981,4.3572524,transmission2607
POINT (4.3571048 51.9952965),51.9952965,4.3571048,transmission2608
POINT (4.3597198 51.9948349),51.9948349,4.3597198,transmission2609
POINT (4.3590351 51.9962082),51.9962082,4.3590351,transmission2610
POINT (4.3590891 51.9910704),51.9910704,4.3590891,transmission2611
POINT (4.3598843 51.995252),51.995252,4.3598843,transmission2612
POINT (4.3562255 51.9936269),51.9936269,4.3562255,transmission2613
POINT (4.3553333 51.9958038),51.9958038,4.3553333,transmission2614
POINT (4.3573701 51.9916336),51.9916336,4.3573701,transmission2615
POINT (4.3585993 51.9941498),51.9941498,4.3585993,transmission2616
POINT (4.3554106 51.9944916),51.9944916,4.3554106,transmission2617
POINT (4.3601499 51.9955826),51.9955826,4.3601499,transmission2618
POINT (4.361877 51.9909019),51.9909019,4.361877,transmission2619
POINT (4.3589275 51.9949474),51.9949474,4.3589275,transmission2620
POINT (4.3592386 51.9947891),51.9947891,4.3592386,transmission2621
POINT (4.361275 51.9946649),51.9946649,4.361275,transmission2622
POINT (4.356565 51.9931221),51.9931221,4.356565,transmission2623
POINT (4.3584385 51.9905739),51.9905739,4.3584385,transmission2624
POINT (4.3583895 51.9962908),51.9962908,4.3583895,transmission2625
POINT (4.3570774 51.9925514),51.9925514,4.3570774,transmission2626
POINT (4.355737 51.9945164),51.9945164,4.355737,transmission2627
POINT (4.3596793 51.9940332),51.9940332,4.3596793,transmission2628
POINT (4.3609805 51.9941638),51.9941638,4.3609805,transmission2629
POINT (4.3594074 51.9957657),51.9957657,4.3594074,transmission2630
POINT (4.3615695 51.991728),51.991728,4.3615695,transmission2631
POINT (4.3597119 51.9912314),51.9912314,4.3597119,transmission2632
POINT (4.356388 51.9933254),51.9933254,4.356388,transmission2633
POINT (4.3622293 51.9910501),51.9910501,4.3622293,transmission2634
POINT (4.3591015 51.9968582),51.9968582,4.3591015,transmission2635
POINT (4.3554993 51.9949837),51.9949837,4.3554993,transmission2636
POINT (4.3578568 51.9909096),51.9909096,4.3578568,transmission2637
POINT (4.3584075 51.9912224),51.9912224,4.3584075,transmission2638
POINT (4.3558025 51.9943938),51.9943938,4.3558025,transmission2639
POINT (4.3592139 51.9911056),51.9911056,4.3592139,transmission2640
POINT (4.3578668 51.9910126),51.9910126,4.3578668,transmission2641
POINT (4.3560771 51.9952809),51.9952809,4.3560771,transmission2642
POINT (4.3599825 51.9934191),51.9934191,4.3599825,transmission2643
POINT (4.3581106 51.9960638),51.9960638,4.3581106,transmission2644
POINT (4.361279 51.9961853),51.9961853,4.361279,transmission2645
POINT (4.3571572 51.9946747),51.9946747,4.3571572,transmission2646
POINT (4.3608562 51.9952363),51.9952363,4.3608562,transmission2647
POINT (4.3629284 51.9915466),51.9915466,4.3629284,transmission2648
POINT (4.3606418 51.991408),51.991408,4.3606418,transmission2649
POINT (4.359417 51.9951541),51.9951541,4.359417,transmission2650
POINT (4.3560622 51.9947708),51.9947708,4.3560622,transmission2651
POINT (4.3600304 51.994235),51.994235,4.3600304,transmission2652
POINT (4.3615073 51.9908012),51.9908012,4.3615073,transmission2653
POINT (4.360519 51.9935112),51.9935112,4.360519,transmission2654
POINT (4.3571311 51.993176),51.993176,4.3571311,transmission2655
POINT (4.3607267 51.9922554),51.9922554,4.3607267,transmission2656
POINT (4.3576851 51.9906929),51.9906929,4.3576851,transmission2657
POINT (4.3554535 51.9958282),51.9958282,4.3554535,transmission2658
POINT (4.3589078 51.9963383),51.9963383,4.3589078,transmission2659
POINT (4.3577704 51.9952497),51.9952497,4.3577704,transmission2660
POINT (4.3581089 51.9935778),51.9935778,4.3581089,transmission2661
POINT (4.3610029 51.9934731),51.9934731,4.3610029,transmission2662
POINT (4.3573415 51.9958603),51.9958603,4.3573415,transmission2663
POINT (4.3577108 51.9908371),51.9908371,4.3577108,transmission2664
POINT (4.359384 51.9958069),51.9958069,4.359384,transmission2665
POINT (4.3589444 51.9921455),51.9921455,4.3589444,transmission2666
POINT (4.3568993 51.9937649),51.9937649,4.3568993,transmission2667
POINT (4.3622925 51.9925959),51.9925959,4.3622925,transmission2668
POINT (4.3583689 51.9902573),51.9902573,4.3583689,transmission2669
POINT (4.3566273 51.9930967),51.9930967,4.3566273,transmission2670
POINT (4.3560219 51.99366),51.99366,4.3560219,transmission2671
POINT (4.3616347 51.992335),51.992335,4.3616347,transmission2672
POINT (4.362162 51.9920264),51.9920264,4.362162,transmission2673
POINT (4.3562617 51.9935608),51.9935608,4.3562617,transmission2674
POINT (4.3573119 51.9965096),51.9965096,4.3573119,transmission2675
POINT (4.3614144 51.9944153),51.9944153,4.3614144,transmission2676
POINT (4.3595381 51.9935106),51.9935106,4.3595381,transmission2677
POINT (4.3584594 51.9954636),51.9954636,4.3584594,transmission2678
POINT (4.3608212 51.9914551),51.9914551,4.3608212,transmission2679
POINT (4.3581739 51.9941254),51.9941254,4.3581739,transmission2680
POINT (4.3630228 51.991539),51.991539,4.3630228,transmission2681
POINT (4.3580624 51.9908765),51.9908765,4.3580624,transmission2682
POINT (4.3584439 51.9901838),51.9901838,4.3584439,transmission2683
POINT (4.3575409 51.9963341),51.9963341,4.3575409,transmission2684
POINT (4.3581321 51.9906921),51.9906921,4.3581321,transmission2685
POINT (4.3614932 51.994061),51.994061,4.3614932,transmission2686
POINT (4.3563914 51.9937439),51.9937439,4.3563914,transmission2687
POINT (4.3604289 51.9922943),51.9922943,4.3604289,transmission2688
POINT (4.3582689 51.9932089),51.9932089,4.3582689,transmission2689
POINT (4.3598175 51.995238),51.995238,4.3598175,transmission2690
POINT (4.3620818 51.9924568),51.9924568,4.3620818,transmission2691
POINT (4.3577205 51.9914521),51.9914521,4.3577205,transmission2692
POINT (4.360116 51.9934529),51.9934529,4.360116,transmission2693
POINT (4.3568061 51.9945168),51.9945168,4.3568061,transmission2694
POINT (4.3601415 51.9946971),51.9946971,4.3601415,transmission2695
POINT (4.3577108 51.9918785),51.9918785,4.3577108,transmission2696
POINT (4.360244 51.9941676),51.9941676,4.360244,transmission2697
POINT (4.3584442 51.9916064),51.9916064,4.3584442,transmission2698
POINT (4.3589702 51.9959863),51.9959863,4.3589702,transmission2699
POINT (4.3579849 51.9906197),51.9906197,4.3579849,transmission2700
POINT (4.3603116 51.9939629),51.9939629,4.3603116,transmission2701
POINT (4.3554821 51.9952431),51.9952431,4.3554821,transmission2702
POINT (4.3614775 51.9915021),51.9915021,4.3614775,transmission2703
POINT (4.3593092 51.9968987),51.9968987,4.3593092,transmission2704
POINT (4.3594742 51.9935074),51.9935074,4.3594742,transmission2705
POINT (4.3608465 51.996487),51.996487,4.3608465,transmission2706
POINT (4.3622928 51.993824),51.993824,4.3622928,transmission2707
POINT (4.3598399 51.9923897),51.9923897,4.3598399,transmission2708
POINT (4.3617988 51.993693),51.993693,4.3617988,transmission2709
POINT (4.3590177 51.9947872),51.9947872,4.3590177,transmission2710
POINT (4.3614405 51.9920662),51.9920662,4.3614405,transmission2711
POINT (4.3588824 51.9951624),51.9951624,4.3588824,transmission2712
POINT (4.3611325 51.9947277),51.9947277,4.3611325,transmission2713
POINT (4.3580252 51.9917747),51.9917747,4.3580252,transmission2714
POINT (4.355381 51.9955692),51.9955692,4.355381,transmission2715
POINT (4.3584257 51.9934311),51.9934311,4.3584257,transmission2716
POINT (4.3588147 51.9951477),51.9951477,4.3588147,transmission2717
POINT (4.3613825 51.9937363),51.9937363,4.3613825,transmission2718
POINT (4.360526 51.9946381),51.9946381,4.360526,transmission2719
POINT (4.3582432 51.9932499),51.9932499,4.3582432,transmission2720
POINT (4.3583831 51.9937311),51.9937311,4.3583831,transmission2721
POINT (4.3614264 51.9915733),51.9915733,4.3614264,transmission2722
POINT (4.3593325 51.9911369),51.9911369,4.3593325,transmission2723
POINT (4.3604469 51.9927839),51.9927839,4.3604469,transmission2724
POINT (4.3580985 51.9906807),51.9906807,4.3580985,transmission2725
POINT (4.360389 51.9920466),51.9920466,4.360389,transmission2726
POINT (4.3559419 51.9947449),51.9947449,4.3559419,transmission2727
POINT (4.3578548 51.9940491),51.9940491,4.3578548,transmission2728
POINT (4.3585662 51.995269),51.995269,4.3585662,transmission2729
POINT (4.3571448 51.9928983),51.9928983,4.3571448,transmission2730
POINT (4.3553596 51.9956017),51.9956017,4.3553596,transmission2731
POINT (4.3582377 51.9941406),51.9941406,4.3582377,transmission2732
POINT (4.3564497 51.9937093),51.9937093,4.3564497,transmission2733
POINT (4.3603684 51.9923676),51.9923676,4.3603684,transmission2734
POINT (4.3566599 51.993042),51.993042,4.3566599,transmission2735
POINT (4.3594374 51.994679),51.994679,4.3594374,transmission2736
POINT (4.3572397 51.9931097),51.9931097,4.3572397,transmission2737
POINT (4.3591683 51.996194),51.996194,4.3591683,transmission2738
POINT (4.3593502 51.9951401),51.9951401,4.3593502,transmission2739
POINT (4.3598017 51.9962182),51.9962182,4.3598017,transmission2740
POINT (4.3628571 51.9915123),51.9915123,4.3628571,transmission2741
POINT (4.3590636 51.9917793),51.9917793,4.3590636,transmission2742
POINT (4.358285 51.993885),51.993885,4.358285,transmission2743
POINT (4.357605 51.9918518),51.9918518,4.357605,transmission2744
POINT (4.358632 51.9932474),51.9932474,4.358632,transmission2745
POINT (4.3616036 51.9913292),51.9913292,4.3616036,transmission2746
POINT (4.3613387 51.9943476),51.9943476,4.3613387,transmission2747
POINT (4.3619655 51.9912033),51.9912033,4.3619655,transmission2748
POINT (4.3554478 51.9946442),51.9946442,4.3554478,transmission2749
POINT (4.3594935 51.9939938),51.9939938,4.3594935,transmission2750
POINT (4.3586303 51.9951523),51.9951523,4.3586303,transmission2751
POINT (4.3629575 51.9916077),51.9916077,4.3629575,transmission2752
POINT (4.3578384 51.9960049),51.9960049,4.3578384,transmission2753
POINT (4.3584013 51.9964561),51.9964561,4.3584013,transmission2754
POINT (4.3604547 51.993952),51.993952,4.3604547,transmission2755
POINT (4.356154 51.9949112),51.9949112,4.356154,transmission2756
POINT (4.3594316 51.9949799),51.9949799,4.3594316,transmission2757
POINT (4.3616103 51.9918442),51.9918442,4.3616103,transmission2758
POINT (4.3592229 51.9953639),51.9953639,4.3592229,transmission2759
POINT (4.3576108 51.9931974),51.9931974,4.3576108,transmission2760
POINT (4.3624953 51.993604),51.993604,4.3624953,transmission2761
POINT (4.3632431 51.9912656),51.9912656,4.3632431,transmission2762
POINT (4.3601185 51.9941378),51.9941378,4.3601185,transmission2763
POINT (4.3598616 51.9920896),51.9920896,4.3598616,transmission2764
POINT (4.3628289 51.991656),51.991656,4.3628289,transmission2765
POINT (4.3607403 51.9966881),51.9966881,4.3607403,transmission2766
POINT (4.3579371 51.9938463),51.9938463,4.3579371,transmission2767
POINT (4.3621564 51.9930216),51.9930216,4.3621564,transmission2768
POINT (4.3582794 51.9909286),51.9909286,4.3582794,transmission2769
POINT (4.3600801 51.995842),51.995842,4.3600801,transmission2770
POINT (4.3564273 51.9959129),51.9959129,4.3564273,transmission2771
POINT (4.3626418 51.9920082),51.9920082,4.3626418,transmission2772
POINT (4.3570932 51.9950981),51.9950981,4.3570932,transmission2773
POINT (4.3610281 51.9928959),51.9928959,4.3610281,transmission2774
POINT (4.3598083 51.9921652),51.9921652,4.3598083,transmission2775
POINT (4.3575922 51.9915605),51.9915605,4.3575922,transmission2776
POINT (4.3570862 51.9924183),51.9924183,4.3570862,transmission2777
POINT (4.35859 51.9909295),51.9909295,4.35859,transmission2778
POINT (4.3616476 51.9937744),51.9937744,4.3616476,transmission2779
POINT (4.3580104 51.9937318),51.9937318,4.3580104,transmission2780
POINT (4.3596592 51.992794),51.992794,4.3596592,transmission2781
POINT (4.3590046 51.9942829),51.9942829,4.3590046,transmission2782
POINT (4.3574501 51.9919075),51.9919075,4.3574501,transmission2783
POINT (4.3590494 51.9908962),51.9908962,4.3590494,transmission2784
POINT (4.3584567 51.9936156),51.9936156,4.3584567,transmission2785
POINT (4.3553815 51.9947815),51.9947815,4.3553815,transmission2786
POINT (4.3580949 51.9909258),51.9909258,4.3580949,transmission2787
POINT (4.3606105 51.9930102),51.9930102,4.3606105,transmission2788
POINT (4.3600845 51.9952939),51.9952939,4.3600845,transmission2789
POINT (4.3590703 51.9956055),51.9956055,4.3590703,transmission2790
POINT (4.355516 51.9951973),51.9951973,4.355516,transmission2791
POINT (4.3587973 51.9913008),51.9913008,4.3587973,transmission2792
POINT (4.3613906 51.9923439),51.9923439,4.3613906,transmission2793
POINT (4.3567767 51.9962921),51.9962921,4.3567767,transmission2794
POINT (4.3577232 51.9959412),51.9959412,4.3577232,transmission2795
POINT (4.3602275 51.9948049),51.9948049,4.3602275,transmission2796
POINT (4.3567143 51.9964131),51.9964131,4.3567143,transmission2797
POINT (4.3626216 51.9914487),51.9914487,4.3626216,transmission2798
POINT (4.3559165 51.9936371),51.9936371,4.3559165,transmission2799
POINT (4.3573178 51.9957667),51.9957667,4.3573178,transmission2800
POINT (4.3594909 51.991291),51.991291,4.3594909,transmission2801
POINT (4.3557801 51.9944351),51.9944351,4.3557801,transmission2802
POINT (4.3593467 51.9910173),51.9910173,4.3593467,transmission2803
POINT (4.3608252 51.9965272),51.9965272,4.3608252,transmission2804
POINT (4.3582222 51.9904861),51.9904861,4.3582222,transmission2805
POINT (4.3569369 51.9957733),51.9957733,4.3569369,transmission2806
POINT (4.3554805 51.9950249),51.9950249,4.3554805,transmission2807
POINT (4.360619 51.9917235),51.9917235,4.360619,transmission2808
POINT (4.3607171 51.9915136),51.9915136,4.3607171,transmission2809
POINT (4.3578927 51.991162),51.991162,4.3578927,transmission2810
POINT (4.3574171 51.9931526),51.9931526,4.3574171,transmission2811
POINT (4.3596311 51.9947199),51.9947199,4.3596311,transmission2812
POINT (4.3614273 51.9927635),51.9927635,4.3614273,transmission2813
POINT (4.3580466 51.9951991),51.9951991,4.3580466,transmission2814
POINT (4.357028 51.9928767),51.9928767,4.357028,transmission2815
POINT (4.3566114 51.9943339),51.9943339,4.3566114,transmission2816
POINT (4.3596957 51.9947335),51.9947335,4.3596957,transmission2817
POINT (4.3617872 51.99182),51.99182,4.3617872,transmission2818
POINT (4.3596047 51.993924),51.993924,4.3596047,transmission2819
POINT (4.3594329 51.9941915),51.9941915,4.3594329,transmission2820
POINT (4.3574669 51.9926033),51.9926033,4.3574669,transmission2821
POINT (4.3581004 51.9952494),51.9952494,4.3581004,transmission2822
POINT (4.3591127 51.9954414),51.9954414,4.3591127,transmission2823
POINT (4.3563593 51.9958984),51.9958984,4.3563593,transmission2824
POINT (4.35897 51.9905703),51.9905703,4.35897,transmission2825
POINT (4.3609902 51.9932697),51.9932697,4.3609902,transmission2826
POINT (4.3555557 51.9953624),51.9953624,4.3555557,transmission2827
POINT (4.3592479 51.9962987),51.9962987,4.3592479,transmission2828
POINT (4.3614491 51.9916967),51.9916967,4.3614491,transmission2829
POINT (4.3564294 51.9951543),51.9951543,4.3564294,transmission2830
POINT (4.3596172 51.995196),51.995196,4.3596172,transmission2831
POINT (4.3595666 51.9947063),51.9947063,4.3595666,transmission2832
POINT (4.3586315 51.9956487),51.9956487,4.3586315,transmission2833
POINT (4.3592908 51.9946861),51.9946861,4.3592908,transmission2834
POINT (4.3559535 51.9936447),51.9936447,4.3559535,transmission2835
POINT (4.3566313 51.9959564),51.9959564,4.3566313,transmission2836
POINT (4.3581527 51.9963217),51.9963217,4.3581527,transmission2837
POINT (4.3562954 51.995239),51.995239,4.3562954,transmission2838
POINT (4.3614436 51.9912048),51.9912048,4.3614436,transmission2839
POINT (4.3622102 51.9924843),51.9924843,4.3622102,transmission2840
POINT (4.3587063 51.9963577),51.9963577,4.3587063,transmission2841
POINT (4.3603002 51.9942207),51.9942207,4.3603002,transmission2842
POINT (4.3606551 51.9946625),51.9946625,4.3606551,transmission2843
POINT (4.3577023 51.9959755),51.9959755,4.3577023,transmission2844
POINT (4.3600158 51.9923733),51.9923733,4.3600158,transmission2845
POINT (4.3565855 51.993084),51.993084,4.3565855,transmission2846
POINT (4.35591 51.9955651),51.9955651,4.35591,transmission2847
POINT (4.3603803 51.9940681),51.9940681,4.3603803,transmission2848
POINT (4.3560293 51.9953621),51.9953621,4.3560293,transmission2849
POINT (4.3568608 51.9925919),51.9925919,4.3568608,transmission2850
POINT (4.3592668 51.9952888),51.9952888,4.3592668,transmission2851
POINT (4.3609033 51.9953306),51.9953306,4.3609033,transmission2852
POINT (4.3570553 51.9925907),51.9925907,4.3570553,transmission2853
POINT (4.3572062 51.9938389),51.9938389,4.3572062,transmission2854
POINT (4.358146 51.9951775),51.9951775,4.358146,transmission2855
POINT (4.3619854 51.9924075),51.9924075,4.3619854,transmission2856
POINT (4.3600178 51.9952799),51.9952799,4.3600178,transmission2857
POINT (4.3622653 51.9928171),51.9928171,4.3622653,transmission2858
POINT (4.3622464 51.9926801),51.9926801,4.3622464,transmission2859
POINT (4.360274 51.9922081),51.9922081,4.360274,transmission2860
POINT (4.3583653 51.9941711),51.9941711,4.3583653,transmission2861
POINT (4.3590685 51.9959229),51.9959229,4.3590685,transmission2862
POINT (4.3586026 51.991996),51.991996,4.3586026,transmission2863
POINT (4.3578957 51.9962645),51.9962645,4.3578957,transmission2864
POINT (4.360173 51.9956792),51.9956792,4.360173,transmission2865
POINT (4.3613602 51.9910988),51.9910988,4.3613602,transmission2866
POINT (4.3554489 51.9955763),51.9955763,4.3554489,transmission2867
POINT (4.3581283 51.9903891),51.9903891,4.3581283,transmission2868
POINT (4.3589075 51.9960988),51.9960988,4.3589075,transmission2869
POINT (4.361161 51.9928269),51.9928269,4.361161,transmission2870
POINT (4.3593705 51.9951),51.9951,4.3593705,transmission2871
POINT (4.356071 51.995614),51.995614,4.356071,transmission2872
POINT (4.3573199 51.9917122),51.9917122,4.3573199,transmission2873
POINT (4.3610633 51.9911054),51.9911054,4.3610633,transmission2874
POINT (4.360741 51.9954482),51.9954482,4.360741,transmission2875
POINT (4.3587286 51.9908104),51.9908104,4.3587286,transmission2876
POINT (4.3581101 51.9941101),51.9941101,4.3581101,transmission2877
POINT (4.3602618 51.9948769),51.9948769,4.3602618,transmission2878
POINT (4.360145 51.9916827),51.9916827,4.360145,transmission2879
POINT (4.3608104 51.9954971),51.9954971,4.3608104,transmission2880
POINT (4.3613132 51.9911697),51.9911697,4.3613132,transmission2881
POINT (4.3617083 51.9938632),51.9938632,4.3617083,transmission2882
POINT (4.3588866 51.9961363),51.9961363,4.3588866,transmission2883
POINT (4.3610864 51.9948124),51.9948124,4.3610864,transmission2884
POINT (4.3581538 51.990593),51.990593,4.3581538,transmission2885
POINT (4.3601275 51.9922147),51.9922147,4.3601275,transmission2886
POINT (4.3590371 51.9933427),51.9933427,4.3590371,transmission2887
POINT (4.3593928 51.9909477),51.9909477,4.3593928,transmission2888
POINT (4.3573114 51.9953697),51.9953697,4.3573114,transmission2889
POINT (4.3622234 51.9927222),51.9927222,4.3622234,transmission2890
POINT (4.3578471 51.992575),51.992575,4.3578471,transmission2891
POINT (4.3603347 51.9936006),51.9936006,4.3603347,transmission2892
POINT (4.3586418 51.9940826),51.9940826,4.3586418,transmission2893
POINT (4.3559471 51.9948792),51.9948792,4.3559471,transmission2894
POINT (4.3559261 51.9945084),51.9945084,4.3559261,transmission2895
POINT (4.3606467 51.992939),51.992939,4.3606467,transmission2896
POINT (4.3553505 51.9957708),51.9957708,4.3553505,transmission2897
POINT (4.3593136 51.9959305),51.9959305,4.3593136,transmission2898
POINT (4.3616538 51.9912605),51.9912605,4.3616538,transmission2899
POINT (4.3597527 51.9936943),51.9936943,4.3597527,transmission2900
POINT (4.3589222 51.9961853),51.9961853,4.3589222,transmission2901
POINT (4.3565504 51.992527),51.992527,4.3565504,transmission2902
POINT (4.3567235 51.9946663),51.9946663,4.3567235,transmission2903
POINT (4.3622826 51.9918715),51.9918715,4.3622826,transmission2904
POINT (4.3611374 51.9936943),51.9936943,4.3611374,transmission2905
POINT (4.3602518 51.9951254),51.9951254,4.3602518,transmission2906
POINT (4.3562456 51.9953223),51.9953223,4.3562456,transmission2907
POINT (4.3565186 51.9935827),51.9935827,4.3565186,transmission2908
POINT (4.3559833 51.9957619),51.9957619,4.3559833,transmission2909
POINT (4.3575261 51.9939209),51.9939209,4.3575261,transmission2910
POINT (4.3614286 51.9913347),51.9913347,4.3614286,transmission2911
POINT (4.3615726 51.994118),51.994118,4.3615726,transmission2912
POINT (4.3574273 51.9955691),51.9955691,4.3574273,transmission2913
POINT (4.3570815 51.9932566),51.9932566,4.3570815,transmission2914
POINT (4.3614483 51.9922625),51.9922625,4.3614483,transmission2915
POINT (4.3621747 51.9911251),51.9911251,4.3621747,transmission2916
POINT (4.3617628 51.993564),51.993564,4.3617628,transmission2917
POINT (4.3619531 51.9923719),51.9923719,4.3619531,transmission2918
POINT (4.3581654 51.9931369),51.9931369,4.3581654,transmission2919
POINT (4.3600272 51.9930801),51.9930801,4.3600272,transmission2920
POINT (4.3570044 51.9957878),51.9957878,4.3570044,transmission2921
POINT (4.3567435 51.9943624),51.9943624,4.3567435,transmission2922
POINT (4.3578045 51.9932423),51.9932423,4.3578045,transmission2923
POINT (4.3551712 51.9958878),51.9958878,4.3551712,transmission2924
POINT (4.3624043 51.9913235),51.9913235,4.3624043,transmission2925
POINT (4.3588716 51.9938444),51.9938444,4.3588716,transmission2926
POINT (4.3583655 51.9963303),51.9963303,4.3583655,transmission2927
POINT (4.3571063 51.9932163),51.9932163,4.3571063,transmission2928
POINT (4.3593883 51.9930487),51.9930487,4.3593883,transmission2929
POINT (4.3586003 51.9907761),51.9907761,4.3586003,transmission2930
