techs,color,name,base_tech,flow_cap_max,flow_out_eff_per_distance,lifetime,link_to,link_from,distance
geothermie_delft_to_warmtenet1,#823739,Heat transmission main,transmission,100000,1,20,geothermie_delft,warmtenet1,
warmtenet1_to_warmtenet2,#823740,Heat transmission main,transmission,100000,1,20,warmtenet1,warmtenet2,
warmtenet2_to_warmtenet3,#823741,Heat transmission main,transmission,100000,1,20,warmtenet2,warmtenet3,
warmtenet3_to_warmtenet4,#823742,Heat transmission main,transmission,100000,1,20,warmtenet3,warmtenet4,
warmtenet4_to_warmtenet5,#823743,Heat transmission main,transmission,100000,1,20,warmtenet4,warmtenet5,
warmtenet5_to_warmtenet6,#823744,Heat transmission main,transmission,100000,1,20,warmtenet5,warmtenet6,
warmtenet6_to_warmtenet7,#823745,Heat transmission main,transmission,100000,1,20,warmtenet6,warmtenet7,
warmtenet7_to_warmtenet8,#823746,Heat transmission main,transmission,100000,1,20,warmtenet7,warmtenet8,
warmtenet8_to_warmtenet9,#823747,Heat transmission main,transmission,100000,1,20,warmtenet8,warmtenet9,
warmtenet9_to_warmtenet10,#823748,Heat transmission main,transmission,100000,1,20,warmtenet9,warmtenet10,
warmtenet10_to_warmtenet11,#823749,Heat transmission main,transmission,100000,1,20,warmtenet10,warmtenet11,
warmtenet11_to_warmtenet12,#823750,Heat transmission main,transmission,100000,1,20,warmtenet11,warmtenet12,
warmtenet4_to_warmtenet13,#823751,Heat transmission main,transmission,100000,1,20,warmtenet4,warmtenet13,
warmtenet13_to_warmtenet14,#823752,Heat transmission main,transmission,100000,1,20,warmtenet13,warmtenet14,
warmtenet14_to_warmtenet15,#823753,Heat transmission main,transmission,100000,1,20,warmtenet14,warmtenet15,
LVEtransmission770_to_LVEtransmission807_electricity,#3186cc,LV electricity distribution main,transmission,100000,1,20,LVEtransmission807,LVEtransmission770,
LVEtransmission807_to_LVEtransmission774_electricity,#3186cc,LV electricity distribution main,transmission,100000,1,20,LVEtransmission774,LVEtransmission807,
LVEtransmission774_to_LVEtransmission780_electricity,#3186cc,LV electricity distribution main,transmission,100000,1,20,LVEtransmission780,LVEtransmission774,
LVEtransmission780_to_LVEtransmission473_electricity,#3186cc,LV electricity distribution main,transmission,100000,1,20,LVEtransmission473,LVEtransmission780,
LVEtransmission473_to_LVEtransmission481_electricity,#3186cc,LV electricity distribution main,transmission,100000,1,20,LVEtransmission481,LVEtransmission473,
LVEtransmission481_to_LVEtransmission374_electricity,#3186cc,LV electricity distribution main,transmission,100000,1,20,LVEtransmission374,LVEtransmission481,
LVEtransmission374_to_LVEtransmission753_electricity,#3186cc,LV electricity distribution main,transmission,100000,1,20,LVEtransmission753,LVEtransmission374,
LVEtransmission753_to_LVEtransmission712_electricity,#3186cc,LV electricity distribution main,transmission,100000,1,20,LVEtransmission712,LVEtransmission753,
LVEtransmission712_to_LVEtransmission86_electricity,#3186cc,LV electricity distribution main,transmission,100000,1,20,LVEtransmission86,LVEtransmission712,
LVEtransmission86_to_LVEtransmission363_electricity,#3186cc,LV electricity distribution main,transmission,100000,1,20,LVEtransmission363,LVEtransmission86,
LVEtransmission363_to_LVEtransmission88_electricity,#3186cc,LV electricity distribution main,transmission,100000,1,20,LVEtransmission88,LVEtransmission363,
LVEtransmission88_to_LVEtransmission530_electricity,#3186cc,LV electricity distribution main,transmission,100000,1,20,LVEtransmission530,LVEtransmission88,
LVEtransmission530_to_LVEtransmission319_electricity,#3186cc,LV electricity distribution main,transmission,100000,1,20,LVEtransmission319,LVEtransmission530,
LVEtransmission319_to_LVEtransmission346_electricity,#3186cc,LV electricity distribution main,transmission,100000,1,20,LVEtransmission346,LVEtransmission319,
LVEtransmission346_to_LVEtransmission451_electricity,#3186cc,LV electricity distribution main,transmission,100000,1,20,LVEtransmission451,LVEtransmission346,
LVEtransmission451_to_LVEtransmission105_electricity,#3186cc,LV electricity distribution main,transmission,100000,1,20,LVEtransmission105,LVEtransmission451,
LVEtransmission105_to_LVEtransmission267_electricity,#3186cc,LV electricity distribution main,transmission,100000,1,20,LVEtransmission267,LVEtransmission105,
LVEtransmission267_to_LVEtransmission711_electricity,#3186cc,LV electricity distribution main,transmission,100000,1,20,LVEtransmission711,LVEtransmission267,
LVEtransmission711_to_LVEtransmission929_electricity,#3186cc,LV electricity distribution main,transmission,100000,1,20,LVEtransmission929,LVEtransmission711,
LVEtransmission929_to_LVEtransmission512_electricity,#3186cc,LV electricity distribution main,transmission,100000,1,20,LVEtransmission512,LVEtransmission929,
LVEtransmission512_to_LVEtransmission654_electricity,#3186cc,LV electricity distribution main,transmission,100000,1,20,LVEtransmission654,LVEtransmission512,
LVEtransmission654_to_LVEtransmission564_electricity,#3186cc,LV electricity distribution main,transmission,100000,1,20,LVEtransmission564,LVEtransmission654,
LVEtransmission199_to_LVEtransmission274_electricity,#3186cc,LV electricity distribution main,transmission,100000,1,20,LVEtransmission274,LVEtransmission199,
LVEtransmission274_to_LVEtransmission520_electricity,#3186cc,LV electricity distribution main,transmission,100000,1,20,LVEtransmission520,LVEtransmission274,
LVEtransmission520_to_LVEtransmission906_electricity,#3186cc,LV electricity distribution main,transmission,100000,1,20,LVEtransmission906,LVEtransmission520,
LVEtransmission906_to_LVEtransmission344_electricity,#3186cc,LV electricity distribution main,transmission,100000,1,20,LVEtransmission344,LVEtransmission906,
LVEtransmission344_to_LVEtransmission787_electricity,#3186cc,LV electricity distribution main,transmission,100000,1,20,LVEtransmission787,LVEtransmission344,
LVEtransmission787_to_LVEtransmission427_electricity,#3186cc,LV electricity distribution main,transmission,100000,1,20,LVEtransmission427,LVEtransmission787,
LVEtransmission427_to_LVEtransmission585_electricity,#3186cc,LV electricity distribution main,transmission,100000,1,20,LVEtransmission585,LVEtransmission427,
LVEtransmission585_to_LVEtransmission704_electricity,#3186cc,LV electricity distribution main,transmission,100000,1,20,LVEtransmission704,LVEtransmission585,
LVEtransmission704_to_LVEtransmission859_electricity,#3186cc,LV electricity distribution main,transmission,100000,1,20,LVEtransmission859,LVEtransmission704,
LVEtransmission859_to_LVEtransmission40_electricity,#3186cc,LV electricity distribution main,transmission,100000,1,20,LVEtransmission40,LVEtransmission859,
LVEtransmission40_to_LVEtransmission165_electricity,#3186cc,LV electricity distribution main,transmission,100000,1,20,LVEtransmission165,LVEtransmission40,
LVEtransmission165_to_LVEtransmission294_electricity,#3186cc,LV electricity distribution main,transmission,100000,1,20,LVEtransmission294,LVEtransmission165,
LVEtransmission294_to_LVEtransmission846_electricity,#3186cc,LV electricity distribution main,transmission,100000,1,20,LVEtransmission846,LVEtransmission294,
LVEtransmission846_to_LVEtransmission350_electricity,#3186cc,LV electricity distribution main,transmission,100000,1,20,LVEtransmission350,LVEtransmission846,
LVEtransmission350_to_LVEtransmission29_electricity,#3186cc,LV electricity distribution main,transmission,100000,1,20,LVEtransmission29,LVEtransmission350,
LVEtransmission29_to_LVEtransmission78_electricity,#3186cc,LV electricity distribution main,transmission,100000,1,20,LVEtransmission78,LVEtransmission29,
LVEtransmission78_to_LVEtransmission145_electricity,#3186cc,LV electricity distribution main,transmission,100000,1,20,LVEtransmission145,LVEtransmission78,
LVEtransmission145_to_LVEtransmission396_electricity,#3186cc,LV electricity distribution main,transmission,100000,1,20,LVEtransmission396,LVEtransmission145,
LVEtransmission396_to_LVEtransmission339_electricity,#3186cc,LV electricity distribution main,transmission,100000,1,20,LVEtransmission339,LVEtransmission396,
LVEtransmission339_to_LVEtransmission927_electricity,#3186cc,LV electricity distribution main,transmission,100000,1,20,LVEtransmission927,LVEtransmission339,
LVEtransmission927_to_LVEtransmission292_electricity,#3186cc,LV electricity distribution main,transmission,100000,1,20,LVEtransmission292,LVEtransmission927,
LVEtransmission659_to_LVEtransmission596_electricity,#3186cc,LV electricity distribution main,transmission,100000,1,20,LVEtransmission596,LVEtransmission659,
LVEtransmission596_to_LVEtransmission921_electricity,#3186cc,LV electricity distribution main,transmission,100000,1,20,LVEtransmission921,LVEtransmission596,
LVEtransmission921_to_LVEtransmission295_electricity,#3186cc,LV electricity distribution main,transmission,100000,1,20,LVEtransmission295,LVEtransmission921,
LVEtransmission659_to_LVEtransmission79_electricity,#3186cc,LV electricity distribution main,transmission,100000,1,20,LVEtransmission79,LVEtransmission659,
LVEtransmission79_to_LVEtransmission16_electricity,#3186cc,LV electricity distribution main,transmission,100000,1,20,LVEtransmission16,LVEtransmission79,
LVEtransmission16_to_LVEtransmission20_electricity,#3186cc,LV electricity distribution main,transmission,100000,1,20,LVEtransmission20,LVEtransmission16,
LVEtransmission20_to_LVEtransmission415_electricity,#3186cc,LV electricity distribution main,transmission,100000,1,20,LVEtransmission415,LVEtransmission20,
LVEtransmission415_to_LVEtransmission72_electricity,#3186cc,LV electricity distribution main,transmission,100000,1,20,LVEtransmission72,LVEtransmission415,
LVEtransmission72_to_LVEtransmission603_electricity,#3186cc,LV electricity distribution main,transmission,100000,1,20,LVEtransmission603,LVEtransmission72,
LVEtransmission603_to_LVEtransmission925_electricity,#3186cc,LV electricity distribution main,transmission,100000,1,20,LVEtransmission925,LVEtransmission603,
LVEtransmission925_to_LVEtransmission202_electricity,#3186cc,LV electricity distribution main,transmission,100000,1,20,LVEtransmission202,LVEtransmission925,
LVEtransmission202_to_LVEtransmission167_electricity,#3186cc,LV electricity distribution main,transmission,100000,1,20,LVEtransmission167,LVEtransmission202,
LVEtransmission167_to_LVEtransmission135_electricity,#3186cc,LV electricity distribution main,transmission,100000,1,20,LVEtransmission135,LVEtransmission167,
LVEtransmission328_to_LVEtransmission293_electricity,#3186cc,LV electricity distribution main,transmission,100000,1,20,LVEtransmission293,LVEtransmission328,
LVEtransmission293_to_LVEtransmission25_electricity,#3186cc,LV electricity distribution main,transmission,100000,1,20,LVEtransmission25,LVEtransmission293,
LVEtransmission25_to_LVEtransmission354_electricity,#3186cc,LV electricity distribution main,transmission,100000,1,20,LVEtransmission354,LVEtransmission25,
LVEtransmission354_to_LVEtransmission680_electricity,#3186cc,LV electricity distribution main,transmission,100000,1,20,LVEtransmission680,LVEtransmission354,
LVEtransmission680_to_LVEtransmission82_electricity,#3186cc,LV electricity distribution main,transmission,100000,1,20,LVEtransmission82,LVEtransmission680,
LVEtransmission82_to_LVEtransmission426_electricity,#3186cc,LV electricity distribution main,transmission,100000,1,20,LVEtransmission426,LVEtransmission82,
LVEtransmission426_to_LVEtransmission502_electricity,#3186cc,LV electricity distribution main,transmission,100000,1,20,LVEtransmission502,LVEtransmission426,
LVEtransmission502_to_LVEtransmission382_electricity,#3186cc,LV electricity distribution main,transmission,100000,1,20,LVEtransmission382,LVEtransmission502,
LVEtransmission382_to_LVEtransmission358_electricity,#3186cc,LV electricity distribution main,transmission,100000,1,20,LVEtransmission358,LVEtransmission382,
LVEtransmission358_to_LVEtransmission841_electricity,#3186cc,LV electricity distribution main,transmission,100000,1,20,LVEtransmission841,LVEtransmission358,
LVEtransmission841_to_LVEtransmission441_electricity,#3186cc,LV electricity distribution main,transmission,100000,1,20,LVEtransmission441,LVEtransmission841,
LVEtransmission441_to_LVEtransmission178_electricity,#3186cc,LV electricity distribution main,transmission,100000,1,20,LVEtransmission178,LVEtransmission441,
LVEtransmission178_to_LVEtransmission867_electricity,#3186cc,LV electricity distribution main,transmission,100000,1,20,LVEtransmission867,LVEtransmission178,
LVEtransmission867_to_LVEtransmission633_electricity,#3186cc,LV electricity distribution main,transmission,100000,1,20,LVEtransmission633,LVEtransmission867,
LVEtransmission633_to_LVEtransmission657_electricity,#3186cc,LV electricity distribution main,transmission,100000,1,20,LVEtransmission657,LVEtransmission633,
LVEtransmission657_to_LVEtransmission655_electricity,#3186cc,LV electricity distribution main,transmission,100000,1,20,LVEtransmission655,LVEtransmission657,
LVEtransmission655_to_LVEtransmission34_electricity,#3186cc,LV electricity distribution main,transmission,100000,1,20,LVEtransmission34,LVEtransmission655,
LVEtransmission34_to_LVEtransmission503_electricity,#3186cc,LV electricity distribution main,transmission,100000,1,20,LVEtransmission503,LVEtransmission34,
LVEtransmission503_to_LVEtransmission497_electricity,#3186cc,LV electricity distribution main,transmission,100000,1,20,LVEtransmission497,LVEtransmission503,
LVEtransmission497_to_LVEtransmission231_electricity,#3186cc,LV electricity distribution main,transmission,100000,1,20,LVEtransmission231,LVEtransmission497,
LVEtransmission231_to_LVEtransmission120_electricity,#3186cc,LV electricity distribution main,transmission,100000,1,20,LVEtransmission120,LVEtransmission231,
LVEtransmission328_to_LVEtransmission403_electricity,#3186cc,LV electricity distribution main,transmission,100000,1,20,LVEtransmission403,LVEtransmission328,
LVEtransmission403_to_LVEtransmission838_electricity,#3186cc,LV electricity distribution main,transmission,100000,1,20,LVEtransmission838,LVEtransmission403,
LVEtransmission838_to_LVEtransmission420_electricity,#3186cc,LV electricity distribution main,transmission,100000,1,20,LVEtransmission420,LVEtransmission838,
LVEtransmission420_to_LVEtransmission697_electricity,#3186cc,LV electricity distribution main,transmission,100000,1,20,LVEtransmission697,LVEtransmission420,
LVEtransmission697_to_LVEtransmission913_electricity,#3186cc,LV electricity distribution main,transmission,100000,1,20,LVEtransmission913,LVEtransmission697,
LVEtransmission913_to_LVEtransmission521_electricity,#3186cc,LV electricity distribution main,transmission,100000,1,20,LVEtransmission521,LVEtransmission913,
LVEtransmission521_to_LVEtransmission256_electricity,#3186cc,LV electricity distribution main,transmission,100000,1,20,LVEtransmission256,LVEtransmission521,
LVEtransmission256_to_LVEtransmission460_electricity,#3186cc,LV electricity distribution main,transmission,100000,1,20,LVEtransmission460,LVEtransmission256,
LVEtransmission460_to_LVEtransmission114_electricity,#3186cc,LV electricity distribution main,transmission,100000,1,20,LVEtransmission114,LVEtransmission460,
LVEtransmission114_to_LVEtransmission314_electricity,#3186cc,LV electricity distribution main,transmission,100000,1,20,LVEtransmission314,LVEtransmission114,
LVEtransmission314_to_LVEtransmission575_electricity,#3186cc,LV electricity distribution main,transmission,100000,1,20,LVEtransmission575,LVEtransmission314,
LVEtransmission575_to_LVEtransmission201_electricity,#3186cc,LV electricity distribution main,transmission,100000,1,20,LVEtransmission201,LVEtransmission575,
LVEtransmission201_to_LVEtransmission266_electricity,#3186cc,LV electricity distribution main,transmission,100000,1,20,LVEtransmission266,LVEtransmission201,
LVEtransmission266_to_LVEtransmission586_electricity,#3186cc,LV electricity distribution main,transmission,100000,1,20,LVEtransmission586,LVEtransmission266,
LVEtransmission586_to_LVEtransmission158_electricity,#3186cc,LV electricity distribution main,transmission,100000,1,20,LVEtransmission158,LVEtransmission586,
LVEtransmission158_to_LVEtransmission127_electricity,#3186cc,LV electricity distribution main,transmission,100000,1,20,LVEtransmission127,LVEtransmission158,
LVEtransmission127_to_LVEtransmission260_electricity,#3186cc,LV electricity distribution main,transmission,100000,1,20,LVEtransmission260,LVEtransmission127,
LVEtransmission260_to_LVEtransmission735_electricity,#3186cc,LV electricity distribution main,transmission,100000,1,20,LVEtransmission735,LVEtransmission260,
LVEtransmission735_to_LVEtransmission562_electricity,#3186cc,LV electricity distribution main,transmission,100000,1,20,LVEtransmission562,LVEtransmission735,
LVEtransmission562_to_LVEtransmission933_electricity,#3186cc,LV electricity distribution main,transmission,100000,1,20,LVEtransmission933,LVEtransmission562,
LVEtransmission933_to_LVEtransmission549_electricity,#3186cc,LV electricity distribution main,transmission,100000,1,20,LVEtransmission549,LVEtransmission933,
LVEtransmission549_to_LVEtransmission901_electricity,#3186cc,LV electricity distribution main,transmission,100000,1,20,LVEtransmission901,LVEtransmission549,
LVEtransmission901_to_LVEtransmission166_electricity,#3186cc,LV electricity distribution main,transmission,100000,1,20,LVEtransmission166,LVEtransmission901,
LVEtransmission205_to_LVEtransmission678_electricity,#3186cc,LV electricity distribution main,transmission,100000,1,20,LVEtransmission678,LVEtransmission205,
LVEtransmission678_to_LVEtransmission229_electricity,#3186cc,LV electricity distribution main,transmission,100000,1,20,LVEtransmission229,LVEtransmission678,
LVEtransmission229_to_LVEtransmission187_electricity,#3186cc,LV electricity distribution main,transmission,100000,1,20,LVEtransmission187,LVEtransmission229,
LVEtransmission187_to_LVEtransmission89_electricity,#3186cc,LV electricity distribution main,transmission,100000,1,20,LVEtransmission89,LVEtransmission187,
LVEtransmission89_to_LVEtransmission816_electricity,#3186cc,LV electricity distribution main,transmission,100000,1,20,LVEtransmission816,LVEtransmission89,
LVEtransmission816_to_LVEtransmission278_electricity,#3186cc,LV electricity distribution main,transmission,100000,1,20,LVEtransmission278,LVEtransmission816,
LVEtransmission278_to_LVEtransmission522_electricity,#3186cc,LV electricity distribution main,transmission,100000,1,20,LVEtransmission522,LVEtransmission278,
LVEtransmission522_to_LVEtransmission379_electricity,#3186cc,LV electricity distribution main,transmission,100000,1,20,LVEtransmission379,LVEtransmission522,
LVEtransmission379_to_LVEtransmission499_electricity,#3186cc,LV electricity distribution main,transmission,100000,1,20,LVEtransmission499,LVEtransmission379,
LVEtransmission499_to_LVEtransmission847_electricity,#3186cc,LV electricity distribution main,transmission,100000,1,20,LVEtransmission847,LVEtransmission499,
LVEtransmission847_to_LVEtransmission99_electricity,#3186cc,LV electricity distribution main,transmission,100000,1,20,LVEtransmission99,LVEtransmission847,
LVEtransmission99_to_LVEtransmission532_electricity,#3186cc,LV electricity distribution main,transmission,100000,1,20,LVEtransmission532,LVEtransmission99,
LVEtransmission532_to_LVEtransmission438_electricity,#3186cc,LV electricity distribution main,transmission,100000,1,20,LVEtransmission438,LVEtransmission532,
LVEtransmission438_to_LVEtransmission485_electricity,#3186cc,LV electricity distribution main,transmission,100000,1,20,LVEtransmission485,LVEtransmission438,
LVEtransmission485_to_LVEtransmission336_electricity,#3186cc,LV electricity distribution main,transmission,100000,1,20,LVEtransmission336,LVEtransmission485,
LVEtransmission336_to_LVEtransmission513_electricity,#3186cc,LV electricity distribution main,transmission,100000,1,20,LVEtransmission513,LVEtransmission336,
LVEtransmission513_to_LVEtransmission852_electricity,#3186cc,LV electricity distribution main,transmission,100000,1,20,LVEtransmission852,LVEtransmission513,
LVEtransmission852_to_LVEtransmission489_electricity,#3186cc,LV electricity distribution main,transmission,100000,1,20,LVEtransmission489,LVEtransmission852,
LVEtransmission489_to_LVEtransmission582_electricity,#3186cc,LV electricity distribution main,transmission,100000,1,20,LVEtransmission582,LVEtransmission489,
LVEtransmission582_to_LVEtransmission244_electricity,#3186cc,LV electricity distribution main,transmission,100000,1,20,LVEtransmission244,LVEtransmission582,
LVEtransmission244_to_LVEtransmission185_electricity,#3186cc,LV electricity distribution main,transmission,100000,1,20,LVEtransmission185,LVEtransmission244,
LVEtransmission185_to_LVEtransmission435_electricity,#3186cc,LV electricity distribution main,transmission,100000,1,20,LVEtransmission435,LVEtransmission185,
LVEtransmission435_to_LVEtransmission317_electricity,#3186cc,LV electricity distribution main,transmission,100000,1,20,LVEtransmission317,LVEtransmission435,
LVEtransmission317_to_LVEtransmission623_electricity,#3186cc,LV electricity distribution main,transmission,100000,1,20,LVEtransmission623,LVEtransmission317,
LVEtransmission623_to_LVEtransmission432_electricity,#3186cc,LV electricity distribution main,transmission,100000,1,20,LVEtransmission432,LVEtransmission623,
LVEtransmission432_to_LVEtransmission482_electricity,#3186cc,LV electricity distribution main,transmission,100000,1,20,LVEtransmission482,LVEtransmission432,
LVEtransmission482_to_LVEtransmission124_electricity,#3186cc,LV electricity distribution main,transmission,100000,1,20,LVEtransmission124,LVEtransmission482,
LVEtransmission124_to_LVEtransmission550_electricity,#3186cc,LV electricity distribution main,transmission,100000,1,20,LVEtransmission550,LVEtransmission124,
LVEtransmission550_to_LVEtransmission318_electricity,#3186cc,LV electricity distribution main,transmission,100000,1,20,LVEtransmission318,LVEtransmission550,
LVEtransmission318_to_LVEtransmission762_electricity,#3186cc,LV electricity distribution main,transmission,100000,1,20,LVEtransmission762,LVEtransmission318,
LVEtransmission762_to_LVEtransmission273_electricity,#3186cc,LV electricity distribution main,transmission,100000,1,20,LVEtransmission273,LVEtransmission762,
LVEtransmission273_to_LVEtransmission542_electricity,#3186cc,LV electricity distribution main,transmission,100000,1,20,LVEtransmission542,LVEtransmission273,
LVEtransmission542_to_LVEtransmission129_electricity,#3186cc,LV electricity distribution main,transmission,100000,1,20,LVEtransmission129,LVEtransmission542,
LVEtransmission129_to_LVEtransmission912_electricity,#3186cc,LV electricity distribution main,transmission,100000,1,20,LVEtransmission912,LVEtransmission129,
LVEtransmission912_to_LVEtransmission2_electricity,#3186cc,LV electricity distribution main,transmission,100000,1,20,LVEtransmission2,LVEtransmission912,
LVEtransmission2_to_LVEtransmission404_electricity,#3186cc,LV electricity distribution main,transmission,100000,1,20,LVEtransmission404,LVEtransmission2,
LVEtransmission404_to_LVEtransmission931_electricity,#3186cc,LV electricity distribution main,transmission,100000,1,20,LVEtransmission931,LVEtransmission404,
LVEtransmission931_to_LVEtransmission237_electricity,#3186cc,LV electricity distribution main,transmission,100000,1,20,LVEtransmission237,LVEtransmission931,
LVEtransmission237_to_LVEtransmission749_electricity,#3186cc,LV electricity distribution main,transmission,100000,1,20,LVEtransmission749,LVEtransmission237,
LVEtransmission749_to_LVEtransmission182_electricity,#3186cc,LV electricity distribution main,transmission,100000,1,20,LVEtransmission182,LVEtransmission749,
LVEtransmission182_to_LVEtransmission365_electricity,#3186cc,LV electricity distribution main,transmission,100000,1,20,LVEtransmission365,LVEtransmission182,
LVEtransmission365_to_LVEtransmission123_electricity,#3186cc,LV electricity distribution main,transmission,100000,1,20,LVEtransmission123,LVEtransmission365,
LVEtransmission857_to_LVEtransmission581_electricity,#3186cc,LV electricity distribution main,transmission,100000,1,20,LVEtransmission581,LVEtransmission857,
LVEtransmission581_to_LVEtransmission637_electricity,#3186cc,LV electricity distribution main,transmission,100000,1,20,LVEtransmission637,LVEtransmission581,
LVEtransmission637_to_LVEtransmission574_electricity,#3186cc,LV electricity distribution main,transmission,100000,1,20,LVEtransmission574,LVEtransmission637,
LVEtransmission574_to_LVEtransmission566_electricity,#3186cc,LV electricity distribution main,transmission,100000,1,20,LVEtransmission566,LVEtransmission574,
LVEtransmission821_to_LVEtransmission253_electricity,#3186cc,LV electricity distribution main,transmission,100000,1,20,LVEtransmission253,LVEtransmission821,
LVEtransmission253_to_LVEtransmission938_electricity,#3186cc,LV electricity distribution main,transmission,100000,1,20,LVEtransmission938,LVEtransmission253,
LVEtransmission938_to_LVEtransmission857_electricity,#3186cc,LV electricity distribution main,transmission,100000,1,20,LVEtransmission857,LVEtransmission938,
LVEtransmission857_to_LVEtransmission597_electricity,#3186cc,LV electricity distribution main,transmission,100000,1,20,LVEtransmission597,LVEtransmission857,
LVEtransmission597_to_LVEtransmission708_electricity,#3186cc,LV electricity distribution main,transmission,100000,1,20,LVEtransmission708,LVEtransmission597,
LVEtransmission708_to_LVEtransmission123_electricity,#3186cc,LV electricity distribution main,transmission,100000,1,20,LVEtransmission123,LVEtransmission708,
LVEtransmission903_to_LVEtransmission515_electricity,#3186cc,LV electricity distribution main,transmission,100000,1,20,LVEtransmission515,LVEtransmission903,
LVEtransmission515_to_LVEtransmission914_electricity,#3186cc,LV electricity distribution main,transmission,100000,1,20,LVEtransmission914,LVEtransmission515,
LVEtransmission914_to_LVEtransmission125_electricity,#3186cc,LV electricity distribution main,transmission,100000,1,20,LVEtransmission125,LVEtransmission914,
LVEtransmission125_to_LVEtransmission220_electricity,#3186cc,LV electricity distribution main,transmission,100000,1,20,LVEtransmission220,LVEtransmission125,
LVEtransmission220_to_LVEtransmission725_electricity,#3186cc,LV electricity distribution main,transmission,100000,1,20,LVEtransmission725,LVEtransmission220,
LVEtransmission725_to_LVEtransmission59_electricity,#3186cc,LV electricity distribution main,transmission,100000,1,20,LVEtransmission59,LVEtransmission725,
LVEtransmission59_to_LVEtransmission800_electricity,#3186cc,LV electricity distribution main,transmission,100000,1,20,LVEtransmission800,LVEtransmission59,
LVEtransmission800_to_LVEtransmission422_electricity,#3186cc,LV electricity distribution main,transmission,100000,1,20,LVEtransmission422,LVEtransmission800,
LVEtransmission422_to_LVEtransmission650_electricity,#3186cc,LV electricity distribution main,transmission,100000,1,20,LVEtransmission650,LVEtransmission422,
LVEtransmission650_to_LVEtransmission559_electricity,#3186cc,LV electricity distribution main,transmission,100000,1,20,LVEtransmission559,LVEtransmission650,
LVEtransmission559_to_LVEtransmission347_electricity,#3186cc,LV electricity distribution main,transmission,100000,1,20,LVEtransmission347,LVEtransmission559,
LVEtransmission347_to_LVEtransmission331_electricity,#3186cc,LV electricity distribution main,transmission,100000,1,20,LVEtransmission331,LVEtransmission347,
LVEtransmission331_to_LVEtransmission672_electricity,#3186cc,LV electricity distribution main,transmission,100000,1,20,LVEtransmission672,LVEtransmission331,
LVEtransmission672_to_LVEtransmission65_electricity,#3186cc,LV electricity distribution main,transmission,100000,1,20,LVEtransmission65,LVEtransmission672,
LVEtransmission65_to_LVEtransmission361_electricity,#3186cc,LV electricity distribution main,transmission,100000,1,20,LVEtransmission361,LVEtransmission65,
LVEtransmission361_to_LVEtransmission364_electricity,#3186cc,LV electricity distribution main,transmission,100000,1,20,LVEtransmission364,LVEtransmission361,
LVEtransmission364_to_LVEtransmission714_electricity,#3186cc,LV electricity distribution main,transmission,100000,1,20,LVEtransmission714,LVEtransmission364,
LVEtransmission714_to_LVEtransmission179_electricity,#3186cc,LV electricity distribution main,transmission,100000,1,20,LVEtransmission179,LVEtransmission714,
LVEtransmission179_to_LVEtransmission463_electricity,#3186cc,LV electricity distribution main,transmission,100000,1,20,LVEtransmission463,LVEtransmission179,
LVEtransmission463_to_LVEtransmission35_electricity,#3186cc,LV electricity distribution main,transmission,100000,1,20,LVEtransmission35,LVEtransmission463,
LVEtransmission35_to_LVEtransmission73_electricity,#3186cc,LV electricity distribution main,transmission,100000,1,20,LVEtransmission73,LVEtransmission35,
LVEtransmission73_to_LVEtransmission190_electricity,#3186cc,LV electricity distribution main,transmission,100000,1,20,LVEtransmission190,LVEtransmission73,
LVEtransmission903_to_LVEtransmission739_electricity,#3186cc,LV electricity distribution main,transmission,100000,1,20,LVEtransmission739,LVEtransmission903,
LVEtransmission739_to_LVEtransmission106_electricity,#3186cc,LV electricity distribution main,transmission,100000,1,20,LVEtransmission106,LVEtransmission739,
LVEtransmission106_to_LVEtransmission191_electricity,#3186cc,LV electricity distribution main,transmission,100000,1,20,LVEtransmission191,LVEtransmission106,
LVEtransmission191_to_LVEtransmission827_electricity,#3186cc,LV electricity distribution main,transmission,100000,1,20,LVEtransmission827,LVEtransmission191,
LVEtransmission827_to_LVEtransmission121_electricity,#3186cc,LV electricity distribution main,transmission,100000,1,20,LVEtransmission121,LVEtransmission827,
LVEtransmission566_to_LVEtransmission21_electricity,#3186cc,LV electricity distribution main,transmission,100000,1,20,LVEtransmission21,LVEtransmission566,
LVEtransmission21_to_LVEtransmission55_electricity,#3186cc,LV electricity distribution main,transmission,100000,1,20,LVEtransmission55,LVEtransmission21,
LVEtransmission442_to_LVEtransmission745_electricity,#3186cc,LV electricity distribution main,transmission,100000,1,20,LVEtransmission745,LVEtransmission442,
LVEtransmission745_to_LVEtransmission661_electricity,#3186cc,LV electricity distribution main,transmission,100000,1,20,LVEtransmission661,LVEtransmission745,
LVEtransmission661_to_LVEtransmission881_electricity,#3186cc,LV electricity distribution main,transmission,100000,1,20,LVEtransmission881,LVEtransmission661,
LVEtransmission881_to_LVEtransmission507_electricity,#3186cc,LV electricity distribution main,transmission,100000,1,20,LVEtransmission507,LVEtransmission881,
LVEtransmission507_to_LVEtransmission910_electricity,#3186cc,LV electricity distribution main,transmission,100000,1,20,LVEtransmission910,LVEtransmission507,
LVEtransmission910_to_LVEtransmission142_electricity,#3186cc,LV electricity distribution main,transmission,100000,1,20,LVEtransmission142,LVEtransmission910,
LVEtransmission142_to_LVEtransmission436_electricity,#3186cc,LV electricity distribution main,transmission,100000,1,20,LVEtransmission436,LVEtransmission142,
LVEtransmission436_to_LVEtransmission518_electricity,#3186cc,LV electricity distribution main,transmission,100000,1,20,LVEtransmission518,LVEtransmission436,
LVEtransmission518_to_LVEtransmission55_electricity,#3186cc,LV electricity distribution main,transmission,100000,1,20,LVEtransmission55,LVEtransmission518,
LVEtransmission123_to_LVEtransmission184_electricity,#3186cc,LV electricity distribution main,transmission,100000,1,20,LVEtransmission184,LVEtransmission123,
LVEtransmission184_to_LVEtransmission544_electricity,#3186cc,LV electricity distribution main,transmission,100000,1,20,LVEtransmission544,LVEtransmission184,
LVEtransmission544_to_LVEtransmission471_electricity,#3186cc,LV electricity distribution main,transmission,100000,1,20,LVEtransmission471,LVEtransmission544,
LVEtransmission471_to_LVEtransmission450_electricity,#3186cc,LV electricity distribution main,transmission,100000,1,20,LVEtransmission450,LVEtransmission471,
LVEtransmission450_to_LVEtransmission621_electricity,#3186cc,LV electricity distribution main,transmission,100000,1,20,LVEtransmission621,LVEtransmission450,
LVEtransmission621_to_LVEtransmission638_electricity,#3186cc,LV electricity distribution main,transmission,100000,1,20,LVEtransmission638,LVEtransmission621,
LVEtransmission638_to_LVEtransmission151_electricity,#3186cc,LV electricity distribution main,transmission,100000,1,20,LVEtransmission151,LVEtransmission638,
LVEtransmission151_to_LVEtransmission216_electricity,#3186cc,LV electricity distribution main,transmission,100000,1,20,LVEtransmission216,LVEtransmission151,
LVEtransmission216_to_LVEtransmission387_electricity,#3186cc,LV electricity distribution main,transmission,100000,1,20,LVEtransmission387,LVEtransmission216,
LVEtransmission387_to_LVEtransmission706_electricity,#3186cc,LV electricity distribution main,transmission,100000,1,20,LVEtransmission706,LVEtransmission387,
LVEtransmission706_to_LVEtransmission625_electricity,#3186cc,LV electricity distribution main,transmission,100000,1,20,LVEtransmission625,LVEtransmission706,
LVEtransmission625_to_LVEtransmission334_electricity,#3186cc,LV electricity distribution main,transmission,100000,1,20,LVEtransmission334,LVEtransmission625,
LVEtransmission707_to_LVEtransmission713_electricity,#3186cc,LV electricity distribution main,transmission,100000,1,20,LVEtransmission713,LVEtransmission707,
LVEtransmission713_to_LVEtransmission883_electricity,#3186cc,LV electricity distribution main,transmission,100000,1,20,LVEtransmission883,LVEtransmission713,
LVEtransmission883_to_LVEtransmission177_electricity,#3186cc,LV electricity distribution main,transmission,100000,1,20,LVEtransmission177,LVEtransmission883,
LVEtransmission177_to_LVEtransmission932_electricity,#3186cc,LV electricity distribution main,transmission,100000,1,20,LVEtransmission932,LVEtransmission177,
LVEtransmission932_to_LVEtransmission17_electricity,#3186cc,LV electricity distribution main,transmission,100000,1,20,LVEtransmission17,LVEtransmission932,
LVEtransmission17_to_LVEtransmission833_electricity,#3186cc,LV electricity distribution main,transmission,100000,1,20,LVEtransmission833,LVEtransmission17,
LVEtransmission833_to_LVEtransmission116_electricity,#3186cc,LV electricity distribution main,transmission,100000,1,20,LVEtransmission116,LVEtransmission833,
LVEtransmission116_to_LVEtransmission301_electricity,#3186cc,LV electricity distribution main,transmission,100000,1,20,LVEtransmission301,LVEtransmission116,
LVEtransmission301_to_LVEtransmission326_electricity,#3186cc,LV electricity distribution main,transmission,100000,1,20,LVEtransmission326,LVEtransmission301,
LVEtransmission326_to_LVEtransmission265_electricity,#3186cc,LV electricity distribution main,transmission,100000,1,20,LVEtransmission265,LVEtransmission326,
LVEtransmission265_to_LVEtransmission247_electricity,#3186cc,LV electricity distribution main,transmission,100000,1,20,LVEtransmission247,LVEtransmission265,
LVEtransmission707_to_LVEtransmission705_electricity,#3186cc,LV electricity distribution main,transmission,100000,1,20,LVEtransmission705,LVEtransmission707,
LVEtransmission705_to_LVEtransmission423_electricity,#3186cc,LV electricity distribution main,transmission,100000,1,20,LVEtransmission423,LVEtransmission705,
LVEtransmission423_to_LVEtransmission751_electricity,#3186cc,LV electricity distribution main,transmission,100000,1,20,LVEtransmission751,LVEtransmission423,
LVEtransmission751_to_LVEtransmission605_electricity,#3186cc,LV electricity distribution main,transmission,100000,1,20,LVEtransmission605,LVEtransmission751,
LVEtransmission605_to_LVEtransmission227_electricity,#3186cc,LV electricity distribution main,transmission,100000,1,20,LVEtransmission227,LVEtransmission605,
LVEtransmission227_to_LVEtransmission183_electricity,#3186cc,LV electricity distribution main,transmission,100000,1,20,LVEtransmission183,LVEtransmission227,
LVEtransmission183_to_LVEtransmission509_electricity,#3186cc,LV electricity distribution main,transmission,100000,1,20,LVEtransmission509,LVEtransmission183,
LVEtransmission509_to_LVEtransmission270_electricity,#3186cc,LV electricity distribution main,transmission,100000,1,20,LVEtransmission270,LVEtransmission509,
LVEtransmission270_to_LVEtransmission74_electricity,#3186cc,LV electricity distribution main,transmission,100000,1,20,LVEtransmission74,LVEtransmission270,
LVEtransmission74_to_LVEtransmission813_electricity,#3186cc,LV electricity distribution main,transmission,100000,1,20,LVEtransmission813,LVEtransmission74,
LVEtransmission813_to_LVEtransmission763_electricity,#3186cc,LV electricity distribution main,transmission,100000,1,20,LVEtransmission763,LVEtransmission813,
LVEtransmission763_to_LVEtransmission406_electricity,#3186cc,LV electricity distribution main,transmission,100000,1,20,LVEtransmission406,LVEtransmission763,
LVEtransmission406_to_LVEtransmission888_electricity,#3186cc,LV electricity distribution main,transmission,100000,1,20,LVEtransmission888,LVEtransmission406,
LVEtransmission888_to_LVEtransmission279_electricity,#3186cc,LV electricity distribution main,transmission,100000,1,20,LVEtransmission279,LVEtransmission888,
LVEtransmission279_to_LVEtransmission304_electricity,#3186cc,LV electricity distribution main,transmission,100000,1,20,LVEtransmission304,LVEtransmission279,
LVEtransmission304_to_LVEtransmission526_electricity,#3186cc,LV electricity distribution main,transmission,100000,1,20,LVEtransmission526,LVEtransmission304,
LVEtransmission526_to_LVEtransmission531_electricity,#3186cc,LV electricity distribution main,transmission,100000,1,20,LVEtransmission531,LVEtransmission526,
LVEtransmission531_to_LVEtransmission658_electricity,#3186cc,LV electricity distribution main,transmission,100000,1,20,LVEtransmission658,LVEtransmission531,
LVEtransmission261_to_LVEtransmission159_electricity,#3186cc,LV electricity distribution main,transmission,100000,1,20,LVEtransmission159,LVEtransmission261,
LVEtransmission159_to_LVEtransmission862_electricity,#3186cc,LV electricity distribution main,transmission,100000,1,20,LVEtransmission862,LVEtransmission159,
LVEtransmission862_to_LVEtransmission60_electricity,#3186cc,LV electricity distribution main,transmission,100000,1,20,LVEtransmission60,LVEtransmission862,
LVEtransmission60_to_LVEtransmission817_electricity,#3186cc,LV electricity distribution main,transmission,100000,1,20,LVEtransmission817,LVEtransmission60,
LVEtransmission817_to_LVEtransmission232_electricity,#3186cc,LV electricity distribution main,transmission,100000,1,20,LVEtransmission232,LVEtransmission817,
LVEtransmission232_to_LVEtransmission651_electricity,#3186cc,LV electricity distribution main,transmission,100000,1,20,LVEtransmission651,LVEtransmission232,
LVEtransmission651_to_LVEtransmission936_electricity,#3186cc,LV electricity distribution main,transmission,100000,1,20,LVEtransmission936,LVEtransmission651,
LVEtransmission467_to_LVEtransmission514_electricity,#3186cc,LV electricity distribution main,transmission,100000,1,20,LVEtransmission514,LVEtransmission467,
LVEtransmission514_to_LVEtransmission462_electricity,#3186cc,LV electricity distribution main,transmission,100000,1,20,LVEtransmission462,LVEtransmission514,
LVEtransmission462_to_LVEtransmission446_electricity,#3186cc,LV electricity distribution main,transmission,100000,1,20,LVEtransmission446,LVEtransmission462,
LVEtransmission446_to_LVEtransmission488_electricity,#3186cc,LV electricity distribution main,transmission,100000,1,20,LVEtransmission488,LVEtransmission446,
LVEtransmission488_to_LVEtransmission567_electricity,#3186cc,LV electricity distribution main,transmission,100000,1,20,LVEtransmission567,LVEtransmission488,
LVEtransmission567_to_LVEtransmission186_electricity,#3186cc,LV electricity distribution main,transmission,100000,1,20,LVEtransmission186,LVEtransmission567,
LVEtransmission186_to_LVEtransmission147_electricity,#3186cc,LV electricity distribution main,transmission,100000,1,20,LVEtransmission147,LVEtransmission186,
LVEtransmission147_to_LVEtransmission795_electricity,#3186cc,LV electricity distribution main,transmission,100000,1,20,LVEtransmission795,LVEtransmission147,
LVEtransmission795_to_LVEtransmission38_electricity,#3186cc,LV electricity distribution main,transmission,100000,1,20,LVEtransmission38,LVEtransmission795,
LVEtransmission38_to_LVEtransmission664_electricity,#3186cc,LV electricity distribution main,transmission,100000,1,20,LVEtransmission664,LVEtransmission38,
LVEtransmission664_to_LVEtransmission622_electricity,#3186cc,LV electricity distribution main,transmission,100000,1,20,LVEtransmission622,LVEtransmission664,
LVEtransmission622_to_LVEtransmission247_electricity,#3186cc,LV electricity distribution main,transmission,100000,1,20,LVEtransmission247,LVEtransmission622,
LVEtransmission467_to_LVEtransmission261_electricity,#3186cc,LV electricity distribution main,transmission,100000,1,20,LVEtransmission261,LVEtransmission467,
LVEtransmission149_to_LVEtransmission934_electricity,#3186cc,LV electricity distribution main,transmission,100000,1,20,LVEtransmission934,LVEtransmission149,
LVEtransmission934_to_LVEtransmission366_electricity,#3186cc,LV electricity distribution main,transmission,100000,1,20,LVEtransmission366,LVEtransmission934,
LVEtransmission366_to_LVEtransmission11_electricity,#3186cc,LV electricity distribution main,transmission,100000,1,20,LVEtransmission11,LVEtransmission366,
LVEtransmission11_to_LVEtransmission871_electricity,#3186cc,LV electricity distribution main,transmission,100000,1,20,LVEtransmission871,LVEtransmission11,
LVEtransmission871_to_LVEtransmission689_electricity,#3186cc,LV electricity distribution main,transmission,100000,1,20,LVEtransmission689,LVEtransmission871,
LVEtransmission689_to_LVEtransmission494_electricity,#3186cc,LV electricity distribution main,transmission,100000,1,20,LVEtransmission494,LVEtransmission689,
LVEtransmission494_to_LVEtransmission47_electricity,#3186cc,LV electricity distribution main,transmission,100000,1,20,LVEtransmission47,LVEtransmission494,
LVEtransmission47_to_LVEtransmission897_electricity,#3186cc,LV electricity distribution main,transmission,100000,1,20,LVEtransmission897,LVEtransmission47,
LVEtransmission897_to_LVEtransmission858_electricity,#3186cc,LV electricity distribution main,transmission,100000,1,20,LVEtransmission858,LVEtransmission897,
LVEtransmission858_to_LVEtransmission723_electricity,#3186cc,LV electricity distribution main,transmission,100000,1,20,LVEtransmission723,LVEtransmission858,
LVEtransmission723_to_LVEtransmission211_electricity,#3186cc,LV electricity distribution main,transmission,100000,1,20,LVEtransmission211,LVEtransmission723,
LVEtransmission211_to_LVEtransmission802_electricity,#3186cc,LV electricity distribution main,transmission,100000,1,20,LVEtransmission802,LVEtransmission211,
LVEtransmission802_to_LVEtransmission755_electricity,#3186cc,LV electricity distribution main,transmission,100000,1,20,LVEtransmission755,LVEtransmission802,
LVEtransmission755_to_LVEtransmission501_electricity,#3186cc,LV electricity distribution main,transmission,100000,1,20,LVEtransmission501,LVEtransmission755,
LVEtransmission501_to_LVEtransmission352_electricity,#3186cc,LV electricity distribution main,transmission,100000,1,20,LVEtransmission352,LVEtransmission501,
LVEtransmission352_to_LVEtransmission657_electricity,#3186cc,LV electricity distribution main,transmission,100000,1,20,LVEtransmission657,LVEtransmission352,
LVEtransmission497_to_LVEtransmission225_electricity,#3186cc,LV electricity distribution main,transmission,100000,1,20,LVEtransmission225,LVEtransmission497,
LVEtransmission225_to_LVEtransmission915_electricity,#3186cc,LV electricity distribution main,transmission,100000,1,20,LVEtransmission915,LVEtransmission225,
LVEtransmission915_to_LVEtransmission628_electricity,#3186cc,LV electricity distribution main,transmission,100000,1,20,LVEtransmission628,LVEtransmission915,
LVEtransmission149_to_LVEtransmission789_electricity,#3186cc,LV electricity distribution main,transmission,100000,1,20,LVEtransmission789,LVEtransmission149,
LVEtransmission789_to_LVEtransmission718_electricity,#3186cc,LV electricity distribution main,transmission,100000,1,20,LVEtransmission718,LVEtransmission789,
LVEtransmission718_to_LVEtransmission175_electricity,#3186cc,LV electricity distribution main,transmission,100000,1,20,LVEtransmission175,LVEtransmission718,
LVEtransmission175_to_LVEtransmission804_electricity,#3186cc,LV electricity distribution main,transmission,100000,1,20,LVEtransmission804,LVEtransmission175,
LVEtransmission804_to_LVEtransmission51_electricity,#3186cc,LV electricity distribution main,transmission,100000,1,20,LVEtransmission51,LVEtransmission804,
LVEtransmission51_to_LVEtransmission228_electricity,#3186cc,LV electricity distribution main,transmission,100000,1,20,LVEtransmission228,LVEtransmission51,
LVEtransmission228_to_LVEtransmission433_electricity,#3186cc,LV electricity distribution main,transmission,100000,1,20,LVEtransmission433,LVEtransmission228,
LVEtransmission433_to_LVEtransmission839_electricity,#3186cc,LV electricity distribution main,transmission,100000,1,20,LVEtransmission839,LVEtransmission433,
LVEtransmission839_to_LVEtransmission44_electricity,#3186cc,LV electricity distribution main,transmission,100000,1,20,LVEtransmission44,LVEtransmission839,
LVEtransmission44_to_LVEtransmission904_electricity,#3186cc,LV electricity distribution main,transmission,100000,1,20,LVEtransmission904,LVEtransmission44,
LVEtransmission904_to_LVEtransmission783_electricity,#3186cc,LV electricity distribution main,transmission,100000,1,20,LVEtransmission783,LVEtransmission904,
LVEtransmission783_to_LVEtransmission777_electricity,#3186cc,LV electricity distribution main,transmission,100000,1,20,LVEtransmission777,LVEtransmission783,
LVEtransmission777_to_LVEtransmission681_electricity,#3186cc,LV electricity distribution main,transmission,100000,1,20,LVEtransmission681,LVEtransmission777,
LVEtransmission681_to_LVEtransmission677_electricity,#3186cc,LV electricity distribution main,transmission,100000,1,20,LVEtransmission677,LVEtransmission681,
LVEtransmission677_to_LVEtransmission679_electricity,#3186cc,LV electricity distribution main,transmission,100000,1,20,LVEtransmission679,LVEtransmission677,
LVEtransmission679_to_LVEtransmission458_electricity,#3186cc,LV electricity distribution main,transmission,100000,1,20,LVEtransmission458,LVEtransmission679,
LVEtransmission458_to_LVEtransmission890_electricity,#3186cc,LV electricity distribution main,transmission,100000,1,20,LVEtransmission890,LVEtransmission458,
LVEtransmission890_to_LVEtransmission775_electricity,#3186cc,LV electricity distribution main,transmission,100000,1,20,LVEtransmission775,LVEtransmission890,
LVEtransmission775_to_LVEtransmission546_electricity,#3186cc,LV electricity distribution main,transmission,100000,1,20,LVEtransmission546,LVEtransmission775,
LVEtransmission546_to_LVEtransmission553_electricity,#3186cc,LV electricity distribution main,transmission,100000,1,20,LVEtransmission553,LVEtransmission546,
LVEtransmission553_to_LVEtransmission378_electricity,#3186cc,LV electricity distribution main,transmission,100000,1,20,LVEtransmission378,LVEtransmission553,
LVEtransmission378_to_LVEtransmission805_electricity,#3186cc,LV electricity distribution main,transmission,100000,1,20,LVEtransmission805,LVEtransmission378,
LVEtransmission805_to_LVEtransmission647_electricity,#3186cc,LV electricity distribution main,transmission,100000,1,20,LVEtransmission647,LVEtransmission805,
LVEtransmission647_to_LVEtransmission67_electricity,#3186cc,LV electricity distribution main,transmission,100000,1,20,LVEtransmission67,LVEtransmission647,
LVEtransmission67_to_LVEtransmission107_electricity,#3186cc,LV electricity distribution main,transmission,100000,1,20,LVEtransmission107,LVEtransmission67,
LVEtransmission107_to_LVEtransmission523_electricity,#3186cc,LV electricity distribution main,transmission,100000,1,20,LVEtransmission523,LVEtransmission107,
LVEtransmission523_to_LVEtransmission515_electricity,#3186cc,LV electricity distribution main,transmission,100000,1,20,LVEtransmission515,LVEtransmission523,
LVEtransmission515_to_LVEtransmission918_electricity,#3186cc,LV electricity distribution main,transmission,100000,1,20,LVEtransmission918,LVEtransmission515,
LVEtransmission918_to_LVEtransmission942_electricity,#3186cc,LV electricity distribution main,transmission,100000,1,20,LVEtransmission942,LVEtransmission918,
LVEtransmission942_to_LVEtransmission440_electricity,#3186cc,LV electricity distribution main,transmission,100000,1,20,LVEtransmission440,LVEtransmission942,
LVEtransmission440_to_LVEtransmission734_electricity,#3186cc,LV electricity distribution main,transmission,100000,1,20,LVEtransmission734,LVEtransmission440,
LVEtransmission734_to_LVEtransmission239_electricity,#3186cc,LV electricity distribution main,transmission,100000,1,20,LVEtransmission239,LVEtransmission734,
LVEtransmission190_to_LVEtransmission73_electricity,#3186cc,LV electricity distribution main,transmission,100000,1,20,LVEtransmission73,LVEtransmission190,
LVEtransmission73_to_LVEtransmission35_electricity,#3186cc,LV electricity distribution main,transmission,100000,1,20,LVEtransmission35,LVEtransmission73,
LVEtransmission35_to_LVEtransmission463_electricity,#3186cc,LV electricity distribution main,transmission,100000,1,20,LVEtransmission463,LVEtransmission35,
LVEtransmission463_to_LVEtransmission179_electricity,#3186cc,LV electricity distribution main,transmission,100000,1,20,LVEtransmission179,LVEtransmission463,
LVEtransmission179_to_LVEtransmission882_electricity,#3186cc,LV electricity distribution main,transmission,100000,1,20,LVEtransmission882,LVEtransmission179,
LVEtransmission882_to_LVEtransmission583_electricity,#3186cc,LV electricity distribution main,transmission,100000,1,20,LVEtransmission583,LVEtransmission882,
LVEtransmission583_to_LVEtransmission863_electricity,#3186cc,LV electricity distribution main,transmission,100000,1,20,LVEtransmission863,LVEtransmission583,
LVEtransmission863_to_LVEtransmission419_electricity,#3186cc,LV electricity distribution main,transmission,100000,1,20,LVEtransmission419,LVEtransmission863,
LVEtransmission419_to_LVEtransmission370_electricity,#3186cc,LV electricity distribution main,transmission,100000,1,20,LVEtransmission370,LVEtransmission419,
LVEtransmission370_to_LVEtransmission155_electricity,#3186cc,LV electricity distribution main,transmission,100000,1,20,LVEtransmission155,LVEtransmission370,
LVEtransmission155_to_LVEtransmission321_electricity,#3186cc,LV electricity distribution main,transmission,100000,1,20,LVEtransmission321,LVEtransmission155,
LVEtransmission321_to_LVEtransmission41_electricity,#3186cc,LV electricity distribution main,transmission,100000,1,20,LVEtransmission41,LVEtransmission321,
LVEtransmission568_to_LVEtransmission788_electricity,#3186cc,LV electricity distribution main,transmission,100000,1,20,LVEtransmission788,LVEtransmission568,
LVEtransmission788_to_LVEtransmission39_electricity,#3186cc,LV electricity distribution main,transmission,100000,1,20,LVEtransmission39,LVEtransmission788,
LVEtransmission39_to_LVEtransmission537_electricity,#3186cc,LV electricity distribution main,transmission,100000,1,20,LVEtransmission537,LVEtransmission39,
LVEtransmission537_to_LVEtransmission208_electricity,#3186cc,LV electricity distribution main,transmission,100000,1,20,LVEtransmission208,LVEtransmission537,
LVEtransmission208_to_LVEtransmission9_electricity,#3186cc,LV electricity distribution main,transmission,100000,1,20,LVEtransmission9,LVEtransmission208,
LVEtransmission9_to_LVEtransmission730_electricity,#3186cc,LV electricity distribution main,transmission,100000,1,20,LVEtransmission730,LVEtransmission9,
LVEtransmission730_to_LVEtransmission476_electricity,#3186cc,LV electricity distribution main,transmission,100000,1,20,LVEtransmission476,LVEtransmission730,
LVEtransmission476_to_LVEtransmission698_electricity,#3186cc,LV electricity distribution main,transmission,100000,1,20,LVEtransmission698,LVEtransmission476,
LVEtransmission698_to_LVEtransmission108_electricity,#3186cc,LV electricity distribution main,transmission,100000,1,20,LVEtransmission108,LVEtransmission698,
LVEtransmission108_to_LVEtransmission144_electricity,#3186cc,LV electricity distribution main,transmission,100000,1,20,LVEtransmission144,LVEtransmission108,
LVEtransmission144_to_LVEtransmission332_electricity,#3186cc,LV electricity distribution main,transmission,100000,1,20,LVEtransmission332,LVEtransmission144,
LVEtransmission332_to_LVEtransmission356_electricity,#3186cc,LV electricity distribution main,transmission,100000,1,20,LVEtransmission356,LVEtransmission332,
LVEtransmission356_to_LVEtransmission13_electricity,#3186cc,LV electricity distribution main,transmission,100000,1,20,LVEtransmission13,LVEtransmission356,
LVEtransmission13_to_LVEtransmission259_electricity,#3186cc,LV electricity distribution main,transmission,100000,1,20,LVEtransmission259,LVEtransmission13,
LVEtransmission259_to_LVEtransmission14_electricity,#3186cc,LV electricity distribution main,transmission,100000,1,20,LVEtransmission14,LVEtransmission259,
LVEtransmission14_to_LVEtransmission811_electricity,#3186cc,LV electricity distribution main,transmission,100000,1,20,LVEtransmission811,LVEtransmission14,
LVEtransmission811_to_LVEtransmission35_electricity,#3186cc,LV electricity distribution main,transmission,100000,1,20,LVEtransmission35,LVEtransmission811,
LVEtransmission35_to_LVEtransmission943_electricity,#3186cc,LV electricity distribution main,transmission,100000,1,20,LVEtransmission943,LVEtransmission35,
LVEtransmission943_to_LVEtransmission428_electricity,#3186cc,LV electricity distribution main,transmission,100000,1,20,LVEtransmission428,LVEtransmission943,
LVEtransmission73_to_LVEtransmission428_electricity,#3186cc,LV electricity distribution main,transmission,100000,1,20,LVEtransmission428,LVEtransmission73,
LVEtransmission18_to_LVEtransmission758_electricity,#3186cc,LV electricity distribution main,transmission,100000,1,20,LVEtransmission758,LVEtransmission18,
LVEtransmission758_to_LVEtransmission699_electricity,#3186cc,LV electricity distribution main,transmission,100000,1,20,LVEtransmission699,LVEtransmission758,
LVEtransmission699_to_LVEtransmission133_electricity,#3186cc,LV electricity distribution main,transmission,100000,1,20,LVEtransmission133,LVEtransmission699,
LVEtransmission133_to_LVEtransmission682_electricity,#3186cc,LV electricity distribution main,transmission,100000,1,20,LVEtransmission682,LVEtransmission133,
LVEtransmission682_to_LVEtransmission590_electricity,#3186cc,LV electricity distribution main,transmission,100000,1,20,LVEtransmission590,LVEtransmission682,
LVEtransmission590_to_LVEtransmission923_electricity,#3186cc,LV electricity distribution main,transmission,100000,1,20,LVEtransmission923,LVEtransmission590,
LVEtransmission923_to_LVEtransmission773_electricity,#3186cc,LV electricity distribution main,transmission,100000,1,20,LVEtransmission773,LVEtransmission923,
LVEtransmission773_to_LVEtransmission285_electricity,#3186cc,LV electricity distribution main,transmission,100000,1,20,LVEtransmission285,LVEtransmission773,
LVEtransmission285_to_LVEtransmission134_electricity,#3186cc,LV electricity distribution main,transmission,100000,1,20,LVEtransmission134,LVEtransmission285,
LVEtransmission134_to_LVEtransmission660_electricity,#3186cc,LV electricity distribution main,transmission,100000,1,20,LVEtransmission660,LVEtransmission134,
LVEtransmission660_to_LVEtransmission368_electricity,#3186cc,LV electricity distribution main,transmission,100000,1,20,LVEtransmission368,LVEtransmission660,
LVEtransmission368_to_LVEtransmission284_electricity,#3186cc,LV electricity distribution main,transmission,100000,1,20,LVEtransmission284,LVEtransmission368,
LVEtransmission284_to_LVEtransmission146_electricity,#3186cc,LV electricity distribution main,transmission,100000,1,20,LVEtransmission146,LVEtransmission284,
LVEtransmission146_to_LVEtransmission203_electricity,#3186cc,LV electricity distribution main,transmission,100000,1,20,LVEtransmission203,LVEtransmission146,
LVEtransmission203_to_LVEtransmission402_electricity,#3186cc,LV electricity distribution main,transmission,100000,1,20,LVEtransmission402,LVEtransmission203,
LVEtransmission402_to_LVEtransmission725_electricity,#3186cc,LV electricity distribution main,transmission,100000,1,20,LVEtransmission725,LVEtransmission402,
LVEtransmission59_to_LVEtransmission393_electricity,#3186cc,LV electricity distribution main,transmission,100000,1,20,LVEtransmission393,LVEtransmission59,
LVEtransmission393_to_LVEtransmission125_electricity,#3186cc,LV electricity distribution main,transmission,100000,1,20,LVEtransmission125,LVEtransmission393,
LVEtransmission125_to_LVEtransmission798_electricity,#3186cc,LV electricity distribution main,transmission,100000,1,20,LVEtransmission798,LVEtransmission125,
LVEtransmission798_to_LVEtransmission77_electricity,#3186cc,LV electricity distribution main,transmission,100000,1,20,LVEtransmission77,LVEtransmission798,
LVEtransmission77_to_LVEtransmission169_electricity,#3186cc,LV electricity distribution main,transmission,100000,1,20,LVEtransmission169,LVEtransmission77,
LVEtransmission169_to_LVEtransmission652_electricity,#3186cc,LV electricity distribution main,transmission,100000,1,20,LVEtransmission652,LVEtransmission169,
LVEtransmission652_to_LVEtransmission440_electricity,#3186cc,LV electricity distribution main,transmission,100000,1,20,LVEtransmission440,LVEtransmission652,
LVEtransmission440_to_LVEtransmission43_electricity,#3186cc,LV electricity distribution main,transmission,100000,1,20,LVEtransmission43,LVEtransmission440,
LVEtransmission504_to_LVEtransmission690_electricity,#3186cc,LV electricity distribution main,transmission,100000,1,20,LVEtransmission690,LVEtransmission504,
LVEtransmission690_to_LVEtransmission45_electricity,#3186cc,LV electricity distribution main,transmission,100000,1,20,LVEtransmission45,LVEtransmission690,
LVEtransmission45_to_LVEtransmission898_electricity,#3186cc,LV electricity distribution main,transmission,100000,1,20,LVEtransmission898,LVEtransmission45,
LVEtransmission898_to_LVEtransmission269_electricity,#3186cc,LV electricity distribution main,transmission,100000,1,20,LVEtransmission269,LVEtransmission898,
LVEtransmission269_to_LVEtransmission854_electricity,#3186cc,LV electricity distribution main,transmission,100000,1,20,LVEtransmission854,LVEtransmission269,
LVEtransmission854_to_LVEtransmission691_electricity,#3186cc,LV electricity distribution main,transmission,100000,1,20,LVEtransmission691,LVEtransmission854,
LVEtransmission691_to_LVEtransmission407_electricity,#3186cc,LV electricity distribution main,transmission,100000,1,20,LVEtransmission407,LVEtransmission691,
LVEtransmission407_to_LVEtransmission367_electricity,#3186cc,LV electricity distribution main,transmission,100000,1,20,LVEtransmission367,LVEtransmission407,
LVEtransmission367_to_LVEtransmission57_electricity,#3186cc,LV electricity distribution main,transmission,100000,1,20,LVEtransmission57,LVEtransmission367,
LVEtransmission57_to_LVEtransmission161_electricity,#3186cc,LV electricity distribution main,transmission,100000,1,20,LVEtransmission161,LVEtransmission57,
LVEtransmission161_to_LVEtransmission828_electricity,#3186cc,LV electricity distribution main,transmission,100000,1,20,LVEtransmission828,LVEtransmission161,
LVEtransmission828_to_LVEtransmission480_electricity,#3186cc,LV electricity distribution main,transmission,100000,1,20,LVEtransmission480,LVEtransmission828,
LVEtransmission480_to_LVEtransmission98_electricity,#3186cc,LV electricity distribution main,transmission,100000,1,20,LVEtransmission98,LVEtransmission480,
LVEtransmission98_to_LVEtransmission157_electricity,#3186cc,LV electricity distribution main,transmission,100000,1,20,LVEtransmission157,LVEtransmission98,
LVEtransmission157_to_LVEtransmission195_electricity,#3186cc,LV electricity distribution main,transmission,100000,1,20,LVEtransmission195,LVEtransmission157,
LVEtransmission195_to_LVEtransmission810_electricity,#3186cc,LV electricity distribution main,transmission,100000,1,20,LVEtransmission810,LVEtransmission195,
LVEtransmission810_to_LVEtransmission495_electricity,#3186cc,LV electricity distribution main,transmission,100000,1,20,LVEtransmission495,LVEtransmission810,
LVEtransmission495_to_LVEtransmission761_electricity,#3186cc,LV electricity distribution main,transmission,100000,1,20,LVEtransmission761,LVEtransmission495,
LVEtransmission761_to_LVEtransmission383_electricity,#3186cc,LV electricity distribution main,transmission,100000,1,20,LVEtransmission383,LVEtransmission761,
LVEtransmission383_to_LVEtransmission172_electricity,#3186cc,LV electricity distribution main,transmission,100000,1,20,LVEtransmission172,LVEtransmission383,
LVEtransmission172_to_LVEtransmission408_electricity,#3186cc,LV electricity distribution main,transmission,100000,1,20,LVEtransmission408,LVEtransmission172,
LVEtransmission408_to_LVEtransmission75_electricity,#3186cc,LV electricity distribution main,transmission,100000,1,20,LVEtransmission75,LVEtransmission408,
LVEtransmission75_to_LVEtransmission254_electricity,#3186cc,LV electricity distribution main,transmission,100000,1,20,LVEtransmission254,LVEtransmission75,
LVEtransmission254_to_LVEtransmission83_electricity,#3186cc,LV electricity distribution main,transmission,100000,1,20,LVEtransmission83,LVEtransmission254,
LVEtransmission83_to_LVEtransmission487_electricity,#3186cc,LV electricity distribution main,transmission,100000,1,20,LVEtransmission487,LVEtransmission83,
LVEtransmission487_to_LVEtransmission384_electricity,#3186cc,LV electricity distribution main,transmission,100000,1,20,LVEtransmission384,LVEtransmission487,
LVEtransmission384_to_LVEtransmission806_electricity,#3186cc,LV electricity distribution main,transmission,100000,1,20,LVEtransmission806,LVEtransmission384,
LVEtransmission806_to_LVEtransmission136_electricity,#3186cc,LV electricity distribution main,transmission,100000,1,20,LVEtransmission136,LVEtransmission806,
LVEtransmission136_to_LVEtransmission886_electricity,#3186cc,LV electricity distribution main,transmission,100000,1,20,LVEtransmission886,LVEtransmission136,
LVEtransmission886_to_LVEtransmission168_electricity,#3186cc,LV electricity distribution main,transmission,100000,1,20,LVEtransmission168,LVEtransmission886,
LVEtransmission168_to_LVEtransmission192_electricity,#3186cc,LV electricity distribution main,transmission,100000,1,20,LVEtransmission192,LVEtransmission168,
LVEtransmission192_to_LVEtransmission490_electricity,#3186cc,LV electricity distribution main,transmission,100000,1,20,LVEtransmission490,LVEtransmission192,
LVEtransmission490_to_LVEtransmission376_electricity,#3186cc,LV electricity distribution main,transmission,100000,1,20,LVEtransmission376,LVEtransmission490,
LVEtransmission376_to_LVEtransmission573_electricity,#3186cc,LV electricity distribution main,transmission,100000,1,20,LVEtransmission573,LVEtransmission376,
LVEtransmission573_to_LVEtransmission885_electricity,#3186cc,LV electricity distribution main,transmission,100000,1,20,LVEtransmission885,LVEtransmission573,
LVEtransmission885_to_LVEtransmission779_electricity,#3186cc,LV electricity distribution main,transmission,100000,1,20,LVEtransmission779,LVEtransmission885,
LVEtransmission779_to_LVEtransmission692_electricity,#3186cc,LV electricity distribution main,transmission,100000,1,20,LVEtransmission692,LVEtransmission779,
LVEtransmission692_to_LVEtransmission905_electricity,#3186cc,LV electricity distribution main,transmission,100000,1,20,LVEtransmission905,LVEtransmission692,
LVEtransmission614_to_LVEtransmission468_electricity,#3186cc,LV electricity distribution main,transmission,100000,1,20,LVEtransmission468,LVEtransmission614,
LVEtransmission468_to_LVEtransmission235_electricity,#3186cc,LV electricity distribution main,transmission,100000,1,20,LVEtransmission235,LVEtransmission468,
LVEtransmission235_to_LVEtransmission801_electricity,#3186cc,LV electricity distribution main,transmission,100000,1,20,LVEtransmission801,LVEtransmission235,
LVEtransmission801_to_LVEtransmission37_electricity,#3186cc,LV electricity distribution main,transmission,100000,1,20,LVEtransmission37,LVEtransmission801,
LVEtransmission37_to_LVEtransmission337_electricity,#3186cc,LV electricity distribution main,transmission,100000,1,20,LVEtransmission337,LVEtransmission37,
LVEtransmission337_to_LVEtransmission290_electricity,#3186cc,LV electricity distribution main,transmission,100000,1,20,LVEtransmission290,LVEtransmission337,
LVEtransmission290_to_LVEtransmission241_electricity,#3186cc,LV electricity distribution main,transmission,100000,1,20,LVEtransmission241,LVEtransmission290,
LVEtransmission241_to_LVEtransmission669_electricity,#3186cc,LV electricity distribution main,transmission,100000,1,20,LVEtransmission669,LVEtransmission241,
LVEtransmission669_to_LVEtransmission630_electricity,#3186cc,LV electricity distribution main,transmission,100000,1,20,LVEtransmission630,LVEtransmission669,
LVEtransmission630_to_LVEtransmission911_electricity,#3186cc,LV electricity distribution main,transmission,100000,1,20,LVEtransmission911,LVEtransmission630,
LVEtransmission911_to_LVEtransmission878_electricity,#3186cc,LV electricity distribution main,transmission,100000,1,20,LVEtransmission878,LVEtransmission911,
LVEtransmission878_to_LVEtransmission257_electricity,#3186cc,LV electricity distribution main,transmission,100000,1,20,LVEtransmission257,LVEtransmission878,
LVEtransmission257_to_LVEtransmission221_electricity,#3186cc,LV electricity distribution main,transmission,100000,1,20,LVEtransmission221,LVEtransmission257,
LVEtransmission221_to_LVEtransmission42_electricity,#3186cc,LV electricity distribution main,transmission,100000,1,20,LVEtransmission42,LVEtransmission221,
LVEtransmission42_to_LVEtransmission884_electricity,#3186cc,LV electricity distribution main,transmission,100000,1,20,LVEtransmission884,LVEtransmission42,
LVEtransmission884_to_LVEtransmission790_electricity,#3186cc,LV electricity distribution main,transmission,100000,1,20,LVEtransmission790,LVEtransmission884,
LVEtransmission790_to_LVEtransmission170_electricity,#3186cc,LV electricity distribution main,transmission,100000,1,20,LVEtransmission170,LVEtransmission790,
LVEtransmission170_to_LVEtransmission444_electricity,#3186cc,LV electricity distribution main,transmission,100000,1,20,LVEtransmission444,LVEtransmission170,
LVEtransmission444_to_LVEtransmission500_electricity,#3186cc,LV electricity distribution main,transmission,100000,1,20,LVEtransmission500,LVEtransmission444,
LVEtransmission500_to_LVEtransmission880_electricity,#3186cc,LV electricity distribution main,transmission,100000,1,20,LVEtransmission880,LVEtransmission500,
LVEtransmission880_to_LVEtransmission694_electricity,#3186cc,LV electricity distribution main,transmission,100000,1,20,LVEtransmission694,LVEtransmission880,
LVEtransmission694_to_LVEtransmission843_electricity,#3186cc,LV electricity distribution main,transmission,100000,1,20,LVEtransmission843,LVEtransmission694,
LVEtransmission843_to_LVEtransmission504_electricity,#3186cc,LV electricity distribution main,transmission,100000,1,20,LVEtransmission504,LVEtransmission843,
LVEtransmission200_to_LVEtransmission443_electricity,#3186cc,LV electricity distribution main,transmission,100000,1,20,LVEtransmission443,LVEtransmission200,
LVEtransmission443_to_LVEtransmission832_electricity,#3186cc,LV electricity distribution main,transmission,100000,1,20,LVEtransmission832,LVEtransmission443,
LVEtransmission832_to_LVEtransmission616_electricity,#3186cc,LV electricity distribution main,transmission,100000,1,20,LVEtransmission616,LVEtransmission832,
LVEtransmission616_to_LVEtransmission599_electricity,#3186cc,LV electricity distribution main,transmission,100000,1,20,LVEtransmission599,LVEtransmission616,
LVEtransmission599_to_LVEtransmission264_electricity,#3186cc,LV electricity distribution main,transmission,100000,1,20,LVEtransmission264,LVEtransmission599,
LVEtransmission264_to_LVEtransmission429_electricity,#3186cc,LV electricity distribution main,transmission,100000,1,20,LVEtransmission429,LVEtransmission264,
LVEtransmission429_to_LVEtransmission286_electricity,#3186cc,LV electricity distribution main,transmission,100000,1,20,LVEtransmission286,LVEtransmission429,
LVEtransmission286_to_LVEtransmission722_electricity,#3186cc,LV electricity distribution main,transmission,100000,1,20,LVEtransmission722,LVEtransmission286,
LVEtransmission722_to_LVEtransmission905_electricity,#3186cc,LV electricity distribution main,transmission,100000,1,20,LVEtransmission905,LVEtransmission722,
LVEtransmission236_to_LVEtransmission600_electricity,#3186cc,LV electricity distribution main,transmission,100000,1,20,LVEtransmission600,LVEtransmission236,
LVEtransmission600_to_LVEtransmission162_electricity,#3186cc,LV electricity distribution main,transmission,100000,1,20,LVEtransmission162,LVEtransmission600,
LVEtransmission162_to_LVEtransmission64_electricity,#3186cc,LV electricity distribution main,transmission,100000,1,20,LVEtransmission64,LVEtransmission162,
LVEtransmission64_to_LVEtransmission854_electricity,#3186cc,LV electricity distribution main,transmission,100000,1,20,LVEtransmission854,LVEtransmission64,
LVEtransmission691_to_LVEtransmission401_electricity,#3186cc,LV electricity distribution main,transmission,100000,1,20,LVEtransmission401,LVEtransmission691,
LVEtransmission401_to_LVEtransmission36_electricity,#3186cc,LV electricity distribution main,transmission,100000,1,20,LVEtransmission36,LVEtransmission401,
LVEtransmission36_to_LVEtransmission899_electricity,#3186cc,LV electricity distribution main,transmission,100000,1,20,LVEtransmission899,LVEtransmission36,
LVEtransmission899_to_LVEtransmission381_electricity,#3186cc,LV electricity distribution main,transmission,100000,1,20,LVEtransmission381,LVEtransmission899,
LVEtransmission381_to_LVEtransmission560_electricity,#3186cc,LV electricity distribution main,transmission,100000,1,20,LVEtransmission560,LVEtransmission381,
LVEtransmission560_to_LVEtransmission648_electricity,#3186cc,LV electricity distribution main,transmission,100000,1,20,LVEtransmission648,LVEtransmission560,
LVEtransmission648_to_LVEtransmission68_electricity,#3186cc,LV electricity distribution main,transmission,100000,1,20,LVEtransmission68,LVEtransmission648,
LVEtransmission68_to_LVEtransmission181_electricity,#3186cc,LV electricity distribution main,transmission,100000,1,20,LVEtransmission181,LVEtransmission68,
LVEtransmission181_to_LVEtransmission373_electricity,#3186cc,LV electricity distribution main,transmission,100000,1,20,LVEtransmission373,LVEtransmission181,
LVEtransmission900_to_LVEtransmission665_electricity,#3186cc,LV electricity distribution main,transmission,100000,1,20,LVEtransmission665,LVEtransmission900,
LVEtransmission665_to_LVEtransmission576_electricity,#3186cc,LV electricity distribution main,transmission,100000,1,20,LVEtransmission576,LVEtransmission665,
LVEtransmission576_to_LVEtransmission643_electricity,#3186cc,LV electricity distribution main,transmission,100000,1,20,LVEtransmission643,LVEtransmission576,
LVEtransmission643_to_LVEtransmission524_electricity,#3186cc,LV electricity distribution main,transmission,100000,1,20,LVEtransmission524,LVEtransmission643,
LVEtransmission524_to_LVEtransmission686_electricity,#3186cc,LV electricity distribution main,transmission,100000,1,20,LVEtransmission686,LVEtransmission524,
LVEtransmission686_to_LVEtransmission243_electricity,#3186cc,LV electricity distribution main,transmission,100000,1,20,LVEtransmission243,LVEtransmission686,
LVEtransmission243_to_LVEtransmission431_electricity,#3186cc,LV electricity distribution main,transmission,100000,1,20,LVEtransmission431,LVEtransmission243,
LVEtransmission431_to_LVEtransmission385_electricity,#3186cc,LV electricity distribution main,transmission,100000,1,20,LVEtransmission385,LVEtransmission431,
LVEtransmission385_to_LVEtransmission529_electricity,#3186cc,LV electricity distribution main,transmission,100000,1,20,LVEtransmission529,LVEtransmission385,
LVEtransmission529_to_LVEtransmission207_electricity,#3186cc,LV electricity distribution main,transmission,100000,1,20,LVEtransmission207,LVEtransmission529,
LVEtransmission207_to_LVEtransmission474_electricity,#3186cc,LV electricity distribution main,transmission,100000,1,20,LVEtransmission474,LVEtransmission207,
LVEtransmission474_to_LVEtransmission357_electricity,#3186cc,LV electricity distribution main,transmission,100000,1,20,LVEtransmission357,LVEtransmission474,
LVEtransmission357_to_LVEtransmission741_electricity,#3186cc,LV electricity distribution main,transmission,100000,1,20,LVEtransmission741,LVEtransmission357,
LVEtransmission741_to_LVEtransmission28_electricity,#3186cc,LV electricity distribution main,transmission,100000,1,20,LVEtransmission28,LVEtransmission741,
LVEtransmission28_to_LVEtransmission880_electricity,#3186cc,LV electricity distribution main,transmission,100000,1,20,LVEtransmission880,LVEtransmission28,
LVEtransmission880_to_LVEtransmission843_electricity,#3186cc,LV electricity distribution main,transmission,100000,1,20,LVEtransmission843,LVEtransmission880,
LVEtransmission843_to_LVEtransmission724_electricity,#3186cc,LV electricity distribution main,transmission,100000,1,20,LVEtransmission724,LVEtransmission843,
LVEtransmission724_to_LVEtransmission236_electricity,#3186cc,LV electricity distribution main,transmission,100000,1,20,LVEtransmission236,LVEtransmission724,
LVEtransmission668_to_LVEtransmission255_electricity,#3186cc,LV electricity distribution main,transmission,100000,1,20,LVEtransmission255,LVEtransmission668,
LVEtransmission255_to_LVEtransmission250_electricity,#3186cc,LV electricity distribution main,transmission,100000,1,20,LVEtransmission250,LVEtransmission255,
LVEtransmission250_to_LVEtransmission118_electricity,#3186cc,LV electricity distribution main,transmission,100000,1,20,LVEtransmission118,LVEtransmission250,
LVEtransmission118_to_LVEtransmission941_electricity,#3186cc,LV electricity distribution main,transmission,100000,1,20,LVEtransmission941,LVEtransmission118,
LVEtransmission941_to_LVEtransmission728_electricity,#3186cc,LV electricity distribution main,transmission,100000,1,20,LVEtransmission728,LVEtransmission941,
LVEtransmission728_to_LVEtransmission644_electricity,#3186cc,LV electricity distribution main,transmission,100000,1,20,LVEtransmission644,LVEtransmission728,
LVEtransmission644_to_LVEtransmission445_electricity,#3186cc,LV electricity distribution main,transmission,100000,1,20,LVEtransmission445,LVEtransmission644,
LVEtransmission445_to_LVEtransmission386_electricity,#3186cc,LV electricity distribution main,transmission,100000,1,20,LVEtransmission386,LVEtransmission445,
LVEtransmission386_to_LVEtransmission860_electricity,#3186cc,LV electricity distribution main,transmission,100000,1,20,LVEtransmission860,LVEtransmission386,
LVEtransmission860_to_LVEtransmission345_electricity,#3186cc,LV electricity distribution main,transmission,100000,1,20,LVEtransmission345,LVEtransmission860,
LVEtransmission345_to_LVEtransmission617_electricity,#3186cc,LV electricity distribution main,transmission,100000,1,20,LVEtransmission617,LVEtransmission345,
LVEtransmission617_to_LVEtransmission709_electricity,#3186cc,LV electricity distribution main,transmission,100000,1,20,LVEtransmission709,LVEtransmission617,
LVEtransmission709_to_LVEtransmission306_electricity,#3186cc,LV electricity distribution main,transmission,100000,1,20,LVEtransmission306,LVEtransmission709,
LVEtransmission306_to_LVEtransmission84_electricity,#3186cc,LV electricity distribution main,transmission,100000,1,20,LVEtransmission84,LVEtransmission306,
LVEtransmission84_to_LVEtransmission281_electricity,#3186cc,LV electricity distribution main,transmission,100000,1,20,LVEtransmission281,LVEtransmission84,
LVEtransmission281_to_LVEtransmission570_electricity,#3186cc,LV electricity distribution main,transmission,100000,1,20,LVEtransmission570,LVEtransmission281,
LVEtransmission570_to_LVEtransmission413_electricity,#3186cc,LV electricity distribution main,transmission,100000,1,20,LVEtransmission413,LVEtransmission570,
LVEtransmission413_to_LVEtransmission298_electricity,#3186cc,LV electricity distribution main,transmission,100000,1,20,LVEtransmission298,LVEtransmission413,
LVEtransmission298_to_LVEtransmission58_electricity,#3186cc,LV electricity distribution main,transmission,100000,1,20,LVEtransmission58,LVEtransmission298,
LVEtransmission58_to_LVEtransmission577_electricity,#3186cc,LV electricity distribution main,transmission,100000,1,20,LVEtransmission577,LVEtransmission58,
LVEtransmission577_to_LVEtransmission547_electricity,#3186cc,LV electricity distribution main,transmission,100000,1,20,LVEtransmission547,LVEtransmission577,
LVEtransmission547_to_LVEtransmission421_electricity,#3186cc,LV electricity distribution main,transmission,100000,1,20,LVEtransmission421,LVEtransmission547,
LVEtransmission421_to_LVEtransmission465_electricity,#3186cc,LV electricity distribution main,transmission,100000,1,20,LVEtransmission465,LVEtransmission421,
LVEtransmission465_to_LVEtransmission491_electricity,#3186cc,LV electricity distribution main,transmission,100000,1,20,LVEtransmission491,LVEtransmission465,
LVEtransmission491_to_LVEtransmission663_electricity,#3186cc,LV electricity distribution main,transmission,100000,1,20,LVEtransmission663,LVEtransmission491,
LVEtransmission663_to_LVEtransmission634_electricity,#3186cc,LV electricity distribution main,transmission,100000,1,20,LVEtransmission634,LVEtransmission663,
LVEtransmission634_to_LVEtransmission233_electricity,#3186cc,LV electricity distribution main,transmission,100000,1,20,LVEtransmission233,LVEtransmission634,
LVEtransmission233_to_LVEtransmission608_electricity,#3186cc,LV electricity distribution main,transmission,100000,1,20,LVEtransmission608,LVEtransmission233,
LVEtransmission608_to_LVEtransmission594_electricity,#3186cc,LV electricity distribution main,transmission,100000,1,20,LVEtransmission594,LVEtransmission608,
LVEtransmission594_to_LVEtransmission740_electricity,#3186cc,LV electricity distribution main,transmission,100000,1,20,LVEtransmission740,LVEtransmission594,
LVEtransmission740_to_LVEtransmission715_electricity,#3186cc,LV electricity distribution main,transmission,100000,1,20,LVEtransmission715,LVEtransmission740,
LVEtransmission715_to_LVEtransmission510_electricity,#3186cc,LV electricity distribution main,transmission,100000,1,20,LVEtransmission510,LVEtransmission715,
LVEtransmission510_to_LVEtransmission30_electricity,#3186cc,LV electricity distribution main,transmission,100000,1,20,LVEtransmission30,LVEtransmission510,
LVEtransmission30_to_LVEtransmission448_electricity,#3186cc,LV electricity distribution main,transmission,100000,1,20,LVEtransmission448,LVEtransmission30,
LVEtransmission448_to_LVEtransmission313_electricity,#3186cc,LV electricity distribution main,transmission,100000,1,20,LVEtransmission313,LVEtransmission448,
LVEtransmission313_to_LVEtransmission776_electricity,#3186cc,LV electricity distribution main,transmission,100000,1,20,LVEtransmission776,LVEtransmission313,
LVEtransmission776_to_LVEtransmission5_electricity,#3186cc,LV electricity distribution main,transmission,100000,1,20,LVEtransmission5,LVEtransmission776,
LVEtransmission5_to_LVEtransmission80_electricity,#3186cc,LV electricity distribution main,transmission,100000,1,20,LVEtransmission80,LVEtransmission5,
LVEtransmission80_to_LVEtransmission673_electricity,#3186cc,LV electricity distribution main,transmission,100000,1,20,LVEtransmission673,LVEtransmission80,
LVEtransmission673_to_LVEtransmission309_electricity,#3186cc,LV electricity distribution main,transmission,100000,1,20,LVEtransmission309,LVEtransmission673,
LVEtransmission309_to_LVEtransmission226_electricity,#3186cc,LV electricity distribution main,transmission,100000,1,20,LVEtransmission226,LVEtransmission309,
LVEtransmission226_to_LVEtransmission92_electricity,#3186cc,LV electricity distribution main,transmission,100000,1,20,LVEtransmission92,LVEtransmission226,
LVEtransmission92_to_LVEtransmission693_electricity,#3186cc,LV electricity distribution main,transmission,100000,1,20,LVEtransmission693,LVEtransmission92,
LVEtransmission668_to_LVEtransmission945_electricity,#3186cc,LV electricity distribution main,transmission,100000,1,20,LVEtransmission945,LVEtransmission668,
LVEtransmission945_to_LVEtransmission212_electricity,#3186cc,LV electricity distribution main,transmission,100000,1,20,LVEtransmission212,LVEtransmission945,
LVEtransmission212_to_LVEtransmission388_electricity,#3186cc,LV electricity distribution main,transmission,100000,1,20,LVEtransmission388,LVEtransmission212,
LVEtransmission388_to_LVEtransmission434_electricity,#3186cc,LV electricity distribution main,transmission,100000,1,20,LVEtransmission434,LVEtransmission388,
LVEtransmission434_to_LVEtransmission359_electricity,#3186cc,LV electricity distribution main,transmission,100000,1,20,LVEtransmission359,LVEtransmission434,
LVEtransmission359_to_LVEtransmission96_electricity,#3186cc,LV electricity distribution main,transmission,100000,1,20,LVEtransmission96,LVEtransmission359,
LVEtransmission96_to_LVEtransmission414_electricity,#3186cc,LV electricity distribution main,transmission,100000,1,20,LVEtransmission414,LVEtransmission96,
LVEtransmission414_to_LVEtransmission246_electricity,#3186cc,LV electricity distribution main,transmission,100000,1,20,LVEtransmission246,LVEtransmission414,
LVEtransmission246_to_LVEtransmission731_electricity,#3186cc,LV electricity distribution main,transmission,100000,1,20,LVEtransmission731,LVEtransmission246,
LVEtransmission747_to_LVEtransmission917_electricity,#3186cc,LV electricity distribution main,transmission,100000,1,20,LVEtransmission917,LVEtransmission747,
LVEtransmission917_to_LVEtransmission188_electricity,#3186cc,LV electricity distribution main,transmission,100000,1,20,LVEtransmission188,LVEtransmission917,
LVEtransmission188_to_LVEtransmission329_electricity,#3186cc,LV electricity distribution main,transmission,100000,1,20,LVEtransmission329,LVEtransmission188,
LVEtransmission329_to_LVEtransmission784_electricity,#3186cc,LV electricity distribution main,transmission,100000,1,20,LVEtransmission784,LVEtransmission329,
LVEtransmission784_to_LVEtransmission819_electricity,#3186cc,LV electricity distribution main,transmission,100000,1,20,LVEtransmission819,LVEtransmission784,
LVEtransmission131_to_LVEtransmission893_electricity,#3186cc,LV electricity distribution main,transmission,100000,1,20,LVEtransmission893,LVEtransmission131,
LVEtransmission893_to_LVEtransmission635_electricity,#3186cc,LV electricity distribution main,transmission,100000,1,20,LVEtransmission635,LVEtransmission893,
LVEtransmission635_to_LVEtransmission282_electricity,#3186cc,LV electricity distribution main,transmission,100000,1,20,LVEtransmission282,LVEtransmission635,
LVEtransmission282_to_LVEtransmission96_electricity,#3186cc,LV electricity distribution main,transmission,100000,1,20,LVEtransmission96,LVEtransmission282,
LVEtransmission96_to_LVEtransmission359_electricity,#3186cc,LV electricity distribution main,transmission,100000,1,20,LVEtransmission359,LVEtransmission96,
LVEtransmission359_to_LVEtransmission434_electricity,#3186cc,LV electricity distribution main,transmission,100000,1,20,LVEtransmission434,LVEtransmission359,
LVEtransmission434_to_LVEtransmission388_electricity,#3186cc,LV electricity distribution main,transmission,100000,1,20,LVEtransmission388,LVEtransmission434,
LVEtransmission388_to_LVEtransmission212_electricity,#3186cc,LV electricity distribution main,transmission,100000,1,20,LVEtransmission212,LVEtransmission388,
LVEtransmission212_to_LVEtransmission945_electricity,#3186cc,LV electricity distribution main,transmission,100000,1,20,LVEtransmission945,LVEtransmission212,
LVEtransmission945_to_LVEtransmission535_electricity,#3186cc,LV electricity distribution main,transmission,100000,1,20,LVEtransmission535,LVEtransmission945,
LVEtransmission535_to_LVEtransmission683_electricity,#3186cc,LV electricity distribution main,transmission,100000,1,20,LVEtransmission683,LVEtransmission535,
LVEtransmission683_to_LVEtransmission240_electricity,#3186cc,LV electricity distribution main,transmission,100000,1,20,LVEtransmission240,LVEtransmission683,
LVEtransmission240_to_LVEtransmission791_electricity,#3186cc,LV electricity distribution main,transmission,100000,1,20,LVEtransmission791,LVEtransmission240,
LVEtransmission791_to_LVEtransmission307_electricity,#3186cc,LV electricity distribution main,transmission,100000,1,20,LVEtransmission307,LVEtransmission791,
LVEtransmission307_to_LVEtransmission747_electricity,#3186cc,LV electricity distribution main,transmission,100000,1,20,LVEtransmission747,LVEtransmission307,
LVEtransmission604_to_LVEtransmission52_electricity,#3186cc,LV electricity distribution main,transmission,100000,1,20,LVEtransmission52,LVEtransmission604,
LVEtransmission52_to_LVEtransmission662_electricity,#3186cc,LV electricity distribution main,transmission,100000,1,20,LVEtransmission662,LVEtransmission52,
LVEtransmission662_to_LVEtransmission793_electricity,#3186cc,LV electricity distribution main,transmission,100000,1,20,LVEtransmission793,LVEtransmission662,
LVEtransmission793_to_LVEtransmission91_electricity,#3186cc,LV electricity distribution main,transmission,100000,1,20,LVEtransmission91,LVEtransmission793,
LVEtransmission91_to_LVEtransmission696_electricity,#3186cc,LV electricity distribution main,transmission,100000,1,20,LVEtransmission696,LVEtransmission91,
LVEtransmission696_to_LVEtransmission624_electricity,#3186cc,LV electricity distribution main,transmission,100000,1,20,LVEtransmission624,LVEtransmission696,
LVEtransmission624_to_LVEtransmission558_electricity,#3186cc,LV electricity distribution main,transmission,100000,1,20,LVEtransmission558,LVEtransmission624,
LVEtransmission558_to_LVEtransmission874_electricity,#3186cc,LV electricity distribution main,transmission,100000,1,20,LVEtransmission874,LVEtransmission558,
LVEtransmission874_to_LVEtransmission778_electricity,#3186cc,LV electricity distribution main,transmission,100000,1,20,LVEtransmission778,LVEtransmission874,
LVEtransmission778_to_LVEtransmission825_electricity,#3186cc,LV electricity distribution main,transmission,100000,1,20,LVEtransmission825,LVEtransmission778,
LVEtransmission825_to_LVEtransmission23_electricity,#3186cc,LV electricity distribution main,transmission,100000,1,20,LVEtransmission23,LVEtransmission825,
LVEtransmission23_to_LVEtransmission389_electricity,#3186cc,LV electricity distribution main,transmission,100000,1,20,LVEtransmission389,LVEtransmission23,
LVEtransmission389_to_LVEtransmission835_electricity,#3186cc,LV electricity distribution main,transmission,100000,1,20,LVEtransmission835,LVEtransmission389,
LVEtransmission835_to_LVEtransmission258_electricity,#3186cc,LV electricity distribution main,transmission,100000,1,20,LVEtransmission258,LVEtransmission835,
LVEtransmission258_to_LVEtransmission390_electricity,#3186cc,LV electricity distribution main,transmission,100000,1,20,LVEtransmission390,LVEtransmission258,
LVEtransmission390_to_LVEtransmission896_electricity,#3186cc,LV electricity distribution main,transmission,100000,1,20,LVEtransmission896,LVEtransmission390,
LVEtransmission896_to_LVEtransmission126_electricity,#3186cc,LV electricity distribution main,transmission,100000,1,20,LVEtransmission126,LVEtransmission896,
LVEtransmission126_to_LVEtransmission412_electricity,#3186cc,LV electricity distribution main,transmission,100000,1,20,LVEtransmission412,LVEtransmission126,
LVEtransmission412_to_LVEtransmission579_electricity,#3186cc,LV electricity distribution main,transmission,100000,1,20,LVEtransmission579,LVEtransmission412,
LVEtransmission579_to_LVEtransmission119_electricity,#3186cc,LV electricity distribution main,transmission,100000,1,20,LVEtransmission119,LVEtransmission579,
LVEtransmission119_to_LVEtransmission391_electricity,#3186cc,LV electricity distribution main,transmission,100000,1,20,LVEtransmission391,LVEtransmission119,
LVEtransmission391_to_LVEtransmission895_electricity,#3186cc,LV electricity distribution main,transmission,100000,1,20,LVEtransmission895,LVEtransmission391,
LVEtransmission895_to_LVEtransmission19_electricity,#3186cc,LV electricity distribution main,transmission,100000,1,20,LVEtransmission19,LVEtransmission895,
LVEtransmission169_to_LVEtransmission449_electricity,#3186cc,LV electricity distribution main,transmission,100000,1,20,LVEtransmission449,LVEtransmission169,
LVEtransmission449_to_LVEtransmission67_electricity,#3186cc,LV electricity distribution main,transmission,100000,1,20,LVEtransmission67,LVEtransmission449,
LVEtransmission67_to_LVEtransmission140_electricity,#3186cc,LV electricity distribution main,transmission,100000,1,20,LVEtransmission140,LVEtransmission67,
LVEtransmission140_to_LVEtransmission926_electricity,#3186cc,LV electricity distribution main,transmission,100000,1,20,LVEtransmission926,LVEtransmission140,
LVEtransmission926_to_LVEtransmission447_electricity,#3186cc,LV electricity distribution main,transmission,100000,1,20,LVEtransmission447,LVEtransmission926,
LVEtransmission447_to_LVEtransmission209_electricity,#3186cc,LV electricity distribution main,transmission,100000,1,20,LVEtransmission209,LVEtransmission447,
LVEtransmission209_to_LVEtransmission840_electricity,#3186cc,LV electricity distribution main,transmission,100000,1,20,LVEtransmission840,LVEtransmission209,
LVEtransmission840_to_LVEtransmission517_electricity,#3186cc,LV electricity distribution main,transmission,100000,1,20,LVEtransmission517,LVEtransmission840,
LVEtransmission517_to_LVEtransmission138_electricity,#3186cc,LV electricity distribution main,transmission,100000,1,20,LVEtransmission138,LVEtransmission517,
LVEtransmission138_to_LVEtransmission700_electricity,#3186cc,LV electricity distribution main,transmission,100000,1,20,LVEtransmission700,LVEtransmission138,
LVEtransmission700_to_LVEtransmission764_electricity,#3186cc,LV electricity distribution main,transmission,100000,1,20,LVEtransmission764,LVEtransmission700,
LVEtransmission764_to_LVEtransmission781_electricity,#3186cc,LV electricity distribution main,transmission,100000,1,20,LVEtransmission781,LVEtransmission764,
LVEtransmission781_to_LVEtransmission618_electricity,#3186cc,LV electricity distribution main,transmission,100000,1,20,LVEtransmission618,LVEtransmission781,
LVEtransmission618_to_LVEtransmission213_electricity,#3186cc,LV electricity distribution main,transmission,100000,1,20,LVEtransmission213,LVEtransmission618,
LVEtransmission213_to_LVEtransmission695_electricity,#3186cc,LV electricity distribution main,transmission,100000,1,20,LVEtransmission695,LVEtransmission213,
LVEtransmission695_to_LVEtransmission472_electricity,#3186cc,LV electricity distribution main,transmission,100000,1,20,LVEtransmission472,LVEtransmission695,
LVEtransmission472_to_LVEtransmission100_electricity,#3186cc,LV electricity distribution main,transmission,100000,1,20,LVEtransmission100,LVEtransmission472,
LVEtransmission100_to_LVEtransmission615_electricity,#3186cc,LV electricity distribution main,transmission,100000,1,20,LVEtransmission615,LVEtransmission100,
LVEtransmission615_to_LVEtransmission210_electricity,#3186cc,LV electricity distribution main,transmission,100000,1,20,LVEtransmission210,LVEtransmission615,
LVEtransmission210_to_LVEtransmission342_electricity,#3186cc,LV electricity distribution main,transmission,100000,1,20,LVEtransmission342,LVEtransmission210,
LVEtransmission342_to_LVEtransmission103_electricity,#3186cc,LV electricity distribution main,transmission,100000,1,20,LVEtransmission103,LVEtransmission342,
LVEtransmission103_to_LVEtransmission477_electricity,#3186cc,LV electricity distribution main,transmission,100000,1,20,LVEtransmission477,LVEtransmission103,
LVEtransmission477_to_LVEtransmission861_electricity,#3186cc,LV electricity distribution main,transmission,100000,1,20,LVEtransmission861,LVEtransmission477,
LVEtransmission861_to_LVEtransmission479_electricity,#3186cc,LV electricity distribution main,transmission,100000,1,20,LVEtransmission479,LVEtransmission861,
LVEtransmission479_to_LVEtransmission768_electricity,#3186cc,LV electricity distribution main,transmission,100000,1,20,LVEtransmission768,LVEtransmission479,
LVEtransmission768_to_LVEtransmission536_electricity,#3186cc,LV electricity distribution main,transmission,100000,1,20,LVEtransmission536,LVEtransmission768,
LVEtransmission536_to_LVEtransmission533_electricity,#3186cc,LV electricity distribution main,transmission,100000,1,20,LVEtransmission533,LVEtransmission536,
LVEtransmission533_to_LVEtransmission392_electricity,#3186cc,LV electricity distribution main,transmission,100000,1,20,LVEtransmission392,LVEtransmission533,
LVEtransmission392_to_LVEtransmission752_electricity,#3186cc,LV electricity distribution main,transmission,100000,1,20,LVEtransmission752,LVEtransmission392,
LVEtransmission752_to_LVEtransmission76_electricity,#3186cc,LV electricity distribution main,transmission,100000,1,20,LVEtransmission76,LVEtransmission752,
LVEtransmission76_to_LVEtransmission218_electricity,#3186cc,LV electricity distribution main,transmission,100000,1,20,LVEtransmission218,LVEtransmission76,
LVEtransmission169_to_LVEtransmission610_electricity,#3186cc,LV electricity distribution main,transmission,100000,1,20,LVEtransmission610,LVEtransmission169,
LVEtransmission610_to_LVEtransmission739_electricity,#3186cc,LV electricity distribution main,transmission,100000,1,20,LVEtransmission739,LVEtransmission610,
LVEtransmission739_to_LVEtransmission942_electricity,#3186cc,LV electricity distribution main,transmission,100000,1,20,LVEtransmission942,LVEtransmission739,
LVEtransmission942_to_LVEtransmission90_electricity,#3186cc,LV electricity distribution main,transmission,100000,1,20,LVEtransmission90,LVEtransmission942,
LVEtransmission736_to_LVEtransmission746_electricity,#3186cc,LV electricity distribution main,transmission,100000,1,20,LVEtransmission746,LVEtransmission736,
LVEtransmission746_to_LVEtransmission875_electricity,#3186cc,LV electricity distribution main,transmission,100000,1,20,LVEtransmission875,LVEtransmission746,
LVEtransmission875_to_LVEtransmission584_electricity,#3186cc,LV electricity distribution main,transmission,100000,1,20,LVEtransmission584,LVEtransmission875,
LVEtransmission584_to_LVEtransmission726_electricity,#3186cc,LV electricity distribution main,transmission,100000,1,20,LVEtransmission726,LVEtransmission584,
LVEtransmission726_to_LVEtransmission437_electricity,#3186cc,LV electricity distribution main,transmission,100000,1,20,LVEtransmission437,LVEtransmission726,
LVEtransmission437_to_LVEtransmission639_electricity,#3186cc,LV electricity distribution main,transmission,100000,1,20,LVEtransmission639,LVEtransmission437,
LVEtransmission639_to_LVEtransmission130_electricity,#3186cc,LV electricity distribution main,transmission,100000,1,20,LVEtransmission130,LVEtransmission639,
LVEtransmission130_to_LVEtransmission204_electricity,#3186cc,LV electricity distribution main,transmission,100000,1,20,LVEtransmission204,LVEtransmission130,
LVEtransmission204_to_LVEtransmission110_electricity,#3186cc,LV electricity distribution main,transmission,100000,1,20,LVEtransmission110,LVEtransmission204,
LVEtransmission110_to_LVEtransmission122_electricity,#3186cc,LV electricity distribution main,transmission,100000,1,20,LVEtransmission122,LVEtransmission110,
LVEtransmission375_to_LVEtransmission483_electricity,#3186cc,LV electricity distribution main,transmission,100000,1,20,LVEtransmission483,LVEtransmission375,
LVEtransmission483_to_LVEtransmission629_electricity,#3186cc,LV electricity distribution main,transmission,100000,1,20,LVEtransmission629,LVEtransmission483,
LVEtransmission629_to_LVEtransmission459_electricity,#3186cc,LV electricity distribution main,transmission,100000,1,20,LVEtransmission459,LVEtransmission629,
LVEtransmission459_to_LVEtransmission656_electricity,#3186cc,LV electricity distribution main,transmission,100000,1,20,LVEtransmission656,LVEtransmission459,
LVEtransmission656_to_LVEtransmission720_electricity,#3186cc,LV electricity distribution main,transmission,100000,1,20,LVEtransmission720,LVEtransmission656,
LVEtransmission720_to_LVEtransmission742_electricity,#3186cc,LV electricity distribution main,transmission,100000,1,20,LVEtransmission742,LVEtransmission720,
LVEtransmission742_to_LVEtransmission141_electricity,#3186cc,LV electricity distribution main,transmission,100000,1,20,LVEtransmission141,LVEtransmission742,
LVEtransmission141_to_LVEtransmission832_electricity,#3186cc,LV electricity distribution main,transmission,100000,1,20,LVEtransmission832,LVEtransmission141,
LVEtransmission832_to_LVEtransmission323_electricity,#3186cc,LV electricity distribution main,transmission,100000,1,20,LVEtransmission323,LVEtransmission832,
LVEtransmission323_to_LVEtransmission234_electricity,#3186cc,LV electricity distribution main,transmission,100000,1,20,LVEtransmission234,LVEtransmission323,
LVEtransmission375_to_LVEtransmission329_electricity,#3186cc,LV electricity distribution main,transmission,100000,1,20,LVEtransmission329,LVEtransmission375,
LVEtransmission329_to_LVEtransmission889_electricity,#3186cc,LV electricity distribution main,transmission,100000,1,20,LVEtransmission889,LVEtransmission329,
LVEtransmission889_to_LVEtransmission909_electricity,#3186cc,LV electricity distribution main,transmission,100000,1,20,LVEtransmission909,LVEtransmission889,
LVEtransmission909_to_LVEtransmission534_electricity,#3186cc,LV electricity distribution main,transmission,100000,1,20,LVEtransmission534,LVEtransmission909,
LVEtransmission340_to_LVEtransmission635_electricity,#3186cc,LV electricity distribution main,transmission,100000,1,20,LVEtransmission635,LVEtransmission340,
LVEtransmission635_to_LVEtransmission246_electricity,#3186cc,LV electricity distribution main,transmission,100000,1,20,LVEtransmission246,LVEtransmission635,
LVEtransmission246_to_LVEtransmission197_electricity,#3186cc,LV electricity distribution main,transmission,100000,1,20,LVEtransmission197,LVEtransmission246,
LVEtransmission197_to_LVEtransmission792_electricity,#3186cc,LV electricity distribution main,transmission,100000,1,20,LVEtransmission792,LVEtransmission197,
LVEtransmission792_to_LVEtransmission803_electricity,#3186cc,LV electricity distribution main,transmission,100000,1,20,LVEtransmission803,LVEtransmission792,
LVEtransmission803_to_LVEtransmission280_electricity,#3186cc,LV electricity distribution main,transmission,100000,1,20,LVEtransmission280,LVEtransmission803,
LVEtransmission280_to_LVEtransmission902_electricity,#3186cc,LV electricity distribution main,transmission,100000,1,20,LVEtransmission902,LVEtransmission280,
LVEtransmission902_to_LVEtransmission66_electricity,#3186cc,LV electricity distribution main,transmission,100000,1,20,LVEtransmission66,LVEtransmission902,
LVEtransmission66_to_LVEtransmission194_electricity,#3186cc,LV electricity distribution main,transmission,100000,1,20,LVEtransmission194,LVEtransmission66,
LVEtransmission194_to_LVEtransmission535_electricity,#3186cc,LV electricity distribution main,transmission,100000,1,20,LVEtransmission535,LVEtransmission194,
LVEtransmission535_to_LVEtransmission563_electricity,#3186cc,LV electricity distribution main,transmission,100000,1,20,LVEtransmission563,LVEtransmission535,
LVEtransmission563_to_LVEtransmission855_electricity,#3186cc,LV electricity distribution main,transmission,100000,1,20,LVEtransmission855,LVEtransmission563,
LVEtransmission855_to_LVEtransmission245_electricity,#3186cc,LV electricity distribution main,transmission,100000,1,20,LVEtransmission245,LVEtransmission855,
LVEtransmission245_to_LVEtransmission307_electricity,#3186cc,LV electricity distribution main,transmission,100000,1,20,LVEtransmission307,LVEtransmission245,
LVEtransmission307_to_LVEtransmission534_electricity,#3186cc,LV electricity distribution main,transmission,100000,1,20,LVEtransmission534,LVEtransmission307,
LVEtransmission641_to_LVEtransmission63_electricity,#3186cc,LV electricity distribution main,transmission,100000,1,20,LVEtransmission63,LVEtransmission641,
LVEtransmission63_to_LVEtransmission93_electricity,#3186cc,LV electricity distribution main,transmission,100000,1,20,LVEtransmission93,LVEtransmission63,
LVEtransmission93_to_LVEtransmission53_electricity,#3186cc,LV electricity distribution main,transmission,100000,1,20,LVEtransmission53,LVEtransmission93,
LVEtransmission53_to_LVEtransmission330_electricity,#3186cc,LV electricity distribution main,transmission,100000,1,20,LVEtransmission330,LVEtransmission53,
LVEtransmission330_to_LVEtransmission849_electricity,#3186cc,LV electricity distribution main,transmission,100000,1,20,LVEtransmission849,LVEtransmission330,
LVEtransmission849_to_LVEtransmission394_electricity,#3186cc,LV electricity distribution main,transmission,100000,1,20,LVEtransmission394,LVEtransmission849,
LVEtransmission394_to_LVEtransmission716_electricity,#3186cc,LV electricity distribution main,transmission,100000,1,20,LVEtransmission716,LVEtransmission394,
LVEtransmission716_to_LVEtransmission541_electricity,#3186cc,LV electricity distribution main,transmission,100000,1,20,LVEtransmission541,LVEtransmission716,
LVEtransmission541_to_LVEtransmission592_electricity,#3186cc,LV electricity distribution main,transmission,100000,1,20,LVEtransmission592,LVEtransmission541,
LVEtransmission592_to_LVEtransmission61_electricity,#3186cc,LV electricity distribution main,transmission,100000,1,20,LVEtransmission61,LVEtransmission592,
LVEtransmission61_to_LVEtransmission48_electricity,#3186cc,LV electricity distribution main,transmission,100000,1,20,LVEtransmission48,LVEtransmission61,
LVEtransmission48_to_LVEtransmission335_electricity,#3186cc,LV electricity distribution main,transmission,100000,1,20,LVEtransmission335,LVEtransmission48,
LVEtransmission335_to_LVEtransmission611_electricity,#3186cc,LV electricity distribution main,transmission,100000,1,20,LVEtransmission611,LVEtransmission335,
LVEtransmission611_to_LVEtransmission475_electricity,#3186cc,LV electricity distribution main,transmission,100000,1,20,LVEtransmission475,LVEtransmission611,
LVEtransmission475_to_LVEtransmission756_electricity,#3186cc,LV electricity distribution main,transmission,100000,1,20,LVEtransmission756,LVEtransmission475,
LVEtransmission756_to_LVEtransmission939_electricity,#3186cc,LV electricity distribution main,transmission,100000,1,20,LVEtransmission939,LVEtransmission756,
LVEtransmission939_to_LVEtransmission538_electricity,#3186cc,LV electricity distribution main,transmission,100000,1,20,LVEtransmission538,LVEtransmission939,
LVEtransmission538_to_LVEtransmission230_electricity,#3186cc,LV electricity distribution main,transmission,100000,1,20,LVEtransmission230,LVEtransmission538,
LVEtransmission230_to_LVEtransmission113_electricity,#3186cc,LV electricity distribution main,transmission,100000,1,20,LVEtransmission113,LVEtransmission230,
LVEtransmission113_to_LVEtransmission152_electricity,#3186cc,LV electricity distribution main,transmission,100000,1,20,LVEtransmission152,LVEtransmission113,
LVEtransmission152_to_LVEtransmission891_electricity,#3186cc,LV electricity distribution main,transmission,100000,1,20,LVEtransmission891,LVEtransmission152,
LVEtransmission891_to_LVEtransmission26_electricity,#3186cc,LV electricity distribution main,transmission,100000,1,20,LVEtransmission26,LVEtransmission891,
LVEtransmission515_to_LVEtransmission523_electricity,#3186cc,LV electricity distribution main,transmission,100000,1,20,LVEtransmission523,LVEtransmission515,
LVEtransmission523_to_LVEtransmission107_electricity,#3186cc,LV electricity distribution main,transmission,100000,1,20,LVEtransmission107,LVEtransmission523,
LVEtransmission107_to_LVEtransmission926_electricity,#3186cc,LV electricity distribution main,transmission,100000,1,20,LVEtransmission926,LVEtransmission107,
LVEtransmission926_to_LVEtransmission140_electricity,#3186cc,LV electricity distribution main,transmission,100000,1,20,LVEtransmission140,LVEtransmission926,
LVEtransmission140_to_LVEtransmission667_electricity,#3186cc,LV electricity distribution main,transmission,100000,1,20,LVEtransmission667,LVEtransmission140,
LVEtransmission667_to_LVEtransmission198_electricity,#3186cc,LV electricity distribution main,transmission,100000,1,20,LVEtransmission198,LVEtransmission667,
LVEtransmission198_to_LVEtransmission837_electricity,#3186cc,LV electricity distribution main,transmission,100000,1,20,LVEtransmission837,LVEtransmission198,
LVEtransmission837_to_LVEtransmission850_electricity,#3186cc,LV electricity distribution main,transmission,100000,1,20,LVEtransmission850,LVEtransmission837,
LVEtransmission850_to_LVEtransmission81_electricity,#3186cc,LV electricity distribution main,transmission,100000,1,20,LVEtransmission81,LVEtransmission850,
LVEtransmission81_to_LVEtransmission619_electricity,#3186cc,LV electricity distribution main,transmission,100000,1,20,LVEtransmission619,LVEtransmission81,
LVEtransmission619_to_LVEtransmission97_electricity,#3186cc,LV electricity distribution main,transmission,100000,1,20,LVEtransmission97,LVEtransmission619,
LVEtransmission97_to_LVEtransmission355_electricity,#3186cc,LV electricity distribution main,transmission,100000,1,20,LVEtransmission355,LVEtransmission97,
LVEtransmission355_to_LVEtransmission452_electricity,#3186cc,LV electricity distribution main,transmission,100000,1,20,LVEtransmission452,LVEtransmission355,
LVEtransmission452_to_LVEtransmission601_electricity,#3186cc,LV electricity distribution main,transmission,100000,1,20,LVEtransmission601,LVEtransmission452,
LVEtransmission601_to_LVEtransmission591_electricity,#3186cc,LV electricity distribution main,transmission,100000,1,20,LVEtransmission591,LVEtransmission601,
LVEtransmission591_to_LVEtransmission866_electricity,#3186cc,LV electricity distribution main,transmission,100000,1,20,LVEtransmission866,LVEtransmission591,
LVEtransmission866_to_LVEtransmission848_electricity,#3186cc,LV electricity distribution main,transmission,100000,1,20,LVEtransmission848,LVEtransmission866,
LVEtransmission848_to_LVEtransmission588_electricity,#3186cc,LV electricity distribution main,transmission,100000,1,20,LVEtransmission588,LVEtransmission848,
LVEtransmission588_to_LVEtransmission829_electricity,#3186cc,LV electricity distribution main,transmission,100000,1,20,LVEtransmission829,LVEtransmission588,
LVEtransmission829_to_LVEtransmission737_electricity,#3186cc,LV electricity distribution main,transmission,100000,1,20,LVEtransmission737,LVEtransmission829,
LVEtransmission737_to_LVEtransmission115_electricity,#3186cc,LV electricity distribution main,transmission,100000,1,20,LVEtransmission115,LVEtransmission737,
LVEtransmission115_to_LVEtransmission87_electricity,#3186cc,LV electricity distribution main,transmission,100000,1,20,LVEtransmission87,LVEtransmission115,
LVEtransmission515_to_LVEtransmission903_electricity,#3186cc,LV electricity distribution main,transmission,100000,1,20,LVEtransmission903,LVEtransmission515,
LVEtransmission739_to_LVEtransmission440_electricity,#3186cc,LV electricity distribution main,transmission,100000,1,20,LVEtransmission440,LVEtransmission739,
LVEtransmission734_to_LVEtransmission191_electricity,#3186cc,LV electricity distribution main,transmission,100000,1,20,LVEtransmission191,LVEtransmission734,
LVEtransmission191_to_LVEtransmission219_electricity,#3186cc,LV electricity distribution main,transmission,100000,1,20,LVEtransmission219,LVEtransmission191,
LVEtransmission77_to_LVEtransmission320_electricity,#3186cc,LV electricity distribution main,transmission,100000,1,20,LVEtransmission320,LVEtransmission77,
LVEtransmission320_to_LVEtransmission163_electricity,#3186cc,LV electricity distribution main,transmission,100000,1,20,LVEtransmission163,LVEtransmission320,
LVEtransmission163_to_LVEtransmission283_electricity,#3186cc,LV electricity distribution main,transmission,100000,1,20,LVEtransmission283,LVEtransmission163,
LVEtransmission283_to_LVEtransmission725_electricity,#3186cc,LV electricity distribution main,transmission,100000,1,20,LVEtransmission725,LVEtransmission283,
LVEtransmission725_to_LVEtransmission717_electricity,#3186cc,LV electricity distribution main,transmission,100000,1,20,LVEtransmission717,LVEtransmission725,
LVEtransmission717_to_LVEtransmission569_electricity,#3186cc,LV electricity distribution main,transmission,100000,1,20,LVEtransmission569,LVEtransmission717,
LVEtransmission569_to_LVEtransmission928_electricity,#3186cc,LV electricity distribution main,transmission,100000,1,20,LVEtransmission928,LVEtransmission569,
LVEtransmission928_to_LVEtransmission794_electricity,#3186cc,LV electricity distribution main,transmission,100000,1,20,LVEtransmission794,LVEtransmission928,
LVEtransmission77_to_LVEtransmission903_electricity,#3186cc,LV electricity distribution main,transmission,100000,1,20,LVEtransmission903,LVEtransmission77,
LVEtransmission903_to_LVEtransmission461_electricity,#3186cc,LV electricity distribution main,transmission,100000,1,20,LVEtransmission461,LVEtransmission903,
LVEtransmission461_to_LVEtransmission106_electricity,#3186cc,LV electricity distribution main,transmission,100000,1,20,LVEtransmission106,LVEtransmission461,
LVEtransmission827_to_LVEtransmission291_electricity,#3186cc,LV electricity distribution main,transmission,100000,1,20,LVEtransmission291,LVEtransmission827,
LVEtransmission291_to_LVEtransmission865_electricity,#3186cc,LV electricity distribution main,transmission,100000,1,20,LVEtransmission865,LVEtransmission291,
LVEtransmission696_to_LVEtransmission85_electricity,#3186cc,LV electricity distribution main,transmission,100000,1,20,LVEtransmission85,LVEtransmission696,
LVEtransmission85_to_LVEtransmission830_electricity,#3186cc,LV electricity distribution main,transmission,100000,1,20,LVEtransmission830,LVEtransmission85,
LVEtransmission830_to_LVEtransmission117_electricity,#3186cc,LV electricity distribution main,transmission,100000,1,20,LVEtransmission117,LVEtransmission830,
LVEtransmission117_to_LVEtransmission924_electricity,#3186cc,LV electricity distribution main,transmission,100000,1,20,LVEtransmission924,LVEtransmission117,
LVEtransmission924_to_LVEtransmission769_electricity,#3186cc,LV electricity distribution main,transmission,100000,1,20,LVEtransmission769,LVEtransmission924,
LVEtransmission769_to_LVEtransmission674_electricity,#3186cc,LV electricity distribution main,transmission,100000,1,20,LVEtransmission674,LVEtransmission769,
LVEtransmission674_to_LVEtransmission457_electricity,#3186cc,LV electricity distribution main,transmission,100000,1,20,LVEtransmission457,LVEtransmission674,
LVEtransmission457_to_LVEtransmission189_electricity,#3186cc,LV electricity distribution main,transmission,100000,1,20,LVEtransmission189,LVEtransmission457,
LVEtransmission189_to_LVEtransmission109_electricity,#3186cc,LV electricity distribution main,transmission,100000,1,20,LVEtransmission109,LVEtransmission189,
LVEtransmission109_to_LVEtransmission879_electricity,#3186cc,LV electricity distribution main,transmission,100000,1,20,LVEtransmission879,LVEtransmission109,
LVEtransmission879_to_LVEtransmission380_electricity,#3186cc,LV electricity distribution main,transmission,100000,1,20,LVEtransmission380,LVEtransmission879,
LVEtransmission380_to_LVEtransmission6_electricity,#3186cc,LV electricity distribution main,transmission,100000,1,20,LVEtransmission6,LVEtransmission380,
LVEtransmission6_to_LVEtransmission107_electricity,#3186cc,LV electricity distribution main,transmission,100000,1,20,LVEtransmission107,LVEtransmission6,
LVEtransmission107_to_LVEtransmission67_electricity,#3186cc,LV electricity distribution main,transmission,100000,1,20,LVEtransmission67,LVEtransmission107,
LVEtransmission67_to_LVEtransmission238_electricity,#3186cc,LV electricity distribution main,transmission,100000,1,20,LVEtransmission238,LVEtransmission67,
LVEtransmission238_to_LVEtransmission77_electricity,#3186cc,LV electricity distribution main,transmission,100000,1,20,LVEtransmission77,LVEtransmission238,
LVEtransmission543_to_LVEtransmission112_electricity,#3186cc,LV electricity distribution main,transmission,100000,1,20,LVEtransmission112,LVEtransmission543,
LVEtransmission112_to_LVEtransmission572_electricity,#3186cc,LV electricity distribution main,transmission,100000,1,20,LVEtransmission572,LVEtransmission112,
LVEtransmission572_to_LVEtransmission492_electricity,#3186cc,LV electricity distribution main,transmission,100000,1,20,LVEtransmission492,LVEtransmission572,
LVEtransmission492_to_LVEtransmission91_electricity,#3186cc,LV electricity distribution main,transmission,100000,1,20,LVEtransmission91,LVEtransmission492,
LVEtransmission610_to_LVEtransmission687_electricity,#3186cc,LV electricity distribution main,transmission,100000,1,20,LVEtransmission687,LVEtransmission610,
LVEtransmission687_to_LVEtransmission106_electricity,#3186cc,LV electricity distribution main,transmission,100000,1,20,LVEtransmission106,LVEtransmission687,
LVEtransmission106_to_LVEtransmission440_electricity,#3186cc,LV electricity distribution main,transmission,100000,1,20,LVEtransmission440,LVEtransmission106,
LVEtransmission440_to_LVEtransmission506_electricity,#3186cc,LV electricity distribution main,transmission,100000,1,20,LVEtransmission506,LVEtransmission440,
LVEtransmission785_to_LVEtransmission766_electricity,#3186cc,LV electricity distribution main,transmission,100000,1,20,LVEtransmission766,LVEtransmission785,
LVEtransmission766_to_LVEtransmission302_electricity,#3186cc,LV electricity distribution main,transmission,100000,1,20,LVEtransmission302,LVEtransmission766,
LVEtransmission302_to_LVEtransmission578_electricity,#3186cc,LV electricity distribution main,transmission,100000,1,20,LVEtransmission578,LVEtransmission302,
LVEtransmission578_to_LVEtransmission305_electricity,#3186cc,LV electricity distribution main,transmission,100000,1,20,LVEtransmission305,LVEtransmission578,
LVEtransmission305_to_LVEtransmission703_electricity,#3186cc,LV electricity distribution main,transmission,100000,1,20,LVEtransmission703,LVEtransmission305,
LVEtransmission703_to_LVEtransmission627_electricity,#3186cc,LV electricity distribution main,transmission,100000,1,20,LVEtransmission627,LVEtransmission703,
LVEtransmission627_to_LVEtransmission727_electricity,#3186cc,LV electricity distribution main,transmission,100000,1,20,LVEtransmission727,LVEtransmission627,
LVEtransmission727_to_LVEtransmission128_electricity,#3186cc,LV electricity distribution main,transmission,100000,1,20,LVEtransmission128,LVEtransmission727,
LVEtransmission128_to_LVEtransmission636_electricity,#3186cc,LV electricity distribution main,transmission,100000,1,20,LVEtransmission636,LVEtransmission128,
LVEtransmission636_to_LVEtransmission653_electricity,#3186cc,LV electricity distribution main,transmission,100000,1,20,LVEtransmission653,LVEtransmission636,
LVEtransmission653_to_LVEtransmission508_electricity,#3186cc,LV electricity distribution main,transmission,100000,1,20,LVEtransmission508,LVEtransmission653,
LVEtransmission508_to_LVEtransmission831_electricity,#3186cc,LV electricity distribution main,transmission,100000,1,20,LVEtransmission831,LVEtransmission508,
LVEtransmission831_to_LVEtransmission511_electricity,#3186cc,LV electricity distribution main,transmission,100000,1,20,LVEtransmission511,LVEtransmission831,
LVEtransmission511_to_LVEtransmission343_electricity,#3186cc,LV electricity distribution main,transmission,100000,1,20,LVEtransmission343,LVEtransmission511,
LVEtransmission343_to_LVEtransmission812_electricity,#3186cc,LV electricity distribution main,transmission,100000,1,20,LVEtransmission812,LVEtransmission343,
LVEtransmission812_to_LVEtransmission496_electricity,#3186cc,LV electricity distribution main,transmission,100000,1,20,LVEtransmission496,LVEtransmission812,
LVEtransmission496_to_LVEtransmission757_electricity,#3186cc,LV electricity distribution main,transmission,100000,1,20,LVEtransmission757,LVEtransmission496,
LVEtransmission757_to_LVEtransmission820_electricity,#3186cc,LV electricity distribution main,transmission,100000,1,20,LVEtransmission820,LVEtransmission757,
LVEtransmission820_to_LVEtransmission937_electricity,#3186cc,LV electricity distribution main,transmission,100000,1,20,LVEtransmission937,LVEtransmission820,
LVEtransmission937_to_LVEtransmission632_electricity,#3186cc,LV electricity distribution main,transmission,100000,1,20,LVEtransmission632,LVEtransmission937,
LVEtransmission632_to_LVEtransmission139_electricity,#3186cc,LV electricity distribution main,transmission,100000,1,20,LVEtransmission139,LVEtransmission632,
LVEtransmission139_to_LVEtransmission311_electricity,#3186cc,LV electricity distribution main,transmission,100000,1,20,LVEtransmission311,LVEtransmission139,
LVEtransmission311_to_LVEtransmission589_electricity,#3186cc,LV electricity distribution main,transmission,100000,1,20,LVEtransmission589,LVEtransmission311,
LVEtransmission589_to_LVEtransmission176_electricity,#3186cc,LV electricity distribution main,transmission,100000,1,20,LVEtransmission176,LVEtransmission589,
LVEtransmission176_to_LVEtransmission675_electricity,#3186cc,LV electricity distribution main,transmission,100000,1,20,LVEtransmission675,LVEtransmission176,
LVEtransmission675_to_LVEtransmission12_electricity,#3186cc,LV electricity distribution main,transmission,100000,1,20,LVEtransmission12,LVEtransmission675,
LVEtransmission12_to_LVEtransmission920_electricity,#3186cc,LV electricity distribution main,transmission,100000,1,20,LVEtransmission920,LVEtransmission12,
LVEtransmission920_to_LVEtransmission263_electricity,#3186cc,LV electricity distribution main,transmission,100000,1,20,LVEtransmission263,LVEtransmission920,
LVEtransmission263_to_LVEtransmission814_electricity,#3186cc,LV electricity distribution main,transmission,100000,1,20,LVEtransmission814,LVEtransmission263,
LVEtransmission814_to_LVEtransmission49_electricity,#3186cc,LV electricity distribution main,transmission,100000,1,20,LVEtransmission49,LVEtransmission814,
LVEtransmission49_to_LVEtransmission289_electricity,#3186cc,LV electricity distribution main,transmission,100000,1,20,LVEtransmission289,LVEtransmission49,
LVEtransmission289_to_LVEtransmission371_electricity,#3186cc,LV electricity distribution main,transmission,100000,1,20,LVEtransmission371,LVEtransmission289,
LVEtransmission371_to_LVEtransmission786_electricity,#3186cc,LV electricity distribution main,transmission,100000,1,20,LVEtransmission786,LVEtransmission371,
LVEtransmission786_to_LVEtransmission102_electricity,#3186cc,LV electricity distribution main,transmission,100000,1,20,LVEtransmission102,LVEtransmission786,
LVEtransmission102_to_LVEtransmission371_electricity,#3186cc,LV electricity distribution main,transmission,100000,1,20,LVEtransmission371,LVEtransmission102,
LVEtransmission371_to_LVEtransmission289_electricity,#3186cc,LV electricity distribution main,transmission,100000,1,20,LVEtransmission289,LVEtransmission371,
LVEtransmission289_to_LVEtransmission49_electricity,#3186cc,LV electricity distribution main,transmission,100000,1,20,LVEtransmission49,LVEtransmission289,
LVEtransmission49_to_LVEtransmission814_electricity,#3186cc,LV electricity distribution main,transmission,100000,1,20,LVEtransmission814,LVEtransmission49,
LVEtransmission814_to_LVEtransmission263_electricity,#3186cc,LV electricity distribution main,transmission,100000,1,20,LVEtransmission263,LVEtransmission814,
LVEtransmission263_to_LVEtransmission341_electricity,#3186cc,LV electricity distribution main,transmission,100000,1,20,LVEtransmission341,LVEtransmission263,
LVEtransmission341_to_LVEtransmission424_electricity,#3186cc,LV electricity distribution main,transmission,100000,1,20,LVEtransmission424,LVEtransmission341,
LVEtransmission424_to_LVEtransmission425_electricity,#3186cc,LV electricity distribution main,transmission,100000,1,20,LVEtransmission425,LVEtransmission424,
LVEtransmission425_to_LVEtransmission666_electricity,#3186cc,LV electricity distribution main,transmission,100000,1,20,LVEtransmission666,LVEtransmission425,
LVEtransmission666_to_LVEtransmission417_electricity,#3186cc,LV electricity distribution main,transmission,100000,1,20,LVEtransmission417,LVEtransmission666,
LVEtransmission417_to_LVEtransmission101_electricity,#3186cc,LV electricity distribution main,transmission,100000,1,20,LVEtransmission101,LVEtransmission417,
LVEtransmission101_to_LVEtransmission31_electricity,#3186cc,LV electricity distribution main,transmission,100000,1,20,LVEtransmission31,LVEtransmission101,
LVEtransmission31_to_LVEtransmission206_electricity,#3186cc,LV electricity distribution main,transmission,100000,1,20,LVEtransmission206,LVEtransmission31,
LVEtransmission206_to_LVEtransmission757_electricity,#3186cc,LV electricity distribution main,transmission,100000,1,20,LVEtransmission757,LVEtransmission206,
LVEtransmission757_to_LVEtransmission496_electricity,#3186cc,LV electricity distribution main,transmission,100000,1,20,LVEtransmission496,LVEtransmission757,
LVEtransmission496_to_LVEtransmission812_electricity,#3186cc,LV electricity distribution main,transmission,100000,1,20,LVEtransmission812,LVEtransmission496,
LVEtransmission812_to_LVEtransmission222_electricity,#3186cc,LV electricity distribution main,transmission,100000,1,20,LVEtransmission222,LVEtransmission812,
LVEtransmission222_to_LVEtransmission684_electricity,#3186cc,LV electricity distribution main,transmission,100000,1,20,LVEtransmission684,LVEtransmission222,
LVEtransmission684_to_LVEtransmission395_electricity,#3186cc,LV electricity distribution main,transmission,100000,1,20,LVEtransmission395,LVEtransmission684,
LVEtransmission395_to_LVEtransmission733_electricity,#3186cc,LV electricity distribution main,transmission,100000,1,20,LVEtransmission733,LVEtransmission395,
LVEtransmission733_to_LVEtransmission916_electricity,#3186cc,LV electricity distribution main,transmission,100000,1,20,LVEtransmission916,LVEtransmission733,
LVEtransmission916_to_LVEtransmission842_electricity,#3186cc,LV electricity distribution main,transmission,100000,1,20,LVEtransmission842,LVEtransmission916,
LVEtransmission842_to_LVEtransmission818_electricity,#3186cc,LV electricity distribution main,transmission,100000,1,20,LVEtransmission818,LVEtransmission842,
LVEtransmission818_to_LVEtransmission727_electricity,#3186cc,LV electricity distribution main,transmission,100000,1,20,LVEtransmission727,LVEtransmission818,
LVEtransmission727_to_LVEtransmission640_electricity,#3186cc,LV electricity distribution main,transmission,100000,1,20,LVEtransmission640,LVEtransmission727,
LVEtransmission640_to_LVEtransmission153_electricity,#3186cc,LV electricity distribution main,transmission,100000,1,20,LVEtransmission153,LVEtransmission640,
LVEtransmission153_to_LVEtransmission302_electricity,#3186cc,LV electricity distribution main,transmission,100000,1,20,LVEtransmission302,LVEtransmission153,
LVEtransmission302_to_LVEtransmission766_electricity,#3186cc,LV electricity distribution main,transmission,100000,1,20,LVEtransmission766,LVEtransmission302,
LVEtransmission766_to_LVEtransmission439_electricity,#3186cc,LV electricity distribution main,transmission,100000,1,20,LVEtransmission439,LVEtransmission766,
LVEtransmission439_to_LVEtransmission785_electricity,#3186cc,LV electricity distribution main,transmission,100000,1,20,LVEtransmission785,LVEtransmission439,
LVEtransmission822_to_LVEtransmission69_electricity,#3186cc,LV electricity distribution main,transmission,100000,1,20,LVEtransmission69,LVEtransmission822,
LVEtransmission69_to_LVEtransmission466_electricity,#3186cc,LV electricity distribution main,transmission,100000,1,20,LVEtransmission466,LVEtransmission69,
LVEtransmission466_to_LVEtransmission262_electricity,#3186cc,LV electricity distribution main,transmission,100000,1,20,LVEtransmission262,LVEtransmission466,
LVEtransmission262_to_LVEtransmission516_electricity,#3186cc,LV electricity distribution main,transmission,100000,1,20,LVEtransmission516,LVEtransmission262,
LVEtransmission516_to_LVEtransmission750_electricity,#3186cc,LV electricity distribution main,transmission,100000,1,20,LVEtransmission750,LVEtransmission516,
LVEtransmission750_to_LVEtransmission471_electricity,#3186cc,LV electricity distribution main,transmission,100000,1,20,LVEtransmission471,LVEtransmission750,
LVEtransmission450_to_LVEtransmission922_electricity,#3186cc,LV electricity distribution main,transmission,100000,1,20,LVEtransmission922,LVEtransmission450,
LVEtransmission922_to_LVEtransmission719_electricity,#3186cc,LV electricity distribution main,transmission,100000,1,20,LVEtransmission719,LVEtransmission922,
LVEtransmission719_to_LVEtransmission95_electricity,#3186cc,LV electricity distribution main,transmission,100000,1,20,LVEtransmission95,LVEtransmission719,
LVEtransmission95_to_LVEtransmission7_electricity,#3186cc,LV electricity distribution main,transmission,100000,1,20,LVEtransmission7,LVEtransmission95,
LVEtransmission7_to_LVEtransmission150_electricity,#3186cc,LV electricity distribution main,transmission,100000,1,20,LVEtransmission150,LVEtransmission7,
LVEtransmission150_to_LVEtransmission242_electricity,#3186cc,LV electricity distribution main,transmission,100000,1,20,LVEtransmission242,LVEtransmission150,
LVEtransmission14_to_LVEtransmission418_electricity,#3186cc,LV electricity distribution main,transmission,100000,1,20,LVEtransmission418,LVEtransmission14,
LVEtransmission418_to_LVEtransmission754_electricity,#3186cc,LV electricity distribution main,transmission,100000,1,20,LVEtransmission754,LVEtransmission418,
LVEtransmission754_to_LVEtransmission73_electricity,#3186cc,LV electricity distribution main,transmission,100000,1,20,LVEtransmission73,LVEtransmission754,
LVEtransmission73_to_LVEtransmission296_electricity,#3186cc,LV electricity distribution main,transmission,100000,1,20,LVEtransmission296,LVEtransmission73,
LVEtransmission743_to_LVEtransmission622_electricity,#3186cc,LV electricity distribution main,transmission,100000,1,20,LVEtransmission622,LVEtransmission743,
LVEtransmission622_to_LVEtransmission265_electricity,#3186cc,LV electricity distribution main,transmission,100000,1,20,LVEtransmission265,LVEtransmission622,
LVEtransmission265_to_LVEtransmission397_electricity,#3186cc,LV electricity distribution main,transmission,100000,1,20,LVEtransmission397,LVEtransmission265,
LVEtransmission397_to_LVEtransmission398_electricity,#3186cc,LV electricity distribution main,transmission,100000,1,20,LVEtransmission398,LVEtransmission397,
LVEtransmission398_to_LVEtransmission519_electricity,#3186cc,LV electricity distribution main,transmission,100000,1,20,LVEtransmission519,LVEtransmission398,
LVEtransmission519_to_LVEtransmission322_electricity,#3186cc,LV electricity distribution main,transmission,100000,1,20,LVEtransmission322,LVEtransmission519,
LVEtransmission322_to_LVEtransmission316_electricity,#3186cc,LV electricity distribution main,transmission,100000,1,20,LVEtransmission316,LVEtransmission322,
LVEtransmission316_to_LVEtransmission351_electricity,#3186cc,LV electricity distribution main,transmission,100000,1,20,LVEtransmission351,LVEtransmission316,
LVEtransmission351_to_LVEtransmission160_electricity,#3186cc,LV electricity distribution main,transmission,100000,1,20,LVEtransmission160,LVEtransmission351,
LVEtransmission160_to_LVEtransmission268_electricity,#3186cc,LV electricity distribution main,transmission,100000,1,20,LVEtransmission268,LVEtransmission160,
LVEtransmission268_to_LVEtransmission325_electricity,#3186cc,LV electricity distribution main,transmission,100000,1,20,LVEtransmission325,LVEtransmission268,
LVEtransmission325_to_LVEtransmission399_electricity,#3186cc,LV electricity distribution main,transmission,100000,1,20,LVEtransmission399,LVEtransmission325,
LVEtransmission399_to_LVEtransmission287_electricity,#3186cc,LV electricity distribution main,transmission,100000,1,20,LVEtransmission287,LVEtransmission399,
LVEtransmission287_to_LVEtransmission154_electricity,#3186cc,LV electricity distribution main,transmission,100000,1,20,LVEtransmission154,LVEtransmission287,
LVEtransmission154_to_LVEtransmission873_electricity,#3186cc,LV electricity distribution main,transmission,100000,1,20,LVEtransmission873,LVEtransmission154,
LVEtransmission873_to_LVEtransmission223_electricity,#3186cc,LV electricity distribution main,transmission,100000,1,20,LVEtransmission223,LVEtransmission873,
LVEtransmission223_to_LVEtransmission132_electricity,#3186cc,LV electricity distribution main,transmission,100000,1,20,LVEtransmission132,LVEtransmission223,
LVEtransmission132_to_LVEtransmission888_electricity,#3186cc,LV electricity distribution main,transmission,100000,1,20,LVEtransmission888,LVEtransmission132,
LVEtransmission888_to_LVEtransmission939_electricity,#3186cc,LV electricity distribution main,transmission,100000,1,20,LVEtransmission939,LVEtransmission888,
LVEtransmission939_to_LVEtransmission670_electricity,#3186cc,LV electricity distribution main,transmission,100000,1,20,LVEtransmission670,LVEtransmission939,
LVEtransmission670_to_LVEtransmission304_electricity,#3186cc,LV electricity distribution main,transmission,100000,1,20,LVEtransmission304,LVEtransmission670,
LVEtransmission304_to_LVEtransmission230_electricity,#3186cc,LV electricity distribution main,transmission,100000,1,20,LVEtransmission230,LVEtransmission304,
LVEtransmission230_to_LVEtransmission765_electricity,#3186cc,LV electricity distribution main,transmission,100000,1,20,LVEtransmission765,LVEtransmission230,
LVEtransmission765_to_LVEtransmission894_electricity,#3186cc,LV electricity distribution main,transmission,100000,1,20,LVEtransmission894,LVEtransmission765,
LVEtransmission894_to_LVEtransmission767_electricity,#3186cc,LV electricity distribution main,transmission,100000,1,20,LVEtransmission767,LVEtransmission894,
LVEtransmission252_to_LVEtransmission876_electricity,#3186cc,LV electricity distribution main,transmission,100000,1,20,LVEtransmission876,LVEtransmission252,
LVEtransmission876_to_LVEtransmission807_electricity,#3186cc,LV electricity distribution main,transmission,100000,1,20,LVEtransmission807,LVEtransmission876,
LVEtransmission481_to_LVEtransmission249_electricity,#3186cc,LV electricity distribution main,transmission,100000,1,20,LVEtransmission249,LVEtransmission481,
LVEtransmission249_to_LVEtransmission613_electricity,#3186cc,LV electricity distribution main,transmission,100000,1,20,LVEtransmission613,LVEtransmission249,
LVEtransmission613_to_LVEtransmission759_electricity,#3186cc,LV electricity distribution main,transmission,100000,1,20,LVEtransmission759,LVEtransmission613,
LVEtransmission759_to_LVEtransmission164_electricity,#3186cc,LV electricity distribution main,transmission,100000,1,20,LVEtransmission164,LVEtransmission759,
LVEtransmission164_to_LVEtransmission907_electricity,#3186cc,LV electricity distribution main,transmission,100000,1,20,LVEtransmission907,LVEtransmission164,
LVEtransmission907_to_LVEtransmission782_electricity,#3186cc,LV electricity distribution main,transmission,100000,1,20,LVEtransmission782,LVEtransmission907,
LVEtransmission782_to_LVEtransmission62_electricity,#3186cc,LV electricity distribution main,transmission,100000,1,20,LVEtransmission62,LVEtransmission782,
LVEtransmission62_to_LVEtransmission710_electricity,#3186cc,LV electricity distribution main,transmission,100000,1,20,LVEtransmission710,LVEtransmission62,
LVEtransmission710_to_LVEtransmission297_electricity,#3186cc,LV electricity distribution main,transmission,100000,1,20,LVEtransmission297,LVEtransmission710,
LVEtransmission297_to_LVEtransmission935_electricity,#3186cc,LV electricity distribution main,transmission,100000,1,20,LVEtransmission935,LVEtransmission297,
LVEtransmission935_to_LVEtransmission251_electricity,#3186cc,LV electricity distribution main,transmission,100000,1,20,LVEtransmission251,LVEtransmission935,
LVEtransmission251_to_LVEtransmission267_electricity,#3186cc,LV electricity distribution main,transmission,100000,1,20,LVEtransmission267,LVEtransmission251,
LVEtransmission711_to_LVEtransmission324_electricity,#3186cc,LV electricity distribution main,transmission,100000,1,20,LVEtransmission324,LVEtransmission711,
LVEtransmission324_to_LVEtransmission512_electricity,#3186cc,LV electricity distribution main,transmission,100000,1,20,LVEtransmission512,LVEtransmission324,
LVEtransmission512_to_LVEtransmission564_electricity,#3186cc,LV electricity distribution main,transmission,100000,1,20,LVEtransmission564,LVEtransmission512,
LVEtransmission1_to_LVEtransmission774_electricity,#3186cc,LV electricity distribution main,transmission,100000,1,20,LVEtransmission774,LVEtransmission1,
LVEtransmission774_to_LVEtransmission274_electricity,#3186cc,LV electricity distribution main,transmission,100000,1,20,LVEtransmission274,LVEtransmission774,
LVEtransmission274_to_LVEtransmission887_electricity,#3186cc,LV electricity distribution main,transmission,100000,1,20,LVEtransmission887,LVEtransmission274,
LVEtransmission887_to_LVEtransmission224_electricity,#3186cc,LV electricity distribution main,transmission,100000,1,20,LVEtransmission224,LVEtransmission887,
LVEtransmission224_to_LVEtransmission481_electricity,#3186cc,LV electricity distribution main,transmission,100000,1,20,LVEtransmission481,LVEtransmission224,
LVEtransmission374_to_LVEtransmission344_electricity,#3186cc,LV electricity distribution main,transmission,100000,1,20,LVEtransmission344,LVEtransmission374,
LVEtransmission344_to_LVEtransmission580_electricity,#3186cc,LV electricity distribution main,transmission,100000,1,20,LVEtransmission580,LVEtransmission344,
LVEtransmission580_to_LVEtransmission748_electricity,#3186cc,LV electricity distribution main,transmission,100000,1,20,LVEtransmission748,LVEtransmission580,
LVEtransmission748_to_LVEtransmission333_electricity,#3186cc,LV electricity distribution main,transmission,100000,1,20,LVEtransmission333,LVEtransmission748,
LVEtransmission333_to_LVEtransmission671_electricity,#3186cc,LV electricity distribution main,transmission,100000,1,20,LVEtransmission671,LVEtransmission333,
LVEtransmission671_to_LVEtransmission834_electricity,#3186cc,LV electricity distribution main,transmission,100000,1,20,LVEtransmission834,LVEtransmission671,
LVEtransmission834_to_LVEtransmission400_electricity,#3186cc,LV electricity distribution main,transmission,100000,1,20,LVEtransmission400,LVEtransmission834,
LVEtransmission400_to_LVEtransmission33_electricity,#3186cc,LV electricity distribution main,transmission,100000,1,20,LVEtransmission33,LVEtransmission400,
LVEtransmission33_to_LVEtransmission545_electricity,#3186cc,LV electricity distribution main,transmission,100000,1,20,LVEtransmission545,LVEtransmission33,
LVEtransmission545_to_LVEtransmission70_electricity,#3186cc,LV electricity distribution main,transmission,100000,1,20,LVEtransmission70,LVEtransmission545,
LVEtransmission70_to_LVEtransmission22_electricity,#3186cc,LV electricity distribution main,transmission,100000,1,20,LVEtransmission22,LVEtransmission70,
LVEtransmission22_to_LVEtransmission111_electricity,#3186cc,LV electricity distribution main,transmission,100000,1,20,LVEtransmission111,LVEtransmission22,
LVEtransmission111_to_LVEtransmission78_electricity,#3186cc,LV electricity distribution main,transmission,100000,1,20,LVEtransmission78,LVEtransmission111,
LVEtransmission145_to_LVEtransmission360_electricity,#3186cc,LV electricity distribution main,transmission,100000,1,20,LVEtransmission360,LVEtransmission145,
LVEtransmission360_to_LVEtransmission292_electricity,#3186cc,LV electricity distribution main,transmission,100000,1,20,LVEtransmission292,LVEtransmission360,
LVEtransmission872_to_LVEtransmission348_electricity,#3186cc,LV electricity distribution main,transmission,100000,1,20,LVEtransmission348,LVEtransmission872,
LVEtransmission348_to_LVEtransmission556_electricity,#3186cc,LV electricity distribution main,transmission,100000,1,20,LVEtransmission556,LVEtransmission348,
LVEtransmission556_to_LVEtransmission593_electricity,#3186cc,LV electricity distribution main,transmission,100000,1,20,LVEtransmission593,LVEtransmission556,
LVEtransmission593_to_LVEtransmission453_electricity,#3186cc,LV electricity distribution main,transmission,100000,1,20,LVEtransmission453,LVEtransmission593,
LVEtransmission453_to_LVEtransmission554_electricity,#3186cc,LV electricity distribution main,transmission,100000,1,20,LVEtransmission554,LVEtransmission453,
LVEtransmission554_to_LVEtransmission148_electricity,#3186cc,LV electricity distribution main,transmission,100000,1,20,LVEtransmission148,LVEtransmission554,
LVEtransmission148_to_LVEtransmission174_electricity,#3186cc,LV electricity distribution main,transmission,100000,1,20,LVEtransmission174,LVEtransmission148,
LVEtransmission174_to_LVEtransmission919_electricity,#3186cc,LV electricity distribution main,transmission,100000,1,20,LVEtransmission919,LVEtransmission174,
LVEtransmission919_to_LVEtransmission308_electricity,#3186cc,LV electricity distribution main,transmission,100000,1,20,LVEtransmission308,LVEtransmission919,
LVEtransmission308_to_LVEtransmission4_electricity,#3186cc,LV electricity distribution main,transmission,100000,1,20,LVEtransmission4,LVEtransmission308,
LVEtransmission4_to_LVEtransmission372_electricity,#3186cc,LV electricity distribution main,transmission,100000,1,20,LVEtransmission372,LVEtransmission4,
LVEtransmission372_to_LVEtransmission46_electricity,#3186cc,LV electricity distribution main,transmission,100000,1,20,LVEtransmission46,LVEtransmission372,
LVEtransmission46_to_LVEtransmission8_electricity,#3186cc,LV electricity distribution main,transmission,100000,1,20,LVEtransmission8,LVEtransmission46,
LVEtransmission8_to_LVEtransmission539_electricity,#3186cc,LV electricity distribution main,transmission,100000,1,20,LVEtransmission539,LVEtransmission8,
LVEtransmission539_to_LVEtransmission338_electricity,#3186cc,LV electricity distribution main,transmission,100000,1,20,LVEtransmission338,LVEtransmission539,
LVEtransmission338_to_LVEtransmission870_electricity,#3186cc,LV electricity distribution main,transmission,100000,1,20,LVEtransmission870,LVEtransmission338,
LVEtransmission870_to_LVEtransmission486_electricity,#3186cc,LV electricity distribution main,transmission,100000,1,20,LVEtransmission486,LVEtransmission870,
LVEtransmission486_to_LVEtransmission271_electricity,#3186cc,LV electricity distribution main,transmission,100000,1,20,LVEtransmission271,LVEtransmission486,
LVEtransmission271_to_LVEtransmission732_electricity,#3186cc,LV electricity distribution main,transmission,100000,1,20,LVEtransmission732,LVEtransmission271,
LVEtransmission732_to_LVEtransmission377_electricity,#3186cc,LV electricity distribution main,transmission,100000,1,20,LVEtransmission377,LVEtransmission732,
LVEtransmission377_to_LVEtransmission54_electricity,#3186cc,LV electricity distribution main,transmission,100000,1,20,LVEtransmission54,LVEtransmission377,
LVEtransmission54_to_LVEtransmission24_electricity,#3186cc,LV electricity distribution main,transmission,100000,1,20,LVEtransmission24,LVEtransmission54,
LVEtransmission24_to_LVEtransmission276_electricity,#3186cc,LV electricity distribution main,transmission,100000,1,20,LVEtransmission276,LVEtransmission24,
LVEtransmission276_to_LVEtransmission10_electricity,#3186cc,LV electricity distribution main,transmission,100000,1,20,LVEtransmission10,LVEtransmission276,
LVEtransmission10_to_LVEtransmission525_electricity,#3186cc,LV electricity distribution main,transmission,100000,1,20,LVEtransmission525,LVEtransmission10,
LVEtransmission525_to_LVEtransmission823_electricity,#3186cc,LV electricity distribution main,transmission,100000,1,20,LVEtransmission823,LVEtransmission525,
LVEtransmission823_to_LVEtransmission193_electricity,#3186cc,LV electricity distribution main,transmission,100000,1,20,LVEtransmission193,LVEtransmission823,
LVEtransmission193_to_LVEtransmission315_electricity,#3186cc,LV electricity distribution main,transmission,100000,1,20,LVEtransmission315,LVEtransmission193,
LVEtransmission315_to_LVEtransmission56_electricity,#3186cc,LV electricity distribution main,transmission,100000,1,20,LVEtransmission56,LVEtransmission315,
LVEtransmission56_to_LVEtransmission631_electricity,#3186cc,LV electricity distribution main,transmission,100000,1,20,LVEtransmission631,LVEtransmission56,
LVEtransmission631_to_LVEtransmission27_electricity,#3186cc,LV electricity distribution main,transmission,100000,1,20,LVEtransmission27,LVEtransmission631,
LVEtransmission27_to_LVEtransmission561_electricity,#3186cc,LV electricity distribution main,transmission,100000,1,20,LVEtransmission561,LVEtransmission27,
LVEtransmission561_to_LVEtransmission300_electricity,#3186cc,LV electricity distribution main,transmission,100000,1,20,LVEtransmission300,LVEtransmission561,
LVEtransmission300_to_LVEtransmission892_electricity,#3186cc,LV electricity distribution main,transmission,100000,1,20,LVEtransmission892,LVEtransmission300,
LVEtransmission892_to_LVEtransmission173_electricity,#3186cc,LV electricity distribution main,transmission,100000,1,20,LVEtransmission173,LVEtransmission892,
LVEtransmission173_to_LVEtransmission626_electricity,#3186cc,LV electricity distribution main,transmission,100000,1,20,LVEtransmission626,LVEtransmission173,
LVEtransmission626_to_LVEtransmission824_electricity,#3186cc,LV electricity distribution main,transmission,100000,1,20,LVEtransmission824,LVEtransmission626,
LVEtransmission824_to_LVEtransmission729_electricity,#3186cc,LV electricity distribution main,transmission,100000,1,20,LVEtransmission729,LVEtransmission824,
LVEtransmission729_to_LVEtransmission430_electricity,#3186cc,LV electricity distribution main,transmission,100000,1,20,LVEtransmission430,LVEtransmission729,
LVEtransmission430_to_LVEtransmission272_electricity,#3186cc,LV electricity distribution main,transmission,100000,1,20,LVEtransmission272,LVEtransmission430,
LVEtransmission272_to_LVEtransmission540_electricity,#3186cc,LV electricity distribution main,transmission,100000,1,20,LVEtransmission540,LVEtransmission272,
LVEtransmission478_to_LVEtransmission156_electricity,#3186cc,LV electricity distribution main,transmission,100000,1,20,LVEtransmission156,LVEtransmission478,
LVEtransmission156_to_LVEtransmission310_electricity,#3186cc,LV electricity distribution main,transmission,100000,1,20,LVEtransmission310,LVEtransmission156,
LVEtransmission310_to_LVEtransmission275_electricity,#3186cc,LV electricity distribution main,transmission,100000,1,20,LVEtransmission275,LVEtransmission310,
LVEtransmission275_to_LVEtransmission215_electricity,#3186cc,LV electricity distribution main,transmission,100000,1,20,LVEtransmission215,LVEtransmission275,
LVEtransmission215_to_LVEtransmission606_electricity,#3186cc,LV electricity distribution main,transmission,100000,1,20,LVEtransmission606,LVEtransmission215,
LVEtransmission606_to_LVEtransmission362_electricity,#3186cc,LV electricity distribution main,transmission,100000,1,20,LVEtransmission362,LVEtransmission606,
LVEtransmission362_to_LVEtransmission856_electricity,#3186cc,LV electricity distribution main,transmission,100000,1,20,LVEtransmission856,LVEtransmission362,
LVEtransmission856_to_LVEtransmission469_electricity,#3186cc,LV electricity distribution main,transmission,100000,1,20,LVEtransmission469,LVEtransmission856,
LVEtransmission469_to_LVEtransmission15_electricity,#3186cc,LV electricity distribution main,transmission,100000,1,20,LVEtransmission15,LVEtransmission469,
LVEtransmission15_to_LVEtransmission308_electricity,#3186cc,LV electricity distribution main,transmission,100000,1,20,LVEtransmission308,LVEtransmission15,
LVEtransmission308_to_LVEtransmission772_electricity,#3186cc,LV electricity distribution main,transmission,100000,1,20,LVEtransmission772,LVEtransmission308,
LVEtransmission772_to_LVEtransmission416_electricity,#3186cc,LV electricity distribution main,transmission,100000,1,20,LVEtransmission416,LVEtransmission772,
LVEtransmission416_to_LVEtransmission327_electricity,#3186cc,LV electricity distribution main,transmission,100000,1,20,LVEtransmission327,LVEtransmission416,
LVEtransmission327_to_LVEtransmission277_electricity,#3186cc,LV electricity distribution main,transmission,100000,1,20,LVEtransmission277,LVEtransmission327,
LVEtransmission277_to_LVEtransmission470_electricity,#3186cc,LV electricity distribution main,transmission,100000,1,20,LVEtransmission470,LVEtransmission277,
LVEtransmission470_to_LVEtransmission944_electricity,#3186cc,LV electricity distribution main,transmission,100000,1,20,LVEtransmission944,LVEtransmission470,
LVEtransmission944_to_LVEtransmission527_electricity,#3186cc,LV electricity distribution main,transmission,100000,1,20,LVEtransmission527,LVEtransmission944,
LVEtransmission527_to_LVEtransmission815_electricity,#3186cc,LV electricity distribution main,transmission,100000,1,20,LVEtransmission815,LVEtransmission527,
LVEtransmission815_to_LVEtransmission797_electricity,#3186cc,LV electricity distribution main,transmission,100000,1,20,LVEtransmission797,LVEtransmission815,
LVEtransmission797_to_LVEtransmission864_electricity,#3186cc,LV electricity distribution main,transmission,100000,1,20,LVEtransmission864,LVEtransmission797,
LVEtransmission864_to_LVEtransmission548_electricity,#3186cc,LV electricity distribution main,transmission,100000,1,20,LVEtransmission548,LVEtransmission864,
LVEtransmission548_to_LVEtransmission143_electricity,#3186cc,LV electricity distribution main,transmission,100000,1,20,LVEtransmission143,LVEtransmission548,
LVEtransmission143_to_LVEtransmission738_electricity,#3186cc,LV electricity distribution main,transmission,100000,1,20,LVEtransmission738,LVEtransmission143,
LVEtransmission738_to_LVEtransmission349_electricity,#3186cc,LV electricity distribution main,transmission,100000,1,20,LVEtransmission349,LVEtransmission738,
LVEtransmission349_to_LVEtransmission484_electricity,#3186cc,LV electricity distribution main,transmission,100000,1,20,LVEtransmission484,LVEtransmission349,
LVEtransmission484_to_LVEtransmission104_electricity,#3186cc,LV electricity distribution main,transmission,100000,1,20,LVEtransmission104,LVEtransmission484,
LVEtransmission104_to_LVEtransmission312_electricity,#3186cc,LV electricity distribution main,transmission,100000,1,20,LVEtransmission312,LVEtransmission104,
LVEtransmission312_to_LVEtransmission50_electricity,#3186cc,LV electricity distribution main,transmission,100000,1,20,LVEtransmission50,LVEtransmission312,
LVEtransmission50_to_LVEtransmission844_electricity,#3186cc,LV electricity distribution main,transmission,100000,1,20,LVEtransmission844,LVEtransmission50,
LVEtransmission844_to_LVEtransmission56_electricity,#3186cc,LV electricity distribution main,transmission,100000,1,20,LVEtransmission56,LVEtransmission844,
LVEtransmission561_to_LVEtransmission809_electricity,#3186cc,LV electricity distribution main,transmission,100000,1,20,LVEtransmission809,LVEtransmission561,
LVEtransmission809_to_LVEtransmission642_electricity,#3186cc,LV electricity distribution main,transmission,100000,1,20,LVEtransmission642,LVEtransmission809,
LVEtransmission642_to_LVEtransmission405_electricity,#3186cc,LV electricity distribution main,transmission,100000,1,20,LVEtransmission405,LVEtransmission642,
LVEtransmission405_to_LVEtransmission626_electricity,#3186cc,LV electricity distribution main,transmission,100000,1,20,LVEtransmission626,LVEtransmission405,
LVEtransmission626_to_LVEtransmission612_electricity,#3186cc,LV electricity distribution main,transmission,100000,1,20,LVEtransmission612,LVEtransmission626,
LVEtransmission612_to_LVEtransmission214_electricity,#3186cc,LV electricity distribution main,transmission,100000,1,20,LVEtransmission214,LVEtransmission612,
LVEtransmission214_to_LVEtransmission505_electricity,#3186cc,LV electricity distribution main,transmission,100000,1,20,LVEtransmission505,LVEtransmission214,
LVEtransmission505_to_LVEtransmission701_electricity,#3186cc,LV electricity distribution main,transmission,100000,1,20,LVEtransmission701,LVEtransmission505,
LVEtransmission353_to_LVEtransmission744_electricity,#3186cc,LV electricity distribution main,transmission,100000,1,20,LVEtransmission744,LVEtransmission353,
LVEtransmission744_to_LVEtransmission171_electricity,#3186cc,LV electricity distribution main,transmission,100000,1,20,LVEtransmission171,LVEtransmission744,
LVEtransmission171_to_LVEtransmission598_electricity,#3186cc,LV electricity distribution main,transmission,100000,1,20,LVEtransmission598,LVEtransmission171,
LVEtransmission598_to_LVEtransmission409_electricity,#3186cc,LV electricity distribution main,transmission,100000,1,20,LVEtransmission409,LVEtransmission598,
LVEtransmission930_to_LVEtransmission409_electricity,#3186cc,LV electricity distribution main,transmission,100000,1,20,LVEtransmission409,LVEtransmission930,
LVEtransmission409_to_LVEtransmission598_electricity,#3186cc,LV electricity distribution main,transmission,100000,1,20,LVEtransmission598,LVEtransmission409,
LVEtransmission598_to_LVEtransmission171_electricity,#3186cc,LV electricity distribution main,transmission,100000,1,20,LVEtransmission171,LVEtransmission598,
LVEtransmission171_to_LVEtransmission869_electricity,#3186cc,LV electricity distribution main,transmission,100000,1,20,LVEtransmission869,LVEtransmission171,
LVEtransmission869_to_LVEtransmission836_electricity,#3186cc,LV electricity distribution main,transmission,100000,1,20,LVEtransmission836,LVEtransmission869,
LVEtransmission836_to_LVEtransmission845_electricity,#3186cc,LV electricity distribution main,transmission,100000,1,20,LVEtransmission845,LVEtransmission836,
LVEtransmission845_to_LVEtransmission464_electricity,#3186cc,LV electricity distribution main,transmission,100000,1,20,LVEtransmission464,LVEtransmission845,
LVEtransmission464_to_LVEtransmission609_electricity,#3186cc,LV electricity distribution main,transmission,100000,1,20,LVEtransmission609,LVEtransmission464,
LVEtransmission609_to_LVEtransmission299_electricity,#3186cc,LV electricity distribution main,transmission,100000,1,20,LVEtransmission299,LVEtransmission609,
LVEtransmission299_to_LVEtransmission137_electricity,#3186cc,LV electricity distribution main,transmission,100000,1,20,LVEtransmission137,LVEtransmission299,
LVEtransmission137_to_LVEtransmission94_electricity,#3186cc,LV electricity distribution main,transmission,100000,1,20,LVEtransmission94,LVEtransmission137,
LVEtransmission94_to_LVEtransmission571_electricity,#3186cc,LV electricity distribution main,transmission,100000,1,20,LVEtransmission571,LVEtransmission94,
LVEtransmission571_to_LVEtransmission771_electricity,#3186cc,LV electricity distribution main,transmission,100000,1,20,LVEtransmission771,LVEtransmission571,
LVEtransmission771_to_LVEtransmission410_electricity,#3186cc,LV electricity distribution main,transmission,100000,1,20,LVEtransmission410,LVEtransmission771,
LVEtransmission410_to_LVEtransmission557_electricity,#3186cc,LV electricity distribution main,transmission,100000,1,20,LVEtransmission557,LVEtransmission410,
LVEtransmission557_to_LVEtransmission595_electricity,#3186cc,LV electricity distribution main,transmission,100000,1,20,LVEtransmission595,LVEtransmission557,
LVEtransmission595_to_LVEtransmission528_electricity,#3186cc,LV electricity distribution main,transmission,100000,1,20,LVEtransmission528,LVEtransmission595,
LVEtransmission528_to_LVEtransmission303_electricity,#3186cc,LV electricity distribution main,transmission,100000,1,20,LVEtransmission303,LVEtransmission528,
LVEtransmission303_to_LVEtransmission868_electricity,#3186cc,LV electricity distribution main,transmission,100000,1,20,LVEtransmission868,LVEtransmission303,
LVEtransmission868_to_LVEtransmission551_electricity,#3186cc,LV electricity distribution main,transmission,100000,1,20,LVEtransmission551,LVEtransmission868,
LVEtransmission551_to_LVEtransmission32_electricity,#3186cc,LV electricity distribution main,transmission,100000,1,20,LVEtransmission32,LVEtransmission551,
LVEtransmission32_to_LVEtransmission877_electricity,#3186cc,LV electricity distribution main,transmission,100000,1,20,LVEtransmission877,LVEtransmission32,
LVEtransmission877_to_LVEtransmission908_electricity,#3186cc,LV electricity distribution main,transmission,100000,1,20,LVEtransmission908,LVEtransmission877,
LVEtransmission908_to_LVEtransmission685_electricity,#3186cc,LV electricity distribution main,transmission,100000,1,20,LVEtransmission685,LVEtransmission908,
LVEtransmission685_to_LVEtransmission826_electricity,#3186cc,LV electricity distribution main,transmission,100000,1,20,LVEtransmission826,LVEtransmission685,
LVEtransmission826_to_LVEtransmission796_electricity,#3186cc,LV electricity distribution main,transmission,100000,1,20,LVEtransmission796,LVEtransmission826,
LVEtransmission796_to_LVEtransmission565_electricity,#3186cc,LV electricity distribution main,transmission,100000,1,20,LVEtransmission565,LVEtransmission796,
LVEtransmission565_to_LVEtransmission552_electricity,#3186cc,LV electricity distribution main,transmission,100000,1,20,LVEtransmission552,LVEtransmission565,
LVEtransmission552_to_LVEtransmission248_electricity,#3186cc,LV electricity distribution main,transmission,100000,1,20,LVEtransmission248,LVEtransmission552,
LVEtransmission248_to_LVEtransmission369_electricity,#3186cc,LV electricity distribution main,transmission,100000,1,20,LVEtransmission369,LVEtransmission248,
LVEtransmission369_to_LVEtransmission721_electricity,#3186cc,LV electricity distribution main,transmission,100000,1,20,LVEtransmission721,LVEtransmission369,
LVEtransmission721_to_LVEtransmission180_electricity,#3186cc,LV electricity distribution main,transmission,100000,1,20,LVEtransmission180,LVEtransmission721,
LVEtransmission646_to_LVEtransmission409_electricity,#3186cc,LV electricity distribution main,transmission,100000,1,20,LVEtransmission409,LVEtransmission646,
LVEtransmission409_to_LVEtransmission71_electricity,#3186cc,LV electricity distribution main,transmission,100000,1,20,LVEtransmission71,LVEtransmission409,
LVEtransmission71_to_LVEtransmission171_electricity,#3186cc,LV electricity distribution main,transmission,100000,1,20,LVEtransmission171,LVEtransmission71,
LVEtransmission171_to_LVEtransmission744_electricity,#3186cc,LV electricity distribution main,transmission,100000,1,20,LVEtransmission744,LVEtransmission171,
LVEtransmission744_to_LVEtransmission353_electricity,#3186cc,LV electricity distribution main,transmission,100000,1,20,LVEtransmission353,LVEtransmission744,
LVEtransmission353_to_LVEtransmission493_electricity,#3186cc,LV electricity distribution main,transmission,100000,1,20,LVEtransmission493,LVEtransmission353,
LVEtransmission493_to_LVEtransmission498_electricity,#3186cc,LV electricity distribution main,transmission,100000,1,20,LVEtransmission498,LVEtransmission493,
LVEtransmission498_to_LVEtransmission555_electricity,#3186cc,LV electricity distribution main,transmission,100000,1,20,LVEtransmission555,LVEtransmission498,
LVEtransmission555_to_LVEtransmission851_electricity,#3186cc,LV electricity distribution main,transmission,100000,1,20,LVEtransmission851,LVEtransmission555,
LVEtransmission851_to_LVEtransmission940_electricity,#3186cc,LV electricity distribution main,transmission,100000,1,20,LVEtransmission940,LVEtransmission851,
LVEtransmission940_to_LVEtransmission808_electricity,#3186cc,LV electricity distribution main,transmission,100000,1,20,LVEtransmission808,LVEtransmission940,
LVEtransmission808_to_LVEtransmission702_electricity,#3186cc,LV electricity distribution main,transmission,100000,1,20,LVEtransmission702,LVEtransmission808,
LVEtransmission702_to_LVEtransmission587_electricity,#3186cc,LV electricity distribution main,transmission,100000,1,20,LVEtransmission587,LVEtransmission702,
LVEtransmission587_to_LVEtransmission799_electricity,#3186cc,LV electricity distribution main,transmission,100000,1,20,LVEtransmission799,LVEtransmission587,
LVEtransmission799_to_LVEtransmission3_electricity,#3186cc,LV electricity distribution main,transmission,100000,1,20,LVEtransmission3,LVEtransmission799,
LVEtransmission3_to_LVEtransmission645_electricity,#3186cc,LV electricity distribution main,transmission,100000,1,20,LVEtransmission645,LVEtransmission3,
LVEtransmission645_to_LVEtransmission676_electricity,#3186cc,LV electricity distribution main,transmission,100000,1,20,LVEtransmission676,LVEtransmission645,
LVEtransmission676_to_LVEtransmission288_electricity,#3186cc,LV electricity distribution main,transmission,100000,1,20,LVEtransmission288,LVEtransmission676,
LVEtransmission288_to_LVEtransmission607_electricity,#3186cc,LV electricity distribution main,transmission,100000,1,20,LVEtransmission607,LVEtransmission288,
LVEtransmission607_to_LVEtransmission217_electricity,#3186cc,LV electricity distribution main,transmission,100000,1,20,LVEtransmission217,LVEtransmission607,
LVEtransmission217_to_LVEtransmission411_electricity,#3186cc,LV electricity distribution main,transmission,100000,1,20,LVEtransmission411,LVEtransmission217,
LVEtransmission411_to_LVEtransmission32_electricity,#3186cc,LV electricity distribution main,transmission,100000,1,20,LVEtransmission32,LVEtransmission411,
LVEtransmission32_to_LVEtransmission454_electricity,#3186cc,LV electricity distribution main,transmission,100000,1,20,LVEtransmission454,LVEtransmission32,
LVEtransmission454_to_LVEtransmission456_electricity,#3186cc,LV electricity distribution main,transmission,100000,1,20,LVEtransmission456,LVEtransmission454,
LVEtransmission456_to_LVEtransmission602_electricity,#3186cc,LV electricity distribution main,transmission,100000,1,20,LVEtransmission602,LVEtransmission456,
LVEtransmission602_to_LVEtransmission688_electricity,#3186cc,LV electricity distribution main,transmission,100000,1,20,LVEtransmission688,LVEtransmission602,
LVEtransmission688_to_LVEtransmission620_electricity,#3186cc,LV electricity distribution main,transmission,100000,1,20,LVEtransmission620,LVEtransmission688,
LVEtransmission620_to_LVEtransmission760_electricity,#3186cc,LV electricity distribution main,transmission,100000,1,20,LVEtransmission760,LVEtransmission620,
LVEtransmission760_to_LVEtransmission196_electricity,#3186cc,LV electricity distribution main,transmission,100000,1,20,LVEtransmission196,LVEtransmission760,
LVEtransmission196_to_LVEtransmission853_electricity,#3186cc,LV electricity distribution main,transmission,100000,1,20,LVEtransmission853,LVEtransmission196,
LVEtransmission853_to_LVEtransmission455_electricity,#3186cc,LV electricity distribution main,transmission,100000,1,20,LVEtransmission455,LVEtransmission853,
LVEtransmission455_to_LVEtransmission649_electricity,#3186cc,LV electricity distribution main,transmission,100000,1,20,LVEtransmission649,LVEtransmission455,
LVEtransmission649_to_LVEtransmission369_electricity,#3186cc,LV electricity distribution main,transmission,100000,1,20,LVEtransmission369,LVEtransmission649,
warmtenet4_to_substation_mythologiebuurt,#823747,Heat transmission main,transmission,100000,1,20,warmtenet4,substation_mythologiebuurt,
MV_LV_transformer1_to_LVEtransmission930_electricity,#3186cc,LV electricity distribution main,transmission,100000,1,20,LVEtransmission930,MV_LV_transformer1,
MV_LV_transformer2_to_LVEtransmission731_electricity,#3186cc,LV electricity distribution main,transmission,100000,1,20,LVEtransmission731,MV_LV_transformer2,
MV_LV_transformer3_to_LVEtransmission43_electricity,#3186cc,LV electricity distribution main,transmission,100000,1,20,LVEtransmission43,MV_LV_transformer3,
MV_LV_transformer4_to_LVEtransmission252_electricity,#3186cc,LV electricity distribution main,transmission,100000,1,20,LVEtransmission252,MV_LV_transformer4,
D0503100000018871_to_LVEtransmission564_electricity,#3186cc,LV electricity distribution secondary,transmission,100000,1,20,LVEtransmission564,D0503100000018871,
D0503100000018872_to_LVEtransmission256_electricity,#3186cc,LV electricity distribution secondary,transmission,100000,1,20,LVEtransmission256,D0503100000018872,
D0503100000018875_to_LVEtransmission594_electricity,#3186cc,LV electricity distribution secondary,transmission,100000,1,20,LVEtransmission594,D0503100000018875,
D0503100000018878_to_LVEtransmission785_electricity,#3186cc,LV electricity distribution secondary,transmission,100000,1,20,LVEtransmission785,D0503100000018878,
D0503100000018977_to_LVEtransmission921_electricity,#3186cc,LV electricity distribution secondary,transmission,100000,1,20,LVEtransmission921,D0503100000018977,
D0503100000018978_to_LVEtransmission234_electricity,#3186cc,LV electricity distribution secondary,transmission,100000,1,20,LVEtransmission234,D0503100000018978,
D0503100000023386_to_LVEtransmission167_electricity,#3186cc,LV electricity distribution secondary,transmission,100000,1,20,LVEtransmission167,D0503100000023386,
D0503100000023496_to_LVEtransmission790_electricity,#3186cc,LV electricity distribution secondary,transmission,100000,1,20,LVEtransmission790,D0503100000023496,
D0503100000023497_to_LVEtransmission884_electricity,#3186cc,LV electricity distribution secondary,transmission,100000,1,20,LVEtransmission884,D0503100000023497,
D0503100000023500_to_LVEtransmission367_electricity,#3186cc,LV electricity distribution secondary,transmission,100000,1,20,LVEtransmission367,D0503100000023500,
D0503100000031589_to_LVEtransmission221_electricity,#3186cc,LV electricity distribution secondary,transmission,100000,1,20,LVEtransmission221,D0503100000031589,
D0503100000032956_to_LVEtransmission773_electricity,#3186cc,LV electricity distribution secondary,transmission,100000,1,20,LVEtransmission773,D0503100000032956,
D0503100000034482_to_LVEtransmission688_electricity,#3186cc,LV electricity distribution secondary,transmission,100000,1,20,LVEtransmission688,D0503100000034482,
D0503100000036714_to_LVEtransmission540_electricity,#3186cc,LV electricity distribution secondary,transmission,100000,1,20,LVEtransmission540,D0503100000036714,
D0503100000018878_to_MV_LV_transformer4_electricity,#505596,LV electricity distribution secondary,transmission,100000,1,20,MV_LV_transformer4,D0503100000018878,2.355329585610248e-05
D0503100000018977_to_LVEtransmission383_electricity,#505596,LV electricity distribution secondary,transmission,100000,1,20,LVEtransmission383,D0503100000018977,2.301251131876866e-05
D0503100000023386_to_LVEtransmission136_electricity,#505596,LV electricity distribution secondary,transmission,100000,1,20,LVEtransmission136,D0503100000023386,2.182089259976547e-05
D0503100000036714_to_LVEtransmission543_electricity,#505596,LV electricity distribution secondary,transmission,100000,1,20,LVEtransmission543,D0503100000036714,9.187392940149544e-05
