techs,color,name,base_tech,flow_cap_max,flow_out_eff_per_distance,lifetime,link_to,link_from,distance
geothermie_delft_to_warmtenet1,#823739,Heat transmission main,transmission,100000,1,20,geothermie_delft,warmtenet1,
warmtenet1_to_warmtenet2,#823740,Heat transmission main,transmission,100000,1,20,warmtenet1,warmtenet2,
warmtenet2_to_warmtenet3,#823741,Heat transmission main,transmission,100000,1,20,warmtenet2,warmtenet3,
warmtenet3_to_warmtenet4,#823742,Heat transmission main,transmission,100000,1,20,warmtenet3,warmtenet4,
warmtenet4_to_warmtenet5,#823743,Heat transmission main,transmission,100000,1,20,warmtenet4,warmtenet5,
warmtenet5_to_warmtenet6,#823744,Heat transmission main,transmission,100000,1,20,warmtenet5,warmtenet6,
warmtenet6_to_warmtenet7,#823745,Heat transmission main,transmission,100000,1,20,warmtenet6,warmtenet7,
warmtenet7_to_warmtenet8,#823746,Heat transmission main,transmission,100000,1,20,warmtenet7,warmtenet8,
warmtenet8_to_warmtenet9,#823747,Heat transmission main,transmission,100000,1,20,warmtenet8,warmtenet9,
warmtenet9_to_warmtenet10,#823748,Heat transmission main,transmission,100000,1,20,warmtenet9,warmtenet10,
warmtenet10_to_warmtenet11,#823749,Heat transmission main,transmission,100000,1,20,warmtenet10,warmtenet11,
warmtenet11_to_warmtenet12,#823750,Heat transmission main,transmission,100000,1,20,warmtenet11,warmtenet12,
warmtenet4_to_warmtenet13,#823751,Heat transmission main,transmission,100000,1,20,warmtenet4,warmtenet13,
warmtenet13_to_warmtenet14,#823752,Heat transmission main,transmission,100000,1,20,warmtenet13,warmtenet14,
warmtenet14_to_warmtenet15,#823753,Heat transmission main,transmission,100000,1,20,warmtenet14,warmtenet15,
LQHtransmission2593_to_LQHtransmission2790_heat,#823740,LQ heat distribution main,transmission,100000,1,20,LQHtransmission2790,LQHtransmission2593,
LQHtransmission2790_to_LQHtransmission717_heat,#823740,LQ heat distribution main,transmission,100000,1,20,LQHtransmission717,LQHtransmission2790,
LQHtransmission717_to_LQHtransmission3361_heat,#823740,LQ heat distribution main,transmission,100000,1,20,LQHtransmission3361,LQHtransmission717,
LQHtransmission1210_to_LQHtransmission139_heat,#823740,LQ heat distribution main,transmission,100000,1,20,LQHtransmission139,LQHtransmission1210,
LQHtransmission760_to_LQHtransmission4446_heat,#823740,LQ heat distribution main,transmission,100000,1,20,LQHtransmission4446,LQHtransmission760,
LQHtransmission4446_to_LQHtransmission3902_heat,#823740,LQ heat distribution main,transmission,100000,1,20,LQHtransmission3902,LQHtransmission4446,
LQHtransmission3902_to_LQHtransmission3373_heat,#823740,LQ heat distribution main,transmission,100000,1,20,LQHtransmission3373,LQHtransmission3902,
LQHtransmission3373_to_LQHtransmission1141_heat,#823740,LQ heat distribution main,transmission,100000,1,20,LQHtransmission1141,LQHtransmission3373,
LQHtransmission1141_to_LQHtransmission4218_heat,#823740,LQ heat distribution main,transmission,100000,1,20,LQHtransmission4218,LQHtransmission1141,
LQHtransmission4218_to_LQHtransmission622_heat,#823740,LQ heat distribution main,transmission,100000,1,20,LQHtransmission622,LQHtransmission4218,
LQHtransmission622_to_LQHtransmission3723_heat,#823740,LQ heat distribution main,transmission,100000,1,20,LQHtransmission3723,LQHtransmission622,
LQHtransmission3723_to_LQHtransmission1976_heat,#823740,LQ heat distribution main,transmission,100000,1,20,LQHtransmission1976,LQHtransmission3723,
LQHtransmission1976_to_LQHtransmission1145_heat,#823740,LQ heat distribution main,transmission,100000,1,20,LQHtransmission1145,LQHtransmission1976,
LQHtransmission1145_to_LQHtransmission952_heat,#823740,LQ heat distribution main,transmission,100000,1,20,LQHtransmission952,LQHtransmission1145,
LQHtransmission952_to_LQHtransmission4314_heat,#823740,LQ heat distribution main,transmission,100000,1,20,LQHtransmission4314,LQHtransmission952,
LQHtransmission4314_to_LQHtransmission4112_heat,#823740,LQ heat distribution main,transmission,100000,1,20,LQHtransmission4112,LQHtransmission4314,
LQHtransmission4112_to_LQHtransmission2291_heat,#823740,LQ heat distribution main,transmission,100000,1,20,LQHtransmission2291,LQHtransmission4112,
LQHtransmission2291_to_LQHtransmission333_heat,#823740,LQ heat distribution main,transmission,100000,1,20,LQHtransmission333,LQHtransmission2291,
LQHtransmission333_to_LQHtransmission3230_heat,#823740,LQ heat distribution main,transmission,100000,1,20,LQHtransmission3230,LQHtransmission333,
LQHtransmission3230_to_LQHtransmission4364_heat,#823740,LQ heat distribution main,transmission,100000,1,20,LQHtransmission4364,LQHtransmission3230,
LQHtransmission4364_to_LQHtransmission1991_heat,#823740,LQ heat distribution main,transmission,100000,1,20,LQHtransmission1991,LQHtransmission4364,
LQHtransmission1991_to_LQHtransmission3310_heat,#823740,LQ heat distribution main,transmission,100000,1,20,LQHtransmission3310,LQHtransmission1991,
LQHtransmission3310_to_LQHtransmission923_heat,#823740,LQ heat distribution main,transmission,100000,1,20,LQHtransmission923,LQHtransmission3310,
LQHtransmission923_to_LQHtransmission2344_heat,#823740,LQ heat distribution main,transmission,100000,1,20,LQHtransmission2344,LQHtransmission923,
LQHtransmission2344_to_LQHtransmission2650_heat,#823740,LQ heat distribution main,transmission,100000,1,20,LQHtransmission2650,LQHtransmission2344,
LQHtransmission2650_to_LQHtransmission1761_heat,#823740,LQ heat distribution main,transmission,100000,1,20,LQHtransmission1761,LQHtransmission2650,
LQHtransmission1761_to_LQHtransmission3120_heat,#823740,LQ heat distribution main,transmission,100000,1,20,LQHtransmission3120,LQHtransmission1761,
LQHtransmission3120_to_LQHtransmission1168_heat,#823740,LQ heat distribution main,transmission,100000,1,20,LQHtransmission1168,LQHtransmission3120,
LQHtransmission1168_to_LQHtransmission3219_heat,#823740,LQ heat distribution main,transmission,100000,1,20,LQHtransmission3219,LQHtransmission1168,
LQHtransmission3219_to_LQHtransmission566_heat,#823740,LQ heat distribution main,transmission,100000,1,20,LQHtransmission566,LQHtransmission3219,
LQHtransmission566_to_LQHtransmission699_heat,#823740,LQ heat distribution main,transmission,100000,1,20,LQHtransmission699,LQHtransmission566,
LQHtransmission699_to_LQHtransmission1423_heat,#823740,LQ heat distribution main,transmission,100000,1,20,LQHtransmission1423,LQHtransmission699,
LQHtransmission1423_to_LQHtransmission3189_heat,#823740,LQ heat distribution main,transmission,100000,1,20,LQHtransmission3189,LQHtransmission1423,
LQHtransmission3189_to_LQHtransmission2848_heat,#823740,LQ heat distribution main,transmission,100000,1,20,LQHtransmission2848,LQHtransmission3189,
LQHtransmission2848_to_LQHtransmission2321_heat,#823740,LQ heat distribution main,transmission,100000,1,20,LQHtransmission2321,LQHtransmission2848,
LQHtransmission2321_to_LQHtransmission3573_heat,#823740,LQ heat distribution main,transmission,100000,1,20,LQHtransmission3573,LQHtransmission2321,
LQHtransmission3573_to_LQHtransmission2416_heat,#823740,LQ heat distribution main,transmission,100000,1,20,LQHtransmission2416,LQHtransmission3573,
LQHtransmission2416_to_LQHtransmission2921_heat,#823740,LQ heat distribution main,transmission,100000,1,20,LQHtransmission2921,LQHtransmission2416,
LQHtransmission2921_to_LQHtransmission162_heat,#823740,LQ heat distribution main,transmission,100000,1,20,LQHtransmission162,LQHtransmission2921,
LQHtransmission162_to_LQHtransmission4279_heat,#823740,LQ heat distribution main,transmission,100000,1,20,LQHtransmission4279,LQHtransmission162,
LQHtransmission4279_to_LQHtransmission1929_heat,#823740,LQ heat distribution main,transmission,100000,1,20,LQHtransmission1929,LQHtransmission4279,
LQHtransmission1929_to_LQHtransmission2332_heat,#823740,LQ heat distribution main,transmission,100000,1,20,LQHtransmission2332,LQHtransmission1929,
LQHtransmission2332_to_LQHtransmission4646_heat,#823740,LQ heat distribution main,transmission,100000,1,20,LQHtransmission4646,LQHtransmission2332,
LQHtransmission4646_to_LQHtransmission3103_heat,#823740,LQ heat distribution main,transmission,100000,1,20,LQHtransmission3103,LQHtransmission4646,
LQHtransmission3103_to_LQHtransmission2896_heat,#823740,LQ heat distribution main,transmission,100000,1,20,LQHtransmission2896,LQHtransmission3103,
LQHtransmission2896_to_LQHtransmission3617_heat,#823740,LQ heat distribution main,transmission,100000,1,20,LQHtransmission3617,LQHtransmission2896,
LQHtransmission3617_to_LQHtransmission748_heat,#823740,LQ heat distribution main,transmission,100000,1,20,LQHtransmission748,LQHtransmission3617,
LQHtransmission748_to_LQHtransmission529_heat,#823740,LQ heat distribution main,transmission,100000,1,20,LQHtransmission529,LQHtransmission748,
LQHtransmission529_to_LQHtransmission2435_heat,#823740,LQ heat distribution main,transmission,100000,1,20,LQHtransmission2435,LQHtransmission529,
LQHtransmission2435_to_LQHtransmission2201_heat,#823740,LQ heat distribution main,transmission,100000,1,20,LQHtransmission2201,LQHtransmission2435,
LQHtransmission2201_to_LQHtransmission352_heat,#823740,LQ heat distribution main,transmission,100000,1,20,LQHtransmission352,LQHtransmission2201,
LQHtransmission352_to_LQHtransmission686_heat,#823740,LQ heat distribution main,transmission,100000,1,20,LQHtransmission686,LQHtransmission352,
LQHtransmission686_to_LQHtransmission2111_heat,#823740,LQ heat distribution main,transmission,100000,1,20,LQHtransmission2111,LQHtransmission686,
LQHtransmission2111_to_LQHtransmission877_heat,#823740,LQ heat distribution main,transmission,100000,1,20,LQHtransmission877,LQHtransmission2111,
LQHtransmission877_to_LQHtransmission1822_heat,#823740,LQ heat distribution main,transmission,100000,1,20,LQHtransmission1822,LQHtransmission877,
LQHtransmission1822_to_LQHtransmission3761_heat,#823740,LQ heat distribution main,transmission,100000,1,20,LQHtransmission3761,LQHtransmission1822,
LQHtransmission3761_to_LQHtransmission849_heat,#823740,LQ heat distribution main,transmission,100000,1,20,LQHtransmission849,LQHtransmission3761,
LQHtransmission849_to_LQHtransmission1389_heat,#823740,LQ heat distribution main,transmission,100000,1,20,LQHtransmission1389,LQHtransmission849,
LQHtransmission1389_to_LQHtransmission3111_heat,#823740,LQ heat distribution main,transmission,100000,1,20,LQHtransmission3111,LQHtransmission1389,
LQHtransmission3111_to_LQHtransmission1350_heat,#823740,LQ heat distribution main,transmission,100000,1,20,LQHtransmission1350,LQHtransmission3111,
LQHtransmission1350_to_LQHtransmission1753_heat,#823740,LQ heat distribution main,transmission,100000,1,20,LQHtransmission1753,LQHtransmission1350,
LQHtransmission1753_to_LQHtransmission4640_heat,#823740,LQ heat distribution main,transmission,100000,1,20,LQHtransmission4640,LQHtransmission1753,
LQHtransmission4640_to_LQHtransmission2803_heat,#823740,LQ heat distribution main,transmission,100000,1,20,LQHtransmission2803,LQHtransmission4640,
LQHtransmission2803_to_LQHtransmission42_heat,#823740,LQ heat distribution main,transmission,100000,1,20,LQHtransmission42,LQHtransmission2803,
LQHtransmission42_to_LQHtransmission1912_heat,#823740,LQ heat distribution main,transmission,100000,1,20,LQHtransmission1912,LQHtransmission42,
LQHtransmission1912_to_LQHtransmission4729_heat,#823740,LQ heat distribution main,transmission,100000,1,20,LQHtransmission4729,LQHtransmission1912,
LQHtransmission4729_to_LQHtransmission1872_heat,#823740,LQ heat distribution main,transmission,100000,1,20,LQHtransmission1872,LQHtransmission4729,
LQHtransmission1872_to_LQHtransmission1710_heat,#823740,LQ heat distribution main,transmission,100000,1,20,LQHtransmission1710,LQHtransmission1872,
LQHtransmission1710_to_LQHtransmission479_heat,#823740,LQ heat distribution main,transmission,100000,1,20,LQHtransmission479,LQHtransmission1710,
LQHtransmission479_to_LQHtransmission1849_heat,#823740,LQ heat distribution main,transmission,100000,1,20,LQHtransmission1849,LQHtransmission479,
LQHtransmission1849_to_LQHtransmission65_heat,#823740,LQ heat distribution main,transmission,100000,1,20,LQHtransmission65,LQHtransmission1849,
LQHtransmission65_to_LQHtransmission3635_heat,#823740,LQ heat distribution main,transmission,100000,1,20,LQHtransmission3635,LQHtransmission65,
LQHtransmission2397_to_LQHtransmission2057_heat,#823740,LQ heat distribution main,transmission,100000,1,20,LQHtransmission2057,LQHtransmission2397,
LQHtransmission2057_to_LQHtransmission1715_heat,#823740,LQ heat distribution main,transmission,100000,1,20,LQHtransmission1715,LQHtransmission2057,
LQHtransmission1715_to_LQHtransmission4451_heat,#823740,LQ heat distribution main,transmission,100000,1,20,LQHtransmission4451,LQHtransmission1715,
LQHtransmission4451_to_LQHtransmission4021_heat,#823740,LQ heat distribution main,transmission,100000,1,20,LQHtransmission4021,LQHtransmission4451,
LQHtransmission4021_to_LQHtransmission2638_heat,#823740,LQ heat distribution main,transmission,100000,1,20,LQHtransmission2638,LQHtransmission4021,
LQHtransmission2638_to_LQHtransmission4010_heat,#823740,LQ heat distribution main,transmission,100000,1,20,LQHtransmission4010,LQHtransmission2638,
LQHtransmission4010_to_LQHtransmission964_heat,#823740,LQ heat distribution main,transmission,100000,1,20,LQHtransmission964,LQHtransmission4010,
LQHtransmission964_to_LQHtransmission3845_heat,#823740,LQ heat distribution main,transmission,100000,1,20,LQHtransmission3845,LQHtransmission964,
LQHtransmission3845_to_LQHtransmission4567_heat,#823740,LQ heat distribution main,transmission,100000,1,20,LQHtransmission4567,LQHtransmission3845,
LQHtransmission4567_to_LQHtransmission512_heat,#823740,LQ heat distribution main,transmission,100000,1,20,LQHtransmission512,LQHtransmission4567,
LQHtransmission512_to_LQHtransmission385_heat,#823740,LQ heat distribution main,transmission,100000,1,20,LQHtransmission385,LQHtransmission512,
LQHtransmission385_to_LQHtransmission1569_heat,#823740,LQ heat distribution main,transmission,100000,1,20,LQHtransmission1569,LQHtransmission385,
LQHtransmission1569_to_LQHtransmission2411_heat,#823740,LQ heat distribution main,transmission,100000,1,20,LQHtransmission2411,LQHtransmission1569,
LQHtransmission2411_to_LQHtransmission2182_heat,#823740,LQ heat distribution main,transmission,100000,1,20,LQHtransmission2182,LQHtransmission2411,
LQHtransmission2182_to_LQHtransmission4124_heat,#823740,LQ heat distribution main,transmission,100000,1,20,LQHtransmission4124,LQHtransmission2182,
LQHtransmission4124_to_LQHtransmission279_heat,#823740,LQ heat distribution main,transmission,100000,1,20,LQHtransmission279,LQHtransmission4124,
LQHtransmission279_to_LQHtransmission47_heat,#823740,LQ heat distribution main,transmission,100000,1,20,LQHtransmission47,LQHtransmission279,
LQHtransmission47_to_LQHtransmission4598_heat,#823740,LQ heat distribution main,transmission,100000,1,20,LQHtransmission4598,LQHtransmission47,
LQHtransmission4598_to_LQHtransmission2817_heat,#823740,LQ heat distribution main,transmission,100000,1,20,LQHtransmission2817,LQHtransmission4598,
LQHtransmission2817_to_LQHtransmission4247_heat,#823740,LQ heat distribution main,transmission,100000,1,20,LQHtransmission4247,LQHtransmission2817,
LQHtransmission4247_to_LQHtransmission2442_heat,#823740,LQ heat distribution main,transmission,100000,1,20,LQHtransmission2442,LQHtransmission4247,
LQHtransmission2442_to_LQHtransmission1815_heat,#823740,LQ heat distribution main,transmission,100000,1,20,LQHtransmission1815,LQHtransmission2442,
LQHtransmission1815_to_LQHtransmission2950_heat,#823740,LQ heat distribution main,transmission,100000,1,20,LQHtransmission2950,LQHtransmission1815,
LQHtransmission2950_to_LQHtransmission313_heat,#823740,LQ heat distribution main,transmission,100000,1,20,LQHtransmission313,LQHtransmission2950,
LQHtransmission313_to_LQHtransmission1645_heat,#823740,LQ heat distribution main,transmission,100000,1,20,LQHtransmission1645,LQHtransmission313,
LQHtransmission1645_to_LQHtransmission2145_heat,#823740,LQ heat distribution main,transmission,100000,1,20,LQHtransmission2145,LQHtransmission1645,
LQHtransmission2145_to_LQHtransmission1648_heat,#823740,LQ heat distribution main,transmission,100000,1,20,LQHtransmission1648,LQHtransmission2145,
LQHtransmission1648_to_LQHtransmission120_heat,#823740,LQ heat distribution main,transmission,100000,1,20,LQHtransmission120,LQHtransmission1648,
LQHtransmission120_to_LQHtransmission642_heat,#823740,LQ heat distribution main,transmission,100000,1,20,LQHtransmission642,LQHtransmission120,
LQHtransmission642_to_LQHtransmission4099_heat,#823740,LQ heat distribution main,transmission,100000,1,20,LQHtransmission4099,LQHtransmission642,
LQHtransmission4099_to_LQHtransmission3432_heat,#823740,LQ heat distribution main,transmission,100000,1,20,LQHtransmission3432,LQHtransmission4099,
LQHtransmission3432_to_LQHtransmission2962_heat,#823740,LQ heat distribution main,transmission,100000,1,20,LQHtransmission2962,LQHtransmission3432,
LQHtransmission2962_to_LQHtransmission2828_heat,#823740,LQ heat distribution main,transmission,100000,1,20,LQHtransmission2828,LQHtransmission2962,
LQHtransmission4040_to_LQHtransmission3604_heat,#823740,LQ heat distribution main,transmission,100000,1,20,LQHtransmission3604,LQHtransmission4040,
LQHtransmission3604_to_LQHtransmission3004_heat,#823740,LQ heat distribution main,transmission,100000,1,20,LQHtransmission3004,LQHtransmission3604,
LQHtransmission3004_to_LQHtransmission1832_heat,#823740,LQ heat distribution main,transmission,100000,1,20,LQHtransmission1832,LQHtransmission3004,
LQHtransmission1832_to_LQHtransmission1210_heat,#823740,LQ heat distribution main,transmission,100000,1,20,LQHtransmission1210,LQHtransmission1832,
LQHtransmission1131_to_LQHtransmission283_heat,#823740,LQ heat distribution main,transmission,100000,1,20,LQHtransmission283,LQHtransmission1131,
LQHtransmission283_to_LQHtransmission878_heat,#823740,LQ heat distribution main,transmission,100000,1,20,LQHtransmission878,LQHtransmission283,
LQHtransmission878_to_LQHtransmission1786_heat,#823740,LQ heat distribution main,transmission,100000,1,20,LQHtransmission1786,LQHtransmission878,
LQHtransmission1786_to_LQHtransmission1046_heat,#823740,LQ heat distribution main,transmission,100000,1,20,LQHtransmission1046,LQHtransmission1786,
LQHtransmission1046_to_LQHtransmission18_heat,#823740,LQ heat distribution main,transmission,100000,1,20,LQHtransmission18,LQHtransmission1046,
LQHtransmission18_to_LQHtransmission2800_heat,#823740,LQ heat distribution main,transmission,100000,1,20,LQHtransmission2800,LQHtransmission18,
LQHtransmission2800_to_LQHtransmission2565_heat,#823740,LQ heat distribution main,transmission,100000,1,20,LQHtransmission2565,LQHtransmission2800,
LQHtransmission2565_to_LQHtransmission2933_heat,#823740,LQ heat distribution main,transmission,100000,1,20,LQHtransmission2933,LQHtransmission2565,
LQHtransmission2933_to_LQHtransmission314_heat,#823740,LQ heat distribution main,transmission,100000,1,20,LQHtransmission314,LQHtransmission2933,
LQHtransmission314_to_LQHtransmission4044_heat,#823740,LQ heat distribution main,transmission,100000,1,20,LQHtransmission4044,LQHtransmission314,
LQHtransmission4044_to_LQHtransmission3762_heat,#823740,LQ heat distribution main,transmission,100000,1,20,LQHtransmission3762,LQHtransmission4044,
LQHtransmission3762_to_LQHtransmission1611_heat,#823740,LQ heat distribution main,transmission,100000,1,20,LQHtransmission1611,LQHtransmission3762,
LQHtransmission1611_to_LQHtransmission4527_heat,#823740,LQ heat distribution main,transmission,100000,1,20,LQHtransmission4527,LQHtransmission1611,
LQHtransmission4527_to_LQHtransmission4709_heat,#823740,LQ heat distribution main,transmission,100000,1,20,LQHtransmission4709,LQHtransmission4527,
LQHtransmission4709_to_LQHtransmission1050_heat,#823740,LQ heat distribution main,transmission,100000,1,20,LQHtransmission1050,LQHtransmission4709,
LQHtransmission1050_to_LQHtransmission3133_heat,#823740,LQ heat distribution main,transmission,100000,1,20,LQHtransmission3133,LQHtransmission1050,
LQHtransmission3133_to_LQHtransmission1774_heat,#823740,LQ heat distribution main,transmission,100000,1,20,LQHtransmission1774,LQHtransmission3133,
LQHtransmission1774_to_LQHtransmission4614_heat,#823740,LQ heat distribution main,transmission,100000,1,20,LQHtransmission4614,LQHtransmission1774,
LQHtransmission4614_to_LQHtransmission2398_heat,#823740,LQ heat distribution main,transmission,100000,1,20,LQHtransmission2398,LQHtransmission4614,
LQHtransmission2398_to_LQHtransmission873_heat,#823740,LQ heat distribution main,transmission,100000,1,20,LQHtransmission873,LQHtransmission2398,
LQHtransmission873_to_LQHtransmission2125_heat,#823740,LQ heat distribution main,transmission,100000,1,20,LQHtransmission2125,LQHtransmission873,
LQHtransmission2125_to_LQHtransmission3560_heat,#823740,LQ heat distribution main,transmission,100000,1,20,LQHtransmission3560,LQHtransmission2125,
LQHtransmission3560_to_LQHtransmission3328_heat,#823740,LQ heat distribution main,transmission,100000,1,20,LQHtransmission3328,LQHtransmission3560,
LQHtransmission3328_to_LQHtransmission1446_heat,#823740,LQ heat distribution main,transmission,100000,1,20,LQHtransmission1446,LQHtransmission3328,
LQHtransmission1446_to_LQHtransmission3885_heat,#823740,LQ heat distribution main,transmission,100000,1,20,LQHtransmission3885,LQHtransmission1446,
LQHtransmission3885_to_LQHtransmission4275_heat,#823740,LQ heat distribution main,transmission,100000,1,20,LQHtransmission4275,LQHtransmission3885,
LQHtransmission4275_to_LQHtransmission420_heat,#823740,LQ heat distribution main,transmission,100000,1,20,LQHtransmission420,LQHtransmission4275,
LQHtransmission420_to_LQHtransmission913_heat,#823740,LQ heat distribution main,transmission,100000,1,20,LQHtransmission913,LQHtransmission420,
LQHtransmission913_to_LQHtransmission1443_heat,#823740,LQ heat distribution main,transmission,100000,1,20,LQHtransmission1443,LQHtransmission913,
LQHtransmission1443_to_LQHtransmission2270_heat,#823740,LQ heat distribution main,transmission,100000,1,20,LQHtransmission2270,LQHtransmission1443,
LQHtransmission2270_to_LQHtransmission1982_heat,#823740,LQ heat distribution main,transmission,100000,1,20,LQHtransmission1982,LQHtransmission2270,
LQHtransmission1982_to_LQHtransmission3438_heat,#823740,LQ heat distribution main,transmission,100000,1,20,LQHtransmission3438,LQHtransmission1982,
LQHtransmission3438_to_LQHtransmission886_heat,#823740,LQ heat distribution main,transmission,100000,1,20,LQHtransmission886,LQHtransmission3438,
LQHtransmission886_to_LQHtransmission4556_heat,#823740,LQ heat distribution main,transmission,100000,1,20,LQHtransmission4556,LQHtransmission886,
LQHtransmission4556_to_LQHtransmission2157_heat,#823740,LQ heat distribution main,transmission,100000,1,20,LQHtransmission2157,LQHtransmission4556,
LQHtransmission2157_to_LQHtransmission3886_heat,#823740,LQ heat distribution main,transmission,100000,1,20,LQHtransmission3886,LQHtransmission2157,
LQHtransmission3886_to_LQHtransmission1424_heat,#823740,LQ heat distribution main,transmission,100000,1,20,LQHtransmission1424,LQHtransmission3886,
LQHtransmission1424_to_LQHtransmission2283_heat,#823740,LQ heat distribution main,transmission,100000,1,20,LQHtransmission2283,LQHtransmission1424,
LQHtransmission2283_to_LQHtransmission2460_heat,#823740,LQ heat distribution main,transmission,100000,1,20,LQHtransmission2460,LQHtransmission2283,
LQHtransmission2460_to_LQHtransmission3361_heat,#823740,LQ heat distribution main,transmission,100000,1,20,LQHtransmission3361,LQHtransmission2460,
LQHtransmission139_to_LQHtransmission2593_heat,#823740,LQ heat distribution main,transmission,100000,1,20,LQHtransmission2593,LQHtransmission139,
LQHtransmission4100_to_LQHtransmission2649_heat,#823740,LQ heat distribution main,transmission,100000,1,20,LQHtransmission2649,LQHtransmission4100,
LQHtransmission2649_to_LQHtransmission570_heat,#823740,LQ heat distribution main,transmission,100000,1,20,LQHtransmission570,LQHtransmission2649,
LQHtransmission570_to_LQHtransmission2359_heat,#823740,LQ heat distribution main,transmission,100000,1,20,LQHtransmission2359,LQHtransmission570,
LQHtransmission2359_to_LQHtransmission540_heat,#823740,LQ heat distribution main,transmission,100000,1,20,LQHtransmission540,LQHtransmission2359,
LQHtransmission2425_to_LQHtransmission3042_heat,#823740,LQ heat distribution main,transmission,100000,1,20,LQHtransmission3042,LQHtransmission2425,
LQHtransmission3042_to_LQHtransmission2320_heat,#823740,LQ heat distribution main,transmission,100000,1,20,LQHtransmission2320,LQHtransmission3042,
LQHtransmission2320_to_LQHtransmission3968_heat,#823740,LQ heat distribution main,transmission,100000,1,20,LQHtransmission3968,LQHtransmission2320,
LQHtransmission3361_to_LQHtransmission342_heat,#823740,LQ heat distribution main,transmission,100000,1,20,LQHtransmission342,LQHtransmission3361,
LQHtransmission3968_to_LQHtransmission4551_heat,#823740,LQ heat distribution main,transmission,100000,1,20,LQHtransmission4551,LQHtransmission3968,
LQHtransmission4551_to_LQHtransmission1374_heat,#823740,LQ heat distribution main,transmission,100000,1,20,LQHtransmission1374,LQHtransmission4551,
LQHtransmission2872_to_LQHtransmission2455_heat,#823740,LQ heat distribution main,transmission,100000,1,20,LQHtransmission2455,LQHtransmission2872,
LQHtransmission2455_to_LQHtransmission2001_heat,#823740,LQ heat distribution main,transmission,100000,1,20,LQHtransmission2001,LQHtransmission2455,
LQHtransmission2001_to_LQHtransmission2857_heat,#823740,LQ heat distribution main,transmission,100000,1,20,LQHtransmission2857,LQHtransmission2001,
LQHtransmission2857_to_LQHtransmission4426_heat,#823740,LQ heat distribution main,transmission,100000,1,20,LQHtransmission4426,LQHtransmission2857,
LQHtransmission4426_to_LQHtransmission388_heat,#823740,LQ heat distribution main,transmission,100000,1,20,LQHtransmission388,LQHtransmission4426,
LQHtransmission388_to_LQHtransmission603_heat,#823740,LQ heat distribution main,transmission,100000,1,20,LQHtransmission603,LQHtransmission388,
LQHtransmission603_to_LQHtransmission1051_heat,#823740,LQ heat distribution main,transmission,100000,1,20,LQHtransmission1051,LQHtransmission603,
LQHtransmission1051_to_LQHtransmission3564_heat,#823740,LQ heat distribution main,transmission,100000,1,20,LQHtransmission3564,LQHtransmission1051,
LQHtransmission3564_to_LQHtransmission3511_heat,#823740,LQ heat distribution main,transmission,100000,1,20,LQHtransmission3511,LQHtransmission3564,
LQHtransmission3511_to_LQHtransmission3416_heat,#823740,LQ heat distribution main,transmission,100000,1,20,LQHtransmission3416,LQHtransmission3511,
LQHtransmission3416_to_LQHtransmission3043_heat,#823740,LQ heat distribution main,transmission,100000,1,20,LQHtransmission3043,LQHtransmission3416,
LQHtransmission3043_to_LQHtransmission2428_heat,#823740,LQ heat distribution main,transmission,100000,1,20,LQHtransmission2428,LQHtransmission3043,
LQHtransmission2428_to_LQHtransmission3623_heat,#823740,LQ heat distribution main,transmission,100000,1,20,LQHtransmission3623,LQHtransmission2428,
LQHtransmission3623_to_LQHtransmission1546_heat,#823740,LQ heat distribution main,transmission,100000,1,20,LQHtransmission1546,LQHtransmission3623,
LQHtransmission1546_to_LQHtransmission2986_heat,#823740,LQ heat distribution main,transmission,100000,1,20,LQHtransmission2986,LQHtransmission1546,
LQHtransmission2986_to_LQHtransmission4633_heat,#823740,LQ heat distribution main,transmission,100000,1,20,LQHtransmission4633,LQHtransmission2986,
LQHtransmission4633_to_LQHtransmission2511_heat,#823740,LQ heat distribution main,transmission,100000,1,20,LQHtransmission2511,LQHtransmission4633,
LQHtransmission2511_to_LQHtransmission3034_heat,#823740,LQ heat distribution main,transmission,100000,1,20,LQHtransmission3034,LQHtransmission2511,
LQHtransmission3034_to_LQHtransmission928_heat,#823740,LQ heat distribution main,transmission,100000,1,20,LQHtransmission928,LQHtransmission3034,
LQHtransmission928_to_LQHtransmission4089_heat,#823740,LQ heat distribution main,transmission,100000,1,20,LQHtransmission4089,LQHtransmission928,
LQHtransmission4089_to_LQHtransmission4334_heat,#823740,LQ heat distribution main,transmission,100000,1,20,LQHtransmission4334,LQHtransmission4089,
LQHtransmission4334_to_LQHtransmission373_heat,#823740,LQ heat distribution main,transmission,100000,1,20,LQHtransmission373,LQHtransmission4334,
LQHtransmission373_to_LQHtransmission2151_heat,#823740,LQ heat distribution main,transmission,100000,1,20,LQHtransmission2151,LQHtransmission373,
LQHtransmission2151_to_LQHtransmission10_heat,#823740,LQ heat distribution main,transmission,100000,1,20,LQHtransmission10,LQHtransmission2151,
LQHtransmission10_to_LQHtransmission1725_heat,#823740,LQ heat distribution main,transmission,100000,1,20,LQHtransmission1725,LQHtransmission10,
LQHtransmission1725_to_LQHtransmission2745_heat,#823740,LQ heat distribution main,transmission,100000,1,20,LQHtransmission2745,LQHtransmission1725,
LQHtransmission2745_to_LQHtransmission3439_heat,#823740,LQ heat distribution main,transmission,100000,1,20,LQHtransmission3439,LQHtransmission2745,
LQHtransmission3439_to_LQHtransmission1853_heat,#823740,LQ heat distribution main,transmission,100000,1,20,LQHtransmission1853,LQHtransmission3439,
LQHtransmission1853_to_LQHtransmission2804_heat,#823740,LQ heat distribution main,transmission,100000,1,20,LQHtransmission2804,LQHtransmission1853,
LQHtransmission2804_to_LQHtransmission1181_heat,#823740,LQ heat distribution main,transmission,100000,1,20,LQHtransmission1181,LQHtransmission2804,
LQHtransmission1181_to_LQHtransmission2185_heat,#823740,LQ heat distribution main,transmission,100000,1,20,LQHtransmission2185,LQHtransmission1181,
LQHtransmission2185_to_LQHtransmission3688_heat,#823740,LQ heat distribution main,transmission,100000,1,20,LQHtransmission3688,LQHtransmission2185,
LQHtransmission3688_to_LQHtransmission1579_heat,#823740,LQ heat distribution main,transmission,100000,1,20,LQHtransmission1579,LQHtransmission3688,
LQHtransmission1579_to_LQHtransmission4040_heat,#823740,LQ heat distribution main,transmission,100000,1,20,LQHtransmission4040,LQHtransmission1579,
LQHtransmission3351_to_LQHtransmission3220_heat,#823740,LQ heat distribution main,transmission,100000,1,20,LQHtransmission3220,LQHtransmission3351,
LQHtransmission3220_to_LQHtransmission2553_heat,#823740,LQ heat distribution main,transmission,100000,1,20,LQHtransmission2553,LQHtransmission3220,
LQHtransmission587_to_LQHtransmission2377_heat,#823740,LQ heat distribution main,transmission,100000,1,20,LQHtransmission2377,LQHtransmission587,
LQHtransmission2377_to_LQHtransmission316_heat,#823740,LQ heat distribution main,transmission,100000,1,20,LQHtransmission316,LQHtransmission2377,
LQHtransmission316_to_LQHtransmission1818_heat,#823740,LQ heat distribution main,transmission,100000,1,20,LQHtransmission1818,LQHtransmission316,
LQHtransmission1818_to_LQHtransmission2858_heat,#823740,LQ heat distribution main,transmission,100000,1,20,LQHtransmission2858,LQHtransmission1818,
LQHtransmission2858_to_LQHtransmission2404_heat,#823740,LQ heat distribution main,transmission,100000,1,20,LQHtransmission2404,LQHtransmission2858,
LQHtransmission2404_to_LQHtransmission1873_heat,#823740,LQ heat distribution main,transmission,100000,1,20,LQHtransmission1873,LQHtransmission2404,
LQHtransmission1873_to_LQHtransmission1854_heat,#823740,LQ heat distribution main,transmission,100000,1,20,LQHtransmission1854,LQHtransmission1873,
LQHtransmission1854_to_LQHtransmission760_heat,#823740,LQ heat distribution main,transmission,100000,1,20,LQHtransmission760,LQHtransmission1854,
LQHtransmission1374_to_LQHtransmission1913_heat,#823740,LQ heat distribution main,transmission,100000,1,20,LQHtransmission1913,LQHtransmission1374,
LQHtransmission1913_to_LQHtransmission2872_heat,#823740,LQ heat distribution main,transmission,100000,1,20,LQHtransmission2872,LQHtransmission1913,
LQHtransmission1347_to_LQHtransmission3584_heat,#823740,LQ heat distribution main,transmission,100000,1,20,LQHtransmission3584,LQHtransmission1347,
LQHtransmission3584_to_LQHtransmission1235_heat,#823740,LQ heat distribution main,transmission,100000,1,20,LQHtransmission1235,LQHtransmission3584,
LQHtransmission1235_to_LQHtransmission2084_heat,#823740,LQ heat distribution main,transmission,100000,1,20,LQHtransmission2084,LQHtransmission1235,
LQHtransmission2084_to_LQHtransmission2252_heat,#823740,LQ heat distribution main,transmission,100000,1,20,LQHtransmission2252,LQHtransmission2084,
LQHtransmission2252_to_LQHtransmission4627_heat,#823740,LQ heat distribution main,transmission,100000,1,20,LQHtransmission4627,LQHtransmission2252,
LQHtransmission4627_to_LQHtransmission4014_heat,#823740,LQ heat distribution main,transmission,100000,1,20,LQHtransmission4014,LQHtransmission4627,
LQHtransmission895_to_LQHtransmission2845_heat,#823740,LQ heat distribution main,transmission,100000,1,20,LQHtransmission2845,LQHtransmission895,
LQHtransmission2845_to_LQHtransmission2244_heat,#823740,LQ heat distribution main,transmission,100000,1,20,LQHtransmission2244,LQHtransmission2845,
LQHtransmission2244_to_LQHtransmission4362_heat,#823740,LQ heat distribution main,transmission,100000,1,20,LQHtransmission4362,LQHtransmission2244,
LQHtransmission4362_to_LQHtransmission2083_heat,#823740,LQ heat distribution main,transmission,100000,1,20,LQHtransmission2083,LQHtransmission4362,
LQHtransmission2083_to_LQHtransmission2929_heat,#823740,LQ heat distribution main,transmission,100000,1,20,LQHtransmission2929,LQHtransmission2083,
LQHtransmission2929_to_LQHtransmission2821_heat,#823740,LQ heat distribution main,transmission,100000,1,20,LQHtransmission2821,LQHtransmission2929,
LQHtransmission2821_to_LQHtransmission3163_heat,#823740,LQ heat distribution main,transmission,100000,1,20,LQHtransmission3163,LQHtransmission2821,
LQHtransmission3163_to_LQHtransmission4276_heat,#823740,LQ heat distribution main,transmission,100000,1,20,LQHtransmission4276,LQHtransmission3163,
LQHtransmission4276_to_LQHtransmission4038_heat,#823740,LQ heat distribution main,transmission,100000,1,20,LQHtransmission4038,LQHtransmission4276,
LQHtransmission4038_to_LQHtransmission2910_heat,#823740,LQ heat distribution main,transmission,100000,1,20,LQHtransmission2910,LQHtransmission4038,
LQHtransmission2910_to_LQHtransmission722_heat,#823740,LQ heat distribution main,transmission,100000,1,20,LQHtransmission722,LQHtransmission2910,
LQHtransmission722_to_LQHtransmission3897_heat,#823740,LQ heat distribution main,transmission,100000,1,20,LQHtransmission3897,LQHtransmission722,
LQHtransmission3897_to_LQHtransmission4692_heat,#823740,LQ heat distribution main,transmission,100000,1,20,LQHtransmission4692,LQHtransmission3897,
LQHtransmission4692_to_LQHtransmission4019_heat,#823740,LQ heat distribution main,transmission,100000,1,20,LQHtransmission4019,LQHtransmission4692,
LQHtransmission4019_to_LQHtransmission250_heat,#823740,LQ heat distribution main,transmission,100000,1,20,LQHtransmission250,LQHtransmission4019,
LQHtransmission250_to_LQHtransmission1165_heat,#823740,LQ heat distribution main,transmission,100000,1,20,LQHtransmission1165,LQHtransmission250,
LQHtransmission1165_to_LQHtransmission1612_heat,#823740,LQ heat distribution main,transmission,100000,1,20,LQHtransmission1612,LQHtransmission1165,
LQHtransmission1612_to_LQHtransmission2517_heat,#823740,LQ heat distribution main,transmission,100000,1,20,LQHtransmission2517,LQHtransmission1612,
LQHtransmission2517_to_LQHtransmission329_heat,#823740,LQ heat distribution main,transmission,100000,1,20,LQHtransmission329,LQHtransmission2517,
LQHtransmission329_to_LQHtransmission2225_heat,#823740,LQ heat distribution main,transmission,100000,1,20,LQHtransmission2225,LQHtransmission329,
LQHtransmission2225_to_LQHtransmission1148_heat,#823740,LQ heat distribution main,transmission,100000,1,20,LQHtransmission1148,LQHtransmission2225,
LQHtransmission1148_to_LQHtransmission2070_heat,#823740,LQ heat distribution main,transmission,100000,1,20,LQHtransmission2070,LQHtransmission1148,
LQHtransmission2070_to_LQHtransmission2028_heat,#823740,LQ heat distribution main,transmission,100000,1,20,LQHtransmission2028,LQHtransmission2070,
LQHtransmission2028_to_LQHtransmission2298_heat,#823740,LQ heat distribution main,transmission,100000,1,20,LQHtransmission2298,LQHtransmission2028,
LQHtransmission2298_to_LQHtransmission1213_heat,#823740,LQ heat distribution main,transmission,100000,1,20,LQHtransmission1213,LQHtransmission2298,
LQHtransmission1213_to_LQHtransmission3687_heat,#823740,LQ heat distribution main,transmission,100000,1,20,LQHtransmission3687,LQHtransmission1213,
LQHtransmission3687_to_LQHtransmission809_heat,#823740,LQ heat distribution main,transmission,100000,1,20,LQHtransmission809,LQHtransmission3687,
LQHtransmission809_to_LQHtransmission2892_heat,#823740,LQ heat distribution main,transmission,100000,1,20,LQHtransmission2892,LQHtransmission809,
LQHtransmission1544_to_LQHtransmission1078_heat,#823740,LQ heat distribution main,transmission,100000,1,20,LQHtransmission1078,LQHtransmission1544,
LQHtransmission1078_to_LQHtransmission1310_heat,#823740,LQ heat distribution main,transmission,100000,1,20,LQHtransmission1310,LQHtransmission1078,
LQHtransmission1310_to_LQHtransmission1340_heat,#823740,LQ heat distribution main,transmission,100000,1,20,LQHtransmission1340,LQHtransmission1310,
LQHtransmission2357_to_LQHtransmission4660_heat,#823740,LQ heat distribution main,transmission,100000,1,20,LQHtransmission4660,LQHtransmission2357,
LQHtransmission4660_to_LQHtransmission4532_heat,#823740,LQ heat distribution main,transmission,100000,1,20,LQHtransmission4532,LQHtransmission4660,
LQHtransmission4532_to_LQHtransmission2450_heat,#823740,LQ heat distribution main,transmission,100000,1,20,LQHtransmission2450,LQHtransmission4532,
LQHtransmission2450_to_LQHtransmission1337_heat,#823740,LQ heat distribution main,transmission,100000,1,20,LQHtransmission1337,LQHtransmission2450,
LQHtransmission1337_to_LQHtransmission3601_heat,#823740,LQ heat distribution main,transmission,100000,1,20,LQHtransmission3601,LQHtransmission1337,
LQHtransmission3601_to_LQHtransmission2276_heat,#823740,LQ heat distribution main,transmission,100000,1,20,LQHtransmission2276,LQHtransmission3601,
LQHtransmission1404_to_LQHtransmission3975_heat,#823740,LQ heat distribution main,transmission,100000,1,20,LQHtransmission3975,LQHtransmission1404,
LQHtransmission3975_to_LQHtransmission3689_heat,#823740,LQ heat distribution main,transmission,100000,1,20,LQHtransmission3689,LQHtransmission3975,
LQHtransmission157_to_LQHtransmission315_heat,#823740,LQ heat distribution main,transmission,100000,1,20,LQHtransmission315,LQHtransmission157,
LQHtransmission315_to_LQHtransmission2033_heat,#823740,LQ heat distribution main,transmission,100000,1,20,LQHtransmission2033,LQHtransmission315,
LQHtransmission2033_to_LQHtransmission604_heat,#823740,LQ heat distribution main,transmission,100000,1,20,LQHtransmission604,LQHtransmission2033,
LQHtransmission604_to_LQHtransmission317_heat,#823740,LQ heat distribution main,transmission,100000,1,20,LQHtransmission317,LQHtransmission604,
LQHtransmission317_to_LQHtransmission405_heat,#823740,LQ heat distribution main,transmission,100000,1,20,LQHtransmission405,LQHtransmission317,
LQHtransmission405_to_LQHtransmission87_heat,#823740,LQ heat distribution main,transmission,100000,1,20,LQHtransmission87,LQHtransmission405,
LQHtransmission87_to_LQHtransmission3910_heat,#823740,LQ heat distribution main,transmission,100000,1,20,LQHtransmission3910,LQHtransmission87,
LQHtransmission2835_to_LQHtransmission1421_heat,#823740,LQ heat distribution main,transmission,100000,1,20,LQHtransmission1421,LQHtransmission2835,
LQHtransmission1421_to_LQHtransmission974_heat,#823740,LQ heat distribution main,transmission,100000,1,20,LQHtransmission974,LQHtransmission1421,
LQHtransmission974_to_LQHtransmission3553_heat,#823740,LQ heat distribution main,transmission,100000,1,20,LQHtransmission3553,LQHtransmission974,
LQHtransmission3553_to_LQHtransmission3324_heat,#823740,LQ heat distribution main,transmission,100000,1,20,LQHtransmission3324,LQHtransmission3553,
LQHtransmission3324_to_LQHtransmission3168_heat,#823740,LQ heat distribution main,transmission,100000,1,20,LQHtransmission3168,LQHtransmission3324,
LQHtransmission3168_to_LQHtransmission565_heat,#823740,LQ heat distribution main,transmission,100000,1,20,LQHtransmission565,LQHtransmission3168,
LQHtransmission565_to_LQHtransmission398_heat,#823740,LQ heat distribution main,transmission,100000,1,20,LQHtransmission398,LQHtransmission565,
LQHtransmission398_to_LQHtransmission3927_heat,#823740,LQ heat distribution main,transmission,100000,1,20,LQHtransmission3927,LQHtransmission398,
LQHtransmission3927_to_LQHtransmission2923_heat,#823740,LQ heat distribution main,transmission,100000,1,20,LQHtransmission2923,LQHtransmission3927,
LQHtransmission2923_to_LQHtransmission1261_heat,#823740,LQ heat distribution main,transmission,100000,1,20,LQHtransmission1261,LQHtransmission2923,
LQHtransmission1261_to_LQHtransmission2038_heat,#823740,LQ heat distribution main,transmission,100000,1,20,LQHtransmission2038,LQHtransmission1261,
LQHtransmission2038_to_LQHtransmission4289_heat,#823740,LQ heat distribution main,transmission,100000,1,20,LQHtransmission4289,LQHtransmission2038,
LQHtransmission4289_to_LQHtransmission4219_heat,#823740,LQ heat distribution main,transmission,100000,1,20,LQHtransmission4219,LQHtransmission4289,
LQHtransmission4219_to_LQHtransmission4606_heat,#823740,LQ heat distribution main,transmission,100000,1,20,LQHtransmission4606,LQHtransmission4219,
LQHtransmission4606_to_LQHtransmission2974_heat,#823740,LQ heat distribution main,transmission,100000,1,20,LQHtransmission2974,LQHtransmission4606,
LQHtransmission3983_to_LQHtransmission835_heat,#823740,LQ heat distribution main,transmission,100000,1,20,LQHtransmission835,LQHtransmission3983,
LQHtransmission835_to_LQHtransmission889_heat,#823740,LQ heat distribution main,transmission,100000,1,20,LQHtransmission889,LQHtransmission835,
LQHtransmission889_to_LQHtransmission3392_heat,#823740,LQ heat distribution main,transmission,100000,1,20,LQHtransmission3392,LQHtransmission889,
LQHtransmission3392_to_LQHtransmission504_heat,#823740,LQ heat distribution main,transmission,100000,1,20,LQHtransmission504,LQHtransmission3392,
LQHtransmission504_to_LQHtransmission2166_heat,#823740,LQ heat distribution main,transmission,100000,1,20,LQHtransmission2166,LQHtransmission504,
LQHtransmission2166_to_LQHtransmission91_heat,#823740,LQ heat distribution main,transmission,100000,1,20,LQHtransmission91,LQHtransmission2166,
LQHtransmission91_to_LQHtransmission3727_heat,#823740,LQ heat distribution main,transmission,100000,1,20,LQHtransmission3727,LQHtransmission91,
LQHtransmission3727_to_LQHtransmission2137_heat,#823740,LQ heat distribution main,transmission,100000,1,20,LQHtransmission2137,LQHtransmission3727,
LQHtransmission2137_to_LQHtransmission499_heat,#823740,LQ heat distribution main,transmission,100000,1,20,LQHtransmission499,LQHtransmission2137,
LQHtransmission499_to_LQHtransmission524_heat,#823740,LQ heat distribution main,transmission,100000,1,20,LQHtransmission524,LQHtransmission499,
LQHtransmission524_to_LQHtransmission3234_heat,#823740,LQ heat distribution main,transmission,100000,1,20,LQHtransmission3234,LQHtransmission524,
LQHtransmission3234_to_LQHtransmission2514_heat,#823740,LQ heat distribution main,transmission,100000,1,20,LQHtransmission2514,LQHtransmission3234,
LQHtransmission2514_to_LQHtransmission1596_heat,#823740,LQ heat distribution main,transmission,100000,1,20,LQHtransmission1596,LQHtransmission2514,
LQHtransmission1596_to_LQHtransmission1320_heat,#823740,LQ heat distribution main,transmission,100000,1,20,LQHtransmission1320,LQHtransmission1596,
LQHtransmission1320_to_LQHtransmission4563_heat,#823740,LQ heat distribution main,transmission,100000,1,20,LQHtransmission4563,LQHtransmission1320,
LQHtransmission4563_to_LQHtransmission208_heat,#823740,LQ heat distribution main,transmission,100000,1,20,LQHtransmission208,LQHtransmission4563,
LQHtransmission208_to_LQHtransmission382_heat,#823740,LQ heat distribution main,transmission,100000,1,20,LQHtransmission382,LQHtransmission208,
LQHtransmission382_to_LQHtransmission770_heat,#823740,LQ heat distribution main,transmission,100000,1,20,LQHtransmission770,LQHtransmission382,
LQHtransmission770_to_LQHtransmission436_heat,#823740,LQ heat distribution main,transmission,100000,1,20,LQHtransmission436,LQHtransmission770,
LQHtransmission436_to_LQHtransmission2726_heat,#823740,LQ heat distribution main,transmission,100000,1,20,LQHtransmission2726,LQHtransmission436,
LQHtransmission2096_to_LQHtransmission1052_heat,#823740,LQ heat distribution main,transmission,100000,1,20,LQHtransmission1052,LQHtransmission2096,
LQHtransmission1052_to_LQHtransmission3466_heat,#823740,LQ heat distribution main,transmission,100000,1,20,LQHtransmission3466,LQHtransmission1052,
LQHtransmission3466_to_LQHtransmission4302_heat,#823740,LQ heat distribution main,transmission,100000,1,20,LQHtransmission4302,LQHtransmission3466,
LQHtransmission4302_to_LQHtransmission3002_heat,#823740,LQ heat distribution main,transmission,100000,1,20,LQHtransmission3002,LQHtransmission4302,
LQHtransmission3002_to_LQHtransmission1863_heat,#823740,LQ heat distribution main,transmission,100000,1,20,LQHtransmission1863,LQHtransmission3002,
LQHtransmission1863_to_LQHtransmission977_heat,#823740,LQ heat distribution main,transmission,100000,1,20,LQHtransmission977,LQHtransmission1863,
LQHtransmission977_to_LQHtransmission2652_heat,#823740,LQ heat distribution main,transmission,100000,1,20,LQHtransmission2652,LQHtransmission977,
LQHtransmission2652_to_LQHtransmission3976_heat,#823740,LQ heat distribution main,transmission,100000,1,20,LQHtransmission3976,LQHtransmission2652,
LQHtransmission3976_to_LQHtransmission4155_heat,#823740,LQ heat distribution main,transmission,100000,1,20,LQHtransmission4155,LQHtransmission3976,
LQHtransmission4155_to_LQHtransmission1106_heat,#823740,LQ heat distribution main,transmission,100000,1,20,LQHtransmission1106,LQHtransmission4155,
LQHtransmission1106_to_LQHtransmission1279_heat,#823740,LQ heat distribution main,transmission,100000,1,20,LQHtransmission1279,LQHtransmission1106,
LQHtransmission1279_to_LQHtransmission4225_heat,#823740,LQ heat distribution main,transmission,100000,1,20,LQHtransmission4225,LQHtransmission1279,
LQHtransmission4225_to_LQHtransmission3237_heat,#823740,LQ heat distribution main,transmission,100000,1,20,LQHtransmission3237,LQHtransmission4225,
LQHtransmission3237_to_LQHtransmission2521_heat,#823740,LQ heat distribution main,transmission,100000,1,20,LQHtransmission2521,LQHtransmission3237,
LQHtransmission2521_to_LQHtransmission3216_heat,#823740,LQ heat distribution main,transmission,100000,1,20,LQHtransmission3216,LQHtransmission2521,
LQHtransmission3216_to_LQHtransmission3951_heat,#823740,LQ heat distribution main,transmission,100000,1,20,LQHtransmission3951,LQHtransmission3216,
LQHtransmission3951_to_LQHtransmission4706_heat,#823740,LQ heat distribution main,transmission,100000,1,20,LQHtransmission4706,LQHtransmission3951,
LQHtransmission4706_to_LQHtransmission1197_heat,#823740,LQ heat distribution main,transmission,100000,1,20,LQHtransmission1197,LQHtransmission4706,
LQHtransmission1197_to_LQHtransmission1808_heat,#823740,LQ heat distribution main,transmission,100000,1,20,LQHtransmission1808,LQHtransmission1197,
LQHtransmission1808_to_LQHtransmission2447_heat,#823740,LQ heat distribution main,transmission,100000,1,20,LQHtransmission2447,LQHtransmission1808,
LQHtransmission2447_to_LQHtransmission111_heat,#823740,LQ heat distribution main,transmission,100000,1,20,LQHtransmission111,LQHtransmission2447,
LQHtransmission111_to_LQHtransmission767_heat,#823740,LQ heat distribution main,transmission,100000,1,20,LQHtransmission767,LQHtransmission111,
LQHtransmission767_to_LQHtransmission325_heat,#823740,LQ heat distribution main,transmission,100000,1,20,LQHtransmission325,LQHtransmission767,
LQHtransmission325_to_LQHtransmission2815_heat,#823740,LQ heat distribution main,transmission,100000,1,20,LQHtransmission2815,LQHtransmission325,
LQHtransmission2815_to_LQHtransmission4486_heat,#823740,LQ heat distribution main,transmission,100000,1,20,LQHtransmission4486,LQHtransmission2815,
LQHtransmission4486_to_LQHtransmission4015_heat,#823740,LQ heat distribution main,transmission,100000,1,20,LQHtransmission4015,LQHtransmission4486,
LQHtransmission4015_to_LQHtransmission1875_heat,#823740,LQ heat distribution main,transmission,100000,1,20,LQHtransmission1875,LQHtransmission4015,
LQHtransmission1875_to_LQHtransmission3891_heat,#823740,LQ heat distribution main,transmission,100000,1,20,LQHtransmission3891,LQHtransmission1875,
LQHtransmission3891_to_LQHtransmission3944_heat,#823740,LQ heat distribution main,transmission,100000,1,20,LQHtransmission3944,LQHtransmission3891,
LQHtransmission3944_to_LQHtransmission1775_heat,#823740,LQ heat distribution main,transmission,100000,1,20,LQHtransmission1775,LQHtransmission3944,
LQHtransmission1775_to_LQHtransmission126_heat,#823740,LQ heat distribution main,transmission,100000,1,20,LQHtransmission126,LQHtransmission1775,
LQHtransmission126_to_LQHtransmission1544_heat,#823740,LQ heat distribution main,transmission,100000,1,20,LQHtransmission1544,LQHtransmission126,
LQHtransmission617_to_LQHtransmission2670_heat,#823740,LQ heat distribution main,transmission,100000,1,20,LQHtransmission2670,LQHtransmission617,
LQHtransmission2670_to_LQHtransmission284_heat,#823740,LQ heat distribution main,transmission,100000,1,20,LQHtransmission284,LQHtransmission2670,
LQHtransmission284_to_LQHtransmission4592_heat,#823740,LQ heat distribution main,transmission,100000,1,20,LQHtransmission4592,LQHtransmission284,
LQHtransmission4592_to_LQHtransmission2786_heat,#823740,LQ heat distribution main,transmission,100000,1,20,LQHtransmission2786,LQHtransmission4592,
LQHtransmission2786_to_LQHtransmission1399_heat,#823740,LQ heat distribution main,transmission,100000,1,20,LQHtransmission1399,LQHtransmission2786,
LQHtransmission1399_to_LQHtransmission1987_heat,#823740,LQ heat distribution main,transmission,100000,1,20,LQHtransmission1987,LQHtransmission1399,
LQHtransmission1987_to_LQHtransmission3128_heat,#823740,LQ heat distribution main,transmission,100000,1,20,LQHtransmission3128,LQHtransmission1987,
LQHtransmission3128_to_LQHtransmission2905_heat,#823740,LQ heat distribution main,transmission,100000,1,20,LQHtransmission2905,LQHtransmission3128,
LQHtransmission2905_to_LQHtransmission1277_heat,#823740,LQ heat distribution main,transmission,100000,1,20,LQHtransmission1277,LQHtransmission2905,
LQHtransmission1277_to_LQHtransmission4360_heat,#823740,LQ heat distribution main,transmission,100000,1,20,LQHtransmission4360,LQHtransmission1277,
LQHtransmission4360_to_LQHtransmission3611_heat,#823740,LQ heat distribution main,transmission,100000,1,20,LQHtransmission3611,LQHtransmission4360,
LQHtransmission3611_to_LQHtransmission497_heat,#823740,LQ heat distribution main,transmission,100000,1,20,LQHtransmission497,LQHtransmission3611,
LQHtransmission497_to_LQHtransmission3277_heat,#823740,LQ heat distribution main,transmission,100000,1,20,LQHtransmission3277,LQHtransmission497,
LQHtransmission3277_to_LQHtransmission4358_heat,#823740,LQ heat distribution main,transmission,100000,1,20,LQHtransmission4358,LQHtransmission3277,
LQHtransmission4358_to_LQHtransmission2785_heat,#823740,LQ heat distribution main,transmission,100000,1,20,LQHtransmission2785,LQHtransmission4358,
LQHtransmission2785_to_LQHtransmission3167_heat,#823740,LQ heat distribution main,transmission,100000,1,20,LQHtransmission3167,LQHtransmission2785,
LQHtransmission1813_to_LQHtransmission293_heat,#823740,LQ heat distribution main,transmission,100000,1,20,LQHtransmission293,LQHtransmission1813,
LQHtransmission293_to_LQHtransmission1147_heat,#823740,LQ heat distribution main,transmission,100000,1,20,LQHtransmission1147,LQHtransmission293,
LQHtransmission1147_to_LQHtransmission2985_heat,#823740,LQ heat distribution main,transmission,100000,1,20,LQHtransmission2985,LQHtransmission1147,
LQHtransmission2985_to_LQHtransmission435_heat,#823740,LQ heat distribution main,transmission,100000,1,20,LQHtransmission435,LQHtransmission2985,
LQHtransmission435_to_LQHtransmission4164_heat,#823740,LQ heat distribution main,transmission,100000,1,20,LQHtransmission4164,LQHtransmission435,
LQHtransmission4164_to_LQHtransmission3691_heat,#823740,LQ heat distribution main,transmission,100000,1,20,LQHtransmission3691,LQHtransmission4164,
LQHtransmission3691_to_LQHtransmission2199_heat,#823740,LQ heat distribution main,transmission,100000,1,20,LQHtransmission2199,LQHtransmission3691,
LQHtransmission2199_to_LQHtransmission1193_heat,#823740,LQ heat distribution main,transmission,100000,1,20,LQHtransmission1193,LQHtransmission2199,
LQHtransmission1193_to_LQHtransmission3593_heat,#823740,LQ heat distribution main,transmission,100000,1,20,LQHtransmission3593,LQHtransmission1193,
LQHtransmission3593_to_LQHtransmission3445_heat,#823740,LQ heat distribution main,transmission,100000,1,20,LQHtransmission3445,LQHtransmission3593,
LQHtransmission3445_to_LQHtransmission3372_heat,#823740,LQ heat distribution main,transmission,100000,1,20,LQHtransmission3372,LQHtransmission3445,
LQHtransmission3372_to_LQHtransmission3282_heat,#823740,LQ heat distribution main,transmission,100000,1,20,LQHtransmission3282,LQHtransmission3372,
LQHtransmission3282_to_LQHtransmission2114_heat,#823740,LQ heat distribution main,transmission,100000,1,20,LQHtransmission2114,LQHtransmission3282,
LQHtransmission2114_to_LQHtransmission3523_heat,#823740,LQ heat distribution main,transmission,100000,1,20,LQHtransmission3523,LQHtransmission2114,
LQHtransmission3523_to_LQHtransmission859_heat,#823740,LQ heat distribution main,transmission,100000,1,20,LQHtransmission859,LQHtransmission3523,
LQHtransmission859_to_LQHtransmission1686_heat,#823740,LQ heat distribution main,transmission,100000,1,20,LQHtransmission1686,LQHtransmission859,
LQHtransmission1686_to_LQHtransmission4094_heat,#823740,LQ heat distribution main,transmission,100000,1,20,LQHtransmission4094,LQHtransmission1686,
LQHtransmission4094_to_LQHtransmission4462_heat,#823740,LQ heat distribution main,transmission,100000,1,20,LQHtransmission4462,LQHtransmission4094,
LQHtransmission4462_to_LQHtransmission648_heat,#823740,LQ heat distribution main,transmission,100000,1,20,LQHtransmission648,LQHtransmission4462,
LQHtransmission648_to_LQHtransmission3300_heat,#823740,LQ heat distribution main,transmission,100000,1,20,LQHtransmission3300,LQHtransmission648,
LQHtransmission3300_to_LQHtransmission2611_heat,#823740,LQ heat distribution main,transmission,100000,1,20,LQHtransmission2611,LQHtransmission3300,
LQHtransmission2611_to_LQHtransmission3437_heat,#823740,LQ heat distribution main,transmission,100000,1,20,LQHtransmission3437,LQHtransmission2611,
LQHtransmission3437_to_LQHtransmission1243_heat,#823740,LQ heat distribution main,transmission,100000,1,20,LQHtransmission1243,LQHtransmission3437,
LQHtransmission1243_to_LQHtransmission860_heat,#823740,LQ heat distribution main,transmission,100000,1,20,LQHtransmission860,LQHtransmission1243,
LQHtransmission860_to_LQHtransmission1711_heat,#823740,LQ heat distribution main,transmission,100000,1,20,LQHtransmission1711,LQHtransmission860,
LQHtransmission1711_to_LQHtransmission303_heat,#823740,LQ heat distribution main,transmission,100000,1,20,LQHtransmission303,LQHtransmission1711,
LQHtransmission303_to_LQHtransmission3765_heat,#823740,LQ heat distribution main,transmission,100000,1,20,LQHtransmission3765,LQHtransmission303,
LQHtransmission3765_to_LQHtransmission3717_heat,#823740,LQ heat distribution main,transmission,100000,1,20,LQHtransmission3717,LQHtransmission3765,
LQHtransmission3717_to_LQHtransmission1850_heat,#823740,LQ heat distribution main,transmission,100000,1,20,LQHtransmission1850,LQHtransmission3717,
LQHtransmission2097_to_LQHtransmission4526_heat,#823740,LQ heat distribution main,transmission,100000,1,20,LQHtransmission4526,LQHtransmission2097,
LQHtransmission4526_to_LQHtransmission3047_heat,#823740,LQ heat distribution main,transmission,100000,1,20,LQHtransmission3047,LQHtransmission4526,
LQHtransmission3047_to_LQHtransmission3733_heat,#823740,LQ heat distribution main,transmission,100000,1,20,LQHtransmission3733,LQHtransmission3047,
LQHtransmission3733_to_LQHtransmission4574_heat,#823740,LQ heat distribution main,transmission,100000,1,20,LQHtransmission4574,LQHtransmission3733,
LQHtransmission4574_to_LQHtransmission3009_heat,#823740,LQ heat distribution main,transmission,100000,1,20,LQHtransmission3009,LQHtransmission4574,
LQHtransmission3009_to_LQHtransmission3187_heat,#823740,LQ heat distribution main,transmission,100000,1,20,LQHtransmission3187,LQHtransmission3009,
LQHtransmission1336_to_LQHtransmission3429_heat,#823740,LQ heat distribution main,transmission,100000,1,20,LQHtransmission3429,LQHtransmission1336,
LQHtransmission3429_to_LQHtransmission1919_heat,#823740,LQ heat distribution main,transmission,100000,1,20,LQHtransmission1919,LQHtransmission3429,
LQHtransmission1919_to_LQHtransmission2389_heat,#823740,LQ heat distribution main,transmission,100000,1,20,LQHtransmission2389,LQHtransmission1919,
LQHtransmission2389_to_LQHtransmission4026_heat,#823740,LQ heat distribution main,transmission,100000,1,20,LQHtransmission4026,LQHtransmission2389,
LQHtransmission4026_to_LQHtransmission2959_heat,#823740,LQ heat distribution main,transmission,100000,1,20,LQHtransmission2959,LQHtransmission4026,
LQHtransmission2959_to_LQHtransmission909_heat,#823740,LQ heat distribution main,transmission,100000,1,20,LQHtransmission909,LQHtransmission2959,
LQHtransmission909_to_LQHtransmission407_heat,#823740,LQ heat distribution main,transmission,100000,1,20,LQHtransmission407,LQHtransmission909,
LQHtransmission407_to_LQHtransmission3907_heat,#823740,LQ heat distribution main,transmission,100000,1,20,LQHtransmission3907,LQHtransmission407,
LQHtransmission3907_to_LQHtransmission4408_heat,#823740,LQ heat distribution main,transmission,100000,1,20,LQHtransmission4408,LQHtransmission3907,
LQHtransmission4408_to_LQHtransmission1883_heat,#823740,LQ heat distribution main,transmission,100000,1,20,LQHtransmission1883,LQHtransmission4408,
LQHtransmission1883_to_LQHtransmission2774_heat,#823740,LQ heat distribution main,transmission,100000,1,20,LQHtransmission2774,LQHtransmission1883,
LQHtransmission2774_to_LQHtransmission1787_heat,#823740,LQ heat distribution main,transmission,100000,1,20,LQHtransmission1787,LQHtransmission2774,
LQHtransmission1787_to_LQHtransmission3355_heat,#823740,LQ heat distribution main,transmission,100000,1,20,LQHtransmission3355,LQHtransmission1787,
LQHtransmission3355_to_LQHtransmission4443_heat,#823740,LQ heat distribution main,transmission,100000,1,20,LQHtransmission4443,LQHtransmission3355,
LQHtransmission4443_to_LQHtransmission1114_heat,#823740,LQ heat distribution main,transmission,100000,1,20,LQHtransmission1114,LQHtransmission4443,
LQHtransmission1114_to_LQHtransmission3379_heat,#823740,LQ heat distribution main,transmission,100000,1,20,LQHtransmission3379,LQHtransmission1114,
LQHtransmission3379_to_LQHtransmission4469_heat,#823740,LQ heat distribution main,transmission,100000,1,20,LQHtransmission4469,LQHtransmission3379,
LQHtransmission4469_to_LQHtransmission1767_heat,#823740,LQ heat distribution main,transmission,100000,1,20,LQHtransmission1767,LQHtransmission4469,
LQHtransmission1767_to_LQHtransmission3015_heat,#823740,LQ heat distribution main,transmission,100000,1,20,LQHtransmission3015,LQHtransmission1767,
LQHtransmission3015_to_LQHtransmission311_heat,#823740,LQ heat distribution main,transmission,100000,1,20,LQHtransmission311,LQHtransmission3015,
LQHtransmission311_to_LQHtransmission106_heat,#823740,LQ heat distribution main,transmission,100000,1,20,LQHtransmission106,LQHtransmission311,
LQHtransmission106_to_LQHtransmission3309_heat,#823740,LQ heat distribution main,transmission,100000,1,20,LQHtransmission3309,LQHtransmission106,
LQHtransmission3309_to_LQHtransmission583_heat,#823740,LQ heat distribution main,transmission,100000,1,20,LQHtransmission583,LQHtransmission3309,
LQHtransmission583_to_LQHtransmission3178_heat,#823740,LQ heat distribution main,transmission,100000,1,20,LQHtransmission3178,LQHtransmission583,
LQHtransmission3178_to_LQHtransmission1656_heat,#823740,LQ heat distribution main,transmission,100000,1,20,LQHtransmission1656,LQHtransmission3178,
LQHtransmission1656_to_LQHtransmission4105_heat,#823740,LQ heat distribution main,transmission,100000,1,20,LQHtransmission4105,LQHtransmission1656,
LQHtransmission4105_to_LQHtransmission2053_heat,#823740,LQ heat distribution main,transmission,100000,1,20,LQHtransmission2053,LQHtransmission4105,
LQHtransmission2053_to_LQHtransmission2945_heat,#823740,LQ heat distribution main,transmission,100000,1,20,LQHtransmission2945,LQHtransmission2053,
LQHtransmission2945_to_LQHtransmission2964_heat,#823740,LQ heat distribution main,transmission,100000,1,20,LQHtransmission2964,LQHtransmission2945,
LQHtransmission2964_to_LQHtransmission865_heat,#823740,LQ heat distribution main,transmission,100000,1,20,LQHtransmission865,LQHtransmission2964,
LQHtransmission865_to_LQHtransmission1318_heat,#823740,LQ heat distribution main,transmission,100000,1,20,LQHtransmission1318,LQHtransmission865,
LQHtransmission1318_to_LQHtransmission1369_heat,#823740,LQ heat distribution main,transmission,100000,1,20,LQHtransmission1369,LQHtransmission1318,
LQHtransmission1369_to_LQHtransmission4464_heat,#823740,LQ heat distribution main,transmission,100000,1,20,LQHtransmission4464,LQHtransmission1369,
LQHtransmission4464_to_LQHtransmission209_heat,#823740,LQ heat distribution main,transmission,100000,1,20,LQHtransmission209,LQHtransmission4464,
LQHtransmission209_to_LQHtransmission3441_heat,#823740,LQ heat distribution main,transmission,100000,1,20,LQHtransmission3441,LQHtransmission209,
LQHtransmission3441_to_LQHtransmission2367_heat,#823740,LQ heat distribution main,transmission,100000,1,20,LQHtransmission2367,LQHtransmission3441,
LQHtransmission2367_to_LQHtransmission3280_heat,#823740,LQ heat distribution main,transmission,100000,1,20,LQHtransmission3280,LQHtransmission2367,
LQHtransmission3280_to_LQHtransmission2798_heat,#823740,LQ heat distribution main,transmission,100000,1,20,LQHtransmission2798,LQHtransmission3280,
LQHtransmission2798_to_LQHtransmission178_heat,#823740,LQ heat distribution main,transmission,100000,1,20,LQHtransmission178,LQHtransmission2798,
LQHtransmission178_to_LQHtransmission2164_heat,#823740,LQ heat distribution main,transmission,100000,1,20,LQHtransmission2164,LQHtransmission178,
LQHtransmission2164_to_LQHtransmission2224_heat,#823740,LQ heat distribution main,transmission,100000,1,20,LQHtransmission2224,LQHtransmission2164,
LQHtransmission2224_to_LQHtransmission4322_heat,#823740,LQ heat distribution main,transmission,100000,1,20,LQHtransmission4322,LQHtransmission2224,
LQHtransmission4322_to_LQHtransmission2078_heat,#823740,LQ heat distribution main,transmission,100000,1,20,LQHtransmission2078,LQHtransmission4322,
LQHtransmission2078_to_LQHtransmission532_heat,#823740,LQ heat distribution main,transmission,100000,1,20,LQHtransmission532,LQHtransmission2078,
LQHtransmission532_to_LQHtransmission1495_heat,#823740,LQ heat distribution main,transmission,100000,1,20,LQHtransmission1495,LQHtransmission532,
LQHtransmission1495_to_LQHtransmission982_heat,#823740,LQ heat distribution main,transmission,100000,1,20,LQHtransmission982,LQHtransmission1495,
LQHtransmission982_to_LQHtransmission4174_heat,#823740,LQ heat distribution main,transmission,100000,1,20,LQHtransmission4174,LQHtransmission982,
LQHtransmission4174_to_LQHtransmission401_heat,#823740,LQ heat distribution main,transmission,100000,1,20,LQHtransmission401,LQHtransmission4174,
LQHtransmission401_to_LQHtransmission2479_heat,#823740,LQ heat distribution main,transmission,100000,1,20,LQHtransmission2479,LQHtransmission401,
LQHtransmission2479_to_LQHtransmission2525_heat,#823740,LQ heat distribution main,transmission,100000,1,20,LQHtransmission2525,LQHtransmission2479,
LQHtransmission2525_to_LQHtransmission4539_heat,#823740,LQ heat distribution main,transmission,100000,1,20,LQHtransmission4539,LQHtransmission2525,
LQHtransmission4539_to_LQHtransmission1893_heat,#823740,LQ heat distribution main,transmission,100000,1,20,LQHtransmission1893,LQHtransmission4539,
LQHtransmission1893_to_LQHtransmission2297_heat,#823740,LQ heat distribution main,transmission,100000,1,20,LQHtransmission2297,LQHtransmission1893,
LQHtransmission2297_to_LQHtransmission2353_heat,#823740,LQ heat distribution main,transmission,100000,1,20,LQHtransmission2353,LQHtransmission2297,
LQHtransmission2353_to_LQHtransmission4450_heat,#823740,LQ heat distribution main,transmission,100000,1,20,LQHtransmission4450,LQHtransmission2353,
LQHtransmission4450_to_LQHtransmission4503_heat,#823740,LQ heat distribution main,transmission,100000,1,20,LQHtransmission4503,LQHtransmission4450,
LQHtransmission4503_to_LQHtransmission1776_heat,#823740,LQ heat distribution main,transmission,100000,1,20,LQHtransmission1776,LQHtransmission4503,
LQHtransmission1776_to_LQHtransmission3818_heat,#823740,LQ heat distribution main,transmission,100000,1,20,LQHtransmission3818,LQHtransmission1776,
LQHtransmission3818_to_LQHtransmission4447_heat,#823740,LQ heat distribution main,transmission,100000,1,20,LQHtransmission4447,LQHtransmission3818,
LQHtransmission4447_to_LQHtransmission2092_heat,#823740,LQ heat distribution main,transmission,100000,1,20,LQHtransmission2092,LQHtransmission4447,
LQHtransmission2092_to_LQHtransmission335_heat,#823740,LQ heat distribution main,transmission,100000,1,20,LQHtransmission335,LQHtransmission2092,
LQHtransmission335_to_LQHtransmission190_heat,#823740,LQ heat distribution main,transmission,100000,1,20,LQHtransmission190,LQHtransmission335,
LQHtransmission190_to_LQHtransmission390_heat,#823740,LQ heat distribution main,transmission,100000,1,20,LQHtransmission390,LQHtransmission190,
LQHtransmission390_to_LQHtransmission2071_heat,#823740,LQ heat distribution main,transmission,100000,1,20,LQHtransmission2071,LQHtransmission390,
LQHtransmission2071_to_LQHtransmission187_heat,#823740,LQ heat distribution main,transmission,100000,1,20,LQHtransmission187,LQHtransmission2071,
LQHtransmission187_to_LQHtransmission9_heat,#823740,LQ heat distribution main,transmission,100000,1,20,LQHtransmission9,LQHtransmission187,
LQHtransmission9_to_LQHtransmission636_heat,#823740,LQ heat distribution main,transmission,100000,1,20,LQHtransmission636,LQHtransmission9,
LQHtransmission636_to_LQHtransmission4561_heat,#823740,LQ heat distribution main,transmission,100000,1,20,LQHtransmission4561,LQHtransmission636,
LQHtransmission4561_to_LQHtransmission96_heat,#823740,LQ heat distribution main,transmission,100000,1,20,LQHtransmission96,LQHtransmission4561,
LQHtransmission96_to_LQHtransmission2424_heat,#823740,LQ heat distribution main,transmission,100000,1,20,LQHtransmission2424,LQHtransmission96,
LQHtransmission2424_to_LQHtransmission2191_heat,#823740,LQ heat distribution main,transmission,100000,1,20,LQHtransmission2191,LQHtransmission2424,
LQHtransmission2191_to_LQHtransmission4437_heat,#823740,LQ heat distribution main,transmission,100000,1,20,LQHtransmission4437,LQHtransmission2191,
LQHtransmission4437_to_LQHtransmission2536_heat,#823740,LQ heat distribution main,transmission,100000,1,20,LQHtransmission2536,LQHtransmission4437,
LQHtransmission2536_to_LQHtransmission1840_heat,#823740,LQ heat distribution main,transmission,100000,1,20,LQHtransmission1840,LQHtransmission2536,
LQHtransmission1840_to_LQHtransmission1471_heat,#823740,LQ heat distribution main,transmission,100000,1,20,LQHtransmission1471,LQHtransmission1840,
LQHtransmission1471_to_LQHtransmission3683_heat,#823740,LQ heat distribution main,transmission,100000,1,20,LQHtransmission3683,LQHtransmission1471,
LQHtransmission3683_to_LQHtransmission3436_heat,#823740,LQ heat distribution main,transmission,100000,1,20,LQHtransmission3436,LQHtransmission3683,
LQHtransmission3436_to_LQHtransmission1089_heat,#823740,LQ heat distribution main,transmission,100000,1,20,LQHtransmission1089,LQHtransmission3436,
LQHtransmission1089_to_LQHtransmission1414_heat,#823740,LQ heat distribution main,transmission,100000,1,20,LQHtransmission1414,LQHtransmission1089,
LQHtransmission1414_to_LQHtransmission3731_heat,#823740,LQ heat distribution main,transmission,100000,1,20,LQHtransmission3731,LQHtransmission1414,
LQHtransmission3731_to_LQHtransmission1163_heat,#823740,LQ heat distribution main,transmission,100000,1,20,LQHtransmission1163,LQHtransmission3731,
LQHtransmission1163_to_LQHtransmission1041_heat,#823740,LQ heat distribution main,transmission,100000,1,20,LQHtransmission1041,LQHtransmission1163,
LQHtransmission1041_to_LQHtransmission3804_heat,#823740,LQ heat distribution main,transmission,100000,1,20,LQHtransmission3804,LQHtransmission1041,
LQHtransmission3804_to_LQHtransmission758_heat,#823740,LQ heat distribution main,transmission,100000,1,20,LQHtransmission758,LQHtransmission3804,
LQHtransmission758_to_LQHtransmission3085_heat,#823740,LQ heat distribution main,transmission,100000,1,20,LQHtransmission3085,LQHtransmission758,
LQHtransmission3085_to_LQHtransmission3430_heat,#823740,LQ heat distribution main,transmission,100000,1,20,LQHtransmission3430,LQHtransmission3085,
LQHtransmission3430_to_LQHtransmission460_heat,#823740,LQ heat distribution main,transmission,100000,1,20,LQHtransmission460,LQHtransmission3430,
LQHtransmission460_to_LQHtransmission1864_heat,#823740,LQ heat distribution main,transmission,100000,1,20,LQHtransmission1864,LQHtransmission460,
LQHtransmission1864_to_LQHtransmission330_heat,#823740,LQ heat distribution main,transmission,100000,1,20,LQHtransmission330,LQHtransmission1864,
LQHtransmission330_to_LQHtransmission1616_heat,#823740,LQ heat distribution main,transmission,100000,1,20,LQHtransmission1616,LQHtransmission330,
LQHtransmission1616_to_LQHtransmission2421_heat,#823740,LQ heat distribution main,transmission,100000,1,20,LQHtransmission2421,LQHtransmission1616,
LQHtransmission2421_to_LQHtransmission4262_heat,#823740,LQ heat distribution main,transmission,100000,1,20,LQHtransmission4262,LQHtransmission2421,
LQHtransmission4262_to_LQHtransmission1730_heat,#823740,LQ heat distribution main,transmission,100000,1,20,LQHtransmission1730,LQHtransmission4262,
LQHtransmission1730_to_LQHtransmission2063_heat,#823740,LQ heat distribution main,transmission,100000,1,20,LQHtransmission2063,LQHtransmission1730,
LQHtransmission2063_to_LQHtransmission1183_heat,#823740,LQ heat distribution main,transmission,100000,1,20,LQHtransmission1183,LQHtransmission2063,
LQHtransmission1183_to_LQHtransmission411_heat,#823740,LQ heat distribution main,transmission,100000,1,20,LQHtransmission411,LQHtransmission1183,
LQHtransmission411_to_LQHtransmission3256_heat,#823740,LQ heat distribution main,transmission,100000,1,20,LQHtransmission3256,LQHtransmission411,
LQHtransmission3256_to_LQHtransmission775_heat,#823740,LQ heat distribution main,transmission,100000,1,20,LQHtransmission775,LQHtransmission3256,
LQHtransmission775_to_LQHtransmission3699_heat,#823740,LQ heat distribution main,transmission,100000,1,20,LQHtransmission3699,LQHtransmission775,
LQHtransmission3699_to_LQHtransmission2837_heat,#823740,LQ heat distribution main,transmission,100000,1,20,LQHtransmission2837,LQHtransmission3699,
LQHtransmission2837_to_LQHtransmission857_heat,#823740,LQ heat distribution main,transmission,100000,1,20,LQHtransmission857,LQHtransmission2837,
LQHtransmission857_to_LQHtransmission2335_heat,#823740,LQ heat distribution main,transmission,100000,1,20,LQHtransmission2335,LQHtransmission857,
LQHtransmission2335_to_LQHtransmission4035_heat,#823740,LQ heat distribution main,transmission,100000,1,20,LQHtransmission4035,LQHtransmission2335,
LQHtransmission4035_to_LQHtransmission3809_heat,#823740,LQ heat distribution main,transmission,100000,1,20,LQHtransmission3809,LQHtransmission4035,
LQHtransmission1371_to_LQHtransmission3376_heat,#823740,LQ heat distribution main,transmission,100000,1,20,LQHtransmission3376,LQHtransmission1371,
LQHtransmission3376_to_LQHtransmission4308_heat,#823740,LQ heat distribution main,transmission,100000,1,20,LQHtransmission4308,LQHtransmission3376,
LQHtransmission4308_to_LQHtransmission506_heat,#823740,LQ heat distribution main,transmission,100000,1,20,LQHtransmission506,LQHtransmission4308,
LQHtransmission506_to_LQHtransmission366_heat,#823740,LQ heat distribution main,transmission,100000,1,20,LQHtransmission366,LQHtransmission506,
LQHtransmission366_to_LQHtransmission4523_heat,#823740,LQ heat distribution main,transmission,100000,1,20,LQHtransmission4523,LQHtransmission366,
LQHtransmission4523_to_LQHtransmission1571_heat,#823740,LQ heat distribution main,transmission,100000,1,20,LQHtransmission1571,LQHtransmission4523,
LQHtransmission1571_to_LQHtransmission988_heat,#823740,LQ heat distribution main,transmission,100000,1,20,LQHtransmission988,LQHtransmission1571,
LQHtransmission988_to_LQHtransmission823_heat,#823740,LQ heat distribution main,transmission,100000,1,20,LQHtransmission823,LQHtransmission988,
LQHtransmission823_to_LQHtransmission1769_heat,#823740,LQ heat distribution main,transmission,100000,1,20,LQHtransmission1769,LQHtransmission823,
LQHtransmission1769_to_LQHtransmission2644_heat,#823740,LQ heat distribution main,transmission,100000,1,20,LQHtransmission2644,LQHtransmission1769,
LQHtransmission2644_to_LQHtransmission494_heat,#823740,LQ heat distribution main,transmission,100000,1,20,LQHtransmission494,LQHtransmission2644,
LQHtransmission494_to_LQHtransmission3340_heat,#823740,LQ heat distribution main,transmission,100000,1,20,LQHtransmission3340,LQHtransmission494,
LQHtransmission3340_to_LQHtransmission1225_heat,#823740,LQ heat distribution main,transmission,100000,1,20,LQHtransmission1225,LQHtransmission3340,
LQHtransmission1225_to_LQHtransmission1082_heat,#823740,LQ heat distribution main,transmission,100000,1,20,LQHtransmission1082,LQHtransmission1225,
LQHtransmission1082_to_LQHtransmission3329_heat,#823740,LQ heat distribution main,transmission,100000,1,20,LQHtransmission3329,LQHtransmission1082,
LQHtransmission3329_to_LQHtransmission4194_heat,#823740,LQ heat distribution main,transmission,100000,1,20,LQHtransmission4194,LQHtransmission3329,
LQHtransmission4194_to_LQHtransmission3434_heat,#823740,LQ heat distribution main,transmission,100000,1,20,LQHtransmission3434,LQHtransmission4194,
LQHtransmission3434_to_LQHtransmission3231_heat,#823740,LQ heat distribution main,transmission,100000,1,20,LQHtransmission3231,LQHtransmission3434,
LQHtransmission3231_to_LQHtransmission4087_heat,#823740,LQ heat distribution main,transmission,100000,1,20,LQHtransmission4087,LQHtransmission3231,
LQHtransmission4087_to_LQHtransmission2272_heat,#823740,LQ heat distribution main,transmission,100000,1,20,LQHtransmission2272,LQHtransmission4087,
LQHtransmission2272_to_LQHtransmission4683_heat,#823740,LQ heat distribution main,transmission,100000,1,20,LQHtransmission4683,LQHtransmission2272,
LQHtransmission4683_to_LQHtransmission1584_heat,#823740,LQ heat distribution main,transmission,100000,1,20,LQHtransmission1584,LQHtransmission4683,
LQHtransmission1584_to_LQHtransmission3905_heat,#823740,LQ heat distribution main,transmission,100000,1,20,LQHtransmission3905,LQHtransmission1584,
LQHtransmission3905_to_LQHtransmission3377_heat,#823740,LQ heat distribution main,transmission,100000,1,20,LQHtransmission3377,LQHtransmission3905,
LQHtransmission3377_to_LQHtransmission3513_heat,#823740,LQ heat distribution main,transmission,100000,1,20,LQHtransmission3513,LQHtransmission3377,
LQHtransmission3513_to_LQHtransmission2438_heat,#823740,LQ heat distribution main,transmission,100000,1,20,LQHtransmission2438,LQHtransmission3513,
LQHtransmission2438_to_LQHtransmission867_heat,#823740,LQ heat distribution main,transmission,100000,1,20,LQHtransmission867,LQHtransmission2438,
LQHtransmission867_to_LQHtransmission471_heat,#823740,LQ heat distribution main,transmission,100000,1,20,LQHtransmission471,LQHtransmission867,
LQHtransmission471_to_LQHtransmission1097_heat,#823740,LQ heat distribution main,transmission,100000,1,20,LQHtransmission1097,LQHtransmission471,
LQHtransmission251_to_LQHtransmission4599_heat,#823740,LQ heat distribution main,transmission,100000,1,20,LQHtransmission4599,LQHtransmission251,
LQHtransmission4599_to_LQHtransmission3659_heat,#823740,LQ heat distribution main,transmission,100000,1,20,LQHtransmission3659,LQHtransmission4599,
LQHtransmission3659_to_LQHtransmission661_heat,#823740,LQ heat distribution main,transmission,100000,1,20,LQHtransmission661,LQHtransmission3659,
LQHtransmission661_to_LQHtransmission1898_heat,#823740,LQ heat distribution main,transmission,100000,1,20,LQHtransmission1898,LQHtransmission661,
LQHtransmission1898_to_LQHtransmission2560_heat,#823740,LQ heat distribution main,transmission,100000,1,20,LQHtransmission2560,LQHtransmission1898,
LQHtransmission2560_to_LQHtransmission658_heat,#823740,LQ heat distribution main,transmission,100000,1,20,LQHtransmission658,LQHtransmission2560,
LQHtransmission658_to_LQHtransmission676_heat,#823740,LQ heat distribution main,transmission,100000,1,20,LQHtransmission676,LQHtransmission658,
LQHtransmission676_to_LQHtransmission3581_heat,#823740,LQ heat distribution main,transmission,100000,1,20,LQHtransmission3581,LQHtransmission676,
LQHtransmission3581_to_LQHtransmission1785_heat,#823740,LQ heat distribution main,transmission,100000,1,20,LQHtransmission1785,LQHtransmission3581,
LQHtransmission1785_to_LQHtransmission1501_heat,#823740,LQ heat distribution main,transmission,100000,1,20,LQHtransmission1501,LQHtransmission1785,
LQHtransmission1501_to_LQHtransmission4030_heat,#823740,LQ heat distribution main,transmission,100000,1,20,LQHtransmission4030,LQHtransmission1501,
LQHtransmission4030_to_LQHtransmission868_heat,#823740,LQ heat distribution main,transmission,100000,1,20,LQHtransmission868,LQHtransmission4030,
LQHtransmission868_to_LQHtransmission4579_heat,#823740,LQ heat distribution main,transmission,100000,1,20,LQHtransmission4579,LQHtransmission868,
LQHtransmission4579_to_LQHtransmission3618_heat,#823740,LQ heat distribution main,transmission,100000,1,20,LQHtransmission3618,LQHtransmission4579,
LQHtransmission3618_to_LQHtransmission110_heat,#823740,LQ heat distribution main,transmission,100000,1,20,LQHtransmission110,LQHtransmission3618,
LQHtransmission110_to_LQHtransmission582_heat,#823740,LQ heat distribution main,transmission,100000,1,20,LQHtransmission582,LQHtransmission110,
LQHtransmission582_to_LQHtransmission4191_heat,#823740,LQ heat distribution main,transmission,100000,1,20,LQHtransmission4191,LQHtransmission582,
LQHtransmission4191_to_LQHtransmission345_heat,#823740,LQ heat distribution main,transmission,100000,1,20,LQHtransmission345,LQHtransmission4191,
LQHtransmission345_to_LQHtransmission1720_heat,#823740,LQ heat distribution main,transmission,100000,1,20,LQHtransmission1720,LQHtransmission345,
LQHtransmission1720_to_LQHtransmission3435_heat,#823740,LQ heat distribution main,transmission,100000,1,20,LQHtransmission3435,LQHtransmission1720,
LQHtransmission3435_to_LQHtransmission101_heat,#823740,LQ heat distribution main,transmission,100000,1,20,LQHtransmission101,LQHtransmission3435,
LQHtransmission101_to_LQHtransmission1028_heat,#823740,LQ heat distribution main,transmission,100000,1,20,LQHtransmission1028,LQHtransmission101,
LQHtransmission1028_to_LQHtransmission1747_heat,#823740,LQ heat distribution main,transmission,100000,1,20,LQHtransmission1747,LQHtransmission1028,
LQHtransmission1747_to_LQHtransmission3022_heat,#823740,LQ heat distribution main,transmission,100000,1,20,LQHtransmission3022,LQHtransmission1747,
LQHtransmission3022_to_LQHtransmission3307_heat,#823740,LQ heat distribution main,transmission,100000,1,20,LQHtransmission3307,LQHtransmission3022,
LQHtransmission3307_to_LQHtransmission2871_heat,#823740,LQ heat distribution main,transmission,100000,1,20,LQHtransmission2871,LQHtransmission3307,
LQHtransmission2871_to_LQHtransmission2431_heat,#823740,LQ heat distribution main,transmission,100000,1,20,LQHtransmission2431,LQHtransmission2871,
LQHtransmission2431_to_LQHtransmission4309_heat,#823740,LQ heat distribution main,transmission,100000,1,20,LQHtransmission4309,LQHtransmission2431,
LQHtransmission4309_to_LQHtransmission2085_heat,#823740,LQ heat distribution main,transmission,100000,1,20,LQHtransmission2085,LQHtransmission4309,
LQHtransmission2085_to_LQHtransmission443_heat,#823740,LQ heat distribution main,transmission,100000,1,20,LQHtransmission443,LQHtransmission2085,
LQHtransmission443_to_LQHtransmission2629_heat,#823740,LQ heat distribution main,transmission,100000,1,20,LQHtransmission2629,LQHtransmission443,
LQHtransmission2629_to_LQHtransmission346_heat,#823740,LQ heat distribution main,transmission,100000,1,20,LQHtransmission346,LQHtransmission2629,
LQHtransmission346_to_LQHtransmission571_heat,#823740,LQ heat distribution main,transmission,100000,1,20,LQHtransmission571,LQHtransmission346,
LQHtransmission571_to_LQHtransmission1422_heat,#823740,LQ heat distribution main,transmission,100000,1,20,LQHtransmission1422,LQHtransmission571,
LQHtransmission1422_to_LQHtransmission1793_heat,#823740,LQ heat distribution main,transmission,100000,1,20,LQHtransmission1793,LQHtransmission1422,
LQHtransmission1793_to_LQHtransmission4505_heat,#823740,LQ heat distribution main,transmission,100000,1,20,LQHtransmission4505,LQHtransmission1793,
LQHtransmission4505_to_LQHtransmission564_heat,#823740,LQ heat distribution main,transmission,100000,1,20,LQHtransmission564,LQHtransmission4505,
LQHtransmission564_to_LQHtransmission4648_heat,#823740,LQ heat distribution main,transmission,100000,1,20,LQHtransmission4648,LQHtransmission564,
LQHtransmission4648_to_LQHtransmission221_heat,#823740,LQ heat distribution main,transmission,100000,1,20,LQHtransmission221,LQHtransmission4648,
LQHtransmission221_to_LQHtransmission3692_heat,#823740,LQ heat distribution main,transmission,100000,1,20,LQHtransmission3692,LQHtransmission221,
LQHtransmission3692_to_LQHtransmission1413_heat,#823740,LQ heat distribution main,transmission,100000,1,20,LQHtransmission1413,LQHtransmission3692,
LQHtransmission1413_to_LQHtransmission2619_heat,#823740,LQ heat distribution main,transmission,100000,1,20,LQHtransmission2619,LQHtransmission1413,
LQHtransmission2619_to_LQHtransmission2998_heat,#823740,LQ heat distribution main,transmission,100000,1,20,LQHtransmission2998,LQHtransmission2619,
LQHtransmission2998_to_LQHtransmission2850_heat,#823740,LQ heat distribution main,transmission,100000,1,20,LQHtransmission2850,LQHtransmission2998,
LQHtransmission2850_to_LQHtransmission3763_heat,#823740,LQ heat distribution main,transmission,100000,1,20,LQHtransmission3763,LQHtransmission2850,
LQHtransmission3763_to_LQHtransmission4718_heat,#823740,LQ heat distribution main,transmission,100000,1,20,LQHtransmission4718,LQHtransmission3763,
LQHtransmission4718_to_LQHtransmission3890_heat,#823740,LQ heat distribution main,transmission,100000,1,20,LQHtransmission3890,LQHtransmission4718,
LQHtransmission3890_to_LQHtransmission2213_heat,#823740,LQ heat distribution main,transmission,100000,1,20,LQHtransmission2213,LQHtransmission3890,
LQHtransmission2213_to_LQHtransmission1162_heat,#823740,LQ heat distribution main,transmission,100000,1,20,LQHtransmission1162,LQHtransmission2213,
LQHtransmission1162_to_LQHtransmission17_heat,#823740,LQ heat distribution main,transmission,100000,1,20,LQHtransmission17,LQHtransmission1162,
LQHtransmission17_to_LQHtransmission1382_heat,#823740,LQ heat distribution main,transmission,100000,1,20,LQHtransmission1382,LQHtransmission17,
LQHtransmission1382_to_LQHtransmission1782_heat,#823740,LQ heat distribution main,transmission,100000,1,20,LQHtransmission1782,LQHtransmission1382,
LQHtransmission1782_to_LQHtransmission3440_heat,#823740,LQ heat distribution main,transmission,100000,1,20,LQHtransmission3440,LQHtransmission1782,
LQHtransmission3440_to_LQHtransmission2805_heat,#823740,LQ heat distribution main,transmission,100000,1,20,LQHtransmission2805,LQHtransmission3440,
LQHtransmission2805_to_LQHtransmission4227_heat,#823740,LQ heat distribution main,transmission,100000,1,20,LQHtransmission4227,LQHtransmission2805,
LQHtransmission4227_to_LQHtransmission2130_heat,#823740,LQ heat distribution main,transmission,100000,1,20,LQHtransmission2130,LQHtransmission4227,
LQHtransmission2130_to_LQHtransmission4063_heat,#823740,LQ heat distribution main,transmission,100000,1,20,LQHtransmission4063,LQHtransmission2130,
LQHtransmission4063_to_LQHtransmission2448_heat,#823740,LQ heat distribution main,transmission,100000,1,20,LQHtransmission2448,LQHtransmission4063,
LQHtransmission2448_to_LQHtransmission610_heat,#823740,LQ heat distribution main,transmission,100000,1,20,LQHtransmission610,LQHtransmission2448,
LQHtransmission610_to_LQHtransmission1514_heat,#823740,LQ heat distribution main,transmission,100000,1,20,LQHtransmission1514,LQHtransmission610,
LQHtransmission1514_to_LQHtransmission3464_heat,#823740,LQ heat distribution main,transmission,100000,1,20,LQHtransmission3464,LQHtransmission1514,
LQHtransmission3464_to_LQHtransmission1348_heat,#823740,LQ heat distribution main,transmission,100000,1,20,LQHtransmission1348,LQHtransmission3464,
LQHtransmission1348_to_LQHtransmission4333_heat,#823740,LQ heat distribution main,transmission,100000,1,20,LQHtransmission4333,LQHtransmission1348,
LQHtransmission4333_to_LQHtransmission2736_heat,#823740,LQ heat distribution main,transmission,100000,1,20,LQHtransmission2736,LQHtransmission4333,
LQHtransmission2736_to_LQHtransmission3569_heat,#823740,LQ heat distribution main,transmission,100000,1,20,LQHtransmission3569,LQHtransmission2736,
LQHtransmission3569_to_LQHtransmission3129_heat,#823740,LQ heat distribution main,transmission,100000,1,20,LQHtransmission3129,LQHtransmission3569,
LQHtransmission3129_to_LQHtransmission1430_heat,#823740,LQ heat distribution main,transmission,100000,1,20,LQHtransmission1430,LQHtransmission3129,
LQHtransmission1430_to_LQHtransmission3704_heat,#823740,LQ heat distribution main,transmission,100000,1,20,LQHtransmission3704,LQHtransmission1430,
LQHtransmission3704_to_LQHtransmission4290_heat,#823740,LQ heat distribution main,transmission,100000,1,20,LQHtransmission4290,LQHtransmission3704,
LQHtransmission4290_to_LQHtransmission4359_heat,#823740,LQ heat distribution main,transmission,100000,1,20,LQHtransmission4359,LQHtransmission4290,
LQHtransmission4359_to_LQHtransmission248_heat,#823740,LQ heat distribution main,transmission,100000,1,20,LQHtransmission248,LQHtransmission4359,
LQHtransmission248_to_LQHtransmission4581_heat,#823740,LQ heat distribution main,transmission,100000,1,20,LQHtransmission4581,LQHtransmission248,
LQHtransmission4581_to_LQHtransmission1934_heat,#823740,LQ heat distribution main,transmission,100000,1,20,LQHtransmission1934,LQHtransmission4581,
LQHtransmission1934_to_LQHtransmission3599_heat,#823740,LQ heat distribution main,transmission,100000,1,20,LQHtransmission3599,LQHtransmission1934,
LQHtransmission3599_to_LQHtransmission2873_heat,#823740,LQ heat distribution main,transmission,100000,1,20,LQHtransmission2873,LQHtransmission3599,
LQHtransmission2873_to_LQHtransmission2730_heat,#823740,LQ heat distribution main,transmission,100000,1,20,LQHtransmission2730,LQHtransmission2873,
LQHtransmission2730_to_LQHtransmission1668_heat,#823740,LQ heat distribution main,transmission,100000,1,20,LQHtransmission1668,LQHtransmission2730,
LQHtransmission1668_to_LQHtransmission4264_heat,#823740,LQ heat distribution main,transmission,100000,1,20,LQHtransmission4264,LQHtransmission1668,
LQHtransmission4264_to_LQHtransmission2017_heat,#823740,LQ heat distribution main,transmission,100000,1,20,LQHtransmission2017,LQHtransmission4264,
LQHtransmission2017_to_LQHtransmission3061_heat,#823740,LQ heat distribution main,transmission,100000,1,20,LQHtransmission3061,LQHtransmission2017,
LQHtransmission3061_to_LQHtransmission4664_heat,#823740,LQ heat distribution main,transmission,100000,1,20,LQHtransmission4664,LQHtransmission3061,
LQHtransmission4664_to_LQHtransmission3982_heat,#823740,LQ heat distribution main,transmission,100000,1,20,LQHtransmission3982,LQHtransmission4664,
LQHtransmission3982_to_LQHtransmission906_heat,#823740,LQ heat distribution main,transmission,100000,1,20,LQHtransmission906,LQHtransmission3982,
LQHtransmission4455_to_LQHtransmission4383_heat,#823740,LQ heat distribution main,transmission,100000,1,20,LQHtransmission4383,LQHtransmission4455,
LQHtransmission4383_to_LQHtransmission2444_heat,#823740,LQ heat distribution main,transmission,100000,1,20,LQHtransmission2444,LQHtransmission4383,
LQHtransmission2444_to_LQHtransmission1228_heat,#823740,LQ heat distribution main,transmission,100000,1,20,LQHtransmission1228,LQHtransmission2444,
LQHtransmission1228_to_LQHtransmission99_heat,#823740,LQ heat distribution main,transmission,100000,1,20,LQHtransmission99,LQHtransmission1228,
LQHtransmission99_to_LQHtransmission4423_heat,#823740,LQ heat distribution main,transmission,100000,1,20,LQHtransmission4423,LQHtransmission99,
LQHtransmission4423_to_LQHtransmission3083_heat,#823740,LQ heat distribution main,transmission,100000,1,20,LQHtransmission3083,LQHtransmission4423,
LQHtransmission3083_to_LQHtransmission2409_heat,#823740,LQ heat distribution main,transmission,100000,1,20,LQHtransmission2409,LQHtransmission3083,
LQHtransmission2409_to_LQHtransmission2322_heat,#823740,LQ heat distribution main,transmission,100000,1,20,LQHtransmission2322,LQHtransmission2409,
LQHtransmission2322_to_LQHtransmission2789_heat,#823740,LQ heat distribution main,transmission,100000,1,20,LQHtransmission2789,LQHtransmission2322,
LQHtransmission2789_to_LQHtransmission473_heat,#823740,LQ heat distribution main,transmission,100000,1,20,LQHtransmission473,LQHtransmission2789,
LQHtransmission473_to_LQHtransmission1889_heat,#823740,LQ heat distribution main,transmission,100000,1,20,LQHtransmission1889,LQHtransmission473,
LQHtransmission1889_to_LQHtransmission2231_heat,#823740,LQ heat distribution main,transmission,100000,1,20,LQHtransmission2231,LQHtransmission1889,
LQHtransmission2231_to_LQHtransmission3215_heat,#823740,LQ heat distribution main,transmission,100000,1,20,LQHtransmission3215,LQHtransmission2231,
LQHtransmission3215_to_LQHtransmission4653_heat,#823740,LQ heat distribution main,transmission,100000,1,20,LQHtransmission4653,LQHtransmission3215,
LQHtransmission4653_to_LQHtransmission4480_heat,#823740,LQ heat distribution main,transmission,100000,1,20,LQHtransmission4480,LQHtransmission4653,
LQHtransmission4480_to_LQHtransmission4256_heat,#823740,LQ heat distribution main,transmission,100000,1,20,LQHtransmission4256,LQHtransmission4480,
LQHtransmission4256_to_LQHtransmission3029_heat,#823740,LQ heat distribution main,transmission,100000,1,20,LQHtransmission3029,LQHtransmission4256,
LQHtransmission3029_to_LQHtransmission3524_heat,#823740,LQ heat distribution main,transmission,100000,1,20,LQHtransmission3524,LQHtransmission3029,
LQHtransmission3524_to_LQHtransmission3935_heat,#823740,LQ heat distribution main,transmission,100000,1,20,LQHtransmission3935,LQHtransmission3524,
LQHtransmission3935_to_LQHtransmission4636_heat,#823740,LQ heat distribution main,transmission,100000,1,20,LQHtransmission4636,LQHtransmission3935,
LQHtransmission4636_to_LQHtransmission1988_heat,#823740,LQ heat distribution main,transmission,100000,1,20,LQHtransmission1988,LQHtransmission4636,
LQHtransmission1988_to_LQHtransmission1400_heat,#823740,LQ heat distribution main,transmission,100000,1,20,LQHtransmission1400,LQHtransmission1988,
LQHtransmission1400_to_LQHtransmission4474_heat,#823740,LQ heat distribution main,transmission,100000,1,20,LQHtransmission4474,LQHtransmission1400,
LQHtransmission4474_to_LQHtransmission2397_heat,#823740,LQ heat distribution main,transmission,100000,1,20,LQHtransmission2397,LQHtransmission4474,
LQHtransmission3346_to_LQHtransmission2379_heat,#823740,LQ heat distribution main,transmission,100000,1,20,LQHtransmission2379,LQHtransmission3346,
LQHtransmission1131_to_LQHtransmission2274_heat,#823740,LQ heat distribution main,transmission,100000,1,20,LQHtransmission2274,LQHtransmission1131,
LQHtransmission2274_to_LQHtransmission589_heat,#823740,LQ heat distribution main,transmission,100000,1,20,LQHtransmission589,LQHtransmission2274,
LQHtransmission589_to_LQHtransmission3847_heat,#823740,LQ heat distribution main,transmission,100000,1,20,LQHtransmission3847,LQHtransmission589,
LQHtransmission3847_to_LQHtransmission4394_heat,#823740,LQ heat distribution main,transmission,100000,1,20,LQHtransmission4394,LQHtransmission3847,
LQHtransmission4394_to_LQHtransmission3728_heat,#823740,LQ heat distribution main,transmission,100000,1,20,LQHtransmission3728,LQHtransmission4394,
LQHtransmission3728_to_LQHtransmission369_heat,#823740,LQ heat distribution main,transmission,100000,1,20,LQHtransmission369,LQHtransmission3728,
LQHtransmission369_to_LQHtransmission1358_heat,#823740,LQ heat distribution main,transmission,100000,1,20,LQHtransmission1358,LQHtransmission369,
LQHtransmission1358_to_LQHtransmission2737_heat,#823740,LQ heat distribution main,transmission,100000,1,20,LQHtransmission2737,LQHtransmission1358,
LQHtransmission2737_to_LQHtransmission4688_heat,#823740,LQ heat distribution main,transmission,100000,1,20,LQHtransmission4688,LQHtransmission2737,
LQHtransmission4688_to_LQHtransmission4368_heat,#823740,LQ heat distribution main,transmission,100000,1,20,LQHtransmission4368,LQHtransmission4688,
LQHtransmission4368_to_LQHtransmission3055_heat,#823740,LQ heat distribution main,transmission,100000,1,20,LQHtransmission3055,LQHtransmission4368,
LQHtransmission3055_to_LQHtransmission2355_heat,#823740,LQ heat distribution main,transmission,100000,1,20,LQHtransmission2355,LQHtransmission3055,
LQHtransmission2355_to_LQHtransmission2676_heat,#823740,LQ heat distribution main,transmission,100000,1,20,LQHtransmission2676,LQHtransmission2355,
LQHtransmission2676_to_LQHtransmission4639_heat,#823740,LQ heat distribution main,transmission,100000,1,20,LQHtransmission4639,LQHtransmission2676,
LQHtransmission4639_to_LQHtransmission4069_heat,#823740,LQ heat distribution main,transmission,100000,1,20,LQHtransmission4069,LQHtransmission4639,
LQHtransmission4069_to_LQHtransmission619_heat,#823740,LQ heat distribution main,transmission,100000,1,20,LQHtransmission619,LQHtransmission4069,
LQHtransmission619_to_LQHtransmission2292_heat,#823740,LQ heat distribution main,transmission,100000,1,20,LQHtransmission2292,LQHtransmission619,
LQHtransmission2292_to_LQHtransmission2938_heat,#823740,LQ heat distribution main,transmission,100000,1,20,LQHtransmission2938,LQHtransmission2292,
LQHtransmission2938_to_LQHtransmission3821_heat,#823740,LQ heat distribution main,transmission,100000,1,20,LQHtransmission3821,LQHtransmission2938,
LQHtransmission3821_to_LQHtransmission1758_heat,#823740,LQ heat distribution main,transmission,100000,1,20,LQHtransmission1758,LQHtransmission3821,
LQHtransmission1758_to_LQHtransmission136_heat,#823740,LQ heat distribution main,transmission,100000,1,20,LQHtransmission136,LQHtransmission1758,
LQHtransmission136_to_LQHtransmission3253_heat,#823740,LQ heat distribution main,transmission,100000,1,20,LQHtransmission3253,LQHtransmission136,
LQHtransmission3253_to_LQHtransmission3844_heat,#823740,LQ heat distribution main,transmission,100000,1,20,LQHtransmission3844,LQHtransmission3253,
LQHtransmission3844_to_LQHtransmission239_heat,#823740,LQ heat distribution main,transmission,100000,1,20,LQHtransmission239,LQHtransmission3844,
LQHtransmission239_to_LQHtransmission3520_heat,#823740,LQ heat distribution main,transmission,100000,1,20,LQHtransmission3520,LQHtransmission239,
LQHtransmission3520_to_LQHtransmission1683_heat,#823740,LQ heat distribution main,transmission,100000,1,20,LQHtransmission1683,LQHtransmission3520,
LQHtransmission1683_to_LQHtransmission3911_heat,#823740,LQ heat distribution main,transmission,100000,1,20,LQHtransmission3911,LQHtransmission1683,
LQHtransmission3911_to_LQHtransmission3874_heat,#823740,LQ heat distribution main,transmission,100000,1,20,LQHtransmission3874,LQHtransmission3911,
LQHtransmission3874_to_LQHtransmission1550_heat,#823740,LQ heat distribution main,transmission,100000,1,20,LQHtransmission1550,LQHtransmission3874,
LQHtransmission1550_to_LQHtransmission3365_heat,#823740,LQ heat distribution main,transmission,100000,1,20,LQHtransmission3365,LQHtransmission1550,
LQHtransmission3365_to_LQHtransmission4604_heat,#823740,LQ heat distribution main,transmission,100000,1,20,LQHtransmission4604,LQHtransmission3365,
LQHtransmission4604_to_LQHtransmission1624_heat,#823740,LQ heat distribution main,transmission,100000,1,20,LQHtransmission1624,LQHtransmission4604,
LQHtransmission1624_to_LQHtransmission2779_heat,#823740,LQ heat distribution main,transmission,100000,1,20,LQHtransmission2779,LQHtransmission1624,
LQHtransmission2779_to_LQHtransmission3740_heat,#823740,LQ heat distribution main,transmission,100000,1,20,LQHtransmission3740,LQHtransmission2779,
LQHtransmission3740_to_LQHtransmission2318_heat,#823740,LQ heat distribution main,transmission,100000,1,20,LQHtransmission2318,LQHtransmission3740,
LQHtransmission2318_to_LQHtransmission1906_heat,#823740,LQ heat distribution main,transmission,100000,1,20,LQHtransmission1906,LQHtransmission2318,
LQHtransmission1906_to_LQHtransmission2874_heat,#823740,LQ heat distribution main,transmission,100000,1,20,LQHtransmission2874,LQHtransmission1906,
LQHtransmission2874_to_LQHtransmission3363_heat,#823740,LQ heat distribution main,transmission,100000,1,20,LQHtransmission3363,LQHtransmission2874,
LQHtransmission3363_to_LQHtransmission4022_heat,#823740,LQ heat distribution main,transmission,100000,1,20,LQHtransmission4022,LQHtransmission3363,
LQHtransmission4022_to_LQHtransmission3965_heat,#823740,LQ heat distribution main,transmission,100000,1,20,LQHtransmission3965,LQHtransmission4022,
LQHtransmission3965_to_LQHtransmission3460_heat,#823740,LQ heat distribution main,transmission,100000,1,20,LQHtransmission3460,LQHtransmission3965,
LQHtransmission3460_to_LQHtransmission1532_heat,#823740,LQ heat distribution main,transmission,100000,1,20,LQHtransmission1532,LQHtransmission3460,
LQHtransmission1532_to_LQHtransmission3191_heat,#823740,LQ heat distribution main,transmission,100000,1,20,LQHtransmission3191,LQHtransmission1532,
LQHtransmission3191_to_LQHtransmission639_heat,#823740,LQ heat distribution main,transmission,100000,1,20,LQHtransmission639,LQHtransmission3191,
LQHtransmission639_to_LQHtransmission4238_heat,#823740,LQ heat distribution main,transmission,100000,1,20,LQHtransmission4238,LQHtransmission639,
LQHtransmission3938_to_LQHtransmission4552_heat,#823740,LQ heat distribution main,transmission,100000,1,20,LQHtransmission4552,LQHtransmission3938,
LQHtransmission4677_to_LQHtransmission337_heat,#823740,LQ heat distribution main,transmission,100000,1,20,LQHtransmission337,LQHtransmission4677,
LQHtransmission1115_to_LQHtransmission3033_heat,#823740,LQ heat distribution main,transmission,100000,1,20,LQHtransmission3033,LQHtransmission1115,
LQHtransmission3033_to_LQHtransmission2982_heat,#823740,LQ heat distribution main,transmission,100000,1,20,LQHtransmission2982,LQHtransmission3033,
LQHtransmission2982_to_LQHtransmission3903_heat,#823740,LQ heat distribution main,transmission,100000,1,20,LQHtransmission3903,LQHtransmission2982,
LQHtransmission3903_to_LQHtransmission845_heat,#823740,LQ heat distribution main,transmission,100000,1,20,LQHtransmission845,LQHtransmission3903,
LQHtransmission845_to_LQHtransmission2757_heat,#823740,LQ heat distribution main,transmission,100000,1,20,LQHtransmission2757,LQHtransmission845,
LQHtransmission2757_to_LQHtransmission3228_heat,#823740,LQ heat distribution main,transmission,100000,1,20,LQHtransmission3228,LQHtransmission2757,
LQHtransmission3228_to_LQHtransmission3934_heat,#823740,LQ heat distribution main,transmission,100000,1,20,LQHtransmission3934,LQHtransmission3228,
LQHtransmission3934_to_LQHtransmission3737_heat,#823740,LQ heat distribution main,transmission,100000,1,20,LQHtransmission3737,LQHtransmission3934,
LQHtransmission3737_to_LQHtransmission86_heat,#823740,LQ heat distribution main,transmission,100000,1,20,LQHtransmission86,LQHtransmission3737,
LQHtransmission86_to_LQHtransmission3463_heat,#823740,LQ heat distribution main,transmission,100000,1,20,LQHtransmission3463,LQHtransmission86,
LQHtransmission3463_to_LQHtransmission193_heat,#823740,LQ heat distribution main,transmission,100000,1,20,LQHtransmission193,LQHtransmission3463,
LQHtransmission193_to_LQHtransmission2382_heat,#823740,LQ heat distribution main,transmission,100000,1,20,LQHtransmission2382,LQHtransmission193,
LQHtransmission2382_to_LQHtransmission2110_heat,#823740,LQ heat distribution main,transmission,100000,1,20,LQHtransmission2110,LQHtransmission2382,
LQHtransmission2110_to_LQHtransmission3614_heat,#823740,LQ heat distribution main,transmission,100000,1,20,LQHtransmission3614,LQHtransmission2110,
LQHtransmission3614_to_LQHtransmission1137_heat,#823740,LQ heat distribution main,transmission,100000,1,20,LQHtransmission1137,LQHtransmission3614,
LQHtransmission1137_to_LQHtransmission3217_heat,#823740,LQ heat distribution main,transmission,100000,1,20,LQHtransmission3217,LQHtransmission1137,
LQHtransmission3217_to_LQHtransmission3803_heat,#823740,LQ heat distribution main,transmission,100000,1,20,LQHtransmission3803,LQHtransmission3217,
LQHtransmission3803_to_LQHtransmission257_heat,#823740,LQ heat distribution main,transmission,100000,1,20,LQHtransmission257,LQHtransmission3803,
LQHtransmission257_to_LQHtransmission3920_heat,#823740,LQ heat distribution main,transmission,100000,1,20,LQHtransmission3920,LQHtransmission257,
LQHtransmission3920_to_LQHtransmission2194_heat,#823740,LQ heat distribution main,transmission,100000,1,20,LQHtransmission2194,LQHtransmission3920,
LQHtransmission2194_to_LQHtransmission3711_heat,#823740,LQ heat distribution main,transmission,100000,1,20,LQHtransmission3711,LQHtransmission2194,
LQHtransmission3711_to_LQHtransmission4460_heat,#823740,LQ heat distribution main,transmission,100000,1,20,LQHtransmission4460,LQHtransmission3711,
LQHtransmission4460_to_LQHtransmission1660_heat,#823740,LQ heat distribution main,transmission,100000,1,20,LQHtransmission1660,LQHtransmission4460,
LQHtransmission1660_to_LQHtransmission2861_heat,#823740,LQ heat distribution main,transmission,100000,1,20,LQHtransmission2861,LQHtransmission1660,
LQHtransmission2861_to_LQHtransmission4675_heat,#823740,LQ heat distribution main,transmission,100000,1,20,LQHtransmission4675,LQHtransmission2861,
LQHtransmission4675_to_LQHtransmission1364_heat,#823740,LQ heat distribution main,transmission,100000,1,20,LQHtransmission1364,LQHtransmission4675,
LQHtransmission1364_to_LQHtransmission1956_heat,#823740,LQ heat distribution main,transmission,100000,1,20,LQHtransmission1956,LQHtransmission1364,
LQHtransmission1956_to_LQHtransmission474_heat,#823740,LQ heat distribution main,transmission,100000,1,20,LQHtransmission474,LQHtransmission1956,
LQHtransmission474_to_LQHtransmission1254_heat,#823740,LQ heat distribution main,transmission,100000,1,20,LQHtransmission1254,LQHtransmission474,
LQHtransmission1254_to_LQHtransmission2077_heat,#823740,LQ heat distribution main,transmission,100000,1,20,LQHtransmission2077,LQHtransmission1254,
LQHtransmission2077_to_LQHtransmission1432_heat,#823740,LQ heat distribution main,transmission,100000,1,20,LQHtransmission1432,LQHtransmission2077,
LQHtransmission1432_to_LQHtransmission4492_heat,#823740,LQ heat distribution main,transmission,100000,1,20,LQHtransmission4492,LQHtransmission1432,
LQHtransmission4492_to_LQHtransmission3876_heat,#823740,LQ heat distribution main,transmission,100000,1,20,LQHtransmission3876,LQHtransmission4492,
LQHtransmission3876_to_LQHtransmission4384_heat,#823740,LQ heat distribution main,transmission,100000,1,20,LQHtransmission4384,LQHtransmission3876,
LQHtransmission4384_to_LQHtransmission2120_heat,#823740,LQ heat distribution main,transmission,100000,1,20,LQHtransmission2120,LQHtransmission4384,
LQHtransmission2120_to_LQHtransmission76_heat,#823740,LQ heat distribution main,transmission,100000,1,20,LQHtransmission76,LQHtransmission2120,
LQHtransmission76_to_LQHtransmission3304_heat,#823740,LQ heat distribution main,transmission,100000,1,20,LQHtransmission3304,LQHtransmission76,
LQHtransmission3304_to_LQHtransmission4641_heat,#823740,LQ heat distribution main,transmission,100000,1,20,LQHtransmission4641,LQHtransmission3304,
LQHtransmission4641_to_LQHtransmission1069_heat,#823740,LQ heat distribution main,transmission,100000,1,20,LQHtransmission1069,LQHtransmission4641,
LQHtransmission1069_to_LQHtransmission2696_heat,#823740,LQ heat distribution main,transmission,100000,1,20,LQHtransmission2696,LQHtransmission1069,
LQHtransmission2696_to_LQHtransmission2422_heat,#823740,LQ heat distribution main,transmission,100000,1,20,LQHtransmission2422,LQHtransmission2696,
LQHtransmission2422_to_LQHtransmission620_heat,#823740,LQ heat distribution main,transmission,100000,1,20,LQHtransmission620,LQHtransmission2422,
LQHtransmission620_to_LQHtransmission2693_heat,#823740,LQ heat distribution main,transmission,100000,1,20,LQHtransmission2693,LQHtransmission620,
LQHtransmission2693_to_LQHtransmission3988_heat,#823740,LQ heat distribution main,transmission,100000,1,20,LQHtransmission3988,LQHtransmission2693,
LQHtransmission3988_to_LQHtransmission3138_heat,#823740,LQ heat distribution main,transmission,100000,1,20,LQHtransmission3138,LQHtransmission3988,
LQHtransmission3138_to_LQHtransmission1180_heat,#823740,LQ heat distribution main,transmission,100000,1,20,LQHtransmission1180,LQHtransmission3138,
LQHtransmission1180_to_LQHtransmission3738_heat,#823740,LQ heat distribution main,transmission,100000,1,20,LQHtransmission3738,LQHtransmission1180,
LQHtransmission3738_to_LQHtransmission1258_heat,#823740,LQ heat distribution main,transmission,100000,1,20,LQHtransmission1258,LQHtransmission3738,
LQHtransmission1258_to_LQHtransmission2044_heat,#823740,LQ heat distribution main,transmission,100000,1,20,LQHtransmission2044,LQHtransmission1258,
LQHtransmission2044_to_LQHtransmission650_heat,#823740,LQ heat distribution main,transmission,100000,1,20,LQHtransmission650,LQHtransmission2044,
LQHtransmission650_to_LQHtransmission723_heat,#823740,LQ heat distribution main,transmission,100000,1,20,LQHtransmission723,LQHtransmission650,
LQHtransmission723_to_LQHtransmission1502_heat,#823740,LQ heat distribution main,transmission,100000,1,20,LQHtransmission1502,LQHtransmission723,
LQHtransmission1502_to_LQHtransmission2831_heat,#823740,LQ heat distribution main,transmission,100000,1,20,LQHtransmission2831,LQHtransmission1502,
LQHtransmission2831_to_LQHtransmission4632_heat,#823740,LQ heat distribution main,transmission,100000,1,20,LQHtransmission4632,LQHtransmission2831,
LQHtransmission4632_to_LQHtransmission3064_heat,#823740,LQ heat distribution main,transmission,100000,1,20,LQHtransmission3064,LQHtransmission4632,
LQHtransmission3064_to_LQHtransmission159_heat,#823740,LQ heat distribution main,transmission,100000,1,20,LQHtransmission159,LQHtransmission3064,
LQHtransmission159_to_LQHtransmission1138_heat,#823740,LQ heat distribution main,transmission,100000,1,20,LQHtransmission1138,LQHtransmission159,
LQHtransmission1138_to_LQHtransmission2932_heat,#823740,LQ heat distribution main,transmission,100000,1,20,LQHtransmission2932,LQHtransmission1138,
LQHtransmission2932_to_LQHtransmission1718_heat,#823740,LQ heat distribution main,transmission,100000,1,20,LQHtransmission1718,LQHtransmission2932,
LQHtransmission1718_to_LQHtransmission2690_heat,#823740,LQ heat distribution main,transmission,100000,1,20,LQHtransmission2690,LQHtransmission1718,
LQHtransmission2690_to_LQHtransmission3104_heat,#823740,LQ heat distribution main,transmission,100000,1,20,LQHtransmission3104,LQHtransmission2690,
LQHtransmission3104_to_LQHtransmission332_heat,#823740,LQ heat distribution main,transmission,100000,1,20,LQHtransmission332,LQHtransmission3104,
LQHtransmission332_to_LQHtransmission2240_heat,#823740,LQ heat distribution main,transmission,100000,1,20,LQHtransmission2240,LQHtransmission332,
LQHtransmission2240_to_LQHtransmission4370_heat,#823740,LQ heat distribution main,transmission,100000,1,20,LQHtransmission4370,LQHtransmission2240,
LQHtransmission4370_to_LQHtransmission3115_heat,#823740,LQ heat distribution main,transmission,100000,1,20,LQHtransmission3115,LQHtransmission4370,
LQHtransmission3115_to_LQHtransmission4139_heat,#823740,LQ heat distribution main,transmission,100000,1,20,LQHtransmission4139,LQHtransmission3115,
LQHtransmission4139_to_LQHtransmission2824_heat,#823740,LQ heat distribution main,transmission,100000,1,20,LQHtransmission2824,LQHtransmission4139,
LQHtransmission2824_to_LQHtransmission64_heat,#823740,LQ heat distribution main,transmission,100000,1,20,LQHtransmission64,LQHtransmission2824,
LQHtransmission64_to_LQHtransmission2794_heat,#823740,LQ heat distribution main,transmission,100000,1,20,LQHtransmission2794,LQHtransmission64,
LQHtransmission2794_to_LQHtransmission3084_heat,#823740,LQ heat distribution main,transmission,100000,1,20,LQHtransmission3084,LQHtransmission2794,
LQHtransmission3084_to_LQHtransmission2275_heat,#823740,LQ heat distribution main,transmission,100000,1,20,LQHtransmission2275,LQHtransmission3084,
LQHtransmission2275_to_LQHtransmission3668_heat,#823740,LQ heat distribution main,transmission,100000,1,20,LQHtransmission3668,LQHtransmission2275,
LQHtransmission3668_to_LQHtransmission2188_heat,#823740,LQ heat distribution main,transmission,100000,1,20,LQHtransmission2188,LQHtransmission3668,
LQHtransmission2188_to_LQHtransmission935_heat,#823740,LQ heat distribution main,transmission,100000,1,20,LQHtransmission935,LQHtransmission2188,
LQHtransmission935_to_LQHtransmission4724_heat,#823740,LQ heat distribution main,transmission,100000,1,20,LQHtransmission4724,LQHtransmission935,
LQHtransmission4724_to_LQHtransmission4371_heat,#823740,LQ heat distribution main,transmission,100000,1,20,LQHtransmission4371,LQHtransmission4724,
LQHtransmission4371_to_LQHtransmission1457_heat,#823740,LQ heat distribution main,transmission,100000,1,20,LQHtransmission1457,LQHtransmission4371,
LQHtransmission1457_to_LQHtransmission4651_heat,#823740,LQ heat distribution main,transmission,100000,1,20,LQHtransmission4651,LQHtransmission1457,
LQHtransmission4651_to_LQHtransmission3653_heat,#823740,LQ heat distribution main,transmission,100000,1,20,LQHtransmission3653,LQHtransmission4651,
LQHtransmission3653_to_LQHtransmission4199_heat,#823740,LQ heat distribution main,transmission,100000,1,20,LQHtransmission4199,LQHtransmission3653,
LQHtransmission4199_to_LQHtransmission1390_heat,#823740,LQ heat distribution main,transmission,100000,1,20,LQHtransmission1390,LQHtransmission4199,
LQHtransmission1390_to_LQHtransmission3050_heat,#823740,LQ heat distribution main,transmission,100000,1,20,LQHtransmission3050,LQHtransmission1390,
LQHtransmission3050_to_LQHtransmission1121_heat,#823740,LQ heat distribution main,transmission,100000,1,20,LQHtransmission1121,LQHtransmission3050,
LQHtransmission1121_to_LQHtransmission876_heat,#823740,LQ heat distribution main,transmission,100000,1,20,LQHtransmission876,LQHtransmission1121,
LQHtransmission876_to_LQHtransmission732_heat,#823740,LQ heat distribution main,transmission,100000,1,20,LQHtransmission732,LQHtransmission876,
LQHtransmission732_to_LQHtransmission4341_heat,#823740,LQ heat distribution main,transmission,100000,1,20,LQHtransmission4341,LQHtransmission732,
LQHtransmission4341_to_LQHtransmission2215_heat,#823740,LQ heat distribution main,transmission,100000,1,20,LQHtransmission2215,LQHtransmission4341,
LQHtransmission2215_to_LQHtransmission530_heat,#823740,LQ heat distribution main,transmission,100000,1,20,LQHtransmission530,LQHtransmission2215,
LQHtransmission530_to_LQHtransmission3641_heat,#823740,LQ heat distribution main,transmission,100000,1,20,LQHtransmission3641,LQHtransmission530,
LQHtransmission3641_to_LQHtransmission305_heat,#823740,LQ heat distribution main,transmission,100000,1,20,LQHtransmission305,LQHtransmission3641,
LQHtransmission305_to_LQHtransmission1677_heat,#823740,LQ heat distribution main,transmission,100000,1,20,LQHtransmission1677,LQHtransmission305,
LQHtransmission1677_to_LQHtransmission839_heat,#823740,LQ heat distribution main,transmission,100000,1,20,LQHtransmission839,LQHtransmission1677,
LQHtransmission839_to_LQHtransmission1214_heat,#823740,LQ heat distribution main,transmission,100000,1,20,LQHtransmission1214,LQHtransmission839,
LQHtransmission1214_to_LQHtransmission367_heat,#823740,LQ heat distribution main,transmission,100000,1,20,LQHtransmission367,LQHtransmission1214,
LQHtransmission367_to_LQHtransmission2586_heat,#823740,LQ heat distribution main,transmission,100000,1,20,LQHtransmission2586,LQHtransmission367,
LQHtransmission2586_to_LQHtransmission736_heat,#823740,LQ heat distribution main,transmission,100000,1,20,LQHtransmission736,LQHtransmission2586,
LQHtransmission736_to_LQHtransmission716_heat,#823740,LQ heat distribution main,transmission,100000,1,20,LQHtransmission716,LQHtransmission736,
LQHtransmission716_to_LQHtransmission2733_heat,#823740,LQ heat distribution main,transmission,100000,1,20,LQHtransmission2733,LQHtransmission716,
LQHtransmission2733_to_LQHtransmission82_heat,#823740,LQ heat distribution main,transmission,100000,1,20,LQHtransmission82,LQHtransmission2733,
LQHtransmission82_to_LQHtransmission4377_heat,#823740,LQ heat distribution main,transmission,100000,1,20,LQHtransmission4377,LQHtransmission82,
LQHtransmission4377_to_LQHtransmission3144_heat,#823740,LQ heat distribution main,transmission,100000,1,20,LQHtransmission3144,LQHtransmission4377,
LQHtransmission3144_to_LQHtransmission354_heat,#823740,LQ heat distribution main,transmission,100000,1,20,LQHtransmission354,LQHtransmission3144,
LQHtransmission354_to_LQHtransmission461_heat,#823740,LQ heat distribution main,transmission,100000,1,20,LQHtransmission461,LQHtransmission354,
LQHtransmission1238_to_LQHtransmission3541_heat,#823740,LQ heat distribution main,transmission,100000,1,20,LQHtransmission3541,LQHtransmission1238,
LQHtransmission3541_to_LQHtransmission2853_heat,#823740,LQ heat distribution main,transmission,100000,1,20,LQHtransmission2853,LQHtransmission3541,
LQHtransmission2853_to_LQHtransmission4185_heat,#823740,LQ heat distribution main,transmission,100000,1,20,LQHtransmission4185,LQHtransmission2853,
LQHtransmission4185_to_LQHtransmission194_heat,#823740,LQ heat distribution main,transmission,100000,1,20,LQHtransmission194,LQHtransmission4185,
LQHtransmission194_to_LQHtransmission3044_heat,#823740,LQ heat distribution main,transmission,100000,1,20,LQHtransmission3044,LQHtransmission194,
LQHtransmission3044_to_LQHtransmission35_heat,#823740,LQ heat distribution main,transmission,100000,1,20,LQHtransmission35,LQHtransmission3044,
LQHtransmission35_to_LQHtransmission2351_heat,#823740,LQ heat distribution main,transmission,100000,1,20,LQHtransmission2351,LQHtransmission35,
LQHtransmission2351_to_LQHtransmission1217_heat,#823740,LQ heat distribution main,transmission,100000,1,20,LQHtransmission1217,LQHtransmission2351,
LQHtransmission1217_to_LQHtransmission2468_heat,#823740,LQ heat distribution main,transmission,100000,1,20,LQHtransmission2468,LQHtransmission1217,
LQHtransmission2468_to_LQHtransmission3164_heat,#823740,LQ heat distribution main,transmission,100000,1,20,LQHtransmission3164,LQHtransmission2468,
LQHtransmission3164_to_LQHtransmission4336_heat,#823740,LQ heat distribution main,transmission,100000,1,20,LQHtransmission4336,LQHtransmission3164,
LQHtransmission4336_to_LQHtransmission3049_heat,#823740,LQ heat distribution main,transmission,100000,1,20,LQHtransmission3049,LQHtransmission4336,
LQHtransmission3049_to_LQHtransmission4395_heat,#823740,LQ heat distribution main,transmission,100000,1,20,LQHtransmission4395,LQHtransmission3049,
LQHtransmission4395_to_LQHtransmission2559_heat,#823740,LQ heat distribution main,transmission,100000,1,20,LQHtransmission2559,LQHtransmission4395,
LQHtransmission2559_to_LQHtransmission3760_heat,#823740,LQ heat distribution main,transmission,100000,1,20,LQHtransmission3760,LQHtransmission2559,
LQHtransmission3760_to_LQHtransmission1670_heat,#823740,LQ heat distribution main,transmission,100000,1,20,LQHtransmission1670,LQHtransmission3760,
LQHtransmission1670_to_LQHtransmission3739_heat,#823740,LQ heat distribution main,transmission,100000,1,20,LQHtransmission3739,LQHtransmission1670,
LQHtransmission4552_to_LQHtransmission1922_heat,#823740,LQ heat distribution main,transmission,100000,1,20,LQHtransmission1922,LQHtransmission4552,
LQHtransmission1922_to_LQHtransmission2196_heat,#823740,LQ heat distribution main,transmission,100000,1,20,LQHtransmission2196,LQHtransmission1922,
LQHtransmission2196_to_LQHtransmission623_heat,#823740,LQ heat distribution main,transmission,100000,1,20,LQHtransmission623,LQHtransmission2196,
LQHtransmission623_to_LQHtransmission3261_heat,#823740,LQ heat distribution main,transmission,100000,1,20,LQHtransmission3261,LQHtransmission623,
LQHtransmission3261_to_LQHtransmission3065_heat,#823740,LQ heat distribution main,transmission,100000,1,20,LQHtransmission3065,LQHtransmission3261,
LQHtransmission4346_to_LQHtransmission1652_heat,#823740,LQ heat distribution main,transmission,100000,1,20,LQHtransmission1652,LQHtransmission4346,
LQHtransmission1652_to_LQHtransmission1212_heat,#823740,LQ heat distribution main,transmission,100000,1,20,LQHtransmission1212,LQHtransmission1652,
LQHtransmission1212_to_LQHtransmission1409_heat,#823740,LQ heat distribution main,transmission,100000,1,20,LQHtransmission1409,LQHtransmission1212,
LQHtransmission1409_to_LQHtransmission552_heat,#823740,LQ heat distribution main,transmission,100000,1,20,LQHtransmission552,LQHtransmission1409,
LQHtransmission552_to_LQHtransmission1859_heat,#823740,LQ heat distribution main,transmission,100000,1,20,LQHtransmission1859,LQHtransmission552,
LQHtransmission1859_to_LQHtransmission2534_heat,#823740,LQ heat distribution main,transmission,100000,1,20,LQHtransmission2534,LQHtransmission1859,
LQHtransmission2534_to_LQHtransmission2021_heat,#823740,LQ heat distribution main,transmission,100000,1,20,LQHtransmission2021,LQHtransmission2534,
LQHtransmission2021_to_LQHtransmission255_heat,#823740,LQ heat distribution main,transmission,100000,1,20,LQHtransmission255,LQHtransmission2021,
LQHtransmission255_to_LQHtransmission521_heat,#823740,LQ heat distribution main,transmission,100000,1,20,LQHtransmission521,LQHtransmission255,
LQHtransmission521_to_LQHtransmission2342_heat,#823740,LQ heat distribution main,transmission,100000,1,20,LQHtransmission2342,LQHtransmission521,
LQHtransmission567_to_LQHtransmission4548_heat,#823740,LQ heat distribution main,transmission,100000,1,20,LQHtransmission4548,LQHtransmission567,
LQHtransmission1271_to_LQHtransmission399_heat,#823740,LQ heat distribution main,transmission,100000,1,20,LQHtransmission399,LQHtransmission1271,
LQHtransmission399_to_LQHtransmission2369_heat,#823740,LQ heat distribution main,transmission,100000,1,20,LQHtransmission2369,LQHtransmission399,
LQHtransmission2369_to_LQHtransmission698_heat,#823740,LQ heat distribution main,transmission,100000,1,20,LQHtransmission698,LQHtransmission2369,
LQHtransmission1942_to_LQHtransmission169_heat,#823740,LQ heat distribution main,transmission,100000,1,20,LQHtransmission169,LQHtransmission1942,
LQHtransmission169_to_LQHtransmission4097_heat,#823740,LQ heat distribution main,transmission,100000,1,20,LQHtransmission4097,LQHtransmission169,
LQHtransmission4097_to_LQHtransmission2810_heat,#823740,LQ heat distribution main,transmission,100000,1,20,LQHtransmission2810,LQHtransmission4097,
LQHtransmission2810_to_LQHtransmission3041_heat,#823740,LQ heat distribution main,transmission,100000,1,20,LQHtransmission3041,LQHtransmission2810,
LQHtransmission3041_to_LQHtransmission739_heat,#823740,LQ heat distribution main,transmission,100000,1,20,LQHtransmission739,LQHtransmission3041,
LQHtransmission739_to_LQHtransmission4626_heat,#823740,LQ heat distribution main,transmission,100000,1,20,LQHtransmission4626,LQHtransmission739,
LQHtransmission4626_to_LQHtransmission4378_heat,#823740,LQ heat distribution main,transmission,100000,1,20,LQHtransmission4378,LQHtransmission4626,
LQHtransmission4378_to_LQHtransmission3580_heat,#823740,LQ heat distribution main,transmission,100000,1,20,LQHtransmission3580,LQHtransmission4378,
LQHtransmission3580_to_LQHtransmission1695_heat,#823740,LQ heat distribution main,transmission,100000,1,20,LQHtransmission1695,LQHtransmission3580,
LQHtransmission1695_to_LQHtransmission4045_heat,#823740,LQ heat distribution main,transmission,100000,1,20,LQHtransmission4045,LQHtransmission1695,
LQHtransmission4045_to_LQHtransmission1572_heat,#823740,LQ heat distribution main,transmission,100000,1,20,LQHtransmission1572,LQHtransmission4045,
LQHtransmission1572_to_LQHtransmission705_heat,#823740,LQ heat distribution main,transmission,100000,1,20,LQHtransmission705,LQHtransmission1572,
LQHtransmission705_to_LQHtransmission4372_heat,#823740,LQ heat distribution main,transmission,100000,1,20,LQHtransmission4372,LQHtransmission705,
LQHtransmission4372_to_LQHtransmission1539_heat,#823740,LQ heat distribution main,transmission,100000,1,20,LQHtransmission1539,LQHtransmission4372,
LQHtransmission1539_to_LQHtransmission183_heat,#823740,LQ heat distribution main,transmission,100000,1,20,LQHtransmission183,LQHtransmission1539,
LQHtransmission183_to_LQHtransmission4346_heat,#823740,LQ heat distribution main,transmission,100000,1,20,LQHtransmission4346,LQHtransmission183,
LQHtransmission4071_to_LQHtransmission1984_heat,#823740,LQ heat distribution main,transmission,100000,1,20,LQHtransmission1984,LQHtransmission4071,
LQHtransmission1984_to_LQHtransmission4390_heat,#823740,LQ heat distribution main,transmission,100000,1,20,LQHtransmission4390,LQHtransmission1984,
LQHtransmission4390_to_LQHtransmission2653_heat,#823740,LQ heat distribution main,transmission,100000,1,20,LQHtransmission2653,LQHtransmission4390,
LQHtransmission2653_to_LQHtransmission937_heat,#823740,LQ heat distribution main,transmission,100000,1,20,LQHtransmission937,LQHtransmission2653,
LQHtransmission937_to_LQHtransmission59_heat,#823740,LQ heat distribution main,transmission,100000,1,20,LQHtransmission59,LQHtransmission937,
LQHtransmission59_to_LQHtransmission3701_heat,#823740,LQ heat distribution main,transmission,100000,1,20,LQHtransmission3701,LQHtransmission59,
LQHtransmission3701_to_LQHtransmission1884_heat,#823740,LQ heat distribution main,transmission,100000,1,20,LQHtransmission1884,LQHtransmission3701,
LQHtransmission1884_to_LQHtransmission706_heat,#823740,LQ heat distribution main,transmission,100000,1,20,LQHtransmission706,LQHtransmission1884,
LQHtransmission706_to_LQHtransmission3542_heat,#823740,LQ heat distribution main,transmission,100000,1,20,LQHtransmission3542,LQHtransmission706,
LQHtransmission3542_to_LQHtransmission2255_heat,#823740,LQ heat distribution main,transmission,100000,1,20,LQHtransmission2255,LQHtransmission3542,
LQHtransmission2255_to_LQHtransmission2651_heat,#823740,LQ heat distribution main,transmission,100000,1,20,LQHtransmission2651,LQHtransmission2255,
LQHtransmission2651_to_LQHtransmission2313_heat,#823740,LQ heat distribution main,transmission,100000,1,20,LQHtransmission2313,LQHtransmission2651,
LQHtransmission2313_to_LQHtransmission4306_heat,#823740,LQ heat distribution main,transmission,100000,1,20,LQHtransmission4306,LQHtransmission2313,
LQHtransmission4306_to_LQHtransmission1856_heat,#823740,LQ heat distribution main,transmission,100000,1,20,LQHtransmission1856,LQHtransmission4306,
LQHtransmission1856_to_LQHtransmission3747_heat,#823740,LQ heat distribution main,transmission,100000,1,20,LQHtransmission3747,LQHtransmission1856,
LQHtransmission3747_to_LQHtransmission3981_heat,#823740,LQ heat distribution main,transmission,100000,1,20,LQHtransmission3981,LQHtransmission3747,
LQHtransmission3981_to_LQHtransmission3202_heat,#823740,LQ heat distribution main,transmission,100000,1,20,LQHtransmission3202,LQHtransmission3981,
LQHtransmission3202_to_LQHtransmission3271_heat,#823740,LQ heat distribution main,transmission,100000,1,20,LQHtransmission3271,LQHtransmission3202,
LQHtransmission3271_to_LQHtransmission195_heat,#823740,LQ heat distribution main,transmission,100000,1,20,LQHtransmission195,LQHtransmission3271,
LQHtransmission195_to_LQHtransmission3123_heat,#823740,LQ heat distribution main,transmission,100000,1,20,LQHtransmission3123,LQHtransmission195,
LQHtransmission3123_to_LQHtransmission359_heat,#823740,LQ heat distribution main,transmission,100000,1,20,LQHtransmission359,LQHtransmission3123,
LQHtransmission359_to_LQHtransmission3356_heat,#823740,LQ heat distribution main,transmission,100000,1,20,LQHtransmission3356,LQHtransmission359,
LQHtransmission3356_to_LQHtransmission1016_heat,#823740,LQ heat distribution main,transmission,100000,1,20,LQHtransmission1016,LQHtransmission3356,
LQHtransmission1016_to_LQHtransmission2981_heat,#823740,LQ heat distribution main,transmission,100000,1,20,LQHtransmission2981,LQHtransmission1016,
LQHtransmission2981_to_LQHtransmission3859_heat,#823740,LQ heat distribution main,transmission,100000,1,20,LQHtransmission3859,LQHtransmission2981,
LQHtransmission3859_to_LQHtransmission684_heat,#823740,LQ heat distribution main,transmission,100000,1,20,LQHtransmission684,LQHtransmission3859,
LQHtransmission684_to_LQHtransmission2068_heat,#823740,LQ heat distribution main,transmission,100000,1,20,LQHtransmission2068,LQHtransmission684,
LQHtransmission2068_to_LQHtransmission694_heat,#823740,LQ heat distribution main,transmission,100000,1,20,LQHtransmission694,LQHtransmission2068,
LQHtransmission694_to_LQHtransmission3842_heat,#823740,LQ heat distribution main,transmission,100000,1,20,LQHtransmission3842,LQHtransmission694,
LQHtransmission3842_to_LQHtransmission1359_heat,#823740,LQ heat distribution main,transmission,100000,1,20,LQHtransmission1359,LQHtransmission3842,
LQHtransmission1359_to_LQHtransmission1080_heat,#823740,LQ heat distribution main,transmission,100000,1,20,LQHtransmission1080,LQHtransmission1359,
LQHtransmission1080_to_LQHtransmission260_heat,#823740,LQ heat distribution main,transmission,100000,1,20,LQHtransmission260,LQHtransmission1080,
LQHtransmission4014_to_LQHtransmission986_heat,#823740,LQ heat distribution main,transmission,100000,1,20,LQHtransmission986,LQHtransmission4014,
LQHtransmission986_to_LQHtransmission39_heat,#823740,LQ heat distribution main,transmission,100000,1,20,LQHtransmission39,LQHtransmission986,
LQHtransmission39_to_LQHtransmission1095_heat,#823740,LQ heat distribution main,transmission,100000,1,20,LQHtransmission1095,LQHtransmission39,
LQHtransmission1095_to_LQHtransmission4283_heat,#823740,LQ heat distribution main,transmission,100000,1,20,LQHtransmission4283,LQHtransmission1095,
LQHtransmission4283_to_LQHtransmission2305_heat,#823740,LQ heat distribution main,transmission,100000,1,20,LQHtransmission2305,LQHtransmission4283,
LQHtransmission2305_to_LQHtransmission779_heat,#823740,LQ heat distribution main,transmission,100000,1,20,LQHtransmission779,LQHtransmission2305,
LQHtransmission779_to_LQHtransmission1942_heat,#823740,LQ heat distribution main,transmission,100000,1,20,LQHtransmission1942,LQHtransmission779,
LQHtransmission4678_to_LQHtransmission3110_heat,#823740,LQ heat distribution main,transmission,100000,1,20,LQHtransmission3110,LQHtransmission4678,
LQHtransmission2822_to_LQHtransmission1795_heat,#823740,LQ heat distribution main,transmission,100000,1,20,LQHtransmission1795,LQHtransmission2822,
LQHtransmission4678_to_LQHtransmission525_heat,#823740,LQ heat distribution main,transmission,100000,1,20,LQHtransmission525,LQHtransmission4678,
LQHtransmission525_to_LQHtransmission1218_heat,#823740,LQ heat distribution main,transmission,100000,1,20,LQHtransmission1218,LQHtransmission525,
LQHtransmission1218_to_LQHtransmission1797_heat,#823740,LQ heat distribution main,transmission,100000,1,20,LQHtransmission1797,LQHtransmission1218,
LQHtransmission1797_to_LQHtransmission2813_heat,#823740,LQ heat distribution main,transmission,100000,1,20,LQHtransmission2813,LQHtransmission1797,
LQHtransmission2813_to_LQHtransmission3839_heat,#823740,LQ heat distribution main,transmission,100000,1,20,LQHtransmission3839,LQHtransmission2813,
LQHtransmission3839_to_LQHtransmission186_heat,#823740,LQ heat distribution main,transmission,100000,1,20,LQHtransmission186,LQHtransmission3839,
LQHtransmission186_to_LQHtransmission218_heat,#823740,LQ heat distribution main,transmission,100000,1,20,LQHtransmission218,LQHtransmission186,
LQHtransmission218_to_LQHtransmission4461_heat,#823740,LQ heat distribution main,transmission,100000,1,20,LQHtransmission4461,LQHtransmission218,
LQHtransmission4461_to_LQHtransmission2738_heat,#823740,LQ heat distribution main,transmission,100000,1,20,LQHtransmission2738,LQHtransmission4461,
LQHtransmission2738_to_LQHtransmission1464_heat,#823740,LQ heat distribution main,transmission,100000,1,20,LQHtransmission1464,LQHtransmission2738,
LQHtransmission1464_to_LQHtransmission663_heat,#823740,LQ heat distribution main,transmission,100000,1,20,LQHtransmission663,LQHtransmission1464,
LQHtransmission663_to_LQHtransmission643_heat,#823740,LQ heat distribution main,transmission,100000,1,20,LQHtransmission643,LQHtransmission663,
LQHtransmission643_to_LQHtransmission824_heat,#823740,LQ heat distribution main,transmission,100000,1,20,LQHtransmission824,LQHtransmission643,
LQHtransmission824_to_LQHtransmission666_heat,#823740,LQ heat distribution main,transmission,100000,1,20,LQHtransmission666,LQHtransmission824,
LQHtransmission666_to_LQHtransmission848_heat,#823740,LQ heat distribution main,transmission,100000,1,20,LQHtransmission848,LQHtransmission666,
LQHtransmission848_to_LQHtransmission4365_heat,#823740,LQ heat distribution main,transmission,100000,1,20,LQHtransmission4365,LQHtransmission848,
LQHtransmission4365_to_LQHtransmission2041_heat,#823740,LQ heat distribution main,transmission,100000,1,20,LQHtransmission2041,LQHtransmission4365,
LQHtransmission2041_to_LQHtransmission3785_heat,#823740,LQ heat distribution main,transmission,100000,1,20,LQHtransmission3785,LQHtransmission2041,
LQHtransmission3785_to_LQHtransmission3828_heat,#823740,LQ heat distribution main,transmission,100000,1,20,LQHtransmission3828,LQHtransmission3785,
LQHtransmission3828_to_LQHtransmission630_heat,#823740,LQ heat distribution main,transmission,100000,1,20,LQHtransmission630,LQHtransmission3828,
LQHtransmission630_to_LQHtransmission677_heat,#823740,LQ heat distribution main,transmission,100000,1,20,LQHtransmission677,LQHtransmission630,
LQHtransmission677_to_LQHtransmission2425_heat,#823740,LQ heat distribution main,transmission,100000,1,20,LQHtransmission2425,LQHtransmission677,
LQHtransmission2288_to_LQHtransmission227_heat,#823740,LQ heat distribution main,transmission,100000,1,20,LQHtransmission227,LQHtransmission2288,
LQHtransmission227_to_LQHtransmission1510_heat,#823740,LQ heat distribution main,transmission,100000,1,20,LQHtransmission1510,LQHtransmission227,
LQHtransmission1510_to_LQHtransmission1385_heat,#823740,LQ heat distribution main,transmission,100000,1,20,LQHtransmission1385,LQHtransmission1510,
LQHtransmission1385_to_LQHtransmission2156_heat,#823740,LQ heat distribution main,transmission,100000,1,20,LQHtransmission2156,LQHtransmission1385,
LQHtransmission2156_to_LQHtransmission1011_heat,#823740,LQ heat distribution main,transmission,100000,1,20,LQHtransmission1011,LQHtransmission2156,
LQHtransmission1011_to_LQHtransmission4070_heat,#823740,LQ heat distribution main,transmission,100000,1,20,LQHtransmission4070,LQHtransmission1011,
LQHtransmission4070_to_LQHtransmission118_heat,#823740,LQ heat distribution main,transmission,100000,1,20,LQHtransmission118,LQHtransmission4070,
LQHtransmission118_to_LQHtransmission149_heat,#823740,LQ heat distribution main,transmission,100000,1,20,LQHtransmission149,LQHtransmission118,
LQHtransmission149_to_LQHtransmission1428_heat,#823740,LQ heat distribution main,transmission,100000,1,20,LQHtransmission1428,LQHtransmission149,
LQHtransmission1428_to_LQHtransmission2767_heat,#823740,LQ heat distribution main,transmission,100000,1,20,LQHtransmission2767,LQHtransmission1428,
LQHtransmission2767_to_LQHtransmission2627_heat,#823740,LQ heat distribution main,transmission,100000,1,20,LQHtransmission2627,LQHtransmission2767,
LQHtransmission2627_to_LQHtransmission4231_heat,#823740,LQ heat distribution main,transmission,100000,1,20,LQHtransmission4231,LQHtransmission2627,
LQHtransmission4231_to_LQHtransmission3381_heat,#823740,LQ heat distribution main,transmission,100000,1,20,LQHtransmission3381,LQHtransmission4231,
LQHtransmission3381_to_LQHtransmission2314_heat,#823740,LQ heat distribution main,transmission,100000,1,20,LQHtransmission2314,LQHtransmission3381,
LQHtransmission2314_to_LQHtransmission3148_heat,#823740,LQ heat distribution main,transmission,100000,1,20,LQHtransmission3148,LQHtransmission2314,
LQHtransmission3148_to_LQHtransmission949_heat,#823740,LQ heat distribution main,transmission,100000,1,20,LQHtransmission949,LQHtransmission3148,
LQHtransmission949_to_LQHtransmission4009_heat,#823740,LQ heat distribution main,transmission,100000,1,20,LQHtransmission4009,LQHtransmission949,
LQHtransmission4009_to_LQHtransmission3092_heat,#823740,LQ heat distribution main,transmission,100000,1,20,LQHtransmission3092,LQHtransmission4009,
LQHtransmission3092_to_LQHtransmission1185_heat,#823740,LQ heat distribution main,transmission,100000,1,20,LQHtransmission1185,LQHtransmission3092,
LQHtransmission1185_to_LQHtransmission3884_heat,#823740,LQ heat distribution main,transmission,100000,1,20,LQHtransmission3884,LQHtransmission1185,
LQHtransmission3884_to_LQHtransmission1482_heat,#823740,LQ heat distribution main,transmission,100000,1,20,LQHtransmission1482,LQHtransmission3884,
LQHtransmission1482_to_LQHtransmission4150_heat,#823740,LQ heat distribution main,transmission,100000,1,20,LQHtransmission4150,LQHtransmission1482,
LQHtransmission4150_to_LQHtransmission1068_heat,#823740,LQ heat distribution main,transmission,100000,1,20,LQHtransmission1068,LQHtransmission4150,
LQHtransmission1068_to_LQHtransmission3293_heat,#823740,LQ heat distribution main,transmission,100000,1,20,LQHtransmission3293,LQHtransmission1068,
LQHtransmission3293_to_LQHtransmission1835_heat,#823740,LQ heat distribution main,transmission,100000,1,20,LQHtransmission1835,LQHtransmission3293,
LQHtransmission1835_to_LQHtransmission3494_heat,#823740,LQ heat distribution main,transmission,100000,1,20,LQHtransmission3494,LQHtransmission1835,
LQHtransmission3494_to_LQHtransmission2387_heat,#823740,LQ heat distribution main,transmission,100000,1,20,LQHtransmission2387,LQHtransmission3494,
LQHtransmission698_to_LQHtransmission3063_heat,#823740,LQ heat distribution main,transmission,100000,1,20,LQHtransmission3063,LQHtransmission698,
LQHtransmission3063_to_LQHtransmission219_heat,#823740,LQ heat distribution main,transmission,100000,1,20,LQHtransmission219,LQHtransmission3063,
LQHtransmission219_to_LQHtransmission2741_heat,#823740,LQ heat distribution main,transmission,100000,1,20,LQHtransmission2741,LQHtransmission219,
LQHtransmission2741_to_LQHtransmission1476_heat,#823740,LQ heat distribution main,transmission,100000,1,20,LQHtransmission1476,LQHtransmission2741,
LQHtransmission1476_to_LQHtransmission1391_heat,#823740,LQ heat distribution main,transmission,100000,1,20,LQHtransmission1391,LQHtransmission1476,
LQHtransmission1391_to_LQHtransmission3238_heat,#823740,LQ heat distribution main,transmission,100000,1,20,LQHtransmission3238,LQHtransmission1391,
LQHtransmission3238_to_LQHtransmission1943_heat,#823740,LQ heat distribution main,transmission,100000,1,20,LQHtransmission1943,LQHtransmission3238,
LQHtransmission1943_to_LQHtransmission3281_heat,#823740,LQ heat distribution main,transmission,100000,1,20,LQHtransmission3281,LQHtransmission1943,
LQHtransmission3281_to_LQHtransmission2975_heat,#823740,LQ heat distribution main,transmission,100000,1,20,LQHtransmission2975,LQHtransmission3281,
LQHtransmission2975_to_LQHtransmission745_heat,#823740,LQ heat distribution main,transmission,100000,1,20,LQHtransmission745,LQHtransmission2975,
LQHtransmission745_to_LQHtransmission3056_heat,#823740,LQ heat distribution main,transmission,100000,1,20,LQHtransmission3056,LQHtransmission745,
LQHtransmission3056_to_LQHtransmission3505_heat,#823740,LQ heat distribution main,transmission,100000,1,20,LQHtransmission3505,LQHtransmission3056,
LQHtransmission3505_to_LQHtransmission3196_heat,#823740,LQ heat distribution main,transmission,100000,1,20,LQHtransmission3196,LQHtransmission3505,
LQHtransmission3196_to_LQHtransmission587_heat,#823740,LQ heat distribution main,transmission,100000,1,20,LQHtransmission587,LQHtransmission3196,
LQHtransmission4032_to_LQHtransmission3980_heat,#823740,LQ heat distribution main,transmission,100000,1,20,LQHtransmission3980,LQHtransmission4032,
LQHtransmission3980_to_LQHtransmission2427_heat,#823740,LQ heat distribution main,transmission,100000,1,20,LQHtransmission2427,LQHtransmission3980,
LQHtransmission2427_to_LQHtransmission4245_heat,#823740,LQ heat distribution main,transmission,100000,1,20,LQHtransmission4245,LQHtransmission2427,
LQHtransmission4245_to_LQHtransmission3724_heat,#823740,LQ heat distribution main,transmission,100000,1,20,LQHtransmission3724,LQHtransmission4245,
LQHtransmission3724_to_LQHtransmission2979_heat,#823740,LQ heat distribution main,transmission,100000,1,20,LQHtransmission2979,LQHtransmission3724,
LQHtransmission2979_to_LQHtransmission2906_heat,#823740,LQ heat distribution main,transmission,100000,1,20,LQHtransmission2906,LQHtransmission2979,
LQHtransmission2906_to_LQHtransmission3262_heat,#823740,LQ heat distribution main,transmission,100000,1,20,LQHtransmission3262,LQHtransmission2906,
LQHtransmission3262_to_LQHtransmission2330_heat,#823740,LQ heat distribution main,transmission,100000,1,20,LQHtransmission2330,LQHtransmission3262,
LQHtransmission3635_to_LQHtransmission1150_heat,#823740,LQ heat distribution main,transmission,100000,1,20,LQHtransmission1150,LQHtransmission3635,
LQHtransmission1150_to_LQHtransmission1707_heat,#823740,LQ heat distribution main,transmission,100000,1,20,LQHtransmission1707,LQHtransmission1150,
LQHtransmission1707_to_LQHtransmission1551_heat,#823740,LQ heat distribution main,transmission,100000,1,20,LQHtransmission1551,LQHtransmission1707,
LQHtransmission1551_to_LQHtransmission1023_heat,#823740,LQ heat distribution main,transmission,100000,1,20,LQHtransmission1023,LQHtransmission1551,
LQHtransmission1023_to_LQHtransmission2640_heat,#823740,LQ heat distribution main,transmission,100000,1,20,LQHtransmission2640,LQHtransmission1023,
LQHtransmission2640_to_LQHtransmission2271_heat,#823740,LQ heat distribution main,transmission,100000,1,20,LQHtransmission2271,LQHtransmission2640,
LQHtransmission2271_to_LQHtransmission2051_heat,#823740,LQ heat distribution main,transmission,100000,1,20,LQHtransmission2051,LQHtransmission2271,
LQHtransmission2051_to_LQHtransmission1071_heat,#823740,LQ heat distribution main,transmission,100000,1,20,LQHtransmission1071,LQHtransmission2051,
LQHtransmission1071_to_LQHtransmission3248_heat,#823740,LQ heat distribution main,transmission,100000,1,20,LQHtransmission3248,LQHtransmission1071,
LQHtransmission3248_to_LQHtransmission2795_heat,#823740,LQ heat distribution main,transmission,100000,1,20,LQHtransmission2795,LQHtransmission3248,
LQHtransmission3105_to_LQHtransmission3613_heat,#823740,LQ heat distribution main,transmission,100000,1,20,LQHtransmission3613,LQHtransmission3105,
LQHtransmission3613_to_LQHtransmission2936_heat,#823740,LQ heat distribution main,transmission,100000,1,20,LQHtransmission2936,LQHtransmission3613,
LQHtransmission2936_to_LQHtransmission4617_heat,#823740,LQ heat distribution main,transmission,100000,1,20,LQHtransmission4617,LQHtransmission2936,
LQHtransmission4617_to_LQHtransmission170_heat,#823740,LQ heat distribution main,transmission,100000,1,20,LQHtransmission170,LQHtransmission4617,
LQHtransmission3114_to_LQHtransmission1606_heat,#823740,LQ heat distribution main,transmission,100000,1,20,LQHtransmission1606,LQHtransmission3114,
LQHtransmission1606_to_LQHtransmission1433_heat,#823740,LQ heat distribution main,transmission,100000,1,20,LQHtransmission1433,LQHtransmission1606,
LQHtransmission1433_to_LQHtransmission2863_heat,#823740,LQ heat distribution main,transmission,100000,1,20,LQHtransmission2863,LQHtransmission1433,
LQHtransmission2863_to_LQHtransmission2688_heat,#823740,LQ heat distribution main,transmission,100000,1,20,LQHtransmission2688,LQHtransmission2863,
LQHtransmission2688_to_LQHtransmission81_heat,#823740,LQ heat distribution main,transmission,100000,1,20,LQHtransmission81,LQHtransmission2688,
LQHtransmission81_to_LQHtransmission2490_heat,#823740,LQ heat distribution main,transmission,100000,1,20,LQHtransmission2490,LQHtransmission81,
LQHtransmission2490_to_LQHtransmission3158_heat,#823740,LQ heat distribution main,transmission,100000,1,20,LQHtransmission3158,LQHtransmission2490,
LQHtransmission3158_to_LQHtransmission172_heat,#823740,LQ heat distribution main,transmission,100000,1,20,LQHtransmission172,LQHtransmission3158,
LQHtransmission172_to_LQHtransmission3453_heat,#823740,LQ heat distribution main,transmission,100000,1,20,LQHtransmission3453,LQHtransmission172,
LQHtransmission3453_to_LQHtransmission1450_heat,#823740,LQ heat distribution main,transmission,100000,1,20,LQHtransmission1450,LQHtransmission3453,
LQHtransmission1450_to_LQHtransmission2134_heat,#823740,LQ heat distribution main,transmission,100000,1,20,LQHtransmission2134,LQHtransmission1450,
LQHtransmission4048_to_LQHtransmission3274_heat,#823740,LQ heat distribution main,transmission,100000,1,20,LQHtransmission3274,LQHtransmission4048,
LQHtransmission3274_to_LQHtransmission1231_heat,#823740,LQ heat distribution main,transmission,100000,1,20,LQHtransmission1231,LQHtransmission3274,
LQHtransmission1231_to_LQHtransmission3869_heat,#823740,LQ heat distribution main,transmission,100000,1,20,LQHtransmission3869,LQHtransmission1231,
LQHtransmission3869_to_LQHtransmission3081_heat,#823740,LQ heat distribution main,transmission,100000,1,20,LQHtransmission3081,LQHtransmission3869,
LQHtransmission4329_to_LQHtransmission2152_heat,#823740,LQ heat distribution main,transmission,100000,1,20,LQHtransmission2152,LQHtransmission4329,
LQHtransmission2152_to_LQHtransmission3147_heat,#823740,LQ heat distribution main,transmission,100000,1,20,LQHtransmission3147,LQHtransmission2152,
LQHtransmission3147_to_LQHtransmission3810_heat,#823740,LQ heat distribution main,transmission,100000,1,20,LQHtransmission3810,LQHtransmission3147,
LQHtransmission3810_to_LQHtransmission3335_heat,#823740,LQ heat distribution main,transmission,100000,1,20,LQHtransmission3335,LQHtransmission3810,
LQHtransmission3335_to_LQHtransmission3808_heat,#823740,LQ heat distribution main,transmission,100000,1,20,LQHtransmission3808,LQHtransmission3335,
LQHtransmission3808_to_LQHtransmission3333_heat,#823740,LQ heat distribution main,transmission,100000,1,20,LQHtransmission3333,LQHtransmission3808,
LQHtransmission3333_to_LQHtransmission251_heat,#823740,LQ heat distribution main,transmission,100000,1,20,LQHtransmission251,LQHtransmission3333,
LQHtransmission4071_to_LQHtransmission3850_heat,#823740,LQ heat distribution main,transmission,100000,1,20,LQHtransmission3850,LQHtransmission4071,
LQHtransmission3850_to_LQHtransmission1963_heat,#823740,LQ heat distribution main,transmission,100000,1,20,LQHtransmission1963,LQHtransmission3850,
LQHtransmission1963_to_LQHtransmission6_heat,#823740,LQ heat distribution main,transmission,100000,1,20,LQHtransmission6,LQHtransmission1963,
LQHtransmission6_to_LQHtransmission3753_heat,#823740,LQ heat distribution main,transmission,100000,1,20,LQHtransmission3753,LQHtransmission6,
LQHtransmission3753_to_LQHtransmission3035_heat,#823740,LQ heat distribution main,transmission,100000,1,20,LQHtransmission3035,LQHtransmission3753,
LQHtransmission3035_to_LQHtransmission3232_heat,#823740,LQ heat distribution main,transmission,100000,1,20,LQHtransmission3232,LQHtransmission3035,
LQHtransmission3232_to_LQHtransmission2073_heat,#823740,LQ heat distribution main,transmission,100000,1,20,LQHtransmission2073,LQHtransmission3232,
LQHtransmission2073_to_LQHtransmission3595_heat,#823740,LQ heat distribution main,transmission,100000,1,20,LQHtransmission3595,LQHtransmission2073,
LQHtransmission3595_to_LQHtransmission2993_heat,#823740,LQ heat distribution main,transmission,100000,1,20,LQHtransmission2993,LQHtransmission3595,
LQHtransmission2993_to_LQHtransmission933_heat,#823740,LQ heat distribution main,transmission,100000,1,20,LQHtransmission933,LQHtransmission2993,
LQHtransmission933_to_LQHtransmission2138_heat,#823740,LQ heat distribution main,transmission,100000,1,20,LQHtransmission2138,LQHtransmission933,
LQHtransmission3689_to_LQHtransmission415_heat,#823740,LQ heat distribution main,transmission,100000,1,20,LQHtransmission415,LQHtransmission3689,
LQHtransmission429_to_LQHtransmission4048_heat,#823740,LQ heat distribution main,transmission,100000,1,20,LQHtransmission4048,LQHtransmission429,
LQHtransmission3203_to_LQHtransmission4650_heat,#823740,LQ heat distribution main,transmission,100000,1,20,LQHtransmission4650,LQHtransmission3203,
LQHtransmission4650_to_LQHtransmission2180_heat,#823740,LQ heat distribution main,transmission,100000,1,20,LQHtransmission2180,LQHtransmission4650,
LQHtransmission4120_to_LQHtransmission3809_heat,#823740,LQ heat distribution main,transmission,100000,1,20,LQHtransmission3809,LQHtransmission4120,
LQHtransmission3105_to_LQHtransmission4034_heat,#823740,LQ heat distribution main,transmission,100000,1,20,LQHtransmission4034,LQHtransmission3105,
LQHtransmission3065_to_LQHtransmission1694_heat,#823740,LQ heat distribution main,transmission,100000,1,20,LQHtransmission1694,LQHtransmission3065,
LQHtransmission1694_to_LQHtransmission4515_heat,#823740,LQ heat distribution main,transmission,100000,1,20,LQHtransmission4515,LQHtransmission1694,
LQHtransmission356_to_LQHtransmission1907_heat,#823740,LQ heat distribution main,transmission,100000,1,20,LQHtransmission1907,LQHtransmission356,
LQHtransmission1907_to_LQHtransmission1745_heat,#823740,LQ heat distribution main,transmission,100000,1,20,LQHtransmission1745,LQHtransmission1907,
LQHtransmission1745_to_LQHtransmission3558_heat,#823740,LQ heat distribution main,transmission,100000,1,20,LQHtransmission3558,LQHtransmission1745,
LQHtransmission3558_to_LQHtransmission4457_heat,#823740,LQ heat distribution main,transmission,100000,1,20,LQHtransmission4457,LQHtransmission3558,
LQHtransmission4457_to_LQHtransmission143_heat,#823740,LQ heat distribution main,transmission,100000,1,20,LQHtransmission143,LQHtransmission4457,
LQHtransmission143_to_LQHtransmission1090_heat,#823740,LQ heat distribution main,transmission,100000,1,20,LQHtransmission1090,LQHtransmission143,
LQHtransmission1090_to_LQHtransmission2148_heat,#823740,LQ heat distribution main,transmission,100000,1,20,LQHtransmission2148,LQHtransmission1090,
LQHtransmission2148_to_LQHtransmission2117_heat,#823740,LQ heat distribution main,transmission,100000,1,20,LQHtransmission2117,LQHtransmission2148,
LQHtransmission2117_to_LQHtransmission999_heat,#823740,LQ heat distribution main,transmission,100000,1,20,LQHtransmission999,LQHtransmission2117,
LQHtransmission999_to_LQHtransmission3_heat,#823740,LQ heat distribution main,transmission,100000,1,20,LQHtransmission3,LQHtransmission999,
LQHtransmission3_to_LQHtransmission3632_heat,#823740,LQ heat distribution main,transmission,100000,1,20,LQHtransmission3632,LQHtransmission3,
LQHtransmission3632_to_LQHtransmission882_heat,#823740,LQ heat distribution main,transmission,100000,1,20,LQHtransmission882,LQHtransmission3632,
LQHtransmission882_to_LQHtransmission3925_heat,#823740,LQ heat distribution main,transmission,100000,1,20,LQHtransmission3925,LQHtransmission882,
LQHtransmission3925_to_LQHtransmission2859_heat,#823740,LQ heat distribution main,transmission,100000,1,20,LQHtransmission2859,LQHtransmission3925,
LQHtransmission2859_to_LQHtransmission1709_heat,#823740,LQ heat distribution main,transmission,100000,1,20,LQHtransmission1709,LQHtransmission2859,
LQHtransmission1709_to_LQHtransmission4635_heat,#823740,LQ heat distribution main,transmission,100000,1,20,LQHtransmission4635,LQHtransmission1709,
LQHtransmission4635_to_LQHtransmission3716_heat,#823740,LQ heat distribution main,transmission,100000,1,20,LQHtransmission3716,LQHtransmission4635,
LQHtransmission3716_to_LQHtransmission983_heat,#823740,LQ heat distribution main,transmission,100000,1,20,LQHtransmission983,LQHtransmission3716,
LQHtransmission983_to_LQHtransmission3896_heat,#823740,LQ heat distribution main,transmission,100000,1,20,LQHtransmission3896,LQHtransmission983,
LQHtransmission3896_to_LQHtransmission2187_heat,#823740,LQ heat distribution main,transmission,100000,1,20,LQHtransmission2187,LQHtransmission3896,
LQHtransmission2187_to_LQHtransmission1567_heat,#823740,LQ heat distribution main,transmission,100000,1,20,LQHtransmission1567,LQHtransmission2187,
LQHtransmission1567_to_LQHtransmission1742_heat,#823740,LQ heat distribution main,transmission,100000,1,20,LQHtransmission1742,LQHtransmission1567,
LQHtransmission1742_to_LQHtransmission2983_heat,#823740,LQ heat distribution main,transmission,100000,1,20,LQHtransmission2983,LQHtransmission1742,
LQHtransmission2983_to_LQHtransmission1833_heat,#823740,LQ heat distribution main,transmission,100000,1,20,LQHtransmission1833,LQHtransmission2983,
LQHtransmission1833_to_LQHtransmission261_heat,#823740,LQ heat distribution main,transmission,100000,1,20,LQHtransmission261,LQHtransmission1833,
LQHtransmission261_to_LQHtransmission2563_heat,#823740,LQ heat distribution main,transmission,100000,1,20,LQHtransmission2563,LQHtransmission261,
LQHtransmission2563_to_LQHtransmission4217_heat,#823740,LQ heat distribution main,transmission,100000,1,20,LQHtransmission4217,LQHtransmission2563,
LQHtransmission4217_to_LQHtransmission2418_heat,#823740,LQ heat distribution main,transmission,100000,1,20,LQHtransmission2418,LQHtransmission4217,
LQHtransmission2418_to_LQHtransmission3642_heat,#823740,LQ heat distribution main,transmission,100000,1,20,LQHtransmission3642,LQHtransmission2418,
LQHtransmission3642_to_LQHtransmission2608_heat,#823740,LQ heat distribution main,transmission,100000,1,20,LQHtransmission2608,LQHtransmission3642,
LQHtransmission2608_to_LQHtransmission2432_heat,#823740,LQ heat distribution main,transmission,100000,1,20,LQHtransmission2432,LQHtransmission2608,
LQHtransmission2432_to_LQHtransmission1219_heat,#823740,LQ heat distribution main,transmission,100000,1,20,LQHtransmission1219,LQHtransmission2432,
LQHtransmission1219_to_LQHtransmission2391_heat,#823740,LQ heat distribution main,transmission,100000,1,20,LQHtransmission2391,LQHtransmission1219,
LQHtransmission2391_to_LQHtransmission3583_heat,#823740,LQ heat distribution main,transmission,100000,1,20,LQHtransmission3583,LQHtransmission2391,
LQHtransmission3583_to_LQHtransmission3347_heat,#823740,LQ heat distribution main,transmission,100000,1,20,LQHtransmission3347,LQHtransmission3583,
LQHtransmission3347_to_LQHtransmission4300_heat,#823740,LQ heat distribution main,transmission,100000,1,20,LQHtransmission4300,LQHtransmission3347,
LQHtransmission4300_to_LQHtransmission4043_heat,#823740,LQ heat distribution main,transmission,100000,1,20,LQHtransmission4043,LQHtransmission4300,
LQHtransmission4043_to_LQHtransmission1994_heat,#823740,LQ heat distribution main,transmission,100000,1,20,LQHtransmission1994,LQHtransmission4043,
LQHtransmission1994_to_LQHtransmission1735_heat,#823740,LQ heat distribution main,transmission,100000,1,20,LQHtransmission1735,LQHtransmission1994,
LQHtransmission1735_to_LQHtransmission2393_heat,#823740,LQ heat distribution main,transmission,100000,1,20,LQHtransmission2393,LQHtransmission1735,
LQHtransmission1303_to_LQHtransmission3093_heat,#823740,LQ heat distribution main,transmission,100000,1,20,LQHtransmission3093,LQHtransmission1303,
LQHtransmission2098_to_LQHtransmission1627_heat,#823740,LQ heat distribution main,transmission,100000,1,20,LQHtransmission1627,LQHtransmission2098,
LQHtransmission140_to_LQHtransmission151_heat,#823740,LQ heat distribution main,transmission,100000,1,20,LQHtransmission151,LQHtransmission140,
LQHtransmission151_to_LQHtransmission477_heat,#823740,LQ heat distribution main,transmission,100000,1,20,LQHtransmission477,LQHtransmission151,
LQHtransmission477_to_LQHtransmission370_heat,#823740,LQ heat distribution main,transmission,100000,1,20,LQHtransmission370,LQHtransmission477,
LQHtransmission370_to_LQHtransmission3143_heat,#823740,LQ heat distribution main,transmission,100000,1,20,LQHtransmission3143,LQHtransmission370,
LQHtransmission3143_to_LQHtransmission2694_heat,#823740,LQ heat distribution main,transmission,100000,1,20,LQHtransmission2694,LQHtransmission3143,
LQHtransmission2694_to_LQHtransmission1658_heat,#823740,LQ heat distribution main,transmission,100000,1,20,LQHtransmission1658,LQHtransmission2694,
LQHtransmission1658_to_LQHtransmission3924_heat,#823740,LQ heat distribution main,transmission,100000,1,20,LQHtransmission3924,LQHtransmission1658,
LQHtransmission3924_to_LQHtransmission916_heat,#823740,LQ heat distribution main,transmission,100000,1,20,LQHtransmission916,LQHtransmission3924,
LQHtransmission916_to_LQHtransmission3615_heat,#823740,LQ heat distribution main,transmission,100000,1,20,LQHtransmission3615,LQHtransmission916,
LQHtransmission3615_to_LQHtransmission1486_heat,#823740,LQ heat distribution main,transmission,100000,1,20,LQHtransmission1486,LQHtransmission3615,
LQHtransmission1486_to_LQHtransmission4113_heat,#823740,LQ heat distribution main,transmission,100000,1,20,LQHtransmission4113,LQHtransmission1486,
LQHtransmission4113_to_LQHtransmission1621_heat,#823740,LQ heat distribution main,transmission,100000,1,20,LQHtransmission1621,LQHtransmission4113,
LQHtransmission1621_to_LQHtransmission1157_heat,#823740,LQ heat distribution main,transmission,100000,1,20,LQHtransmission1157,LQHtransmission1621,
LQHtransmission1157_to_LQHtransmission4201_heat,#823740,LQ heat distribution main,transmission,100000,1,20,LQHtransmission4201,LQHtransmission1157,
LQHtransmission4201_to_LQHtransmission1590_heat,#823740,LQ heat distribution main,transmission,100000,1,20,LQHtransmission1590,LQHtransmission4201,
LQHtransmission1590_to_LQHtransmission934_heat,#823740,LQ heat distribution main,transmission,100000,1,20,LQHtransmission934,LQHtransmission1590,
LQHtransmission934_to_LQHtransmission4403_heat,#823740,LQ heat distribution main,transmission,100000,1,20,LQHtransmission4403,LQHtransmission934,
LQHtransmission4403_to_LQHtransmission2363_heat,#823740,LQ heat distribution main,transmission,100000,1,20,LQHtransmission2363,LQHtransmission4403,
LQHtransmission2363_to_LQHtransmission3395_heat,#823740,LQ heat distribution main,transmission,100000,1,20,LQHtransmission3395,LQHtransmission2363,
LQHtransmission3395_to_LQHtransmission900_heat,#823740,LQ heat distribution main,transmission,100000,1,20,LQHtransmission900,LQHtransmission3395,
LQHtransmission900_to_LQHtransmission2818_heat,#823740,LQ heat distribution main,transmission,100000,1,20,LQHtransmission2818,LQHtransmission900,
LQHtransmission2818_to_LQHtransmission402_heat,#823740,LQ heat distribution main,transmission,100000,1,20,LQHtransmission402,LQHtransmission2818,
LQHtransmission402_to_LQHtransmission3637_heat,#823740,LQ heat distribution main,transmission,100000,1,20,LQHtransmission3637,LQHtransmission402,
LQHtransmission3637_to_LQHtransmission671_heat,#823740,LQ heat distribution main,transmission,100000,1,20,LQHtransmission671,LQHtransmission3637,
LQHtransmission671_to_LQHtransmission3793_heat,#823740,LQ heat distribution main,transmission,100000,1,20,LQHtransmission3793,LQHtransmission671,
LQHtransmission3793_to_LQHtransmission3428_heat,#823740,LQ heat distribution main,transmission,100000,1,20,LQHtransmission3428,LQHtransmission3793,
LQHtransmission3428_to_LQHtransmission2940_heat,#823740,LQ heat distribution main,transmission,100000,1,20,LQHtransmission2940,LQHtransmission3428,
LQHtransmission2940_to_LQHtransmission3953_heat,#823740,LQ heat distribution main,transmission,100000,1,20,LQHtransmission3953,LQHtransmission2940,
LQHtransmission3953_to_LQHtransmission2927_heat,#823740,LQ heat distribution main,transmission,100000,1,20,LQHtransmission2927,LQHtransmission3953,
LQHtransmission2927_to_LQHtransmission1149_heat,#823740,LQ heat distribution main,transmission,100000,1,20,LQHtransmission1149,LQHtransmission2927,
LQHtransmission1149_to_LQHtransmission1917_heat,#823740,LQ heat distribution main,transmission,100000,1,20,LQHtransmission1917,LQHtransmission1149,
LQHtransmission1917_to_LQHtransmission438_heat,#823740,LQ heat distribution main,transmission,100000,1,20,LQHtransmission438,LQHtransmission1917,
LQHtransmission438_to_LQHtransmission3317_heat,#823740,LQ heat distribution main,transmission,100000,1,20,LQHtransmission3317,LQHtransmission438,
LQHtransmission3317_to_LQHtransmission3403_heat,#823740,LQ heat distribution main,transmission,100000,1,20,LQHtransmission3403,LQHtransmission3317,
LQHtransmission3403_to_LQHtransmission2107_heat,#823740,LQ heat distribution main,transmission,100000,1,20,LQHtransmission2107,LQHtransmission3403,
LQHtransmission2107_to_LQHtransmission3137_heat,#823740,LQ heat distribution main,transmission,100000,1,20,LQHtransmission3137,LQHtransmission2107,
LQHtransmission3137_to_LQHtransmission1008_heat,#823740,LQ heat distribution main,transmission,100000,1,20,LQHtransmission1008,LQHtransmission3137,
LQHtransmission1008_to_LQHtransmission1512_heat,#823740,LQ heat distribution main,transmission,100000,1,20,LQHtransmission1512,LQHtransmission1008,
LQHtransmission1512_to_LQHtransmission897_heat,#823740,LQ heat distribution main,transmission,100000,1,20,LQHtransmission897,LQHtransmission1512,
LQHtransmission897_to_LQHtransmission629_heat,#823740,LQ heat distribution main,transmission,100000,1,20,LQHtransmission629,LQHtransmission897,
LQHtransmission629_to_LQHtransmission3627_heat,#823740,LQ heat distribution main,transmission,100000,1,20,LQHtransmission3627,LQHtransmission629,
LQHtransmission3627_to_LQHtransmission798_heat,#823740,LQ heat distribution main,transmission,100000,1,20,LQHtransmission798,LQHtransmission3627,
LQHtransmission798_to_LQHtransmission3638_heat,#823740,LQ heat distribution main,transmission,100000,1,20,LQHtransmission3638,LQHtransmission798,
LQHtransmission3638_to_LQHtransmission2280_heat,#823740,LQ heat distribution main,transmission,100000,1,20,LQHtransmission2280,LQHtransmission3638,
LQHtransmission2280_to_LQHtransmission1146_heat,#823740,LQ heat distribution main,transmission,100000,1,20,LQHtransmission1146,LQHtransmission2280,
LQHtransmission1146_to_LQHtransmission4374_heat,#823740,LQ heat distribution main,transmission,100000,1,20,LQHtransmission4374,LQHtransmission1146,
LQHtransmission4374_to_LQHtransmission1820_heat,#823740,LQ heat distribution main,transmission,100000,1,20,LQHtransmission1820,LQHtransmission4374,
LQHtransmission1820_to_LQHtransmission2465_heat,#823740,LQ heat distribution main,transmission,100000,1,20,LQHtransmission2465,LQHtransmission1820,
LQHtransmission2465_to_LQHtransmission439_heat,#823740,LQ heat distribution main,transmission,100000,1,20,LQHtransmission439,LQHtransmission2465,
LQHtransmission439_to_LQHtransmission1836_heat,#823740,LQ heat distribution main,transmission,100000,1,20,LQHtransmission1836,LQHtransmission439,
LQHtransmission1836_to_LQHtransmission3916_heat,#823740,LQ heat distribution main,transmission,100000,1,20,LQHtransmission3916,LQHtransmission1836,
LQHtransmission3916_to_LQHtransmission1447_heat,#823740,LQ heat distribution main,transmission,100000,1,20,LQHtransmission1447,LQHtransmission3916,
LQHtransmission1447_to_LQHtransmission1903_heat,#823740,LQ heat distribution main,transmission,100000,1,20,LQHtransmission1903,LQHtransmission1447,
LQHtransmission1903_to_LQHtransmission3224_heat,#823740,LQ heat distribution main,transmission,100000,1,20,LQHtransmission3224,LQHtransmission1903,
LQHtransmission3224_to_LQHtransmission2716_heat,#823740,LQ heat distribution main,transmission,100000,1,20,LQHtransmission2716,LQHtransmission3224,
LQHtransmission2716_to_LQHtransmission2951_heat,#823740,LQ heat distribution main,transmission,100000,1,20,LQHtransmission2951,LQHtransmission2716,
LQHtransmission2951_to_LQHtransmission2816_heat,#823740,LQ heat distribution main,transmission,100000,1,20,LQHtransmission2816,LQHtransmission2951,
LQHtransmission2816_to_LQHtransmission2395_heat,#823740,LQ heat distribution main,transmission,100000,1,20,LQHtransmission2395,LQHtransmission2816,
LQHtransmission2395_to_LQHtransmission4135_heat,#823740,LQ heat distribution main,transmission,100000,1,20,LQHtransmission4135,LQHtransmission2395,
LQHtransmission4135_to_LQHtransmission4072_heat,#823740,LQ heat distribution main,transmission,100000,1,20,LQHtransmission4072,LQHtransmission4135,
LQHtransmission4072_to_LQHtransmission2434_heat,#823740,LQ heat distribution main,transmission,100000,1,20,LQHtransmission2434,LQHtransmission4072,
LQHtransmission2434_to_LQHtransmission2248_heat,#823740,LQ heat distribution main,transmission,100000,1,20,LQHtransmission2248,LQHtransmission2434,
LQHtransmission2248_to_LQHtransmission43_heat,#823740,LQ heat distribution main,transmission,100000,1,20,LQHtransmission43,LQHtransmission2248,
LQHtransmission43_to_LQHtransmission1349_heat,#823740,LQ heat distribution main,transmission,100000,1,20,LQHtransmission1349,LQHtransmission43,
LQHtransmission1349_to_LQHtransmission1070_heat,#823740,LQ heat distribution main,transmission,100000,1,20,LQHtransmission1070,LQHtransmission1349,
LQHtransmission1070_to_LQHtransmission3278_heat,#823740,LQ heat distribution main,transmission,100000,1,20,LQHtransmission3278,LQHtransmission1070,
LQHtransmission3278_to_LQHtransmission2118_heat,#823740,LQ heat distribution main,transmission,100000,1,20,LQHtransmission2118,LQHtransmission3278,
LQHtransmission2118_to_LQHtransmission4481_heat,#823740,LQ heat distribution main,transmission,100000,1,20,LQHtransmission4481,LQHtransmission2118,
LQHtransmission4481_to_LQHtransmission1846_heat,#823740,LQ heat distribution main,transmission,100000,1,20,LQHtransmission1846,LQHtransmission4481,
LQHtransmission1846_to_LQHtransmission2333_heat,#823740,LQ heat distribution main,transmission,100000,1,20,LQHtransmission2333,LQHtransmission1846,
LQHtransmission2333_to_LQHtransmission3669_heat,#823740,LQ heat distribution main,transmission,100000,1,20,LQHtransmission3669,LQHtransmission2333,
LQHtransmission3669_to_LQHtransmission3057_heat,#823740,LQ heat distribution main,transmission,100000,1,20,LQHtransmission3057,LQHtransmission3669,
LQHtransmission3057_to_LQHtransmission943_heat,#823740,LQ heat distribution main,transmission,100000,1,20,LQHtransmission943,LQHtransmission3057,
LQHtransmission943_to_LQHtransmission1607_heat,#823740,LQ heat distribution main,transmission,100000,1,20,LQHtransmission1607,LQHtransmission943,
LQHtransmission1607_to_LQHtransmission2978_heat,#823740,LQ heat distribution main,transmission,100000,1,20,LQHtransmission2978,LQHtransmission1607,
LQHtransmission2978_to_LQHtransmission829_heat,#823740,LQ heat distribution main,transmission,100000,1,20,LQHtransmission829,LQHtransmission2978,
LQHtransmission829_to_LQHtransmission3039_heat,#823740,LQ heat distribution main,transmission,100000,1,20,LQHtransmission3039,LQHtransmission829,
LQHtransmission3039_to_LQHtransmission929_heat,#823740,LQ heat distribution main,transmission,100000,1,20,LQHtransmission929,LQHtransmission3039,
LQHtransmission929_to_LQHtransmission1487_heat,#823740,LQ heat distribution main,transmission,100000,1,20,LQHtransmission1487,LQHtransmission929,
LQHtransmission1487_to_LQHtransmission3495_heat,#823740,LQ heat distribution main,transmission,100000,1,20,LQHtransmission3495,LQHtransmission1487,
LQHtransmission3495_to_LQHtransmission2495_heat,#823740,LQ heat distribution main,transmission,100000,1,20,LQHtransmission2495,LQHtransmission3495,
LQHtransmission2495_to_LQHtransmission4622_heat,#823740,LQ heat distribution main,transmission,100000,1,20,LQHtransmission4622,LQHtransmission2495,
LQHtransmission4622_to_LQHtransmission818_heat,#823740,LQ heat distribution main,transmission,100000,1,20,LQHtransmission818,LQHtransmission4622,
LQHtransmission818_to_LQHtransmission3939_heat,#823740,LQ heat distribution main,transmission,100000,1,20,LQHtransmission3939,LQHtransmission818,
LQHtransmission3939_to_LQHtransmission2846_heat,#823740,LQ heat distribution main,transmission,100000,1,20,LQHtransmission2846,LQHtransmission3939,
LQHtransmission2846_to_LQHtransmission229_heat,#823740,LQ heat distribution main,transmission,100000,1,20,LQHtransmission229,LQHtransmission2846,
LQHtransmission229_to_LQHtransmission2952_heat,#823740,LQ heat distribution main,transmission,100000,1,20,LQHtransmission2952,LQHtransmission229,
LQHtransmission2952_to_LQHtransmission3503_heat,#823740,LQ heat distribution main,transmission,100000,1,20,LQHtransmission3503,LQHtransmission2952,
LQHtransmission3503_to_LQHtransmission287_heat,#823740,LQ heat distribution main,transmission,100000,1,20,LQHtransmission287,LQHtransmission3503,
LQHtransmission287_to_LQHtransmission3949_heat,#823740,LQ heat distribution main,transmission,100000,1,20,LQHtransmission3949,LQHtransmission287,
LQHtransmission3949_to_LQHtransmission780_heat,#823740,LQ heat distribution main,transmission,100000,1,20,LQHtransmission780,LQHtransmission3949,
LQHtransmission780_to_LQHtransmission2528_heat,#823740,LQ heat distribution main,transmission,100000,1,20,LQHtransmission2528,LQHtransmission780,
LQHtransmission2528_to_LQHtransmission4385_heat,#823740,LQ heat distribution main,transmission,100000,1,20,LQHtransmission4385,LQHtransmission2528,
LQHtransmission4385_to_LQHtransmission2433_heat,#823740,LQ heat distribution main,transmission,100000,1,20,LQHtransmission2433,LQHtransmission4385,
LQHtransmission2433_to_LQHtransmission1198_heat,#823740,LQ heat distribution main,transmission,100000,1,20,LQHtransmission1198,LQHtransmission2433,
LQHtransmission1198_to_LQHtransmission4190_heat,#823740,LQ heat distribution main,transmission,100000,1,20,LQHtransmission4190,LQHtransmission1198,
LQHtransmission4190_to_LQHtransmission1555_heat,#823740,LQ heat distribution main,transmission,100000,1,20,LQHtransmission1555,LQHtransmission4190,
LQHtransmission1555_to_LQHtransmission1474_heat,#823740,LQ heat distribution main,transmission,100000,1,20,LQHtransmission1474,LQHtransmission1555,
LQHtransmission1474_to_LQHtransmission2043_heat,#823740,LQ heat distribution main,transmission,100000,1,20,LQHtransmission2043,LQHtransmission1474,
LQHtransmission2043_to_LQHtransmission2458_heat,#823740,LQ heat distribution main,transmission,100000,1,20,LQHtransmission2458,LQHtransmission2043,
LQHtransmission2458_to_LQHtransmission931_heat,#823740,LQ heat distribution main,transmission,100000,1,20,LQHtransmission931,LQHtransmission2458,
LQHtransmission931_to_LQHtransmission4680_heat,#823740,LQ heat distribution main,transmission,100000,1,20,LQHtransmission4680,LQHtransmission931,
LQHtransmission4680_to_LQHtransmission3757_heat,#823740,LQ heat distribution main,transmission,100000,1,20,LQHtransmission3757,LQHtransmission4680,
LQHtransmission3757_to_LQHtransmission2832_heat,#823740,LQ heat distribution main,transmission,100000,1,20,LQHtransmission2832,LQHtransmission3757,
LQHtransmission2832_to_LQHtransmission4148_heat,#823740,LQ heat distribution main,transmission,100000,1,20,LQHtransmission4148,LQHtransmission2832,
LQHtransmission4148_to_LQHtransmission3929_heat,#823740,LQ heat distribution main,transmission,100000,1,20,LQHtransmission3929,LQHtransmission4148,
LQHtransmission3929_to_LQHtransmission1566_heat,#823740,LQ heat distribution main,transmission,100000,1,20,LQHtransmission1566,LQHtransmission3929,
LQHtransmission1566_to_LQHtransmission3259_heat,#823740,LQ heat distribution main,transmission,100000,1,20,LQHtransmission3259,LQHtransmission1566,
LQHtransmission3259_to_LQHtransmission128_heat,#823740,LQ heat distribution main,transmission,100000,1,20,LQHtransmission128,LQHtransmission3259,
LQHtransmission128_to_LQHtransmission800_heat,#823740,LQ heat distribution main,transmission,100000,1,20,LQHtransmission800,LQHtransmission128,
LQHtransmission800_to_LQHtransmission3398_heat,#823740,LQ heat distribution main,transmission,100000,1,20,LQHtransmission3398,LQHtransmission800,
LQHtransmission3398_to_LQHtransmission2862_heat,#823740,LQ heat distribution main,transmission,100000,1,20,LQHtransmission2862,LQHtransmission3398,
LQHtransmission2862_to_LQHtransmission2362_heat,#823740,LQ heat distribution main,transmission,100000,1,20,LQHtransmission2362,LQHtransmission2862,
LQHtransmission2362_to_LQHtransmission3418_heat,#823740,LQ heat distribution main,transmission,100000,1,20,LQHtransmission3418,LQHtransmission2362,
LQHtransmission3418_to_LQHtransmission1365_heat,#823740,LQ heat distribution main,transmission,100000,1,20,LQHtransmission1365,LQHtransmission3418,
LQHtransmission1365_to_LQHtransmission2463_heat,#823740,LQ heat distribution main,transmission,100000,1,20,LQHtransmission2463,LQHtransmission1365,
LQHtransmission2463_to_LQHtransmission11_heat,#823740,LQ heat distribution main,transmission,100000,1,20,LQHtransmission11,LQHtransmission2463,
LQHtransmission11_to_LQHtransmission3024_heat,#823740,LQ heat distribution main,transmission,100000,1,20,LQHtransmission3024,LQHtransmission11,
LQHtransmission3024_to_LQHtransmission3194_heat,#823740,LQ heat distribution main,transmission,100000,1,20,LQHtransmission3194,LQHtransmission3024,
LQHtransmission3194_to_LQHtransmission1030_heat,#823740,LQ heat distribution main,transmission,100000,1,20,LQHtransmission1030,LQHtransmission3194,
LQHtransmission1030_to_LQHtransmission1959_heat,#823740,LQ heat distribution main,transmission,100000,1,20,LQHtransmission1959,LQHtransmission1030,
LQHtransmission1959_to_LQHtransmission1222_heat,#823740,LQ heat distribution main,transmission,100000,1,20,LQHtransmission1222,LQHtransmission1959,
LQHtransmission1222_to_LQHtransmission4101_heat,#823740,LQ heat distribution main,transmission,100000,1,20,LQHtransmission4101,LQHtransmission1222,
LQHtransmission4101_to_LQHtransmission252_heat,#823740,LQ heat distribution main,transmission,100000,1,20,LQHtransmission252,LQHtransmission4101,
LQHtransmission252_to_LQHtransmission262_heat,#823740,LQ heat distribution main,transmission,100000,1,20,LQHtransmission262,LQHtransmission252,
LQHtransmission262_to_LQHtransmission341_heat,#823740,LQ heat distribution main,transmission,100000,1,20,LQHtransmission341,LQHtransmission262,
LQHtransmission341_to_LQHtransmission4082_heat,#823740,LQ heat distribution main,transmission,100000,1,20,LQHtransmission4082,LQHtransmission341,
LQHtransmission4082_to_LQHtransmission4414_heat,#823740,LQ heat distribution main,transmission,100000,1,20,LQHtransmission4414,LQHtransmission4082,
LQHtransmission4414_to_LQHtransmission4067_heat,#823740,LQ heat distribution main,transmission,100000,1,20,LQHtransmission4067,LQHtransmission4414,
LQHtransmission4067_to_LQHtransmission3481_heat,#823740,LQ heat distribution main,transmission,100000,1,20,LQHtransmission3481,LQHtransmission4067,
LQHtransmission3481_to_LQHtransmission2860_heat,#823740,LQ heat distribution main,transmission,100000,1,20,LQHtransmission2860,LQHtransmission3481,
LQHtransmission2860_to_LQHtransmission2739_heat,#823740,LQ heat distribution main,transmission,100000,1,20,LQHtransmission2739,LQHtransmission2860,
LQHtransmission2739_to_LQHtransmission1558_heat,#823740,LQ heat distribution main,transmission,100000,1,20,LQHtransmission1558,LQHtransmission2739,
LQHtransmission1558_to_LQHtransmission689_heat,#823740,LQ heat distribution main,transmission,100000,1,20,LQHtransmission689,LQHtransmission1558,
LQHtransmission689_to_LQHtransmission2372_heat,#823740,LQ heat distribution main,transmission,100000,1,20,LQHtransmission2372,LQHtransmission689,
LQHtransmission2372_to_LQHtransmission2122_heat,#823740,LQ heat distribution main,transmission,100000,1,20,LQHtransmission2122,LQHtransmission2372,
LQHtransmission2122_to_LQHtransmission1009_heat,#823740,LQ heat distribution main,transmission,100000,1,20,LQHtransmission1009,LQHtransmission2122,
LQHtransmission1009_to_LQHtransmission2765_heat,#823740,LQ heat distribution main,transmission,100000,1,20,LQHtransmission2765,LQHtransmission1009,
LQHtransmission2765_to_LQHtransmission3940_heat,#823740,LQ heat distribution main,transmission,100000,1,20,LQHtransmission3940,LQHtransmission2765,
LQHtransmission3940_to_LQHtransmission2476_heat,#823740,LQ heat distribution main,transmission,100000,1,20,LQHtransmission2476,LQHtransmission3940,
LQHtransmission2476_to_LQHtransmission953_heat,#823740,LQ heat distribution main,transmission,100000,1,20,LQHtransmission953,LQHtransmission2476,
LQHtransmission953_to_LQHtransmission1556_heat,#823740,LQ heat distribution main,transmission,100000,1,20,LQHtransmission1556,LQHtransmission953,
LQHtransmission1556_to_LQHtransmission4432_heat,#823740,LQ heat distribution main,transmission,100000,1,20,LQHtransmission4432,LQHtransmission1556,
LQHtransmission4432_to_LQHtransmission2439_heat,#823740,LQ heat distribution main,transmission,100000,1,20,LQHtransmission2439,LQHtransmission4432,
LQHtransmission2439_to_LQHtransmission2648_heat,#823740,LQ heat distribution main,transmission,100000,1,20,LQHtransmission2648,LQHtransmission2439,
LQHtransmission2648_to_LQHtransmission958_heat,#823740,LQ heat distribution main,transmission,100000,1,20,LQHtransmission958,LQHtransmission2648,
LQHtransmission958_to_LQHtransmission1869_heat,#823740,LQ heat distribution main,transmission,100000,1,20,LQHtransmission1869,LQHtransmission958,
LQHtransmission1869_to_LQHtransmission2499_heat,#823740,LQ heat distribution main,transmission,100000,1,20,LQHtransmission2499,LQHtransmission1869,
LQHtransmission2499_to_LQHtransmission2893_heat,#823740,LQ heat distribution main,transmission,100000,1,20,LQHtransmission2893,LQHtransmission2499,
LQHtransmission2893_to_LQHtransmission2347_heat,#823740,LQ heat distribution main,transmission,100000,1,20,LQHtransmission2347,LQHtransmission2893,
LQHtransmission2347_to_LQHtransmission1063_heat,#823740,LQ heat distribution main,transmission,100000,1,20,LQHtransmission1063,LQHtransmission2347,
LQHtransmission1063_to_LQHtransmission4732_heat,#823740,LQ heat distribution main,transmission,100000,1,20,LQHtransmission4732,LQHtransmission1063,
LQHtransmission4732_to_LQHtransmission4510_heat,#823740,LQ heat distribution main,transmission,100000,1,20,LQHtransmission4510,LQHtransmission4732,
LQHtransmission4510_to_LQHtransmission3348_heat,#823740,LQ heat distribution main,transmission,100000,1,20,LQHtransmission3348,LQHtransmission4510,
LQHtransmission3348_to_LQHtransmission141_heat,#823740,LQ heat distribution main,transmission,100000,1,20,LQHtransmission141,LQHtransmission3348,
LQHtransmission141_to_LQHtransmission413_heat,#823740,LQ heat distribution main,transmission,100000,1,20,LQHtransmission413,LQHtransmission141,
LQHtransmission413_to_LQHtransmission3003_heat,#823740,LQ heat distribution main,transmission,100000,1,20,LQHtransmission3003,LQHtransmission413,
LQHtransmission3003_to_LQHtransmission3462_heat,#823740,LQ heat distribution main,transmission,100000,1,20,LQHtransmission3462,LQHtransmission3003,
LQHtransmission3462_to_LQHtransmission1380_heat,#823740,LQ heat distribution main,transmission,100000,1,20,LQHtransmission1380,LQHtransmission3462,
LQHtransmission1380_to_LQHtransmission1957_heat,#823740,LQ heat distribution main,transmission,100000,1,20,LQHtransmission1957,LQHtransmission1380,
LQHtransmission1957_to_LQHtransmission553_heat,#823740,LQ heat distribution main,transmission,100000,1,20,LQHtransmission553,LQHtransmission1957,
LQHtransmission553_to_LQHtransmission2571_heat,#823740,LQ heat distribution main,transmission,100000,1,20,LQHtransmission2571,LQHtransmission553,
LQHtransmission2571_to_LQHtransmission2588_heat,#823740,LQ heat distribution main,transmission,100000,1,20,LQHtransmission2588,LQHtransmission2571,
LQHtransmission2588_to_LQHtransmission1823_heat,#823740,LQ heat distribution main,transmission,100000,1,20,LQHtransmission1823,LQHtransmission2588,
LQHtransmission1823_to_LQHtransmission1187_heat,#823740,LQ heat distribution main,transmission,100000,1,20,LQHtransmission1187,LQHtransmission1823,
LQHtransmission1187_to_LQHtransmission2200_heat,#823740,LQ heat distribution main,transmission,100000,1,20,LQHtransmission2200,LQHtransmission1187,
LQHtransmission2200_to_LQHtransmission83_heat,#823740,LQ heat distribution main,transmission,100000,1,20,LQHtransmission83,LQHtransmission2200,
LQHtransmission83_to_LQHtransmission2115_heat,#823740,LQ heat distribution main,transmission,100000,1,20,LQHtransmission2115,LQHtransmission83,
LQHtransmission2115_to_LQHtransmission669_heat,#823740,LQ heat distribution main,transmission,100000,1,20,LQHtransmission669,LQHtransmission2115,
LQHtransmission669_to_LQHtransmission1609_heat,#823740,LQ heat distribution main,transmission,100000,1,20,LQHtransmission1609,LQHtransmission669,
LQHtransmission1609_to_LQHtransmission2039_heat,#823740,LQ heat distribution main,transmission,100000,1,20,LQHtransmission2039,LQHtransmission1609,
LQHtransmission2039_to_LQHtransmission3492_heat,#823740,LQ heat distribution main,transmission,100000,1,20,LQHtransmission3492,LQHtransmission2039,
LQHtransmission3492_to_LQHtransmission1351_heat,#823740,LQ heat distribution main,transmission,100000,1,20,LQHtransmission1351,LQHtransmission3492,
LQHtransmission1351_to_LQHtransmission2306_heat,#823740,LQ heat distribution main,transmission,100000,1,20,LQHtransmission2306,LQHtransmission1351,
LQHtransmission2306_to_LQHtransmission3406_heat,#823740,LQ heat distribution main,transmission,100000,1,20,LQHtransmission3406,LQHtransmission2306,
LQHtransmission3406_to_LQHtransmission1426_heat,#823740,LQ heat distribution main,transmission,100000,1,20,LQHtransmission1426,LQHtransmission3406,
LQHtransmission1426_to_LQHtransmission2864_heat,#823740,LQ heat distribution main,transmission,100000,1,20,LQHtransmission2864,LQHtransmission1426,
LQHtransmission2864_to_LQHtransmission270_heat,#823740,LQ heat distribution main,transmission,100000,1,20,LQHtransmission270,LQHtransmission2864,
LQHtransmission270_to_LQHtransmission1354_heat,#823740,LQ heat distribution main,transmission,100000,1,20,LQHtransmission1354,LQHtransmission270,
LQHtransmission1354_to_LQHtransmission3855_heat,#823740,LQ heat distribution main,transmission,100000,1,20,LQHtransmission3855,LQHtransmission1354,
LQHtransmission3855_to_LQHtransmission235_heat,#823740,LQ heat distribution main,transmission,100000,1,20,LQHtransmission235,LQHtransmission3855,
LQHtransmission235_to_LQHtransmission60_heat,#823740,LQ heat distribution main,transmission,100000,1,20,LQHtransmission60,LQHtransmission235,
LQHtransmission60_to_LQHtransmission3330_heat,#823740,LQ heat distribution main,transmission,100000,1,20,LQHtransmission3330,LQHtransmission60,
LQHtransmission3330_to_LQHtransmission2558_heat,#823740,LQ heat distribution main,transmission,100000,1,20,LQHtransmission2558,LQHtransmission3330,
LQHtransmission2558_to_LQHtransmission2295_heat,#823740,LQ heat distribution main,transmission,100000,1,20,LQHtransmission2295,LQHtransmission2558,
LQHtransmission2295_to_LQHtransmission3674_heat,#823740,LQ heat distribution main,transmission,100000,1,20,LQHtransmission3674,LQHtransmission2295,
LQHtransmission3674_to_LQHtransmission4571_heat,#823740,LQ heat distribution main,transmission,100000,1,20,LQHtransmission4571,LQHtransmission3674,
LQHtransmission4571_to_LQHtransmission810_heat,#823740,LQ heat distribution main,transmission,100000,1,20,LQHtransmission810,LQHtransmission4571,
LQHtransmission810_to_LQHtransmission1817_heat,#823740,LQ heat distribution main,transmission,100000,1,20,LQHtransmission1817,LQHtransmission810,
LQHtransmission1817_to_LQHtransmission1173_heat,#823740,LQ heat distribution main,transmission,100000,1,20,LQHtransmission1173,LQHtransmission1817,
LQHtransmission1173_to_LQHtransmission2599_heat,#823740,LQ heat distribution main,transmission,100000,1,20,LQHtransmission2599,LQHtransmission1173,
LQHtransmission2599_to_LQHtransmission4171_heat,#823740,LQ heat distribution main,transmission,100000,1,20,LQHtransmission4171,LQHtransmission2599,
LQHtransmission4171_to_LQHtransmission1403_heat,#823740,LQ heat distribution main,transmission,100000,1,20,LQHtransmission1403,LQHtransmission4171,
LQHtransmission1403_to_LQHtransmission3825_heat,#823740,LQ heat distribution main,transmission,100000,1,20,LQHtransmission3825,LQHtransmission1403,
LQHtransmission3825_to_LQHtransmission153_heat,#823740,LQ heat distribution main,transmission,100000,1,20,LQHtransmission153,LQHtransmission3825,
LQHtransmission153_to_LQHtransmission2692_heat,#823740,LQ heat distribution main,transmission,100000,1,20,LQHtransmission2692,LQHtransmission153,
LQHtransmission2692_to_LQHtransmission4208_heat,#823740,LQ heat distribution main,transmission,100000,1,20,LQHtransmission4208,LQHtransmission2692,
LQHtransmission4208_to_LQHtransmission851_heat,#823740,LQ heat distribution main,transmission,100000,1,20,LQHtransmission851,LQHtransmission4208,
LQHtransmission851_to_LQHtransmission3941_heat,#823740,LQ heat distribution main,transmission,100000,1,20,LQHtransmission3941,LQHtransmission851,
LQHtransmission3941_to_LQHtransmission4655_heat,#823740,LQ heat distribution main,transmission,100000,1,20,LQHtransmission4655,LQHtransmission3941,
LQHtransmission4655_to_LQHtransmission302_heat,#823740,LQ heat distribution main,transmission,100000,1,20,LQHtransmission302,LQHtransmission4655,
LQHtransmission302_to_LQHtransmission1839_heat,#823740,LQ heat distribution main,transmission,100000,1,20,LQHtransmission1839,LQHtransmission302,
LQHtransmission1839_to_LQHtransmission2262_heat,#823740,LQ heat distribution main,transmission,100000,1,20,LQHtransmission2262,LQHtransmission1839,
LQHtransmission2262_to_LQHtransmission205_heat,#823740,LQ heat distribution main,transmission,100000,1,20,LQHtransmission205,LQHtransmission2262,
LQHtransmission205_to_LQHtransmission1541_heat,#823740,LQ heat distribution main,transmission,100000,1,20,LQHtransmission1541,LQHtransmission205,
LQHtransmission1541_to_LQHtransmission4062_heat,#823740,LQ heat distribution main,transmission,100000,1,20,LQHtransmission4062,LQHtransmission1541,
LQHtransmission4062_to_LQHtransmission2436_heat,#823740,LQ heat distribution main,transmission,100000,1,20,LQHtransmission2436,LQHtransmission4062,
LQHtransmission2436_to_LQHtransmission817_heat,#823740,LQ heat distribution main,transmission,100000,1,20,LQHtransmission817,LQHtransmission2436,
LQHtransmission4518_to_LQHtransmission4721_heat,#823740,LQ heat distribution main,transmission,100000,1,20,LQHtransmission4721,LQHtransmission4518,
LQHtransmission4721_to_LQHtransmission2161_heat,#823740,LQ heat distribution main,transmission,100000,1,20,LQHtransmission2161,LQHtransmission4721,
LQHtransmission2161_to_LQHtransmission2349_heat,#823740,LQ heat distribution main,transmission,100000,1,20,LQHtransmission2349,LQHtransmission2161,
LQHtransmission2349_to_LQHtransmission3936_heat,#823740,LQ heat distribution main,transmission,100000,1,20,LQHtransmission3936,LQHtransmission2349,
LQHtransmission3936_to_LQHtransmission249_heat,#823740,LQ heat distribution main,transmission,100000,1,20,LQHtransmission249,LQHtransmission3936,
LQHtransmission249_to_LQHtransmission2000_heat,#823740,LQ heat distribution main,transmission,100000,1,20,LQHtransmission2000,LQHtransmission249,
LQHtransmission2000_to_LQHtransmission1698_heat,#823740,LQ heat distribution main,transmission,100000,1,20,LQHtransmission1698,LQHtransmission2000,
LQHtransmission1698_to_LQHtransmission883_heat,#823740,LQ heat distribution main,transmission,100000,1,20,LQHtransmission883,LQHtransmission1698,
LQHtransmission883_to_LQHtransmission4557_heat,#823740,LQ heat distribution main,transmission,100000,1,20,LQHtransmission4557,LQHtransmission883,
LQHtransmission4557_to_LQHtransmission672_heat,#823740,LQ heat distribution main,transmission,100000,1,20,LQHtransmission672,LQHtransmission4557,
LQHtransmission672_to_LQHtransmission1792_heat,#823740,LQ heat distribution main,transmission,100000,1,20,LQHtransmission1792,LQHtransmission672,
LQHtransmission1792_to_LQHtransmission3265_heat,#823740,LQ heat distribution main,transmission,100000,1,20,LQHtransmission3265,LQHtransmission1792,
LQHtransmission3265_to_LQHtransmission3991_heat,#823740,LQ heat distribution main,transmission,100000,1,20,LQHtransmission3991,LQHtransmission3265,
LQHtransmission3991_to_LQHtransmission3243_heat,#823740,LQ heat distribution main,transmission,100000,1,20,LQHtransmission3243,LQHtransmission3991,
LQHtransmission3243_to_LQHtransmission3211_heat,#823740,LQ heat distribution main,transmission,100000,1,20,LQHtransmission3211,LQHtransmission3243,
LQHtransmission3211_to_LQHtransmission2121_heat,#823740,LQ heat distribution main,transmission,100000,1,20,LQHtransmission2121,LQHtransmission3211,
LQHtransmission2121_to_LQHtransmission1269_heat,#823740,LQ heat distribution main,transmission,100000,1,20,LQHtransmission1269,LQHtransmission2121,
LQHtransmission1269_to_LQHtransmission2029_heat,#823740,LQ heat distribution main,transmission,100000,1,20,LQHtransmission2029,LQHtransmission1269,
LQHtransmission2029_to_LQHtransmission4554_heat,#823740,LQ heat distribution main,transmission,100000,1,20,LQHtransmission4554,LQHtransmission2029,
LQHtransmission4554_to_LQHtransmission4224_heat,#823740,LQ heat distribution main,transmission,100000,1,20,LQHtransmission4224,LQHtransmission4554,
LQHtransmission4224_to_LQHtransmission50_heat,#823740,LQ heat distribution main,transmission,100000,1,20,LQHtransmission50,LQHtransmission4224,
LQHtransmission50_to_LQHtransmission756_heat,#823740,LQ heat distribution main,transmission,100000,1,20,LQHtransmission756,LQHtransmission50,
LQHtransmission756_to_LQHtransmission702_heat,#823740,LQ heat distribution main,transmission,100000,1,20,LQHtransmission702,LQHtransmission756,
LQHtransmission702_to_LQHtransmission1044_heat,#823740,LQ heat distribution main,transmission,100000,1,20,LQHtransmission1044,LQHtransmission702,
LQHtransmission1044_to_LQHtransmission2836_heat,#823740,LQ heat distribution main,transmission,100000,1,20,LQHtransmission2836,LQHtransmission1044,
LQHtransmission2836_to_LQHtransmission2281_heat,#823740,LQ heat distribution main,transmission,100000,1,20,LQHtransmission2281,LQHtransmission2836,
LQHtransmission2281_to_LQHtransmission3295_heat,#823740,LQ heat distribution main,transmission,100000,1,20,LQHtransmission3295,LQHtransmission2281,
LQHtransmission3295_to_LQHtransmission1908_heat,#823740,LQ heat distribution main,transmission,100000,1,20,LQHtransmission1908,LQHtransmission3295,
LQHtransmission1908_to_LQHtransmission2594_heat,#823740,LQ heat distribution main,transmission,100000,1,20,LQHtransmission2594,LQHtransmission1908,
LQHtransmission2594_to_LQHtransmission4238_heat,#823740,LQ heat distribution main,transmission,100000,1,20,LQHtransmission4238,LQHtransmission2594,
LQHtransmission1340_to_LQHtransmission1671_heat,#823740,LQ heat distribution main,transmission,100000,1,20,LQHtransmission1671,LQHtransmission1340,
LQHtransmission1671_to_LQHtransmission1280_heat,#823740,LQ heat distribution main,transmission,100000,1,20,LQHtransmission1280,LQHtransmission1671,
LQHtransmission1280_to_LQHtransmission2169_heat,#823740,LQ heat distribution main,transmission,100000,1,20,LQHtransmission2169,LQHtransmission1280,
LQHtransmission2169_to_LQHtransmission3484_heat,#823740,LQ heat distribution main,transmission,100000,1,20,LQHtransmission3484,LQHtransmission2169,
LQHtransmission3484_to_LQHtransmission2806_heat,#823740,LQ heat distribution main,transmission,100000,1,20,LQHtransmission2806,LQHtransmission3484,
LQHtransmission2806_to_LQHtransmission3245_heat,#823740,LQ heat distribution main,transmission,100000,1,20,LQHtransmission3245,LQHtransmission2806,
LQHtransmission3245_to_LQHtransmission3984_heat,#823740,LQ heat distribution main,transmission,100000,1,20,LQHtransmission3984,LQHtransmission3245,
LQHtransmission3984_to_LQHtransmission4386_heat,#823740,LQ heat distribution main,transmission,100000,1,20,LQHtransmission4386,LQHtransmission3984,
LQHtransmission4386_to_LQHtransmission2025_heat,#823740,LQ heat distribution main,transmission,100000,1,20,LQHtransmission2025,LQHtransmission4386,
LQHtransmission2025_to_LQHtransmission338_heat,#823740,LQ heat distribution main,transmission,100000,1,20,LQHtransmission338,LQHtransmission2025,
LQHtransmission338_to_LQHtransmission731_heat,#823740,LQ heat distribution main,transmission,100000,1,20,LQHtransmission731,LQHtransmission338,
LQHtransmission731_to_LQHtransmission2506_heat,#823740,LQ heat distribution main,transmission,100000,1,20,LQHtransmission2506,LQHtransmission731,
LQHtransmission4515_to_LQHtransmission4453_heat,#823740,LQ heat distribution main,transmission,100000,1,20,LQHtransmission4453,LQHtransmission4515,
LQHtransmission4453_to_LQHtransmission3136_heat,#823740,LQ heat distribution main,transmission,100000,1,20,LQHtransmission3136,LQHtransmission4453,
LQHtransmission3136_to_LQHtransmission907_heat,#823740,LQ heat distribution main,transmission,100000,1,20,LQHtransmission907,LQHtransmission3136,
LQHtransmission907_to_LQHtransmission2972_heat,#823740,LQ heat distribution main,transmission,100000,1,20,LQHtransmission2972,LQHtransmission907,
LQHtransmission3093_to_LQHtransmission1885_heat,#823740,LQ heat distribution main,transmission,100000,1,20,LQHtransmission1885,LQHtransmission3093,
LQHtransmission1885_to_LQHtransmission2780_heat,#823740,LQ heat distribution main,transmission,100000,1,20,LQHtransmission2780,LQHtransmission1885,
LQHtransmission3974_to_LQHtransmission2336_heat,#823740,LQ heat distribution main,transmission,100000,1,20,LQHtransmission2336,LQHtransmission3974,
LQHtransmission2336_to_LQHtransmission721_heat,#823740,LQ heat distribution main,transmission,100000,1,20,LQHtransmission721,LQHtransmission2336,
LQHtransmission721_to_LQHtransmission12_heat,#823740,LQ heat distribution main,transmission,100000,1,20,LQHtransmission12,LQHtransmission721,
LQHtransmission12_to_LQHtransmission505_heat,#823740,LQ heat distribution main,transmission,100000,1,20,LQHtransmission505,LQHtransmission12,
LQHtransmission505_to_LQHtransmission791_heat,#823740,LQ heat distribution main,transmission,100000,1,20,LQHtransmission791,LQHtransmission505,
LQHtransmission791_to_LQHtransmission4028_heat,#823740,LQ heat distribution main,transmission,100000,1,20,LQHtransmission4028,LQHtransmission791,
LQHtransmission4028_to_LQHtransmission312_heat,#823740,LQ heat distribution main,transmission,100000,1,20,LQHtransmission312,LQHtransmission4028,
LQHtransmission312_to_LQHtransmission624_heat,#823740,LQ heat distribution main,transmission,100000,1,20,LQHtransmission624,LQHtransmission312,
LQHtransmission624_to_LQHtransmission790_heat,#823740,LQ heat distribution main,transmission,100000,1,20,LQHtransmission790,LQHtransmission624,
LQHtransmission790_to_LQHtransmission2184_heat,#823740,LQ heat distribution main,transmission,100000,1,20,LQHtransmission2184,LQHtransmission790,
LQHtransmission2184_to_LQHtransmission3040_heat,#823740,LQ heat distribution main,transmission,100000,1,20,LQHtransmission3040,LQHtransmission2184,
LQHtransmission3040_to_LQHtransmission3139_heat,#823740,LQ heat distribution main,transmission,100000,1,20,LQHtransmission3139,LQHtransmission3040,
LQHtransmission3139_to_LQHtransmission3933_heat,#823740,LQ heat distribution main,transmission,100000,1,20,LQHtransmission3933,LQHtransmission3139,
LQHtransmission2393_to_LQHtransmission3954_heat,#823740,LQ heat distribution main,transmission,100000,1,20,LQHtransmission3954,LQHtransmission2393,
LQHtransmission3954_to_LQHtransmission1352_heat,#823740,LQ heat distribution main,transmission,100000,1,20,LQHtransmission1352,LQHtransmission3954,
LQHtransmission1352_to_LQHtransmission488_heat,#823740,LQ heat distribution main,transmission,100000,1,20,LQHtransmission488,LQHtransmission1352,
LQHtransmission488_to_LQHtransmission4690_heat,#823740,LQ heat distribution main,transmission,100000,1,20,LQHtransmission4690,LQHtransmission488,
LQHtransmission4690_to_LQHtransmission152_heat,#823740,LQ heat distribution main,transmission,100000,1,20,LQHtransmission152,LQHtransmission4690,
LQHtransmission152_to_LQHtransmission2378_heat,#823740,LQ heat distribution main,transmission,100000,1,20,LQHtransmission2378,LQHtransmission152,
LQHtransmission2378_to_LQHtransmission3880_heat,#823740,LQ heat distribution main,transmission,100000,1,20,LQHtransmission3880,LQHtransmission2378,
LQHtransmission3880_to_LQHtransmission3166_heat,#823740,LQ heat distribution main,transmission,100000,1,20,LQHtransmission3166,LQHtransmission3880,
LQHtransmission3166_to_LQHtransmission1588_heat,#823740,LQ heat distribution main,transmission,100000,1,20,LQHtransmission1588,LQHtransmission3166,
LQHtransmission1588_to_LQHtransmission679_heat,#823740,LQ heat distribution main,transmission,100000,1,20,LQHtransmission679,LQHtransmission1588,
LQHtransmission679_to_LQHtransmission3800_heat,#823740,LQ heat distribution main,transmission,100000,1,20,LQHtransmission3800,LQHtransmission679,
LQHtransmission3800_to_LQHtransmission3882_heat,#823740,LQ heat distribution main,transmission,100000,1,20,LQHtransmission3882,LQHtransmission3800,
LQHtransmission3882_to_LQHtransmission4542_heat,#823740,LQ heat distribution main,transmission,100000,1,20,LQHtransmission4542,LQHtransmission3882,
LQHtransmission4542_to_LQHtransmission1411_heat,#823740,LQ heat distribution main,transmission,100000,1,20,LQHtransmission1411,LQHtransmission4542,
LQHtransmission1411_to_LQHtransmission3908_heat,#823740,LQ heat distribution main,transmission,100000,1,20,LQHtransmission3908,LQHtransmission1411,
LQHtransmission3908_to_LQHtransmission2569_heat,#823740,LQ heat distribution main,transmission,100000,1,20,LQHtransmission2569,LQHtransmission3908,
LQHtransmission2569_to_LQHtransmission3993_heat,#823740,LQ heat distribution main,transmission,100000,1,20,LQHtransmission3993,LQHtransmission2569,
LQHtransmission3993_to_LQHtransmission2149_heat,#823740,LQ heat distribution main,transmission,100000,1,20,LQHtransmission2149,LQHtransmission3993,
LQHtransmission2149_to_LQHtransmission119_heat,#823740,LQ heat distribution main,transmission,100000,1,20,LQHtransmission119,LQHtransmission2149,
LQHtransmission119_to_LQHtransmission3344_heat,#823740,LQ heat distribution main,transmission,100000,1,20,LQHtransmission3344,LQHtransmission119,
LQHtransmission3344_to_LQHtransmission3654_heat,#823740,LQ heat distribution main,transmission,100000,1,20,LQHtransmission3654,LQHtransmission3344,
LQHtransmission3654_to_LQHtransmission434_heat,#823740,LQ heat distribution main,transmission,100000,1,20,LQHtransmission434,LQHtransmission3654,
LQHtransmission434_to_LQHtransmission3588_heat,#823740,LQ heat distribution main,transmission,100000,1,20,LQHtransmission3588,LQHtransmission434,
LQHtransmission3588_to_LQHtransmission541_heat,#823740,LQ heat distribution main,transmission,100000,1,20,LQHtransmission541,LQHtransmission3588,
LQHtransmission541_to_LQHtransmission4564_heat,#823740,LQ heat distribution main,transmission,100000,1,20,LQHtransmission4564,LQHtransmission541,
LQHtransmission4564_to_LQHtransmission2010_heat,#823740,LQ heat distribution main,transmission,100000,1,20,LQHtransmission2010,LQHtransmission4564,
LQHtransmission2010_to_LQHtransmission2138_heat,#823740,LQ heat distribution main,transmission,100000,1,20,LQHtransmission2138,LQHtransmission2010,
LQHtransmission2393_to_LQHtransmission2919_heat,#823740,LQ heat distribution main,transmission,100000,1,20,LQHtransmission2919,LQHtransmission2393,
LQHtransmission2919_to_LQHtransmission4681_heat,#823740,LQ heat distribution main,transmission,100000,1,20,LQHtransmission4681,LQHtransmission2919,
LQHtransmission4681_to_LQHtransmission3225_heat,#823740,LQ heat distribution main,transmission,100000,1,20,LQHtransmission3225,LQHtransmission4681,
LQHtransmission3225_to_LQHtransmission324_heat,#823740,LQ heat distribution main,transmission,100000,1,20,LQHtransmission324,LQHtransmission3225,
LQHtransmission324_to_LQHtransmission4725_heat,#823740,LQ heat distribution main,transmission,100000,1,20,LQHtransmission4725,LQHtransmission324,
LQHtransmission4725_to_LQHtransmission1743_heat,#823740,LQ heat distribution main,transmission,100000,1,20,LQHtransmission1743,LQHtransmission4725,
LQHtransmission1743_to_LQHtransmission802_heat,#823740,LQ heat distribution main,transmission,100000,1,20,LQHtransmission802,LQHtransmission1743,
LQHtransmission802_to_LQHtransmission1004_heat,#823740,LQ heat distribution main,transmission,100000,1,20,LQHtransmission1004,LQHtransmission802,
LQHtransmission1004_to_LQHtransmission3592_heat,#823740,LQ heat distribution main,transmission,100000,1,20,LQHtransmission3592,LQHtransmission1004,
LQHtransmission3592_to_LQHtransmission3170_heat,#823740,LQ heat distribution main,transmission,100000,1,20,LQHtransmission3170,LQHtransmission3592,
LQHtransmission3170_to_LQHtransmission1985_heat,#823740,LQ heat distribution main,transmission,100000,1,20,LQHtransmission1985,LQHtransmission3170,
LQHtransmission1985_to_LQHtransmission2457_heat,#823740,LQ heat distribution main,transmission,100000,1,20,LQHtransmission2457,LQHtransmission1985,
LQHtransmission2457_to_LQHtransmission1545_heat,#823740,LQ heat distribution main,transmission,100000,1,20,LQHtransmission1545,LQHtransmission2457,
LQHtransmission1545_to_LQHtransmission1809_heat,#823740,LQ heat distribution main,transmission,100000,1,20,LQHtransmission1809,LQHtransmission1545,
LQHtransmission1809_to_LQHtransmission2891_heat,#823740,LQ heat distribution main,transmission,100000,1,20,LQHtransmission2891,LQHtransmission1809,
LQHtransmission2891_to_LQHtransmission3883_heat,#823740,LQ heat distribution main,transmission,100000,1,20,LQHtransmission3883,LQHtransmission2891,
LQHtransmission3883_to_LQHtransmission612_heat,#823740,LQ heat distribution main,transmission,100000,1,20,LQHtransmission612,LQHtransmission3883,
LQHtransmission612_to_LQHtransmission3094_heat,#823740,LQ heat distribution main,transmission,100000,1,20,LQHtransmission3094,LQHtransmission612,
LQHtransmission3094_to_LQHtransmission4666_heat,#823740,LQ heat distribution main,transmission,100000,1,20,LQHtransmission4666,LQHtransmission3094,
LQHtransmission4666_to_LQHtransmission2969_heat,#823740,LQ heat distribution main,transmission,100000,1,20,LQHtransmission2969,LQHtransmission4666,
LQHtransmission2969_to_LQHtransmission3773_heat,#823740,LQ heat distribution main,transmission,100000,1,20,LQHtransmission3773,LQHtransmission2969,
LQHtransmission3773_to_LQHtransmission3135_heat,#823740,LQ heat distribution main,transmission,100000,1,20,LQHtransmission3135,LQHtransmission3773,
LQHtransmission3135_to_LQHtransmission40_heat,#823740,LQ heat distribution main,transmission,100000,1,20,LQHtransmission40,LQHtransmission3135,
LQHtransmission40_to_LQHtransmission2994_heat,#823740,LQ heat distribution main,transmission,100000,1,20,LQHtransmission2994,LQHtransmission40,
LQHtransmission2994_to_LQHtransmission384_heat,#823740,LQ heat distribution main,transmission,100000,1,20,LQHtransmission384,LQHtransmission2994,
LQHtransmission1965_to_LQHtransmission3898_heat,#823740,LQ heat distribution main,transmission,100000,1,20,LQHtransmission3898,LQHtransmission1965,
LQHtransmission2659_to_LQHtransmission4232_heat,#823740,LQ heat distribution main,transmission,100000,1,20,LQHtransmission4232,LQHtransmission2659,
LQHtransmission4232_to_LQHtransmission156_heat,#823740,LQ heat distribution main,transmission,100000,1,20,LQHtransmission156,LQHtransmission4232,
LQHtransmission156_to_LQHtransmission2535_heat,#823740,LQ heat distribution main,transmission,100000,1,20,LQHtransmission2535,LQHtransmission156,
LQHtransmission2535_to_LQHtransmission1287_heat,#823740,LQ heat distribution main,transmission,100000,1,20,LQHtransmission1287,LQHtransmission2535,
LQHtransmission1287_to_LQHtransmission3710_heat,#823740,LQ heat distribution main,transmission,100000,1,20,LQHtransmission3710,LQHtransmission1287,
LQHtransmission3710_to_LQHtransmission3998_heat,#823740,LQ heat distribution main,transmission,100000,1,20,LQHtransmission3998,LQHtransmission3710,
LQHtransmission3998_to_LQHtransmission2380_heat,#823740,LQ heat distribution main,transmission,100000,1,20,LQHtransmission2380,LQHtransmission3998,
LQHtransmission2380_to_LQHtransmission4177_heat,#823740,LQ heat distribution main,transmission,100000,1,20,LQHtransmission4177,LQHtransmission2380,
LQHtransmission4177_to_LQHtransmission862_heat,#823740,LQ heat distribution main,transmission,100000,1,20,LQHtransmission862,LQHtransmission4177,
LQHtransmission862_to_LQHtransmission2669_heat,#823740,LQ heat distribution main,transmission,100000,1,20,LQHtransmission2669,LQHtransmission862,
LQHtransmission2669_to_LQHtransmission4525_heat,#823740,LQ heat distribution main,transmission,100000,1,20,LQHtransmission4525,LQHtransmission2669,
LQHtransmission1176_to_LQHtransmission1006_heat,#823740,LQ heat distribution main,transmission,100000,1,20,LQHtransmission1006,LQHtransmission1176,
LQHtransmission1006_to_LQHtransmission4477_heat,#823740,LQ heat distribution main,transmission,100000,1,20,LQHtransmission4477,LQHtransmission1006,
LQHtransmission4477_to_LQHtransmission2714_heat,#823740,LQ heat distribution main,transmission,100000,1,20,LQHtransmission2714,LQHtransmission4477,
LQHtransmission2714_to_LQHtransmission3017_heat,#823740,LQ heat distribution main,transmission,100000,1,20,LQHtransmission3017,LQHtransmission2714,
LQHtransmission3017_to_LQHtransmission1092_heat,#823740,LQ heat distribution main,transmission,100000,1,20,LQHtransmission1092,LQHtransmission3017,
LQHtransmission1092_to_LQHtransmission2791_heat,#823740,LQ heat distribution main,transmission,100000,1,20,LQHtransmission2791,LQHtransmission1092,
LQHtransmission2791_to_LQHtransmission4246_heat,#823740,LQ heat distribution main,transmission,100000,1,20,LQHtransmission4246,LQHtransmission2791,
LQHtransmission4246_to_LQHtransmission1321_heat,#823740,LQ heat distribution main,transmission,100000,1,20,LQHtransmission1321,LQHtransmission4246,
LQHtransmission1321_to_LQHtransmission394_heat,#823740,LQ heat distribution main,transmission,100000,1,20,LQHtransmission394,LQHtransmission1321,
LQHtransmission394_to_LQHtransmission3175_heat,#823740,LQ heat distribution main,transmission,100000,1,20,LQHtransmission3175,LQHtransmission394,
LQHtransmission3898_to_LQHtransmission3816_heat,#823740,LQ heat distribution main,transmission,100000,1,20,LQHtransmission3816,LQHtransmission3898,
LQHtransmission3816_to_LQHtransmission4695_heat,#823740,LQ heat distribution main,transmission,100000,1,20,LQHtransmission4695,LQHtransmission3816,
LQHtransmission4695_to_LQHtransmission3561_heat,#823740,LQ heat distribution main,transmission,100000,1,20,LQHtransmission3561,LQHtransmission4695,
LQHtransmission3561_to_LQHtransmission268_heat,#823740,LQ heat distribution main,transmission,100000,1,20,LQHtransmission268,LQHtransmission3561,
LQHtransmission268_to_LQHtransmission2123_heat,#823740,LQ heat distribution main,transmission,100000,1,20,LQHtransmission2123,LQHtransmission268,
LQHtransmission2123_to_LQHtransmission2470_heat,#823740,LQ heat distribution main,transmission,100000,1,20,LQHtransmission2470,LQHtransmission2123,
LQHtransmission2470_to_LQHtransmission1615_heat,#823740,LQ heat distribution main,transmission,100000,1,20,LQHtransmission1615,LQHtransmission2470,
LQHtransmission1615_to_LQHtransmission2984_heat,#823740,LQ heat distribution main,transmission,100000,1,20,LQHtransmission2984,LQHtransmission1615,
LQHtransmission2984_to_LQHtransmission3697_heat,#823740,LQ heat distribution main,transmission,100000,1,20,LQHtransmission3697,LQHtransmission2984,
LQHtransmission3697_to_LQHtransmission400_heat,#823740,LQ heat distribution main,transmission,100000,1,20,LQHtransmission400,LQHtransmission3697,
LQHtransmission400_to_LQHtransmission1949_heat,#823740,LQ heat distribution main,transmission,100000,1,20,LQHtransmission1949,LQHtransmission400,
LQHtransmission1949_to_LQHtransmission2497_heat,#823740,LQ heat distribution main,transmission,100000,1,20,LQHtransmission2497,LQHtransmission1949,
LQHtransmission2497_to_LQHtransmission4029_heat,#823740,LQ heat distribution main,transmission,100000,1,20,LQHtransmission4029,LQHtransmission2497,
LQHtransmission4029_to_LQHtransmission4642_heat,#823740,LQ heat distribution main,transmission,100000,1,20,LQHtransmission4642,LQHtransmission4029,
LQHtransmission4642_to_LQHtransmission3067_heat,#823740,LQ heat distribution main,transmission,100000,1,20,LQHtransmission3067,LQHtransmission4642,
LQHtransmission3067_to_LQHtransmission963_heat,#823740,LQ heat distribution main,transmission,100000,1,20,LQHtransmission963,LQHtransmission3067,
LQHtransmission963_to_LQHtransmission455_heat,#823740,LQ heat distribution main,transmission,100000,1,20,LQHtransmission455,LQHtransmission963,
LQHtransmission455_to_LQHtransmission2530_heat,#823740,LQ heat distribution main,transmission,100000,1,20,LQHtransmission2530,LQHtransmission455,
LQHtransmission2530_to_LQHtransmission2547_heat,#823740,LQ heat distribution main,transmission,100000,1,20,LQHtransmission2547,LQHtransmission2530,
LQHtransmission2547_to_LQHtransmission3555_heat,#823740,LQ heat distribution main,transmission,100000,1,20,LQHtransmission3555,LQHtransmission2547,
LQHtransmission3555_to_LQHtransmission1625_heat,#823740,LQ heat distribution main,transmission,100000,1,20,LQHtransmission1625,LQHtransmission3555,
LQHtransmission1625_to_LQHtransmission989_heat,#823740,LQ heat distribution main,transmission,100000,1,20,LQHtransmission989,LQHtransmission1625,
LQHtransmission989_to_LQHtransmission1020_heat,#823740,LQ heat distribution main,transmission,100000,1,20,LQHtransmission1020,LQHtransmission989,
LQHtransmission1020_to_LQHtransmission516_heat,#823740,LQ heat distribution main,transmission,100000,1,20,LQHtransmission516,LQHtransmission1020,
LQHtransmission516_to_LQHtransmission3121_heat,#823740,LQ heat distribution main,transmission,100000,1,20,LQHtransmission3121,LQHtransmission516,
LQHtransmission3121_to_LQHtransmission2610_heat,#823740,LQ heat distribution main,transmission,100000,1,20,LQHtransmission2610,LQHtransmission3121,
LQHtransmission2610_to_LQHtransmission2_heat,#823740,LQ heat distribution main,transmission,100000,1,20,LQHtransmission2,LQHtransmission2610,
LQHtransmission2_to_LQHtransmission3650_heat,#823740,LQ heat distribution main,transmission,100000,1,20,LQHtransmission3650,LQHtransmission2,
LQHtransmission3650_to_LQHtransmission1062_heat,#823740,LQ heat distribution main,transmission,100000,1,20,LQHtransmission1062,LQHtransmission3650,
LQHtransmission1062_to_LQHtransmission3774_heat,#823740,LQ heat distribution main,transmission,100000,1,20,LQHtransmission3774,LQHtransmission1062,
LQHtransmission3774_to_LQHtransmission3153_heat,#823740,LQ heat distribution main,transmission,100000,1,20,LQHtransmission3153,LQHtransmission3774,
LQHtransmission3153_to_LQHtransmission2484_heat,#823740,LQ heat distribution main,transmission,100000,1,20,LQHtransmission2484,LQHtransmission3153,
LQHtransmission2484_to_LQHtransmission2158_heat,#823740,LQ heat distribution main,transmission,100000,1,20,LQHtransmission2158,LQHtransmission2484,
LQHtransmission2158_to_LQHtransmission560_heat,#823740,LQ heat distribution main,transmission,100000,1,20,LQHtransmission560,LQHtransmission2158,
LQHtransmission560_to_LQHtransmission4284_heat,#823740,LQ heat distribution main,transmission,100000,1,20,LQHtransmission4284,LQHtransmission560,
LQHtransmission4284_to_LQHtransmission1112_heat,#823740,LQ heat distribution main,transmission,100000,1,20,LQHtransmission1112,LQHtransmission4284,
LQHtransmission1112_to_LQHtransmission2493_heat,#823740,LQ heat distribution main,transmission,100000,1,20,LQHtransmission2493,LQHtransmission1112,
LQHtransmission2493_to_LQHtransmission1496_heat,#823740,LQ heat distribution main,transmission,100000,1,20,LQHtransmission1496,LQHtransmission2493,
LQHtransmission1496_to_LQHtransmission1492_heat,#823740,LQ heat distribution main,transmission,100000,1,20,LQHtransmission1492,LQHtransmission1496,
LQHtransmission1902_to_LQHtransmission4073_heat,#823740,LQ heat distribution main,transmission,100000,1,20,LQHtransmission4073,LQHtransmission1902,
LQHtransmission4073_to_LQHtransmission2168_heat,#823740,LQ heat distribution main,transmission,100000,1,20,LQHtransmission2168,LQHtransmission4073,
LQHtransmission2168_to_LQHtransmission2331_heat,#823740,LQ heat distribution main,transmission,100000,1,20,LQHtransmission2331,LQHtransmission2168,
LQHtransmission2331_to_LQHtransmission2878_heat,#823740,LQ heat distribution main,transmission,100000,1,20,LQHtransmission2878,LQHtransmission2331,
LQHtransmission2878_to_LQHtransmission2451_heat,#823740,LQ heat distribution main,transmission,100000,1,20,LQHtransmission2451,LQHtransmission2878,
LQHtransmission2451_to_LQHtransmission2443_heat,#823740,LQ heat distribution main,transmission,100000,1,20,LQHtransmission2443,LQHtransmission2451,
LQHtransmission2443_to_LQHtransmission1966_heat,#823740,LQ heat distribution main,transmission,100000,1,20,LQHtransmission1966,LQHtransmission2443,
LQHtransmission1966_to_LQHtransmission238_heat,#823740,LQ heat distribution main,transmission,100000,1,20,LQHtransmission238,LQHtransmission1966,
LQHtransmission238_to_LQHtransmission2659_heat,#823740,LQ heat distribution main,transmission,100000,1,20,LQHtransmission2659,LQHtransmission238,
LQHtransmission2660_to_LQHtransmission1417_heat,#823740,LQ heat distribution main,transmission,100000,1,20,LQHtransmission1417,LQHtransmission2660,
LQHtransmission1417_to_LQHtransmission3554_heat,#823740,LQ heat distribution main,transmission,100000,1,20,LQHtransmission3554,LQHtransmission1417,
LQHtransmission3554_to_LQHtransmission2554_heat,#823740,LQ heat distribution main,transmission,100000,1,20,LQHtransmission2554,LQHtransmission3554,
LQHtransmission2554_to_LQHtransmission2304_heat,#823740,LQ heat distribution main,transmission,100000,1,20,LQHtransmission2304,LQHtransmission2554,
LQHtransmission2304_to_LQHtransmission1188_heat,#823740,LQ heat distribution main,transmission,100000,1,20,LQHtransmission1188,LQHtransmission2304,
LQHtransmission1188_to_LQHtransmission2074_heat,#823740,LQ heat distribution main,transmission,100000,1,20,LQHtransmission2074,LQHtransmission1188,
LQHtransmission2074_to_LQHtransmission1033_heat,#823740,LQ heat distribution main,transmission,100000,1,20,LQHtransmission1033,LQHtransmission2074,
LQHtransmission1033_to_LQHtransmission4522_heat,#823740,LQ heat distribution main,transmission,100000,1,20,LQHtransmission4522,LQHtransmission1033,
LQHtransmission4522_to_LQHtransmission646_heat,#823740,LQ heat distribution main,transmission,100000,1,20,LQHtransmission646,LQHtransmission4522,
LQHtransmission646_to_LQHtransmission3229_heat,#823740,LQ heat distribution main,transmission,100000,1,20,LQHtransmission3229,LQHtransmission646,
LQHtransmission3229_to_LQHtransmission936_heat,#823740,LQ heat distribution main,transmission,100000,1,20,LQHtransmission936,LQHtransmission3229,
LQHtransmission936_to_LQHtransmission919_heat,#823740,LQ heat distribution main,transmission,100000,1,20,LQHtransmission919,LQHtransmission936,
LQHtransmission919_to_LQHtransmission2259_heat,#823740,LQ heat distribution main,transmission,100000,1,20,LQHtransmission2259,LQHtransmission919,
LQHtransmission2259_to_LQHtransmission1754_heat,#823740,LQ heat distribution main,transmission,100000,1,20,LQHtransmission1754,LQHtransmission2259,
LQHtransmission1754_to_LQHtransmission614_heat,#823740,LQ heat distribution main,transmission,100000,1,20,LQHtransmission614,LQHtransmission1754,
LQHtransmission614_to_LQHtransmission3748_heat,#823740,LQ heat distribution main,transmission,100000,1,20,LQHtransmission3748,LQHtransmission614,
LQHtransmission3748_to_LQHtransmission2233_heat,#823740,LQ heat distribution main,transmission,100000,1,20,LQHtransmission2233,LQHtransmission3748,
LQHtransmission2233_to_LQHtransmission1136_heat,#823740,LQ heat distribution main,transmission,100000,1,20,LQHtransmission1136,LQHtransmission2233,
LQHtransmission1136_to_LQHtransmission718_heat,#823740,LQ heat distribution main,transmission,100000,1,20,LQHtransmission718,LQHtransmission1136,
LQHtransmission718_to_LQHtransmission1284_heat,#823740,LQ heat distribution main,transmission,100000,1,20,LQHtransmission1284,LQHtransmission718,
LQHtransmission1284_to_LQHtransmission3421_heat,#823740,LQ heat distribution main,transmission,100000,1,20,LQHtransmission3421,LQHtransmission1284,
LQHtransmission3421_to_LQHtransmission3098_heat,#823740,LQ heat distribution main,transmission,100000,1,20,LQHtransmission3098,LQHtransmission3421,
LQHtransmission3098_to_LQHtransmission3559_heat,#823740,LQ heat distribution main,transmission,100000,1,20,LQHtransmission3559,LQHtransmission3098,
LQHtransmission3559_to_LQHtransmission1047_heat,#823740,LQ heat distribution main,transmission,100000,1,20,LQHtransmission1047,LQHtransmission3559,
LQHtransmission1047_to_LQHtransmission517_heat,#823740,LQ heat distribution main,transmission,100000,1,20,LQHtransmission517,LQHtransmission1047,
LQHtransmission517_to_LQHtransmission922_heat,#823740,LQ heat distribution main,transmission,100000,1,20,LQHtransmission922,LQHtransmission517,
LQHtransmission922_to_LQHtransmission489_heat,#823740,LQ heat distribution main,transmission,100000,1,20,LQHtransmission489,LQHtransmission922,
LQHtransmission3110_to_LQHtransmission724_heat,#823740,LQ heat distribution main,transmission,100000,1,20,LQHtransmission724,LQHtransmission3110,
LQHtransmission724_to_LQHtransmission1250_heat,#823740,LQ heat distribution main,transmission,100000,1,20,LQHtransmission1250,LQHtransmission724,
LQHtransmission1250_to_LQHtransmission3501_heat,#823740,LQ heat distribution main,transmission,100000,1,20,LQHtransmission3501,LQHtransmission1250,
LQHtransmission3501_to_LQHtransmission4285_heat,#823740,LQ heat distribution main,transmission,100000,1,20,LQHtransmission4285,LQHtransmission3501,
LQHtransmission4285_to_LQHtransmission1732_heat,#823740,LQ heat distribution main,transmission,100000,1,20,LQHtransmission1732,LQHtransmission4285,
LQHtransmission1732_to_LQHtransmission292_heat,#823740,LQ heat distribution main,transmission,100000,1,20,LQHtransmission292,LQHtransmission1732,
LQHtransmission292_to_LQHtransmission2916_heat,#823740,LQ heat distribution main,transmission,100000,1,20,LQHtransmission2916,LQHtransmission292,
LQHtransmission2916_to_LQHtransmission1661_heat,#823740,LQ heat distribution main,transmission,100000,1,20,LQHtransmission1661,LQHtransmission2916,
LQHtransmission1661_to_LQHtransmission1452_heat,#823740,LQ heat distribution main,transmission,100000,1,20,LQHtransmission1452,LQHtransmission1661,
LQHtransmission1452_to_LQHtransmission3626_heat,#823740,LQ heat distribution main,transmission,100000,1,20,LQHtransmission3626,LQHtransmission1452,
LQHtransmission3626_to_LQHtransmission1132_heat,#823740,LQ heat distribution main,transmission,100000,1,20,LQHtransmission1132,LQHtransmission3626,
LQHtransmission1132_to_LQHtransmission898_heat,#823740,LQ heat distribution main,transmission,100000,1,20,LQHtransmission898,LQHtransmission1132,
LQHtransmission898_to_LQHtransmission3557_heat,#823740,LQ heat distribution main,transmission,100000,1,20,LQHtransmission3557,LQHtransmission898,
LQHtransmission3557_to_LQHtransmission2228_heat,#823740,LQ heat distribution main,transmission,100000,1,20,LQHtransmission2228,LQHtransmission3557,
LQHtransmission2228_to_LQHtransmission752_heat,#823740,LQ heat distribution main,transmission,100000,1,20,LQHtransmission752,LQHtransmission2228,
LQHtransmission752_to_LQHtransmission2935_heat,#823740,LQ heat distribution main,transmission,100000,1,20,LQHtransmission2935,LQHtransmission752,
LQHtransmission2935_to_LQHtransmission3719_heat,#823740,LQ heat distribution main,transmission,100000,1,20,LQHtransmission3719,LQHtransmission2935,
LQHtransmission3719_to_LQHtransmission1236_heat,#823740,LQ heat distribution main,transmission,100000,1,20,LQHtransmission1236,LQHtransmission3719,
LQHtransmission1236_to_LQHtransmission2931_heat,#823740,LQ heat distribution main,transmission,100000,1,20,LQHtransmission2931,LQHtransmission1236,
LQHtransmission2931_to_LQHtransmission2595_heat,#823740,LQ heat distribution main,transmission,100000,1,20,LQHtransmission2595,LQHtransmission2931,
LQHtransmission2595_to_LQHtransmission3431_heat,#823740,LQ heat distribution main,transmission,100000,1,20,LQHtransmission3431,LQHtransmission2595,
LQHtransmission3431_to_LQHtransmission4074_heat,#823740,LQ heat distribution main,transmission,100000,1,20,LQHtransmission4074,LQHtransmission3431,
LQHtransmission4074_to_LQHtransmission3074_heat,#823740,LQ heat distribution main,transmission,100000,1,20,LQHtransmission3074,LQHtransmission4074,
LQHtransmission3074_to_LQHtransmission2849_heat,#823740,LQ heat distribution main,transmission,100000,1,20,LQHtransmission2849,LQHtransmission3074,
LQHtransmission2849_to_LQHtransmission2006_heat,#823740,LQ heat distribution main,transmission,100000,1,20,LQHtransmission2006,LQHtransmission2849,
LQHtransmission2006_to_LQHtransmission3734_heat,#823740,LQ heat distribution main,transmission,100000,1,20,LQHtransmission3734,LQHtransmission2006,
LQHtransmission3734_to_LQHtransmission1262_heat,#823740,LQ heat distribution main,transmission,100000,1,20,LQHtransmission1262,LQHtransmission3734,
LQHtransmission1262_to_LQHtransmission2529_heat,#823740,LQ heat distribution main,transmission,100000,1,20,LQHtransmission2529,LQHtransmission1262,
LQHtransmission2529_to_LQHtransmission36_heat,#823740,LQ heat distribution main,transmission,100000,1,20,LQHtransmission36,LQHtransmission2529,
LQHtransmission36_to_LQHtransmission2683_heat,#823740,LQ heat distribution main,transmission,100000,1,20,LQHtransmission2683,LQHtransmission36,
LQHtransmission2683_to_LQHtransmission2987_heat,#823740,LQ heat distribution main,transmission,100000,1,20,LQHtransmission2987,LQHtransmission2683,
LQHtransmission2987_to_LQHtransmission3579_heat,#823740,LQ heat distribution main,transmission,100000,1,20,LQHtransmission3579,LQHtransmission2987,
LQHtransmission3579_to_LQHtransmission4416_heat,#823740,LQ heat distribution main,transmission,100000,1,20,LQHtransmission4416,LQHtransmission3579,
LQHtransmission4416_to_LQHtransmission1406_heat,#823740,LQ heat distribution main,transmission,100000,1,20,LQHtransmission1406,LQHtransmission4416,
LQHtransmission1406_to_LQHtransmission360_heat,#823740,LQ heat distribution main,transmission,100000,1,20,LQHtransmission360,LQHtransmission1406,
LQHtransmission360_to_LQHtransmission144_heat,#823740,LQ heat distribution main,transmission,100000,1,20,LQHtransmission144,LQHtransmission360,
LQHtransmission144_to_LQHtransmission1918_heat,#823740,LQ heat distribution main,transmission,100000,1,20,LQHtransmission1918,LQHtransmission144,
LQHtransmission1918_to_LQHtransmission4665_heat,#823740,LQ heat distribution main,transmission,100000,1,20,LQHtransmission4665,LQHtransmission1918,
LQHtransmission4665_to_LQHtransmission3240_heat,#823740,LQ heat distribution main,transmission,100000,1,20,LQHtransmission3240,LQHtransmission4665,
LQHtransmission3240_to_LQHtransmission4529_heat,#823740,LQ heat distribution main,transmission,100000,1,20,LQHtransmission4529,LQHtransmission3240,
LQHtransmission4529_to_LQHtransmission2769_heat,#823740,LQ heat distribution main,transmission,100000,1,20,LQHtransmission2769,LQHtransmission4529,
LQHtransmission2769_to_LQHtransmission1208_heat,#823740,LQ heat distribution main,transmission,100000,1,20,LQHtransmission1208,LQHtransmission2769,
LQHtransmission1208_to_LQHtransmission114_heat,#823740,LQ heat distribution main,transmission,100000,1,20,LQHtransmission114,LQHtransmission1208,
LQHtransmission114_to_LQHtransmission2099_heat,#823740,LQ heat distribution main,transmission,100000,1,20,LQHtransmission2099,LQHtransmission114,
LQHtransmission2099_to_LQHtransmission4498_heat,#823740,LQ heat distribution main,transmission,100000,1,20,LQHtransmission4498,LQHtransmission2099,
LQHtransmission4498_to_LQHtransmission500_heat,#823740,LQ heat distribution main,transmission,100000,1,20,LQHtransmission500,LQHtransmission4498,
LQHtransmission4121_to_LQHtransmission2581_heat,#823740,LQ heat distribution main,transmission,100000,1,20,LQHtransmission2581,LQHtransmission4121,
LQHtransmission2581_to_LQHtransmission3327_heat,#823740,LQ heat distribution main,transmission,100000,1,20,LQHtransmission3327,LQHtransmission2581,
LQHtransmission3327_to_LQHtransmission708_heat,#823740,LQ heat distribution main,transmission,100000,1,20,LQHtransmission708,LQHtransmission3327,
LQHtransmission708_to_LQHtransmission2724_heat,#823740,LQ heat distribution main,transmission,100000,1,20,LQHtransmission2724,LQHtransmission708,
LQHtransmission2724_to_LQHtransmission4153_heat,#823740,LQ heat distribution main,transmission,100000,1,20,LQHtransmission4153,LQHtransmission2724,
LQHtransmission4153_to_LQHtransmission2825_heat,#823740,LQ heat distribution main,transmission,100000,1,20,LQHtransmission2825,LQHtransmission4153,
LQHtransmission2825_to_LQHtransmission1714_heat,#823740,LQ heat distribution main,transmission,100000,1,20,LQHtransmission1714,LQHtransmission2825,
LQHtransmission1714_to_LQHtransmission4562_heat,#823740,LQ heat distribution main,transmission,100000,1,20,LQHtransmission4562,LQHtransmission1714,
LQHtransmission4562_to_LQHtransmission3285_heat,#823740,LQ heat distribution main,transmission,100000,1,20,LQHtransmission3285,LQHtransmission4562,
LQHtransmission3285_to_LQHtransmission3360_heat,#823740,LQ heat distribution main,transmission,100000,1,20,LQHtransmission3360,LQHtransmission3285,
LQHtransmission3360_to_LQHtransmission3707_heat,#823740,LQ heat distribution main,transmission,100000,1,20,LQHtransmission3707,LQHtransmission3360,
LQHtransmission1019_to_LQHtransmission1122_heat,#823740,LQ heat distribution main,transmission,100000,1,20,LQHtransmission1122,LQHtransmission1019,
LQHtransmission1122_to_LQHtransmission4293_heat,#823740,LQ heat distribution main,transmission,100000,1,20,LQHtransmission4293,LQHtransmission1122,
LQHtransmission4293_to_LQHtransmission3116_heat,#823740,LQ heat distribution main,transmission,100000,1,20,LQHtransmission3116,LQHtransmission4293,
LQHtransmission3116_to_LQHtransmission4468_heat,#823740,LQ heat distribution main,transmission,100000,1,20,LQHtransmission4468,LQHtransmission3116,
LQHtransmission4468_to_LQHtransmission2026_heat,#823740,LQ heat distribution main,transmission,100000,1,20,LQHtransmission2026,LQHtransmission4468,
LQHtransmission2026_to_LQHtransmission77_heat,#823740,LQ heat distribution main,transmission,100000,1,20,LQHtransmission77,LQHtransmission2026,
LQHtransmission77_to_LQHtransmission1810_heat,#823740,LQ heat distribution main,transmission,100000,1,20,LQHtransmission1810,LQHtransmission77,
LQHtransmission1810_to_LQHtransmission711_heat,#823740,LQ heat distribution main,transmission,100000,1,20,LQHtransmission711,LQHtransmission1810,
LQHtransmission711_to_LQHtransmission4698_heat,#823740,LQ heat distribution main,transmission,100000,1,20,LQHtransmission4698,LQHtransmission711,
LQHtransmission4698_to_LQHtransmission2364_heat,#823740,LQ heat distribution main,transmission,100000,1,20,LQHtransmission2364,LQHtransmission4698,
LQHtransmission2364_to_LQHtransmission13_heat,#823740,LQ heat distribution main,transmission,100000,1,20,LQHtransmission13,LQHtransmission2364,
LQHtransmission13_to_LQHtransmission105_heat,#823740,LQ heat distribution main,transmission,100000,1,20,LQHtransmission105,LQHtransmission13,
LQHtransmission105_to_LQHtransmission2527_heat,#823740,LQ heat distribution main,transmission,100000,1,20,LQHtransmission2527,LQHtransmission105,
LQHtransmission2527_to_LQHtransmission1951_heat,#823740,LQ heat distribution main,transmission,100000,1,20,LQHtransmission1951,LQHtransmission2527,
LQHtransmission1951_to_LQHtransmission2823_heat,#823740,LQ heat distribution main,transmission,100000,1,20,LQHtransmission2823,LQHtransmission1951,
LQHtransmission2823_to_LQHtransmission326_heat,#823740,LQ heat distribution main,transmission,100000,1,20,LQHtransmission326,LQHtransmission2823,
LQHtransmission326_to_LQHtransmission4144_heat,#823740,LQ heat distribution main,transmission,100000,1,20,LQHtransmission4144,LQHtransmission326,
LQHtransmission4144_to_LQHtransmission1107_heat,#823740,LQ heat distribution main,transmission,100000,1,20,LQHtransmission1107,LQHtransmission4144,
LQHtransmission1107_to_LQHtransmission1693_heat,#823740,LQ heat distribution main,transmission,100000,1,20,LQHtransmission1693,LQHtransmission1107,
LQHtransmission1693_to_LQHtransmission4156_heat,#823740,LQ heat distribution main,transmission,100000,1,20,LQHtransmission4156,LQHtransmission1693,
LQHtransmission4156_to_LQHtransmission816_heat,#823740,LQ heat distribution main,transmission,100000,1,20,LQHtransmission816,LQHtransmission4156,
LQHtransmission816_to_LQHtransmission1669_heat,#823740,LQ heat distribution main,transmission,100000,1,20,LQHtransmission1669,LQHtransmission816,
LQHtransmission1669_to_LQHtransmission3197_heat,#823740,LQ heat distribution main,transmission,100000,1,20,LQHtransmission3197,LQHtransmission1669,
LQHtransmission3197_to_LQHtransmission1048_heat,#823740,LQ heat distribution main,transmission,100000,1,20,LQHtransmission1048,LQHtransmission3197,
LQHtransmission1048_to_LQHtransmission2307_heat,#823740,LQ heat distribution main,transmission,100000,1,20,LQHtransmission2307,LQHtransmission1048,
LQHtransmission2307_to_LQHtransmission4310_heat,#823740,LQ heat distribution main,transmission,100000,1,20,LQHtransmission4310,LQHtransmission2307,
LQHtransmission4310_to_LQHtransmission3380_heat,#823740,LQ heat distribution main,transmission,100000,1,20,LQHtransmission3380,LQHtransmission4310,
LQHtransmission3380_to_LQHtransmission2498_heat,#823740,LQ heat distribution main,transmission,100000,1,20,LQHtransmission2498,LQHtransmission3380,
LQHtransmission2498_to_LQHtransmission358_heat,#823740,LQ heat distribution main,transmission,100000,1,20,LQHtransmission358,LQHtransmission2498,
LQHtransmission358_to_LQHtransmission2766_heat,#823740,LQ heat distribution main,transmission,100000,1,20,LQHtransmission2766,LQHtransmission358,
LQHtransmission2766_to_LQHtransmission4425_heat,#823740,LQ heat distribution main,transmission,100000,1,20,LQHtransmission4425,LQHtransmission2766,
LQHtransmission4425_to_LQHtransmission3930_heat,#823740,LQ heat distribution main,transmission,100000,1,20,LQHtransmission3930,LQHtransmission4425,
LQHtransmission3930_to_LQHtransmission2509_heat,#823740,LQ heat distribution main,transmission,100000,1,20,LQHtransmission2509,LQHtransmission3930,
LQHtransmission2509_to_LQHtransmission4354_heat,#823740,LQ heat distribution main,transmission,100000,1,20,LQHtransmission4354,LQHtransmission2509,
LQHtransmission4354_to_LQHtransmission4511_heat,#823740,LQ heat distribution main,transmission,100000,1,20,LQHtransmission4511,LQHtransmission4354,
LQHtransmission4511_to_LQHtransmission2452_heat,#823740,LQ heat distribution main,transmission,100000,1,20,LQHtransmission2452,LQHtransmission4511,
LQHtransmission2452_to_LQHtransmission2059_heat,#823740,LQ heat distribution main,transmission,100000,1,20,LQHtransmission2059,LQHtransmission2452,
LQHtransmission2059_to_LQHtransmission649_heat,#823740,LQ heat distribution main,transmission,100000,1,20,LQHtransmission649,LQHtransmission2059,
LQHtransmission649_to_LQHtransmission1914_heat,#823740,LQ heat distribution main,transmission,100000,1,20,LQHtransmission1914,LQHtransmission649,
LQHtransmission1914_to_LQHtransmission2577_heat,#823740,LQ heat distribution main,transmission,100000,1,20,LQHtransmission2577,LQHtransmission1914,
LQHtransmission2577_to_LQHtransmission3052_heat,#823740,LQ heat distribution main,transmission,100000,1,20,LQHtransmission3052,LQHtransmission2577,
LQHtransmission3052_to_LQHtransmission3482_heat,#823740,LQ heat distribution main,transmission,100000,1,20,LQHtransmission3482,LQHtransmission3052,
LQHtransmission3482_to_LQHtransmission2412_heat,#823740,LQ heat distribution main,transmission,100000,1,20,LQHtransmission2412,LQHtransmission3482,
LQHtransmission2412_to_LQHtransmission640_heat,#823740,LQ heat distribution main,transmission,100000,1,20,LQHtransmission640,LQHtransmission2412,
LQHtransmission640_to_LQHtransmission4388_heat,#823740,LQ heat distribution main,transmission,100000,1,20,LQHtransmission4388,LQHtransmission640,
LQHtransmission4388_to_LQHtransmission1469_heat,#823740,LQ heat distribution main,transmission,100000,1,20,LQHtransmission1469,LQHtransmission4388,
LQHtransmission1469_to_LQHtransmission3677_heat,#823740,LQ heat distribution main,transmission,100000,1,20,LQHtransmission3677,LQHtransmission1469,
LQHtransmission3677_to_LQHtransmission1972_heat,#823740,LQ heat distribution main,transmission,100000,1,20,LQHtransmission1972,LQHtransmission3677,
LQHtransmission1972_to_LQHtransmission4588_heat,#823740,LQ heat distribution main,transmission,100000,1,20,LQHtransmission4588,LQHtransmission1972,
LQHtransmission4588_to_LQHtransmission2546_heat,#823740,LQ heat distribution main,transmission,100000,1,20,LQHtransmission2546,LQHtransmission4588,
LQHtransmission2546_to_LQHtransmission3299_heat,#823740,LQ heat distribution main,transmission,100000,1,20,LQHtransmission3299,LQHtransmission2546,
LQHtransmission3299_to_LQHtransmission1477_heat,#823740,LQ heat distribution main,transmission,100000,1,20,LQHtransmission1477,LQHtransmission3299,
LQHtransmission1477_to_LQHtransmission3499_heat,#823740,LQ heat distribution main,transmission,100000,1,20,LQHtransmission3499,LQHtransmission1477,
LQHtransmission3499_to_LQHtransmission968_heat,#823740,LQ heat distribution main,transmission,100000,1,20,LQHtransmission968,LQHtransmission3499,
LQHtransmission968_to_LQHtransmission2462_heat,#823740,LQ heat distribution main,transmission,100000,1,20,LQHtransmission2462,LQHtransmission968,
LQHtransmission2462_to_LQHtransmission271_heat,#823740,LQ heat distribution main,transmission,100000,1,20,LQHtransmission271,LQHtransmission2462,
LQHtransmission271_to_LQHtransmission1473_heat,#823740,LQ heat distribution main,transmission,100000,1,20,LQHtransmission1473,LQHtransmission271,
LQHtransmission1473_to_LQHtransmission4478_heat,#823740,LQ heat distribution main,transmission,100000,1,20,LQHtransmission4478,LQHtransmission1473,
LQHtransmission4478_to_LQHtransmission2056_heat,#823740,LQ heat distribution main,transmission,100000,1,20,LQHtransmission2056,LQHtransmission4478,
LQHtransmission2056_to_LQHtransmission282_heat,#823740,LQ heat distribution main,transmission,100000,1,20,LQHtransmission282,LQHtransmission2056,
LQHtransmission282_to_LQHtransmission2654_heat,#823740,LQ heat distribution main,transmission,100000,1,20,LQHtransmission2654,LQHtransmission282,
LQHtransmission2654_to_LQHtransmission462_heat,#823740,LQ heat distribution main,transmission,100000,1,20,LQHtransmission462,LQHtransmission2654,
LQHtransmission462_to_LQHtransmission2512_heat,#823740,LQ heat distribution main,transmission,100000,1,20,LQHtransmission2512,LQHtransmission462,
LQHtransmission2512_to_LQHtransmission1503_heat,#823740,LQ heat distribution main,transmission,100000,1,20,LQHtransmission1503,LQHtransmission2512,
LQHtransmission1503_to_LQHtransmission4512_heat,#823740,LQ heat distribution main,transmission,100000,1,20,LQHtransmission4512,LQHtransmission1503,
LQHtransmission4512_to_LQHtransmission2285_heat,#823740,LQ heat distribution main,transmission,100000,1,20,LQHtransmission2285,LQHtransmission4512,
LQHtransmission2285_to_LQHtransmission48_heat,#823740,LQ heat distribution main,transmission,100000,1,20,LQHtransmission48,LQHtransmission2285,
LQHtransmission48_to_LQHtransmission2031_heat,#823740,LQ heat distribution main,transmission,100000,1,20,LQHtransmission2031,LQHtransmission48,
LQHtransmission2031_to_LQHtransmission2101_heat,#823740,LQ heat distribution main,transmission,100000,1,20,LQHtransmission2101,LQHtransmission2031,
LQHtransmission2101_to_LQHtransmission879_heat,#823740,LQ heat distribution main,transmission,100000,1,20,LQHtransmission879,LQHtransmission2101,
LQHtransmission879_to_LQHtransmission1780_heat,#823740,LQ heat distribution main,transmission,100000,1,20,LQHtransmission1780,LQHtransmission879,
LQHtransmission1780_to_LQHtransmission4493_heat,#823740,LQ heat distribution main,transmission,100000,1,20,LQHtransmission4493,LQHtransmission1780,
LQHtransmission4493_to_LQHtransmission2174_heat,#823740,LQ heat distribution main,transmission,100000,1,20,LQHtransmission2174,LQHtransmission4493,
LQHtransmission2174_to_LQHtransmission3172_heat,#823740,LQ heat distribution main,transmission,100000,1,20,LQHtransmission3172,LQHtransmission2174,
LQHtransmission3172_to_LQHtransmission870_heat,#823740,LQ heat distribution main,transmission,100000,1,20,LQHtransmission870,LQHtransmission3172,
LQHtransmission870_to_LQHtransmission4102_heat,#823740,LQ heat distribution main,transmission,100000,1,20,LQHtransmission4102,LQHtransmission870,
LQHtransmission4102_to_LQHtransmission2958_heat,#823740,LQ heat distribution main,transmission,100000,1,20,LQHtransmission2958,LQHtransmission4102,
LQHtransmission2958_to_LQHtransmission174_heat,#823740,LQ heat distribution main,transmission,100000,1,20,LQHtransmission174,LQHtransmission2958,
LQHtransmission174_to_LQHtransmission2855_heat,#823740,LQ heat distribution main,transmission,100000,1,20,LQHtransmission2855,LQHtransmission174,
LQHtransmission2855_to_LQHtransmission1345_heat,#823740,LQ heat distribution main,transmission,100000,1,20,LQHtransmission1345,LQHtransmission2855,
LQHtransmission1345_to_LQHtransmission361_heat,#823740,LQ heat distribution main,transmission,100000,1,20,LQHtransmission361,LQHtransmission1345,
LQHtransmission361_to_LQHtransmission2246_heat,#823740,LQ heat distribution main,transmission,100000,1,20,LQHtransmission2246,LQHtransmission361,
LQHtransmission2246_to_LQHtransmission1733_heat,#823740,LQ heat distribution main,transmission,100000,1,20,LQHtransmission1733,LQHtransmission2246,
LQHtransmission1733_to_LQHtransmission4312_heat,#823740,LQ heat distribution main,transmission,100000,1,20,LQHtransmission4312,LQHtransmission1733,
LQHtransmission4312_to_LQHtransmission463_heat,#823740,LQ heat distribution main,transmission,100000,1,20,LQHtransmission463,LQHtransmission4312,
LQHtransmission463_to_LQHtransmission3450_heat,#823740,LQ heat distribution main,transmission,100000,1,20,LQHtransmission3450,LQHtransmission463,
LQHtransmission3450_to_LQHtransmission4234_heat,#823740,LQ heat distribution main,transmission,100000,1,20,LQHtransmission4234,LQHtransmission3450,
LQHtransmission4234_to_LQHtransmission1294_heat,#823740,LQ heat distribution main,transmission,100000,1,20,LQHtransmission1294,LQHtransmission4234,
LQHtransmission1294_to_LQHtransmission4594_heat,#823740,LQ heat distribution main,transmission,100000,1,20,LQHtransmission4594,LQHtransmission1294,
LQHtransmission4594_to_LQHtransmission2655_heat,#823740,LQ heat distribution main,transmission,100000,1,20,LQHtransmission2655,LQHtransmission4594,
LQHtransmission2655_to_LQHtransmission4717_heat,#823740,LQ heat distribution main,transmission,100000,1,20,LQHtransmission4717,LQHtransmission2655,
LQHtransmission4717_to_LQHtransmission3512_heat,#823740,LQ heat distribution main,transmission,100000,1,20,LQHtransmission3512,LQHtransmission4717,
LQHtransmission3512_to_LQHtransmission277_heat,#823740,LQ heat distribution main,transmission,100000,1,20,LQHtransmission277,LQHtransmission3512,
LQHtransmission277_to_LQHtransmission4065_heat,#823740,LQ heat distribution main,transmission,100000,1,20,LQHtransmission4065,LQHtransmission277,
LQHtransmission4065_to_LQHtransmission1332_heat,#823740,LQ heat distribution main,transmission,100000,1,20,LQHtransmission1332,LQHtransmission4065,
LQHtransmission1332_to_LQHtransmission3960_heat,#823740,LQ heat distribution main,transmission,100000,1,20,LQHtransmission3960,LQHtransmission1332,
LQHtransmission3960_to_LQHtransmission2589_heat,#823740,LQ heat distribution main,transmission,100000,1,20,LQHtransmission2589,LQHtransmission3960,
LQHtransmission2589_to_LQHtransmission34_heat,#823740,LQ heat distribution main,transmission,100000,1,20,LQHtransmission34,LQHtransmission2589,
LQHtransmission34_to_LQHtransmission2007_heat,#823740,LQ heat distribution main,transmission,100000,1,20,LQHtransmission2007,LQHtransmission34,
LQHtransmission2007_to_LQHtransmission286_heat,#823740,LQ heat distribution main,transmission,100000,1,20,LQHtransmission286,LQHtransmission2007,
LQHtransmission286_to_LQHtransmission179_heat,#823740,LQ heat distribution main,transmission,100000,1,20,LQHtransmission179,LQHtransmission286,
LQHtransmission179_to_LQHtransmission4338_heat,#823740,LQ heat distribution main,transmission,100000,1,20,LQHtransmission4338,LQHtransmission179,
LQHtransmission4338_to_LQHtransmission3349_heat,#823740,LQ heat distribution main,transmission,100000,1,20,LQHtransmission3349,LQHtransmission4338,
LQHtransmission3349_to_LQHtransmission1357_heat,#823740,LQ heat distribution main,transmission,100000,1,20,LQHtransmission1357,LQHtransmission3349,
LQHtransmission1357_to_LQHtransmission3672_heat,#823740,LQ heat distribution main,transmission,100000,1,20,LQHtransmission3672,LQHtransmission1357,
LQHtransmission3672_to_LQHtransmission3007_heat,#823740,LQ heat distribution main,transmission,100000,1,20,LQHtransmission3007,LQHtransmission3672,
LQHtransmission3007_to_LQHtransmission2819_heat,#823740,LQ heat distribution main,transmission,100000,1,20,LQHtransmission2819,LQHtransmission3007,
LQHtransmission2819_to_LQHtransmission1220_heat,#823740,LQ heat distribution main,transmission,100000,1,20,LQHtransmission1220,LQHtransmission2819,
LQHtransmission1220_to_LQHtransmission1892_heat,#823740,LQ heat distribution main,transmission,100000,1,20,LQHtransmission1892,LQHtransmission1220,
LQHtransmission1892_to_LQHtransmission1542_heat,#823740,LQ heat distribution main,transmission,100000,1,20,LQHtransmission1542,LQHtransmission1892,
LQHtransmission1542_to_LQHtransmission116_heat,#823740,LQ heat distribution main,transmission,100000,1,20,LQHtransmission116,LQHtransmission1542,
LQHtransmission116_to_LQHtransmission3648_heat,#823740,LQ heat distribution main,transmission,100000,1,20,LQHtransmission3648,LQHtransmission116,
LQHtransmission3648_to_LQHtransmission3675_heat,#823740,LQ heat distribution main,transmission,100000,1,20,LQHtransmission3675,LQHtransmission3648,
LQHtransmission3675_to_LQHtransmission4079_heat,#823740,LQ heat distribution main,transmission,100000,1,20,LQHtransmission4079,LQHtransmission3675,
LQHtransmission4079_to_LQHtransmission3749_heat,#823740,LQ heat distribution main,transmission,100000,1,20,LQHtransmission3749,LQHtransmission4079,
LQHtransmission3749_to_LQHtransmission1736_heat,#823740,LQ heat distribution main,transmission,100000,1,20,LQHtransmission1736,LQHtransmission3749,
LQHtransmission1736_to_LQHtransmission3612_heat,#823740,LQ heat distribution main,transmission,100000,1,20,LQHtransmission3612,LQHtransmission1736,
LQHtransmission3612_to_LQHtransmission1387_heat,#823740,LQ heat distribution main,transmission,100000,1,20,LQHtransmission1387,LQHtransmission3612,
LQHtransmission1387_to_LQHtransmission3780_heat,#823740,LQ heat distribution main,transmission,100000,1,20,LQHtransmission3780,LQHtransmission1387,
LQHtransmission3780_to_LQHtransmission2365_heat,#823740,LQ heat distribution main,transmission,100000,1,20,LQHtransmission2365,LQHtransmission3780,
LQHtransmission2365_to_LQHtransmission1224_heat,#823740,LQ heat distribution main,transmission,100000,1,20,LQHtransmission1224,LQHtransmission2365,
LQHtransmission1224_to_LQHtransmission4673_heat,#823740,LQ heat distribution main,transmission,100000,1,20,LQHtransmission4673,LQHtransmission1224,
LQHtransmission4673_to_LQHtransmission581_heat,#823740,LQ heat distribution main,transmission,100000,1,20,LQHtransmission581,LQHtransmission4673,
LQHtransmission581_to_LQHtransmission200_heat,#823740,LQ heat distribution main,transmission,100000,1,20,LQHtransmission200,LQHtransmission581,
LQHtransmission200_to_LQHtransmission3181_heat,#823740,LQ heat distribution main,transmission,100000,1,20,LQHtransmission3181,LQHtransmission200,
LQHtransmission3181_to_LQHtransmission1139_heat,#823740,LQ heat distribution main,transmission,100000,1,20,LQHtransmission1139,LQHtransmission3181,
LQHtransmission1139_to_LQHtransmission2960_heat,#823740,LQ heat distribution main,transmission,100000,1,20,LQHtransmission2960,LQHtransmission1139,
LQHtransmission2960_to_LQHtransmission975_heat,#823740,LQ heat distribution main,transmission,100000,1,20,LQHtransmission975,LQHtransmission2960,
LQHtransmission975_to_LQHtransmission1744_heat,#823740,LQ heat distribution main,transmission,100000,1,20,LQHtransmission1744,LQHtransmission975,
LQHtransmission1744_to_LQHtransmission19_heat,#823740,LQ heat distribution main,transmission,100000,1,20,LQHtransmission19,LQHtransmission1744,
LQHtransmission19_to_LQHtransmission2934_heat,#823740,LQ heat distribution main,transmission,100000,1,20,LQHtransmission2934,LQHtransmission19,
LQHtransmission2726_to_LQHtransmission2097_heat,#823740,LQ heat distribution main,transmission,100000,1,20,LQHtransmission2097,LQHtransmission2726,
LQHtransmission1313_to_LQHtransmission4707_heat,#823740,LQ heat distribution main,transmission,100000,1,20,LQHtransmission4707,LQHtransmission1313,
LQHtransmission4707_to_LQHtransmission3830_heat,#823740,LQ heat distribution main,transmission,100000,1,20,LQHtransmission3830,LQHtransmission4707,
LQHtransmission3830_to_LQHtransmission4703_heat,#823740,LQ heat distribution main,transmission,100000,1,20,LQHtransmission4703,LQHtransmission3830,
LQHtransmission4703_to_LQHtransmission4351_heat,#823740,LQ heat distribution main,transmission,100000,1,20,LQHtransmission4351,LQHtransmission4703,
LQHtransmission4351_to_LQHtransmission613_heat,#823740,LQ heat distribution main,transmission,100000,1,20,LQHtransmission613,LQHtransmission4351,
LQHtransmission613_to_LQHtransmission3086_heat,#823740,LQ heat distribution main,transmission,100000,1,20,LQHtransmission3086,LQHtransmission613,
LQHtransmission3086_to_LQHtransmission1568_heat,#823740,LQ heat distribution main,transmission,100000,1,20,LQHtransmission1568,LQHtransmission3086,
LQHtransmission1568_to_LQHtransmission4220_heat,#823740,LQ heat distribution main,transmission,100000,1,20,LQHtransmission4220,LQHtransmission1568,
LQHtransmission4220_to_LQHtransmission687_heat,#823740,LQ heat distribution main,transmission,100000,1,20,LQHtransmission687,LQHtransmission4220,
LQHtransmission687_to_LQHtransmission14_heat,#823740,LQ heat distribution main,transmission,100000,1,20,LQHtransmission14,LQHtransmission687,
LQHtransmission14_to_LQHtransmission222_heat,#823740,LQ heat distribution main,transmission,100000,1,20,LQHtransmission222,LQHtransmission14,
LQHtransmission222_to_LQHtransmission4479_heat,#823740,LQ heat distribution main,transmission,100000,1,20,LQHtransmission4479,LQHtransmission222,
LQHtransmission4479_to_LQHtransmission4491_heat,#823740,LQ heat distribution main,transmission,100000,1,20,LQHtransmission4491,LQHtransmission4479,
LQHtransmission4491_to_LQHtransmission836_heat,#823740,LQ heat distribution main,transmission,100000,1,20,LQHtransmission836,LQHtransmission4491,
LQHtransmission836_to_LQHtransmission386_heat,#823740,LQ heat distribution main,transmission,100000,1,20,LQHtransmission386,LQHtransmission836,
LQHtransmission386_to_LQHtransmission3089_heat,#823740,LQ heat distribution main,transmission,100000,1,20,LQHtransmission3089,LQHtransmission386,
LQHtransmission3089_to_LQHtransmission4537_heat,#823740,LQ heat distribution main,transmission,100000,1,20,LQHtransmission4537,LQHtransmission3089,
LQHtransmission4537_to_LQHtransmission4550_heat,#823740,LQ heat distribution main,transmission,100000,1,20,LQHtransmission4550,LQHtransmission4537,
LQHtransmission4550_to_LQHtransmission901_heat,#823740,LQ heat distribution main,transmission,100000,1,20,LQHtransmission901,LQHtransmission4550,
LQHtransmission901_to_LQHtransmission1493_heat,#823740,LQ heat distribution main,transmission,100000,1,20,LQHtransmission1493,LQHtransmission901,
LQHtransmission1493_to_LQHtransmission414_heat,#823740,LQ heat distribution main,transmission,100000,1,20,LQHtransmission414,LQHtransmission1493,
LQHtransmission414_to_LQHtransmission93_heat,#823740,LQ heat distribution main,transmission,100000,1,20,LQHtransmission93,LQHtransmission414,
LQHtransmission93_to_LQHtransmission1599_heat,#823740,LQ heat distribution main,transmission,100000,1,20,LQHtransmission1599,LQHtransmission93,
LQHtransmission1599_to_LQHtransmission2643_heat,#823740,LQ heat distribution main,transmission,100000,1,20,LQHtransmission2643,LQHtransmission1599,
LQHtransmission2643_to_LQHtransmission4575_heat,#823740,LQ heat distribution main,transmission,100000,1,20,LQHtransmission4575,LQHtransmission2643,
LQHtransmission4575_to_LQHtransmission3385_heat,#823740,LQ heat distribution main,transmission,100000,1,20,LQHtransmission3385,LQHtransmission4575,
LQHtransmission2342_to_LQHtransmission1129_heat,#823740,LQ heat distribution main,transmission,100000,1,20,LQHtransmission1129,LQHtransmission2342,
LQHtransmission1129_to_LQHtransmission1936_heat,#823740,LQ heat distribution main,transmission,100000,1,20,LQHtransmission1936,LQHtransmission1129,
LQHtransmission1936_to_LQHtransmission1378_heat,#823740,LQ heat distribution main,transmission,100000,1,20,LQHtransmission1378,LQHtransmission1936,
LQHtransmission1378_to_LQHtransmission1118_heat,#823740,LQ heat distribution main,transmission,100000,1,20,LQHtransmission1118,LQHtransmission1378,
LQHtransmission1118_to_LQHtransmission3858_heat,#823740,LQ heat distribution main,transmission,100000,1,20,LQHtransmission3858,LQHtransmission1118,
LQHtransmission3858_to_LQHtransmission891_heat,#823740,LQ heat distribution main,transmission,100000,1,20,LQHtransmission891,LQHtransmission3858,
LQHtransmission891_to_LQHtransmission2375_heat,#823740,LQ heat distribution main,transmission,100000,1,20,LQHtransmission2375,LQHtransmission891,
LQHtransmission2375_to_LQHtransmission4001_heat,#823740,LQ heat distribution main,transmission,100000,1,20,LQHtransmission4001,LQHtransmission2375,
LQHtransmission4001_to_LQHtransmission1657_heat,#823740,LQ heat distribution main,transmission,100000,1,20,LQHtransmission1657,LQHtransmission4001,
LQHtransmission1657_to_LQHtransmission3841_heat,#823740,LQ heat distribution main,transmission,100000,1,20,LQHtransmission3841,LQHtransmission1657,
LQHtransmission3841_to_LQHtransmission825_heat,#823740,LQ heat distribution main,transmission,100000,1,20,LQHtransmission825,LQHtransmission3841,
LQHtransmission825_to_LQHtransmission4595_heat,#823740,LQ heat distribution main,transmission,100000,1,20,LQHtransmission4595,LQHtransmission825,
LQHtransmission4595_to_LQHtransmission1962_heat,#823740,LQ heat distribution main,transmission,100000,1,20,LQHtransmission1962,LQHtransmission4595,
LQHtransmission1962_to_LQHtransmission3609_heat,#823740,LQ heat distribution main,transmission,100000,1,20,LQHtransmission3609,LQHtransmission1962,
LQHtransmission3609_to_LQHtransmission2657_heat,#823740,LQ heat distribution main,transmission,100000,1,20,LQHtransmission2657,LQHtransmission3609,
LQHtransmission2657_to_LQHtransmission2754_heat,#823740,LQ heat distribution main,transmission,100000,1,20,LQHtransmission2754,LQHtransmission2657,
LQHtransmission2754_to_LQHtransmission3291_heat,#823740,LQ heat distribution main,transmission,100000,1,20,LQHtransmission3291,LQHtransmission2754,
LQHtransmission3291_to_LQHtransmission2126_heat,#823740,LQ heat distribution main,transmission,100000,1,20,LQHtransmission2126,LQHtransmission3291,
LQHtransmission2126_to_LQHtransmission1484_heat,#823740,LQ heat distribution main,transmission,100000,1,20,LQHtransmission1484,LQHtransmission2126,
LQHtransmission1484_to_LQHtransmission990_heat,#823740,LQ heat distribution main,transmission,100000,1,20,LQHtransmission990,LQHtransmission1484,
LQHtransmission990_to_LQHtransmission771_heat,#823740,LQ heat distribution main,transmission,100000,1,20,LQHtransmission771,LQHtransmission990,
LQHtransmission771_to_LQHtransmission1973_heat,#823740,LQ heat distribution main,transmission,100000,1,20,LQHtransmission1973,LQHtransmission771,
LQHtransmission1973_to_LQHtransmission783_heat,#823740,LQ heat distribution main,transmission,100000,1,20,LQHtransmission783,LQHtransmission1973,
LQHtransmission783_to_LQHtransmission1305_heat,#823740,LQ heat distribution main,transmission,100000,1,20,LQHtransmission1305,LQHtransmission783,
LQHtransmission1305_to_LQHtransmission1271_heat,#823740,LQ heat distribution main,transmission,100000,1,20,LQHtransmission1271,LQHtransmission1305,
LQHtransmission1900_to_LQHtransmission1088_heat,#823740,LQ heat distribution main,transmission,100000,1,20,LQHtransmission1088,LQHtransmission1900,
LQHtransmission1088_to_LQHtransmission2703_heat,#823740,LQ heat distribution main,transmission,100000,1,20,LQHtransmission2703,LQHtransmission1088,
LQHtransmission2703_to_LQHtransmission4482_heat,#823740,LQ heat distribution main,transmission,100000,1,20,LQHtransmission4482,LQHtransmission2703,
LQHtransmission4482_to_LQHtransmission3743_heat,#823740,LQ heat distribution main,transmission,100000,1,20,LQHtransmission3743,LQHtransmission4482,
LQHtransmission3743_to_LQHtransmission3297_heat,#823740,LQ heat distribution main,transmission,100000,1,20,LQHtransmission3297,LQHtransmission3743,
LQHtransmission3297_to_LQHtransmission4123_heat,#823740,LQ heat distribution main,transmission,100000,1,20,LQHtransmission4123,LQHtransmission3297,
LQHtransmission4123_to_LQHtransmission269_heat,#823740,LQ heat distribution main,transmission,100000,1,20,LQHtransmission269,LQHtransmission4123,
LQHtransmission269_to_LQHtransmission760_heat,#823740,LQ heat distribution main,transmission,100000,1,20,LQHtransmission760,LQHtransmission269,
LQHtransmission2780_to_LQHtransmission4555_heat,#823740,LQ heat distribution main,transmission,100000,1,20,LQHtransmission4555,LQHtransmission2780,
LQHtransmission4555_to_LQHtransmission1190_heat,#823740,LQ heat distribution main,transmission,100000,1,20,LQHtransmission1190,LQHtransmission4555,
LQHtransmission1190_to_LQHtransmission1353_heat,#823740,LQ heat distribution main,transmission,100000,1,20,LQHtransmission1353,LQHtransmission1190,
LQHtransmission1353_to_LQHtransmission3521_heat,#823740,LQ heat distribution main,transmission,100000,1,20,LQHtransmission3521,LQHtransmission1353,
LQHtransmission3521_to_LQHtransmission94_heat,#823740,LQ heat distribution main,transmission,100000,1,20,LQHtransmission94,LQHtransmission3521,
LQHtransmission94_to_LQHtransmission234_heat,#823740,LQ heat distribution main,transmission,100000,1,20,LQHtransmission234,LQHtransmission94,
LQHtransmission234_to_LQHtransmission888_heat,#823740,LQ heat distribution main,transmission,100000,1,20,LQHtransmission888,LQHtransmission234,
LQHtransmission888_to_LQHtransmission4165_heat,#823740,LQ heat distribution main,transmission,100000,1,20,LQHtransmission4165,LQHtransmission888,
LQHtransmission4165_to_LQHtransmission3912_heat,#823740,LQ heat distribution main,transmission,100000,1,20,LQHtransmission3912,LQHtransmission4165,
LQHtransmission3912_to_LQHtransmission3182_heat,#823740,LQ heat distribution main,transmission,100000,1,20,LQHtransmission3182,LQHtransmission3912,
LQHtransmission3182_to_LQHtransmission4107_heat,#823740,LQ heat distribution main,transmission,100000,1,20,LQHtransmission4107,LQHtransmission3182,
LQHtransmission2660_to_LQHtransmission1201_heat,#823740,LQ heat distribution main,transmission,100000,1,20,LQHtransmission1201,LQHtransmission2660,
LQHtransmission3346_to_LQHtransmission4355_heat,#823740,LQ heat distribution main,transmission,100000,1,20,LQHtransmission4355,LQHtransmission3346,
LQHtransmission4355_to_LQHtransmission412_heat,#823740,LQ heat distribution main,transmission,100000,1,20,LQHtransmission412,LQHtransmission4355,
LQHtransmission412_to_LQHtransmission214_heat,#823740,LQ heat distribution main,transmission,100000,1,20,LQHtransmission214,LQHtransmission412,
LQHtransmission214_to_LQHtransmission3100_heat,#823740,LQ heat distribution main,transmission,100000,1,20,LQHtransmission3100,LQHtransmission214,
LQHtransmission3100_to_LQHtransmission2348_heat,#823740,LQ heat distribution main,transmission,100000,1,20,LQHtransmission2348,LQHtransmission3100,
LQHtransmission2348_to_LQHtransmission549_heat,#823740,LQ heat distribution main,transmission,100000,1,20,LQHtransmission549,LQHtransmission2348,
LQHtransmission549_to_LQHtransmission4071_heat,#823740,LQ heat distribution main,transmission,100000,1,20,LQHtransmission4071,LQHtransmission549,
LQHtransmission4700_to_LQHtransmission976_heat,#823740,LQ heat distribution main,transmission,100000,1,20,LQHtransmission976,LQHtransmission4700,
LQHtransmission976_to_LQHtransmission2523_heat,#823740,LQ heat distribution main,transmission,100000,1,20,LQHtransmission2523,LQHtransmission976,
LQHtransmission2523_to_LQHtransmission510_heat,#823740,LQ heat distribution main,transmission,100000,1,20,LQHtransmission510,LQHtransmission2523,
LQHtransmission510_to_LQHtransmission1570_heat,#823740,LQ heat distribution main,transmission,100000,1,20,LQHtransmission1570,LQHtransmission510,
LQHtransmission1570_to_LQHtransmission1205_heat,#823740,LQ heat distribution main,transmission,100000,1,20,LQHtransmission1205,LQHtransmission1570,
LQHtransmission1205_to_LQHtransmission3871_heat,#823740,LQ heat distribution main,transmission,100000,1,20,LQHtransmission3871,LQHtransmission1205,
LQHtransmission3871_to_LQHtransmission168_heat,#823740,LQ heat distribution main,transmission,100000,1,20,LQHtransmission168,LQHtransmission3871,
LQHtransmission168_to_LQHtransmission3305_heat,#823740,LQ heat distribution main,transmission,100000,1,20,LQHtransmission3305,LQHtransmission168,
LQHtransmission3305_to_LQHtransmission3404_heat,#823740,LQ heat distribution main,transmission,100000,1,20,LQHtransmission3404,LQHtransmission3305,
LQHtransmission3404_to_LQHtransmission2253_heat,#823740,LQ heat distribution main,transmission,100000,1,20,LQHtransmission2253,LQHtransmission3404,
LQHtransmission2253_to_LQHtransmission493_heat,#823740,LQ heat distribution main,transmission,100000,1,20,LQHtransmission493,LQHtransmission2253,
LQHtransmission493_to_LQHtransmission2988_heat,#823740,LQ heat distribution main,transmission,100000,1,20,LQHtransmission2988,LQHtransmission493,
LQHtransmission2988_to_LQHtransmission3732_heat,#823740,LQ heat distribution main,transmission,100000,1,20,LQHtransmission3732,LQHtransmission2988,
LQHtransmission3732_to_LQHtransmission3088_heat,#823740,LQ heat distribution main,transmission,100000,1,20,LQHtransmission3088,LQHtransmission3732,
LQHtransmission3088_to_LQHtransmission1356_heat,#823740,LQ heat distribution main,transmission,100000,1,20,LQHtransmission1356,LQHtransmission3088,
LQHtransmission1356_to_LQHtransmission161_heat,#823740,LQ heat distribution main,transmission,100000,1,20,LQHtransmission161,LQHtransmission1356,
LQHtransmission161_to_LQHtransmission3151_heat,#823740,LQ heat distribution main,transmission,100000,1,20,LQHtransmission3151,LQHtransmission161,
LQHtransmission3151_to_LQHtransmission812_heat,#823740,LQ heat distribution main,transmission,100000,1,20,LQHtransmission812,LQHtransmission3151,
LQHtransmission812_to_LQHtransmission3781_heat,#823740,LQ heat distribution main,transmission,100000,1,20,LQHtransmission3781,LQHtransmission812,
LQHtransmission3781_to_LQHtransmission1154_heat,#823740,LQ heat distribution main,transmission,100000,1,20,LQHtransmission1154,LQHtransmission3781,
LQHtransmission1154_to_LQHtransmission4080_heat,#823740,LQ heat distribution main,transmission,100000,1,20,LQHtransmission4080,LQHtransmission1154,
LQHtransmission4080_to_LQHtransmission1026_heat,#823740,LQ heat distribution main,transmission,100000,1,20,LQHtransmission1026,LQHtransmission4080,
LQHtransmission1026_to_LQHtransmission593_heat,#823740,LQ heat distribution main,transmission,100000,1,20,LQHtransmission593,LQHtransmission1026,
LQHtransmission1340_to_LQHtransmission294_heat,#823740,LQ heat distribution main,transmission,100000,1,20,LQHtransmission294,LQHtransmission1340,
LQHtransmission294_to_LQHtransmission1500_heat,#823740,LQ heat distribution main,transmission,100000,1,20,LQHtransmission1500,LQHtransmission294,
LQHtransmission1500_to_LQHtransmission4514_heat,#823740,LQ heat distribution main,transmission,100000,1,20,LQHtransmission4514,LQHtransmission1500,
LQHtransmission4514_to_LQHtransmission2974_heat,#823740,LQ heat distribution main,transmission,100000,1,20,LQHtransmission2974,LQHtransmission4514,
LQHtransmission854_to_LQHtransmission730_heat,#823740,LQ heat distribution main,transmission,100000,1,20,LQHtransmission730,LQHtransmission854,
LQHtransmission730_to_LQHtransmission4439_heat,#823740,LQ heat distribution main,transmission,100000,1,20,LQHtransmission4439,LQHtransmission730,
LQHtransmission4439_to_LQHtransmission2383_heat,#823740,LQ heat distribution main,transmission,100000,1,20,LQHtransmission2383,LQHtransmission4439,
LQHtransmission2383_to_LQHtransmission3208_heat,#823740,LQ heat distribution main,transmission,100000,1,20,LQHtransmission3208,LQHtransmission2383,
LQHtransmission1788_to_LQHtransmission4145_heat,#823740,LQ heat distribution main,transmission,100000,1,20,LQHtransmission4145,LQHtransmission1788,
LQHtransmission3915_to_LQHtransmission3547_heat,#823740,LQ heat distribution main,transmission,100000,1,20,LQHtransmission3547,LQHtransmission3915,
LQHtransmission3547_to_LQHtransmission449_heat,#823740,LQ heat distribution main,transmission,100000,1,20,LQHtransmission449,LQHtransmission3547,
LQHtransmission449_to_LQHtransmission4731_heat,#823740,LQ heat distribution main,transmission,100000,1,20,LQHtransmission4731,LQHtransmission449,
LQHtransmission4731_to_LQHtransmission1438_heat,#823740,LQ heat distribution main,transmission,100000,1,20,LQHtransmission1438,LQHtransmission4731,
LQHtransmission1438_to_LQHtransmission896_heat,#823740,LQ heat distribution main,transmission,100000,1,20,LQHtransmission896,LQHtransmission1438,
LQHtransmission896_to_LQHtransmission1813_heat,#823740,LQ heat distribution main,transmission,100000,1,20,LQHtransmission1813,LQHtransmission896,
LQHtransmission3899_to_LQHtransmission1750_heat,#823740,LQ heat distribution main,transmission,100000,1,20,LQHtransmission1750,LQHtransmission3899,
LQHtransmission1750_to_LQHtransmission3367_heat,#823740,LQ heat distribution main,transmission,100000,1,20,LQHtransmission3367,LQHtransmission1750,
LQHtransmission3367_to_LQHtransmission3286_heat,#823740,LQ heat distribution main,transmission,100000,1,20,LQHtransmission3286,LQHtransmission3367,
LQHtransmission3286_to_LQHtransmission3176_heat,#823740,LQ heat distribution main,transmission,100000,1,20,LQHtransmission3176,LQHtransmission3286,
LQHtransmission2098_to_LQHtransmission3796_heat,#823740,LQ heat distribution main,transmission,100000,1,20,LQHtransmission3796,LQHtransmission2098,
LQHtransmission3796_to_LQHtransmission599_heat,#823740,LQ heat distribution main,transmission,100000,1,20,LQHtransmission599,LQHtransmission3796,
LQHtransmission599_to_LQHtransmission4122_heat,#823740,LQ heat distribution main,transmission,100000,1,20,LQHtransmission4122,LQHtransmission599,
LQHtransmission4122_to_LQHtransmission2573_heat,#823740,LQ heat distribution main,transmission,100000,1,20,LQHtransmission2573,LQHtransmission4122,
LQHtransmission2573_to_LQHtransmission4051_heat,#823740,LQ heat distribution main,transmission,100000,1,20,LQHtransmission4051,LQHtransmission2573,
LQHtransmission4051_to_LQHtransmission3458_heat,#823740,LQ heat distribution main,transmission,100000,1,20,LQHtransmission3458,LQHtransmission4051,
LQHtransmission3458_to_LQHtransmission1366_heat,#823740,LQ heat distribution main,transmission,100000,1,20,LQHtransmission1366,LQHtransmission3458,
LQHtransmission1366_to_LQHtransmission1925_heat,#823740,LQ heat distribution main,transmission,100000,1,20,LQHtransmission1925,LQHtransmission1366,
LQHtransmission1925_to_LQHtransmission765_heat,#823740,LQ heat distribution main,transmission,100000,1,20,LQHtransmission765,LQHtransmission1925,
LQHtransmission765_to_LQHtransmission4473_heat,#823740,LQ heat distribution main,transmission,100000,1,20,LQHtransmission4473,LQHtransmission765,
LQHtransmission4473_to_LQHtransmission481_heat,#823740,LQ heat distribution main,transmission,100000,1,20,LQHtransmission481,LQHtransmission4473,
LQHtransmission481_to_LQHtransmission1672_heat,#823740,LQ heat distribution main,transmission,100000,1,20,LQHtransmission1672,LQHtransmission481,
LQHtransmission1672_to_LQHtransmission1941_heat,#823740,LQ heat distribution main,transmission,100000,1,20,LQHtransmission1941,LQHtransmission1672,
LQHtransmission1941_to_LQHtransmission4181_heat,#823740,LQ heat distribution main,transmission,100000,1,20,LQHtransmission4181,LQHtransmission1941,
LQHtransmission4181_to_LQHtransmission2820_heat,#823740,LQ heat distribution main,transmission,100000,1,20,LQHtransmission2820,LQHtransmission4181,
LQHtransmission88_to_LQHtransmission1483_heat,#823740,LQ heat distribution main,transmission,100000,1,20,LQHtransmission1483,LQHtransmission88,
LQHtransmission1483_to_LQHtransmission573_heat,#823740,LQ heat distribution main,transmission,100000,1,20,LQHtransmission573,LQHtransmission1483,
LQHtransmission573_to_LQHtransmission117_heat,#823740,LQ heat distribution main,transmission,100000,1,20,LQHtransmission117,LQHtransmission573,
LQHtransmission117_to_LQHtransmission3550_heat,#823740,LQ heat distribution main,transmission,100000,1,20,LQHtransmission3550,LQHtransmission117,
LQHtransmission3550_to_LQHtransmission1601_heat,#823740,LQ heat distribution main,transmission,100000,1,20,LQHtransmission1601,LQHtransmission3550,
LQHtransmission1601_to_LQHtransmission4671_heat,#823740,LQ heat distribution main,transmission,100000,1,20,LQHtransmission4671,LQHtransmission1601,
LQHtransmission4671_to_LQHtransmission1144_heat,#823740,LQ heat distribution main,transmission,100000,1,20,LQHtransmission1144,LQHtransmission4671,
LQHtransmission1144_to_LQHtransmission1771_heat,#823740,LQ heat distribution main,transmission,100000,1,20,LQHtransmission1771,LQHtransmission1144,
LQHtransmission1771_to_LQHtransmission2061_heat,#823740,LQ heat distribution main,transmission,100000,1,20,LQHtransmission2061,LQHtransmission1771,
LQHtransmission2061_to_LQHtransmission212_heat,#823740,LQ heat distribution main,transmission,100000,1,20,LQHtransmission212,LQHtransmission2061,
LQHtransmission212_to_LQHtransmission2238_heat,#823740,LQ heat distribution main,transmission,100000,1,20,LQHtransmission2238,LQHtransmission212,
LQHtransmission2002_to_LQHtransmission4448_heat,#823740,LQ heat distribution main,transmission,100000,1,20,LQHtransmission4448,LQHtransmission2002,
LQHtransmission4448_to_LQHtransmission2407_heat,#823740,LQ heat distribution main,transmission,100000,1,20,LQHtransmission2407,LQHtransmission4448,
LQHtransmission2407_to_LQHtransmission3314_heat,#823740,LQ heat distribution main,transmission,100000,1,20,LQHtransmission3314,LQHtransmission2407,
LQHtransmission3314_to_LQHtransmission2464_heat,#823740,LQ heat distribution main,transmission,100000,1,20,LQHtransmission2464,LQHtransmission3314,
LQHtransmission2464_to_LQHtransmission644_heat,#823740,LQ heat distribution main,transmission,100000,1,20,LQHtransmission644,LQHtransmission2464,
LQHtransmission644_to_LQHtransmission3125_heat,#823740,LQ heat distribution main,transmission,100000,1,20,LQHtransmission3125,LQHtransmission644,
LQHtransmission3125_to_LQHtransmission1042_heat,#823740,LQ heat distribution main,transmission,100000,1,20,LQHtransmission1042,LQHtransmission3125,
LQHtransmission1042_to_LQHtransmission3770_heat,#823740,LQ heat distribution main,transmission,100000,1,20,LQHtransmission3770,LQHtransmission1042,
LQHtransmission3770_to_LQHtransmission2685_heat,#823740,LQ heat distribution main,transmission,100000,1,20,LQHtransmission2685,LQHtransmission3770,
LQHtransmission2685_to_LQHtransmission2165_heat,#823740,LQ heat distribution main,transmission,100000,1,20,LQHtransmission2165,LQHtransmission2685,
LQHtransmission2165_to_LQHtransmission1056_heat,#823740,LQ heat distribution main,transmission,100000,1,20,LQHtransmission1056,LQHtransmission2165,
LQHtransmission1056_to_LQHtransmission1499_heat,#823740,LQ heat distribution main,transmission,100000,1,20,LQHtransmission1499,LQHtransmission1056,
LQHtransmission1499_to_LQHtransmission804_heat,#823740,LQ heat distribution main,transmission,100000,1,20,LQHtransmission804,LQHtransmission1499,
LQHtransmission804_to_LQHtransmission4002_heat,#823740,LQ heat distribution main,transmission,100000,1,20,LQHtransmission4002,LQHtransmission804,
LQHtransmission4002_to_LQHtransmission2254_heat,#823740,LQ heat distribution main,transmission,100000,1,20,LQHtransmission2254,LQHtransmission4002,
LQHtransmission2254_to_LQHtransmission1654_heat,#823740,LQ heat distribution main,transmission,100000,1,20,LQHtransmission1654,LQHtransmission2254,
LQHtransmission1654_to_LQHtransmission4459_heat,#823740,LQ heat distribution main,transmission,100000,1,20,LQHtransmission4459,LQHtransmission1654,
LQHtransmission4459_to_LQHtransmission1470_heat,#823740,LQ heat distribution main,transmission,100000,1,20,LQHtransmission1470,LQHtransmission4459,
LQHtransmission1470_to_LQHtransmission1799_heat,#823740,LQ heat distribution main,transmission,100000,1,20,LQHtransmission1799,LQHtransmission1470,
LQHtransmission1799_to_LQHtransmission2278_heat,#823740,LQ heat distribution main,transmission,100000,1,20,LQHtransmission2278,LQHtransmission1799,
LQHtransmission2278_to_LQHtransmission3446_heat,#823740,LQ heat distribution main,transmission,100000,1,20,LQHtransmission3446,LQHtransmission2278,
LQHtransmission3446_to_LQHtransmission1663_heat,#823740,LQ heat distribution main,transmission,100000,1,20,LQHtransmission1663,LQHtransmission3446,
LQHtransmission1663_to_LQHtransmission3276_heat,#823740,LQ heat distribution main,transmission,100000,1,20,LQHtransmission3276,LQHtransmission1663,
LQHtransmission3276_to_LQHtransmission3582_heat,#823740,LQ heat distribution main,transmission,100000,1,20,LQHtransmission3582,LQHtransmission3276,
LQHtransmission3582_to_LQHtransmission1777_heat,#823740,LQ heat distribution main,transmission,100000,1,20,LQHtransmission1777,LQHtransmission3582,
LQHtransmission1777_to_LQHtransmission1259_heat,#823740,LQ heat distribution main,transmission,100000,1,20,LQHtransmission1259,LQHtransmission1777,
LQHtransmission1259_to_LQHtransmission2865_heat,#823740,LQ heat distribution main,transmission,100000,1,20,LQHtransmission2865,LQHtransmission1259,
LQHtransmission2865_to_LQHtransmission103_heat,#823740,LQ heat distribution main,transmission,100000,1,20,LQHtransmission103,LQHtransmission2865,
LQHtransmission103_to_LQHtransmission950_heat,#823740,LQ heat distribution main,transmission,100000,1,20,LQHtransmission950,LQHtransmission103,
LQHtransmission950_to_LQHtransmission2913_heat,#823740,LQ heat distribution main,transmission,100000,1,20,LQHtransmission2913,LQHtransmission950,
LQHtransmission2913_to_LQHtransmission1203_heat,#823740,LQ heat distribution main,transmission,100000,1,20,LQHtransmission1203,LQHtransmission2913,
LQHtransmission1203_to_LQHtransmission4708_heat,#823740,LQ heat distribution main,transmission,100000,1,20,LQHtransmission4708,LQHtransmission1203,
LQHtransmission4708_to_LQHtransmission1298_heat,#823740,LQ heat distribution main,transmission,100000,1,20,LQHtransmission1298,LQHtransmission4708,
LQHtransmission1298_to_LQHtransmission3082_heat,#823740,LQ heat distribution main,transmission,100000,1,20,LQHtransmission3082,LQHtransmission1298,
LQHtransmission3082_to_LQHtransmission2256_heat,#823740,LQ heat distribution main,transmission,100000,1,20,LQHtransmission2256,LQHtransmission3082,
LQHtransmission2256_to_LQHtransmission3942_heat,#823740,LQ heat distribution main,transmission,100000,1,20,LQHtransmission3942,LQHtransmission2256,
LQHtransmission3942_to_LQHtransmission3252_heat,#823740,LQ heat distribution main,transmission,100000,1,20,LQHtransmission3252,LQHtransmission3942,
LQHtransmission3252_to_LQHtransmission3854_heat,#823740,LQ heat distribution main,transmission,100000,1,20,LQHtransmission3854,LQHtransmission3252,
LQHtransmission2423_to_LQHtransmission3771_heat,#823740,LQ heat distribution main,transmission,100000,1,20,LQHtransmission3771,LQHtransmission2423,
LQHtransmission3771_to_LQHtransmission4057_heat,#823740,LQ heat distribution main,transmission,100000,1,20,LQHtransmission4057,LQHtransmission3771,
LQHtransmission4057_to_LQHtransmission2124_heat,#823740,LQ heat distribution main,transmission,100000,1,20,LQHtransmission2124,LQHtransmission4057,
LQHtransmission2124_to_LQHtransmission2721_heat,#823740,LQ heat distribution main,transmission,100000,1,20,LQHtransmission2721,LQHtransmission2124,
LQHtransmission2721_to_LQHtransmission1932_heat,#823740,LQ heat distribution main,transmission,100000,1,20,LQHtransmission1932,LQHtransmission2721,
LQHtransmission1932_to_LQHtransmission2334_heat,#823740,LQ heat distribution main,transmission,100000,1,20,LQHtransmission2334,LQHtransmission1932,
LQHtransmission2334_to_LQHtransmission3527_heat,#823740,LQ heat distribution main,transmission,100000,1,20,LQHtransmission3527,LQHtransmission2334,
LQHtransmission3527_to_LQHtransmission2661_heat,#823740,LQ heat distribution main,transmission,100000,1,20,LQHtransmission2661,LQHtransmission3527,
LQHtransmission2661_to_LQHtransmission1240_heat,#823740,LQ heat distribution main,transmission,100000,1,20,LQHtransmission1240,LQHtransmission2661,
LQHtransmission1240_to_LQHtransmission1152_heat,#823740,LQ heat distribution main,transmission,100000,1,20,LQHtransmission1152,LQHtransmission1240,
LQHtransmission1152_to_LQHtransmission3409_heat,#823740,LQ heat distribution main,transmission,100000,1,20,LQHtransmission3409,LQHtransmission1152,
LQHtransmission3409_to_LQHtransmission3750_heat,#823740,LQ heat distribution main,transmission,100000,1,20,LQHtransmission3750,LQHtransmission3409,
LQHtransmission3750_to_LQHtransmission2315_heat,#823740,LQ heat distribution main,transmission,100000,1,20,LQHtransmission2315,LQHtransmission3750,
LQHtransmission2315_to_LQHtransmission993_heat,#823740,LQ heat distribution main,transmission,100000,1,20,LQHtransmission993,LQHtransmission2315,
LQHtransmission993_to_LQHtransmission3714_heat,#823740,LQ heat distribution main,transmission,100000,1,20,LQHtransmission3714,LQHtransmission993,
LQHtransmission3714_to_LQHtransmission1727_heat,#823740,LQ heat distribution main,transmission,100000,1,20,LQHtransmission1727,LQHtransmission3714,
LQHtransmission1727_to_LQHtransmission1317_heat,#823740,LQ heat distribution main,transmission,100000,1,20,LQHtransmission1317,LQHtransmission1727,
LQHtransmission1317_to_LQHtransmission2104_heat,#823740,LQ heat distribution main,transmission,100000,1,20,LQHtransmission2104,LQHtransmission1317,
LQHtransmission2104_to_LQHtransmission134_heat,#823740,LQ heat distribution main,transmission,100000,1,20,LQHtransmission134,LQHtransmission2104,
LQHtransmission134_to_LQHtransmission2826_heat,#823740,LQ heat distribution main,transmission,100000,1,20,LQHtransmission2826,LQHtransmission134,
LQHtransmission2826_to_LQHtransmission996_heat,#823740,LQ heat distribution main,transmission,100000,1,20,LQHtransmission996,LQHtransmission2826,
LQHtransmission996_to_LQHtransmission4235_heat,#823740,LQ heat distribution main,transmission,100000,1,20,LQHtransmission4235,LQHtransmission996,
LQHtransmission4235_to_LQHtransmission527_heat,#823740,LQ heat distribution main,transmission,100000,1,20,LQHtransmission527,LQHtransmission4235,
LQHtransmission527_to_LQHtransmission448_heat,#823740,LQ heat distribution main,transmission,100000,1,20,LQHtransmission448,LQHtransmission527,
LQHtransmission448_to_LQHtransmission887_heat,#823740,LQ heat distribution main,transmission,100000,1,20,LQHtransmission887,LQHtransmission448,
LQHtransmission887_to_LQHtransmission1687_heat,#823740,LQ heat distribution main,transmission,100000,1,20,LQHtransmission1687,LQHtransmission887,
LQHtransmission1687_to_LQHtransmission253_heat,#823740,LQ heat distribution main,transmission,100000,1,20,LQHtransmission253,LQHtransmission1687,
LQHtransmission253_to_LQHtransmission1796_heat,#823740,LQ heat distribution main,transmission,100000,1,20,LQHtransmission1796,LQHtransmission253,
LQHtransmission1796_to_LQHtransmission2543_heat,#823740,LQ heat distribution main,transmission,100000,1,20,LQHtransmission2543,LQHtransmission1796,
LQHtransmission2543_to_LQHtransmission1123_heat,#823740,LQ heat distribution main,transmission,100000,1,20,LQHtransmission1123,LQHtransmission2543,
LQHtransmission1123_to_LQHtransmission66_heat,#823740,LQ heat distribution main,transmission,100000,1,20,LQHtransmission66,LQHtransmission1123,
LQHtransmission66_to_LQHtransmission1419_heat,#823740,LQ heat distribution main,transmission,100000,1,20,LQHtransmission1419,LQHtransmission66,
LQHtransmission1419_to_LQHtransmission4654_heat,#823740,LQ heat distribution main,transmission,100000,1,20,LQHtransmission4654,LQHtransmission1419,
LQHtransmission4654_to_LQHtransmission759_heat,#823740,LQ heat distribution main,transmission,100000,1,20,LQHtransmission759,LQHtransmission4654,
LQHtransmission759_to_LQHtransmission1130_heat,#823740,LQ heat distribution main,transmission,100000,1,20,LQHtransmission1130,LQHtransmission759,
LQHtransmission1130_to_LQHtransmission3545_heat,#823740,LQ heat distribution main,transmission,100000,1,20,LQHtransmission3545,LQHtransmission1130,
LQHtransmission3545_to_LQHtransmission1676_heat,#823740,LQ heat distribution main,transmission,100000,1,20,LQHtransmission1676,LQHtransmission3545,
LQHtransmission1676_to_LQHtransmission2480_heat,#823740,LQ heat distribution main,transmission,100000,1,20,LQHtransmission2480,LQHtransmission1676,
LQHtransmission2480_to_LQHtransmission112_heat,#823740,LQ heat distribution main,transmission,100000,1,20,LQHtransmission112,LQHtransmission2480,
LQHtransmission112_to_LQHtransmission2967_heat,#823740,LQ heat distribution main,transmission,100000,1,20,LQHtransmission2967,LQHtransmission112,
LQHtransmission2967_to_LQHtransmission3827_heat,#823740,LQ heat distribution main,transmission,100000,1,20,LQHtransmission3827,LQHtransmission2967,
LQHtransmission3827_to_LQHtransmission4086_heat,#823740,LQ heat distribution main,transmission,100000,1,20,LQHtransmission4086,LQHtransmission3827,
LQHtransmission4086_to_LQHtransmission1297_heat,#823740,LQ heat distribution main,transmission,100000,1,20,LQHtransmission1297,LQHtransmission4086,
LQHtransmission1297_to_LQHtransmission2106_heat,#823740,LQ heat distribution main,transmission,100000,1,20,LQHtransmission2106,LQHtransmission1297,
LQHtransmission2106_to_LQHtransmission2908_heat,#823740,LQ heat distribution main,transmission,100000,1,20,LQHtransmission2908,LQHtransmission2106,
LQHtransmission2908_to_LQHtransmission2578_heat,#823740,LQ heat distribution main,transmission,100000,1,20,LQHtransmission2578,LQHtransmission2908,
LQHtransmission2578_to_LQHtransmission3597_heat,#823740,LQ heat distribution main,transmission,100000,1,20,LQHtransmission3597,LQHtransmission2578,
LQHtransmission3597_to_LQHtransmission1995_heat,#823740,LQ heat distribution main,transmission,100000,1,20,LQHtransmission1995,LQHtransmission3597,
LQHtransmission1995_to_LQHtransmission3670_heat,#823740,LQ heat distribution main,transmission,100000,1,20,LQHtransmission3670,LQHtransmission1995,
LQHtransmission3670_to_LQHtransmission1844_heat,#823740,LQ heat distribution main,transmission,100000,1,20,LQHtransmission1844,LQHtransmission3670,
LQHtransmission1844_to_LQHtransmission4188_heat,#823740,LQ heat distribution main,transmission,100000,1,20,LQHtransmission4188,LQHtransmission1844,
LQHtransmission4188_to_LQHtransmission3459_heat,#823740,LQ heat distribution main,transmission,100000,1,20,LQHtransmission3459,LQHtransmission4188,
LQHtransmission3459_to_LQHtransmission2136_heat,#823740,LQ heat distribution main,transmission,100000,1,20,LQHtransmission2136,LQHtransmission3459,
LQHtransmission2136_to_LQHtransmission4519_heat,#823740,LQ heat distribution main,transmission,100000,1,20,LQHtransmission4519,LQHtransmission2136,
LQHtransmission4519_to_LQHtransmission4467_heat,#823740,LQ heat distribution main,transmission,100000,1,20,LQHtransmission4467,LQHtransmission4519,
LQHtransmission4467_to_LQHtransmission2405_heat,#823740,LQ heat distribution main,transmission,100000,1,20,LQHtransmission2405,LQHtransmission4467,
LQHtransmission2405_to_LQHtransmission3156_heat,#823740,LQ heat distribution main,transmission,100000,1,20,LQHtransmission3156,LQHtransmission2405,
LQHtransmission3156_to_LQHtransmission830_heat,#823740,LQ heat distribution main,transmission,100000,1,20,LQHtransmission830,LQHtransmission3156,
LQHtransmission830_to_LQHtransmission63_heat,#823740,LQ heat distribution main,transmission,100000,1,20,LQHtransmission63,LQHtransmission830,
LQHtransmission63_to_LQHtransmission2219_heat,#823740,LQ heat distribution main,transmission,100000,1,20,LQHtransmission2219,LQHtransmission63,
LQHtransmission3442_to_LQHtransmission2617_heat,#823740,LQ heat distribution main,transmission,100000,1,20,LQHtransmission2617,LQHtransmission3442,
LQHtransmission2617_to_LQHtransmission4007_heat,#823740,LQ heat distribution main,transmission,100000,1,20,LQHtransmission4007,LQHtransmission2617,
LQHtransmission4007_to_LQHtransmission3919_heat,#823740,LQ heat distribution main,transmission,100000,1,20,LQHtransmission3919,LQHtransmission4007,
LQHtransmission3919_to_LQHtransmission1977_heat,#823740,LQ heat distribution main,transmission,100000,1,20,LQHtransmission1977,LQHtransmission3919,
LQHtransmission1977_to_LQHtransmission1592_heat,#823740,LQ heat distribution main,transmission,100000,1,20,LQHtransmission1592,LQHtransmission1977,
LQHtransmission1592_to_LQHtransmission1974_heat,#823740,LQ heat distribution main,transmission,100000,1,20,LQHtransmission1974,LQHtransmission1592,
LQHtransmission1974_to_LQHtransmission850_heat,#823740,LQ heat distribution main,transmission,100000,1,20,LQHtransmission850,LQHtransmission1974,
LQHtransmission850_to_LQHtransmission2020_heat,#823740,LQ heat distribution main,transmission,100000,1,20,LQHtransmission2020,LQHtransmission850,
LQHtransmission2020_to_LQHtransmission2354_heat,#823740,LQ heat distribution main,transmission,100000,1,20,LQHtransmission2354,LQHtransmission2020,
LQHtransmission2354_to_LQHtransmission522_heat,#823740,LQ heat distribution main,transmission,100000,1,20,LQHtransmission522,LQHtransmission2354,
LQHtransmission522_to_LQHtransmission1996_heat,#823740,LQ heat distribution main,transmission,100000,1,20,LQHtransmission1996,LQHtransmission522,
LQHtransmission1996_to_LQHtransmission1169_heat,#823740,LQ heat distribution main,transmission,100000,1,20,LQHtransmission1169,LQHtransmission1996,
LQHtransmission1169_to_LQHtransmission3126_heat,#823740,LQ heat distribution main,transmission,100000,1,20,LQHtransmission3126,LQHtransmission1169,
LQHtransmission3126_to_LQHtransmission2040_heat,#823740,LQ heat distribution main,transmission,100000,1,20,LQHtransmission2040,LQHtransmission3126,
LQHtransmission2040_to_LQHtransmission978_heat,#823740,LQ heat distribution main,transmission,100000,1,20,LQHtransmission978,LQHtransmission2040,
LQHtransmission978_to_LQHtransmission1706_heat,#823740,LQ heat distribution main,transmission,100000,1,20,LQHtransmission1706,LQHtransmission978,
LQHtransmission1706_to_LQHtransmission483_heat,#823740,LQ heat distribution main,transmission,100000,1,20,LQHtransmission483,LQHtransmission1706,
LQHtransmission483_to_LQHtransmission4545_heat,#823740,LQ heat distribution main,transmission,100000,1,20,LQHtransmission4545,LQHtransmission483,
LQHtransmission4545_to_LQHtransmission1195_heat,#823740,LQ heat distribution main,transmission,100000,1,20,LQHtransmission1195,LQHtransmission4545,
LQHtransmission1195_to_LQHtransmission4081_heat,#823740,LQ heat distribution main,transmission,100000,1,20,LQHtransmission4081,LQHtransmission1195,
LQHtransmission4081_to_LQHtransmission3610_heat,#823740,LQ heat distribution main,transmission,100000,1,20,LQHtransmission3610,LQHtransmission4081,
LQHtransmission3610_to_LQHtransmission3467_heat,#823740,LQ heat distribution main,transmission,100000,1,20,LQHtransmission3467,LQHtransmission3610,
LQHtransmission3467_to_LQHtransmission220_heat,#823740,LQ heat distribution main,transmission,100000,1,20,LQHtransmission220,LQHtransmission3467,
LQHtransmission220_to_LQHtransmission4483_heat,#823740,LQ heat distribution main,transmission,100000,1,20,LQHtransmission4483,LQHtransmission220,
LQHtransmission4483_to_LQHtransmission4686_heat,#823740,LQ heat distribution main,transmission,100000,1,20,LQHtransmission4686,LQHtransmission4483,
LQHtransmission4686_to_LQHtransmission3959_heat,#823740,LQ heat distribution main,transmission,100000,1,20,LQHtransmission3959,LQHtransmission4686,
LQHtransmission3959_to_LQHtransmission3076_heat,#823740,LQ heat distribution main,transmission,100000,1,20,LQHtransmission3076,LQHtransmission3959,
LQHtransmission3076_to_LQHtransmission2091_heat,#823740,LQ heat distribution main,transmission,100000,1,20,LQHtransmission2091,LQHtransmission3076,
LQHtransmission2091_to_LQHtransmission3836_heat,#823740,LQ heat distribution main,transmission,100000,1,20,LQHtransmission3836,LQHtransmission2091,
LQHtransmission3836_to_LQHtransmission1701_heat,#823740,LQ heat distribution main,transmission,100000,1,20,LQHtransmission1701,LQHtransmission3836,
LQHtransmission1701_to_LQHtransmission3843_heat,#823740,LQ heat distribution main,transmission,100000,1,20,LQHtransmission3843,LQHtransmission1701,
LQHtransmission3843_to_LQHtransmission3992_heat,#823740,LQ heat distribution main,transmission,100000,1,20,LQHtransmission3992,LQHtransmission3843,
LQHtransmission3992_to_LQHtransmission688_heat,#823740,LQ heat distribution main,transmission,100000,1,20,LQHtransmission688,LQHtransmission3992,
LQHtransmission688_to_LQHtransmission3846_heat,#823740,LQ heat distribution main,transmission,100000,1,20,LQHtransmission3846,LQHtransmission688,
LQHtransmission3846_to_LQHtransmission2833_heat,#823740,LQ heat distribution main,transmission,100000,1,20,LQHtransmission2833,LQHtransmission3846,
LQHtransmission2833_to_LQHtransmission2965_heat,#823740,LQ heat distribution main,transmission,100000,1,20,LQHtransmission2965,LQHtransmission2833,
LQHtransmission2965_to_LQHtransmission78_heat,#823740,LQ heat distribution main,transmission,100000,1,20,LQHtransmission78,LQHtransmission2965,
LQHtransmission78_to_LQHtransmission1608_heat,#823740,LQ heat distribution main,transmission,100000,1,20,LQHtransmission1608,LQHtransmission78,
LQHtransmission1608_to_LQHtransmission1719_heat,#823740,LQ heat distribution main,transmission,100000,1,20,LQHtransmission1719,LQHtransmission1608,
LQHtransmission1719_to_LQHtransmission4056_heat,#823740,LQ heat distribution main,transmission,100000,1,20,LQHtransmission4056,LQHtransmission1719,
LQHtransmission4056_to_LQHtransmission2567_heat,#823740,LQ heat distribution main,transmission,100000,1,20,LQHtransmission2567,LQHtransmission4056,
LQHtransmission2567_to_LQHtransmission773_heat,#823740,LQ heat distribution main,transmission,100000,1,20,LQHtransmission773,LQHtransmission2567,
LQHtransmission773_to_LQHtransmission1916_heat,#823740,LQ heat distribution main,transmission,100000,1,20,LQHtransmission1916,LQHtransmission773,
LQHtransmission1916_to_LQHtransmission2613_heat,#823740,LQ heat distribution main,transmission,100000,1,20,LQHtransmission2613,LQHtransmission1916,
LQHtransmission2613_to_LQHtransmission2030_heat,#823740,LQ heat distribution main,transmission,100000,1,20,LQHtransmission2030,LQHtransmission2613,
LQHtransmission2030_to_LQHtransmission1003_heat,#823740,LQ heat distribution main,transmission,100000,1,20,LQHtransmission1003,LQHtransmission2030,
LQHtransmission1003_to_LQHtransmission2323_heat,#823740,LQ heat distribution main,transmission,100000,1,20,LQHtransmission2323,LQHtransmission1003,
LQHtransmission2323_to_LQHtransmission556_heat,#823740,LQ heat distribution main,transmission,100000,1,20,LQHtransmission556,LQHtransmission2323,
LQHtransmission556_to_LQHtransmission4418_heat,#823740,LQ heat distribution main,transmission,100000,1,20,LQHtransmission4418,LQHtransmission556,
LQHtransmission4418_to_LQHtransmission4558_heat,#823740,LQ heat distribution main,transmission,100000,1,20,LQHtransmission4558,LQHtransmission4418,
LQHtransmission4558_to_LQHtransmission1226_heat,#823740,LQ heat distribution main,transmission,100000,1,20,LQHtransmission1226,LQHtransmission4558,
LQHtransmission1226_to_LQHtransmission1249_heat,#823740,LQ heat distribution main,transmission,100000,1,20,LQHtransmission1249,LQHtransmission1226,
LQHtransmission1249_to_LQHtransmission4701_heat,#823740,LQ heat distribution main,transmission,100000,1,20,LQHtransmission4701,LQHtransmission1249,
LQHtransmission4701_to_LQHtransmission1633_heat,#823740,LQ heat distribution main,transmission,100000,1,20,LQHtransmission1633,LQHtransmission4701,
LQHtransmission1633_to_LQHtransmission1860_heat,#823740,LQ heat distribution main,transmission,100000,1,20,LQHtransmission1860,LQHtransmission1633,
LQHtransmission1860_to_LQHtransmission1904_heat,#823740,LQ heat distribution main,transmission,100000,1,20,LQHtransmission1904,LQHtransmission1860,
LQHtransmission1904_to_LQHtransmission4187_heat,#823740,LQ heat distribution main,transmission,100000,1,20,LQHtransmission4187,LQHtransmission1904,
LQHtransmission4187_to_LQHtransmission2727_heat,#823740,LQ heat distribution main,transmission,100000,1,20,LQHtransmission2727,LQHtransmission4187,
LQHtransmission2727_to_LQHtransmission2502_heat,#823740,LQ heat distribution main,transmission,100000,1,20,LQHtransmission2502,LQHtransmission2727,
LQHtransmission2502_to_LQHtransmission424_heat,#823740,LQ heat distribution main,transmission,100000,1,20,LQHtransmission424,LQHtransmission2502,
LQHtransmission424_to_LQHtransmission3577_heat,#823740,LQ heat distribution main,transmission,100000,1,20,LQHtransmission3577,LQHtransmission424,
LQHtransmission3577_to_LQHtransmission3958_heat,#823740,LQ heat distribution main,transmission,100000,1,20,LQHtransmission3958,LQHtransmission3577,
LQHtransmission3958_to_LQHtransmission3909_heat,#823740,LQ heat distribution main,transmission,100000,1,20,LQHtransmission3909,LQHtransmission3958,
LQHtransmission3909_to_LQHtransmission1529_heat,#823740,LQ heat distribution main,transmission,100000,1,20,LQHtransmission1529,LQHtransmission3909,
LQHtransmission1529_to_LQHtransmission392_heat,#823740,LQ heat distribution main,transmission,100000,1,20,LQHtransmission392,LQHtransmission1529,
LQHtransmission392_to_LQHtransmission813_heat,#823740,LQ heat distribution main,transmission,100000,1,20,LQHtransmission813,LQHtransmission392,
LQHtransmission813_to_LQHtransmission1634_heat,#823740,LQ heat distribution main,transmission,100000,1,20,LQHtransmission1634,LQHtransmission813,
LQHtransmission1634_to_LQHtransmission2135_heat,#823740,LQ heat distribution main,transmission,100000,1,20,LQHtransmission2135,LQHtransmission1634,
LQHtransmission3707_to_LQHtransmission1458_heat,#823740,LQ heat distribution main,transmission,100000,1,20,LQHtransmission1458,LQHtransmission3707,
LQHtransmission1458_to_LQHtransmission198_heat,#823740,LQ heat distribution main,transmission,100000,1,20,LQHtransmission198,LQHtransmission1458,
LQHtransmission198_to_LQHtransmission4321_heat,#823740,LQ heat distribution main,transmission,100000,1,20,LQHtransmission4321,LQHtransmission198,
LQHtransmission4321_to_LQHtransmission4662_heat,#823740,LQ heat distribution main,transmission,100000,1,20,LQHtransmission4662,LQHtransmission4321,
LQHtransmission4662_to_LQHtransmission2049_heat,#823740,LQ heat distribution main,transmission,100000,1,20,LQHtransmission2049,LQHtransmission4662,
LQHtransmission2049_to_LQHtransmission2472_heat,#823740,LQ heat distribution main,transmission,100000,1,20,LQHtransmission2472,LQHtransmission2049,
LQHtransmission2472_to_LQHtransmission3257_heat,#823740,LQ heat distribution main,transmission,100000,1,20,LQHtransmission3257,LQHtransmission2472,
LQHtransmission2379_to_LQHtransmission519_heat,#823740,LQ heat distribution main,transmission,100000,1,20,LQHtransmission519,LQHtransmission2379,
LQHtransmission519_to_LQHtransmission2453_heat,#823740,LQ heat distribution main,transmission,100000,1,20,LQHtransmission2453,LQHtransmission519,
LQHtransmission2453_to_LQHtransmission1375_heat,#823740,LQ heat distribution main,transmission,100000,1,20,LQHtransmission1375,LQHtransmission2453,
LQHtransmission1375_to_LQHtransmission875_heat,#823740,LQ heat distribution main,transmission,100000,1,20,LQHtransmission875,LQHtransmission1375,
LQHtransmission875_to_LQHtransmission4058_heat,#823740,LQ heat distribution main,transmission,100000,1,20,LQHtransmission4058,LQHtransmission875,
LQHtransmission4058_to_LQHtransmission2277_heat,#823740,LQ heat distribution main,transmission,100000,1,20,LQHtransmission2277,LQHtransmission4058,
LQHtransmission2277_to_LQHtransmission3811_heat,#823740,LQ heat distribution main,transmission,100000,1,20,LQHtransmission3811,LQHtransmission2277,
LQHtransmission3811_to_LQHtransmission2590_heat,#823740,LQ heat distribution main,transmission,100000,1,20,LQHtransmission2590,LQHtransmission3811,
LQHtransmission2590_to_LQHtransmission2888_heat,#823740,LQ heat distribution main,transmission,100000,1,20,LQHtransmission2888,LQHtransmission2590,
LQHtransmission2888_to_LQHtransmission3506_heat,#823740,LQ heat distribution main,transmission,100000,1,20,LQHtransmission3506,LQHtransmission2888,
LQHtransmission3506_to_LQHtransmission2902_heat,#823740,LQ heat distribution main,transmission,100000,1,20,LQHtransmission2902,LQHtransmission3506,
LQHtransmission2902_to_LQHtransmission3805_heat,#823740,LQ heat distribution main,transmission,100000,1,20,LQHtransmission3805,LQHtransmission2902,
LQHtransmission3805_to_LQHtransmission4118_heat,#823740,LQ heat distribution main,transmission,100000,1,20,LQHtransmission4118,LQHtransmission3805,
LQHtransmission4118_to_LQHtransmission4488_heat,#823740,LQ heat distribution main,transmission,100000,1,20,LQHtransmission4488,LQHtransmission4118,
LQHtransmission4488_to_LQHtransmission1465_heat,#823740,LQ heat distribution main,transmission,100000,1,20,LQHtransmission1465,LQHtransmission4488,
LQHtransmission1465_to_LQHtransmission4226_heat,#823740,LQ heat distribution main,transmission,100000,1,20,LQHtransmission4226,LQHtransmission1465,
LQHtransmission4226_to_LQHtransmission2624_heat,#823740,LQ heat distribution main,transmission,100000,1,20,LQHtransmission2624,LQHtransmission4226,
LQHtransmission2624_to_LQHtransmission1049_heat,#823740,LQ heat distribution main,transmission,100000,1,20,LQHtransmission1049,LQHtransmission2624,
LQHtransmission1049_to_LQHtransmission3556_heat,#823740,LQ heat distribution main,transmission,100000,1,20,LQHtransmission3556,LQHtransmission1049,
LQHtransmission3556_to_LQHtransmission1096_heat,#823740,LQ heat distribution main,transmission,100000,1,20,LQHtransmission1096,LQHtransmission3556,
LQHtransmission1096_to_LQHtransmission3322_heat,#823740,LQ heat distribution main,transmission,100000,1,20,LQHtransmission3322,LQHtransmission1096,
LQHtransmission3322_to_LQHtransmission4317_heat,#823740,LQ heat distribution main,transmission,100000,1,20,LQHtransmission4317,LQHtransmission3322,
LQHtransmission4317_to_LQHtransmission3533_heat,#823740,LQ heat distribution main,transmission,100000,1,20,LQHtransmission3533,LQHtransmission4317,
LQHtransmission3533_to_LQHtransmission1746_heat,#823740,LQ heat distribution main,transmission,100000,1,20,LQHtransmission1746,LQHtransmission3533,
LQHtransmission1746_to_LQHtransmission2920_heat,#823740,LQ heat distribution main,transmission,100000,1,20,LQHtransmission2920,LQHtransmission1746,
LQHtransmission2920_to_LQHtransmission4348_heat,#823740,LQ heat distribution main,transmission,100000,1,20,LQHtransmission4348,LQHtransmission2920,
LQHtransmission4348_to_LQHtransmission2042_heat,#823740,LQ heat distribution main,transmission,100000,1,20,LQHtransmission2042,LQHtransmission4348,
LQHtransmission2042_to_LQHtransmission1716_heat,#823740,LQ heat distribution main,transmission,100000,1,20,LQHtransmission1716,LQHtransmission2042,
LQHtransmission1716_to_LQHtransmission1289_heat,#823740,LQ heat distribution main,transmission,100000,1,20,LQHtransmission1289,LQHtransmission1716,
LQHtransmission1289_to_LQHtransmission2926_heat,#823740,LQ heat distribution main,transmission,100000,1,20,LQHtransmission2926,LQHtransmission1289,
LQHtransmission2926_to_LQHtransmission4610_heat,#823740,LQ heat distribution main,transmission,100000,1,20,LQHtransmission4610,LQHtransmission2926,
LQHtransmission4610_to_LQHtransmission4485_heat,#823740,LQ heat distribution main,transmission,100000,1,20,LQHtransmission4485,LQHtransmission4610,
LQHtransmission4485_to_LQHtransmission133_heat,#823740,LQ heat distribution main,transmission,100000,1,20,LQHtransmission133,LQHtransmission4485,
LQHtransmission133_to_LQHtransmission3099_heat,#823740,LQ heat distribution main,transmission,100000,1,20,LQHtransmission3099,LQHtransmission133,
LQHtransmission3099_to_LQHtransmission2718_heat,#823740,LQ heat distribution main,transmission,100000,1,20,LQHtransmission2718,LQHtransmission3099,
LQHtransmission2718_to_LQHtransmission4495_heat,#823740,LQ heat distribution main,transmission,100000,1,20,LQHtransmission4495,LQHtransmission2718,
LQHtransmission4495_to_LQHtransmission1031_heat,#823740,LQ heat distribution main,transmission,100000,1,20,LQHtransmission1031,LQHtransmission4495,
LQHtransmission1031_to_LQHtransmission2034_heat,#823740,LQ heat distribution main,transmission,100000,1,20,LQHtransmission2034,LQHtransmission1031,
LQHtransmission2034_to_LQHtransmission318_heat,#823740,LQ heat distribution main,transmission,100000,1,20,LQHtransmission318,LQHtransmission2034,
LQHtransmission318_to_LQHtransmission4050_heat,#823740,LQ heat distribution main,transmission,100000,1,20,LQHtransmission4050,LQHtransmission318,
LQHtransmission4050_to_LQHtransmission1924_heat,#823740,LQ heat distribution main,transmission,100000,1,20,LQHtransmission1924,LQHtransmission4050,
LQHtransmission1924_to_LQHtransmission188_heat,#823740,LQ heat distribution main,transmission,100000,1,20,LQHtransmission188,LQHtransmission1924,
LQHtransmission188_to_LQHtransmission1084_heat,#823740,LQ heat distribution main,transmission,100000,1,20,LQHtransmission1084,LQHtransmission188,
LQHtransmission1084_to_LQHtransmission260_heat,#823740,LQ heat distribution main,transmission,100000,1,20,LQHtransmission260,LQHtransmission1084,
LQHtransmission4145_to_LQHtransmission1665_heat,#823740,LQ heat distribution main,transmission,100000,1,20,LQHtransmission1665,LQHtransmission4145,
LQHtransmission1665_to_LQHtransmission894_heat,#823740,LQ heat distribution main,transmission,100000,1,20,LQHtransmission894,LQHtransmission1665,
LQHtransmission894_to_LQHtransmission3221_heat,#823740,LQ heat distribution main,transmission,100000,1,20,LQHtransmission3221,LQHtransmission894,
LQHtransmission3221_to_LQHtransmission498_heat,#823740,LQ heat distribution main,transmission,100000,1,20,LQHtransmission498,LQHtransmission3221,
LQHtransmission498_to_LQHtransmission992_heat,#823740,LQ heat distribution main,transmission,100000,1,20,LQHtransmission992,LQHtransmission498,
LQHtransmission992_to_LQHtransmission2582_heat,#823740,LQ heat distribution main,transmission,100000,1,20,LQHtransmission2582,LQHtransmission992,
LQHtransmission2582_to_LQHtransmission1525_heat,#823740,LQ heat distribution main,transmission,100000,1,20,LQHtransmission1525,LQHtransmission2582,
LQHtransmission1525_to_LQHtransmission4517_heat,#823740,LQ heat distribution main,transmission,100000,1,20,LQHtransmission4517,LQHtransmission1525,
LQHtransmission4517_to_LQHtransmission3290_heat,#823740,LQ heat distribution main,transmission,100000,1,20,LQHtransmission3290,LQHtransmission4517,
LQHtransmission3290_to_LQHtransmission2635_heat,#823740,LQ heat distribution main,transmission,100000,1,20,LQHtransmission2635,LQHtransmission3290,
LQHtransmission2635_to_LQHtransmission1772_heat,#823740,LQ heat distribution main,transmission,100000,1,20,LQHtransmission1772,LQHtransmission2635,
LQHtransmission1772_to_LQHtransmission1081_heat,#823740,LQ heat distribution main,transmission,100000,1,20,LQHtransmission1081,LQHtransmission1772,
LQHtransmission1081_to_LQHtransmission3532_heat,#823740,LQ heat distribution main,transmission,100000,1,20,LQHtransmission3532,LQHtransmission1081,
LQHtransmission3532_to_LQHtransmission1281_heat,#823740,LQ heat distribution main,transmission,100000,1,20,LQHtransmission1281,LQHtransmission3532,
LQHtransmission1281_to_LQHtransmission2316_heat,#823740,LQ heat distribution main,transmission,100000,1,20,LQHtransmission2316,LQHtransmission1281,
LQHtransmission2316_to_LQHtransmission3625_heat,#823740,LQ heat distribution main,transmission,100000,1,20,LQHtransmission3625,LQHtransmission2316,
LQHtransmission3625_to_LQHtransmission528_heat,#823740,LQ heat distribution main,transmission,100000,1,20,LQHtransmission528,LQHtransmission3625,
LQHtransmission528_to_LQHtransmission1857_heat,#823740,LQ heat distribution main,transmission,100000,1,20,LQHtransmission1857,LQHtransmission528,
LQHtransmission1857_to_LQHtransmission4325_heat,#823740,LQ heat distribution main,transmission,100000,1,20,LQHtransmission4325,LQHtransmission1857,
LQHtransmission4325_to_LQHtransmission2641_heat,#823740,LQ heat distribution main,transmission,100000,1,20,LQHtransmission2641,LQHtransmission4325,
LQHtransmission2641_to_LQHtransmission4252_heat,#823740,LQ heat distribution main,transmission,100000,1,20,LQHtransmission4252,LQHtransmission2641,
LQHtransmission4252_to_LQHtransmission4328_heat,#823740,LQ heat distribution main,transmission,100000,1,20,LQHtransmission4328,LQHtransmission4252,
LQHtransmission4328_to_LQHtransmission3606_heat,#823740,LQ heat distribution main,transmission,100000,1,20,LQHtransmission3606,LQHtransmission4328,
LQHtransmission3606_to_LQHtransmission1221_heat,#823740,LQ heat distribution main,transmission,100000,1,20,LQHtransmission1221,LQHtransmission3606,
LQHtransmission1221_to_LQHtransmission2731_heat,#823740,LQ heat distribution main,transmission,100000,1,20,LQHtransmission2731,LQHtransmission1221,
LQHtransmission2731_to_LQHtransmission3788_heat,#823740,LQ heat distribution main,transmission,100000,1,20,LQHtransmission3788,LQHtransmission2731,
LQHtransmission3788_to_LQHtransmission2247_heat,#823740,LQ heat distribution main,transmission,100000,1,20,LQHtransmission2247,LQHtransmission3788,
LQHtransmission2247_to_LQHtransmission3822_heat,#823740,LQ heat distribution main,transmission,100000,1,20,LQHtransmission3822,LQHtransmission2247,
LQHtransmission3822_to_LQHtransmission2852_heat,#823740,LQ heat distribution main,transmission,100000,1,20,LQHtransmission2852,LQHtransmission3822,
LQHtransmission2276_to_LQHtransmission1721_heat,#823740,LQ heat distribution main,transmission,100000,1,20,LQHtransmission1721,LQHtransmission2276,
LQHtransmission1721_to_LQHtransmission1965_heat,#823740,LQ heat distribution main,transmission,100000,1,20,LQHtransmission1965,LQHtransmission1721,
LQHtransmission2726_to_LQHtransmission611_heat,#823740,LQ heat distribution main,transmission,100000,1,20,LQHtransmission611,LQHtransmission2726,
LQHtransmission3621_to_LQHtransmission777_heat,#823740,LQ heat distribution main,transmission,100000,1,20,LQHtransmission777,LQHtransmission3621,
LQHtransmission777_to_LQHtransmission1845_heat,#823740,LQ heat distribution main,transmission,100000,1,20,LQHtransmission1845,LQHtransmission777,
LQHtransmission1845_to_LQHtransmission2746_heat,#823740,LQ heat distribution main,transmission,100000,1,20,LQHtransmission2746,LQHtransmission1845,
LQHtransmission1492_to_LQHtransmission3578_heat,#823740,LQ heat distribution main,transmission,100000,1,20,LQHtransmission3578,LQHtransmission1492,
LQHtransmission3933_to_LQHtransmission3651_heat,#823740,LQ heat distribution main,transmission,100000,1,20,LQHtransmission3651,LQHtransmission3933,
LQHtransmission3651_to_LQHtransmission4625_heat,#823740,LQ heat distribution main,transmission,100000,1,20,LQHtransmission4625,LQHtransmission3651,
LQHtransmission4625_to_LQHtransmission2226_heat,#823740,LQ heat distribution main,transmission,100000,1,20,LQHtransmission2226,LQHtransmission4625,
LQHtransmission170_to_LQHtransmission4142_heat,#823740,LQ heat distribution main,transmission,100000,1,20,LQHtransmission4142,LQHtransmission170,
LQHtransmission4142_to_LQHtransmission1891_heat,#823740,LQ heat distribution main,transmission,100000,1,20,LQHtransmission1891,LQHtransmission4142,
LQHtransmission1891_to_LQHtransmission4253_heat,#823740,LQ heat distribution main,transmission,100000,1,20,LQHtransmission4253,LQHtransmission1891,
LQHtransmission4253_to_LQHtransmission1312_heat,#823740,LQ heat distribution main,transmission,100000,1,20,LQHtransmission1312,LQHtransmission4253,
LQHtransmission1312_to_LQHtransmission991_heat,#823740,LQ heat distribution main,transmission,100000,1,20,LQHtransmission991,LQHtransmission1312,
LQHtransmission991_to_LQHtransmission652_heat,#823740,LQ heat distribution main,transmission,100000,1,20,LQHtransmission652,LQHtransmission991,
LQHtransmission652_to_LQHtransmission1635_heat,#823740,LQ heat distribution main,transmission,100000,1,20,LQHtransmission1635,LQHtransmission652,
LQHtransmission1635_to_LQHtransmission3487_heat,#823740,LQ heat distribution main,transmission,100000,1,20,LQHtransmission3487,LQHtransmission1635,
LQHtransmission3487_to_LQHtransmission1896_heat,#823740,LQ heat distribution main,transmission,100000,1,20,LQHtransmission1896,LQHtransmission3487,
LQHtransmission1896_to_LQHtransmission685_heat,#823740,LQ heat distribution main,transmission,100000,1,20,LQHtransmission685,LQHtransmission1896,
LQHtransmission685_to_LQHtransmission2524_heat,#823740,LQ heat distribution main,transmission,100000,1,20,LQHtransmission2524,LQHtransmission685,
LQHtransmission2524_to_LQHtransmission743_heat,#823740,LQ heat distribution main,transmission,100000,1,20,LQHtransmission743,LQHtransmission2524,
LQHtransmission743_to_LQHtransmission3479_heat,#823740,LQ heat distribution main,transmission,100000,1,20,LQHtransmission3479,LQHtransmission743,
LQHtransmission3479_to_LQHtransmission2179_heat,#823740,LQ heat distribution main,transmission,100000,1,20,LQHtransmission2179,LQHtransmission3479,
LQHtransmission2179_to_LQHtransmission472_heat,#823740,LQ heat distribution main,transmission,100000,1,20,LQHtransmission472,LQHtransmission2179,
LQHtransmission472_to_LQHtransmission3472_heat,#823740,LQ heat distribution main,transmission,100000,1,20,LQHtransmission3472,LQHtransmission472,
LQHtransmission3472_to_LQHtransmission3652_heat,#823740,LQ heat distribution main,transmission,100000,1,20,LQHtransmission3652,LQHtransmission3472,
LQHtransmission3652_to_LQHtransmission3016_heat,#823740,LQ heat distribution main,transmission,100000,1,20,LQHtransmission3016,LQHtransmission3652,
LQHtransmission3016_to_LQHtransmission2556_heat,#823740,LQ heat distribution main,transmission,100000,1,20,LQHtransmission2556,LQHtransmission3016,
LQHtransmission2556_to_LQHtransmission37_heat,#823740,LQ heat distribution main,transmission,100000,1,20,LQHtransmission37,LQHtransmission2556,
LQHtransmission37_to_LQHtransmission3028_heat,#823740,LQ heat distribution main,transmission,100000,1,20,LQHtransmission3028,LQHtransmission37,
LQHtransmission3028_to_LQHtransmission3180_heat,#823740,LQ heat distribution main,transmission,100000,1,20,LQHtransmission3180,LQHtransmission3028,
LQHtransmission3180_to_LQHtransmission1230_heat,#823740,LQ heat distribution main,transmission,100000,1,20,LQHtransmission1230,LQHtransmission3180,
LQHtransmission1230_to_LQHtransmission2672_heat,#823740,LQ heat distribution main,transmission,100000,1,20,LQHtransmission2672,LQHtransmission1230,
LQHtransmission2672_to_LQHtransmission365_heat,#823740,LQ heat distribution main,transmission,100000,1,20,LQHtransmission365,LQHtransmission2672,
LQHtransmission365_to_LQHtransmission4339_heat,#823740,LQ heat distribution main,transmission,100000,1,20,LQHtransmission4339,LQHtransmission365,
LQHtransmission4339_to_LQHtransmission616_heat,#823740,LQ heat distribution main,transmission,100000,1,20,LQHtransmission616,LQHtransmission4339,
LQHtransmission616_to_LQHtransmission3775_heat,#823740,LQ heat distribution main,transmission,100000,1,20,LQHtransmission3775,LQHtransmission616,
LQHtransmission3775_to_LQHtransmission4192_heat,#823740,LQ heat distribution main,transmission,100000,1,20,LQHtransmission4192,LQHtransmission3775,
LQHtransmission4192_to_LQHtransmission3471_heat,#823740,LQ heat distribution main,transmission,100000,1,20,LQHtransmission3471,LQHtransmission4192,
LQHtransmission3471_to_LQHtransmission3336_heat,#823740,LQ heat distribution main,transmission,100000,1,20,LQHtransmission3336,LQHtransmission3471,
LQHtransmission3336_to_LQHtransmission1490_heat,#823740,LQ heat distribution main,transmission,100000,1,20,LQHtransmission1490,LQHtransmission3336,
LQHtransmission1238_to_LQHtransmission2637_heat,#823740,LQ heat distribution main,transmission,100000,1,20,LQHtransmission2637,LQHtransmission1238,
LQHtransmission2637_to_LQHtransmission4455_heat,#823740,LQ heat distribution main,transmission,100000,1,20,LQHtransmission4455,LQHtransmission2637,
LQHtransmission1120_to_LQHtransmission3414_heat,#823740,LQ heat distribution main,transmission,100000,1,20,LQHtransmission3414,LQHtransmission1120,
LQHtransmission3414_to_LQHtransmission852_heat,#823740,LQ heat distribution main,transmission,100000,1,20,LQHtransmission852,LQHtransmission3414,
LQHtransmission852_to_LQHtransmission403_heat,#823740,LQ heat distribution main,transmission,100000,1,20,LQHtransmission403,LQHtransmission852,
LQHtransmission403_to_LQHtransmission1040_heat,#823740,LQ heat distribution main,transmission,100000,1,20,LQHtransmission1040,LQHtransmission403,
LQHtransmission1040_to_LQHtransmission673_heat,#823740,LQ heat distribution main,transmission,100000,1,20,LQHtransmission673,LQHtransmission1040,
LQHtransmission673_to_LQHtransmission855_heat,#823740,LQ heat distribution main,transmission,100000,1,20,LQHtransmission855,LQHtransmission673,
LQHtransmission855_to_LQHtransmission3021_heat,#823740,LQ heat distribution main,transmission,100000,1,20,LQHtransmission3021,LQHtransmission855,
LQHtransmission3021_to_LQHtransmission3212_heat,#823740,LQ heat distribution main,transmission,100000,1,20,LQHtransmission3212,LQHtransmission3021,
LQHtransmission3212_to_LQHtransmission3721_heat,#823740,LQ heat distribution main,transmission,100000,1,20,LQHtransmission3721,LQHtransmission3212,
LQHtransmission3721_to_LQHtransmission1655_heat,#823740,LQ heat distribution main,transmission,100000,1,20,LQHtransmission1655,LQHtransmission3721,
LQHtransmission1655_to_LQHtransmission4452_heat,#823740,LQ heat distribution main,transmission,100000,1,20,LQHtransmission4452,LQHtransmission1655,
LQHtransmission4452_to_LQHtransmission3251_heat,#823740,LQ heat distribution main,transmission,100000,1,20,LQHtransmission3251,LQHtransmission4452,
LQHtransmission3251_to_LQHtransmission744_heat,#823740,LQ heat distribution main,transmission,100000,1,20,LQHtransmission744,LQHtransmission3251,
LQHtransmission744_to_LQHtransmission418_heat,#823740,LQ heat distribution main,transmission,100000,1,20,LQHtransmission418,LQHtransmission744,
LQHtransmission418_to_LQHtransmission4345_heat,#823740,LQ heat distribution main,transmission,100000,1,20,LQHtransmission4345,LQHtransmission418,
LQHtransmission4345_to_LQHtransmission1507_heat,#823740,LQ heat distribution main,transmission,100000,1,20,LQHtransmission1507,LQHtransmission4345,
LQHtransmission1507_to_LQHtransmission3645_heat,#823740,LQ heat distribution main,transmission,100000,1,20,LQHtransmission3645,LQHtransmission1507,
LQHtransmission3645_to_LQHtransmission109_heat,#823740,LQ heat distribution main,transmission,100000,1,20,LQHtransmission109,LQHtransmission3645,
LQHtransmission109_to_LQHtransmission4463_heat,#823740,LQ heat distribution main,transmission,100000,1,20,LQHtransmission4463,LQHtransmission109,
LQHtransmission4463_to_LQHtransmission815_heat,#823740,LQ heat distribution main,transmission,100000,1,20,LQHtransmission815,LQHtransmission4463,
LQHtransmission815_to_LQHtransmission3673_heat,#823740,LQ heat distribution main,transmission,100000,1,20,LQHtransmission3673,LQHtransmission815,
LQHtransmission2852_to_LQHtransmission3117_heat,#823740,LQ heat distribution main,transmission,100000,1,20,LQHtransmission3117,LQHtransmission2852,
LQHtransmission3117_to_LQHtransmission3806_heat,#823740,LQ heat distribution main,transmission,100000,1,20,LQHtransmission3806,LQHtransmission3117,
LQHtransmission3806_to_LQHtransmission1032_heat,#823740,LQ heat distribution main,transmission,100000,1,20,LQHtransmission1032,LQHtransmission3806,
LQHtransmission1032_to_LQHtransmission2437_heat,#823740,LQ heat distribution main,transmission,100000,1,20,LQHtransmission2437,LQHtransmission1032,
LQHtransmission2437_to_LQHtransmission3889_heat,#823740,LQ heat distribution main,transmission,100000,1,20,LQHtransmission3889,LQHtransmission2437,
LQHtransmission3889_to_LQHtransmission3921_heat,#823740,LQ heat distribution main,transmission,100000,1,20,LQHtransmission3921,LQHtransmission3889,
LQHtransmission3921_to_LQHtransmission2747_heat,#823740,LQ heat distribution main,transmission,100000,1,20,LQHtransmission2747,LQHtransmission3921,
LQHtransmission2747_to_LQHtransmission805_heat,#823740,LQ heat distribution main,transmission,100000,1,20,LQHtransmission805,LQHtransmission2747,
LQHtransmission805_to_LQHtransmission3198_heat,#823740,LQ heat distribution main,transmission,100000,1,20,LQHtransmission3198,LQHtransmission805,
LQHtransmission3198_to_LQHtransmission1275_heat,#823740,LQ heat distribution main,transmission,100000,1,20,LQHtransmission1275,LQHtransmission3198,
LQHtransmission1275_to_LQHtransmission3570_heat,#823740,LQ heat distribution main,transmission,100000,1,20,LQHtransmission3570,LQHtransmission1275,
LQHtransmission3570_to_LQHtransmission3037_heat,#823740,LQ heat distribution main,transmission,100000,1,20,LQHtransmission3037,LQHtransmission3570,
LQHtransmission3037_to_LQHtransmission1285_heat,#823740,LQ heat distribution main,transmission,100000,1,20,LQHtransmission1285,LQHtransmission3037,
LQHtransmission1285_to_LQHtransmission4157_heat,#823740,LQ heat distribution main,transmission,100000,1,20,LQHtransmission4157,LQHtransmission1285,
LQHtransmission4157_to_LQHtransmission1678_heat,#823740,LQ heat distribution main,transmission,100000,1,20,LQHtransmission1678,LQHtransmission4157,
LQHtransmission1678_to_LQHtransmission2807_heat,#823740,LQ heat distribution main,transmission,100000,1,20,LQHtransmission2807,LQHtransmission1678,
LQHtransmission2807_to_LQHtransmission484_heat,#823740,LQ heat distribution main,transmission,100000,1,20,LQHtransmission484,LQHtransmission2807,
LQHtransmission484_to_LQHtransmission1739_heat,#823740,LQ heat distribution main,transmission,100000,1,20,LQHtransmission1739,LQHtransmission484,
LQHtransmission1739_to_LQHtransmission4024_heat,#823740,LQ heat distribution main,transmission,100000,1,20,LQHtransmission4024,LQHtransmission1739,
LQHtransmission4024_to_LQHtransmission2715_heat,#823740,LQ heat distribution main,transmission,100000,1,20,LQHtransmission2715,LQHtransmission4024,
LQHtransmission2715_to_LQHtransmission3075_heat,#823740,LQ heat distribution main,transmission,100000,1,20,LQHtransmission3075,LQHtransmission2715,
LQHtransmission3075_to_LQHtransmission3772_heat,#823740,LQ heat distribution main,transmission,100000,1,20,LQHtransmission3772,LQHtransmission3075,
LQHtransmission3772_to_LQHtransmission4130_heat,#823740,LQ heat distribution main,transmission,100000,1,20,LQHtransmission4130,LQHtransmission3772,
LQHtransmission4130_to_LQHtransmission2751_heat,#823740,LQ heat distribution main,transmission,100000,1,20,LQHtransmission2751,LQHtransmission4130,
LQHtransmission2751_to_LQHtransmission2500_heat,#823740,LQ heat distribution main,transmission,100000,1,20,LQHtransmission2500,LQHtransmission2751,
LQHtransmission2500_to_LQHtransmission3195_heat,#823740,LQ heat distribution main,transmission,100000,1,20,LQHtransmission3195,LQHtransmission2500,
LQHtransmission3195_to_LQHtransmission1528_heat,#823740,LQ heat distribution main,transmission,100000,1,20,LQHtransmission1528,LQHtransmission3195,
LQHtransmission1528_to_LQHtransmission2069_heat,#823740,LQ heat distribution main,transmission,100000,1,20,LQHtransmission2069,LQHtransmission1528,
LQHtransmission2069_to_LQHtransmission224_heat,#823740,LQ heat distribution main,transmission,100000,1,20,LQHtransmission224,LQHtransmission2069,
LQHtransmission224_to_LQHtransmission323_heat,#823740,LQ heat distribution main,transmission,100000,1,20,LQHtransmission323,LQHtransmission224,
LQHtransmission323_to_LQHtransmission1383_heat,#823740,LQ heat distribution main,transmission,100000,1,20,LQHtransmission1383,LQHtransmission323,
LQHtransmission1383_to_LQHtransmission320_heat,#823740,LQ heat distribution main,transmission,100000,1,20,LQHtransmission320,LQHtransmission1383,
LQHtransmission320_to_LQHtransmission4657_heat,#823740,LQ heat distribution main,transmission,100000,1,20,LQHtransmission4657,LQHtransmission320,
LQHtransmission4657_to_LQHtransmission4011_heat,#823740,LQ heat distribution main,transmission,100000,1,20,LQHtransmission4011,LQHtransmission4657,
LQHtransmission4011_to_LQHtransmission1610_heat,#823740,LQ heat distribution main,transmission,100000,1,20,LQHtransmission1610,LQHtransmission4011,
LQHtransmission1610_to_LQHtransmission2486_heat,#823740,LQ heat distribution main,transmission,100000,1,20,LQHtransmission2486,LQHtransmission1610,
LQHtransmission2486_to_LQHtransmission4520_heat,#823740,LQ heat distribution main,transmission,100000,1,20,LQHtransmission4520,LQHtransmission2486,
LQHtransmission4520_to_LQHtransmission2753_heat,#823740,LQ heat distribution main,transmission,100000,1,20,LQHtransmission2753,LQHtransmission4520,
LQHtransmission2753_to_LQHtransmission1876_heat,#823740,LQ heat distribution main,transmission,100000,1,20,LQHtransmission1876,LQHtransmission2753,
LQHtransmission1876_to_LQHtransmission515_heat,#823740,LQ heat distribution main,transmission,100000,1,20,LQHtransmission515,LQHtransmission1876,
LQHtransmission515_to_LQHtransmission1290_heat,#823740,LQ heat distribution main,transmission,100000,1,20,LQHtransmission1290,LQHtransmission515,
LQHtransmission1290_to_LQHtransmission2834_heat,#823740,LQ heat distribution main,transmission,100000,1,20,LQHtransmission2834,LQHtransmission1290,
LQHtransmission2834_to_LQHtransmission2492_heat,#823740,LQ heat distribution main,transmission,100000,1,20,LQHtransmission2492,LQHtransmission2834,
LQHtransmission2492_to_LQHtransmission2401_heat,#823740,LQ heat distribution main,transmission,100000,1,20,LQHtransmission2401,LQHtransmission2492,
LQHtransmission2401_to_LQHtransmission1370_heat,#823740,LQ heat distribution main,transmission,100000,1,20,LQHtransmission1370,LQHtransmission2401,
LQHtransmission1370_to_LQHtransmission73_heat,#823740,LQ heat distribution main,transmission,100000,1,20,LQHtransmission73,LQHtransmission1370,
LQHtransmission73_to_LQHtransmission3173_heat,#823740,LQ heat distribution main,transmission,100000,1,20,LQHtransmission3173,LQHtransmission73,
LQHtransmission3173_to_LQHtransmission1489_heat,#823740,LQ heat distribution main,transmission,100000,1,20,LQHtransmission1489,LQHtransmission3173,
LQHtransmission1489_to_LQHtransmission2260_heat,#823740,LQ heat distribution main,transmission,100000,1,20,LQHtransmission2260,LQHtransmission1489,
LQHtransmission2260_to_LQHtransmission1135_heat,#823740,LQ heat distribution main,transmission,100000,1,20,LQHtransmission1135,LQHtransmission2260,
LQHtransmission1135_to_LQHtransmission1151_heat,#823740,LQ heat distribution main,transmission,100000,1,20,LQHtransmission1151,LQHtransmission1135,
LQHtransmission1151_to_LQHtransmission2980_heat,#823740,LQ heat distribution main,transmission,100000,1,20,LQHtransmission2980,LQHtransmission1151,
LQHtransmission2980_to_LQHtransmission3507_heat,#823740,LQ heat distribution main,transmission,100000,1,20,LQHtransmission3507,LQHtransmission2980,
LQHtransmission3507_to_LQHtransmission1115_heat,#823740,LQ heat distribution main,transmission,100000,1,20,LQHtransmission1115,LQHtransmission3507,
LQHtransmission2204_to_LQHtransmission2414_heat,#823740,LQ heat distribution main,transmission,100000,1,20,LQHtransmission2414,LQHtransmission2204,
LQHtransmission2414_to_LQHtransmission4018_heat,#823740,LQ heat distribution main,transmission,100000,1,20,LQHtransmission4018,LQHtransmission2414,
LQHtransmission4018_to_LQHtransmission4197_heat,#823740,LQ heat distribution main,transmission,100000,1,20,LQHtransmission4197,LQHtransmission4018,
LQHtransmission4197_to_LQHtransmission1521_heat,#823740,LQ heat distribution main,transmission,100000,1,20,LQHtransmission1521,LQHtransmission4197,
LQHtransmission1521_to_LQHtransmission3591_heat,#823740,LQ heat distribution main,transmission,100000,1,20,LQHtransmission3591,LQHtransmission1521,
LQHtransmission3591_to_LQHtransmission3616_heat,#823740,LQ heat distribution main,transmission,100000,1,20,LQHtransmission3616,LQHtransmission3591,
LQHtransmission3616_to_LQHtransmission3856_heat,#823740,LQ heat distribution main,transmission,100000,1,20,LQHtransmission3856,LQHtransmission3616,
LQHtransmission3856_to_LQHtransmission4237_heat,#823740,LQ heat distribution main,transmission,100000,1,20,LQHtransmission4237,LQHtransmission3856,
LQHtransmission4237_to_LQHtransmission3374_heat,#823740,LQ heat distribution main,transmission,100000,1,20,LQHtransmission3374,LQHtransmission4237,
LQHtransmission3374_to_LQHtransmission4504_heat,#823740,LQ heat distribution main,transmission,100000,1,20,LQHtransmission4504,LQHtransmission3374,
LQHtransmission4504_to_LQHtransmission3255_heat,#823740,LQ heat distribution main,transmission,100000,1,20,LQHtransmission3255,LQHtransmission4504,
LQHtransmission3255_to_LQHtransmission1688_heat,#823740,LQ heat distribution main,transmission,100000,1,20,LQHtransmission1688,LQHtransmission3255,
LQHtransmission1688_to_LQHtransmission635_heat,#823740,LQ heat distribution main,transmission,100000,1,20,LQHtransmission635,LQHtransmission1688,
LQHtransmission635_to_LQHtransmission3764_heat,#823740,LQ heat distribution main,transmission,100000,1,20,LQHtransmission3764,LQHtransmission635,
LQHtransmission3764_to_LQHtransmission567_heat,#823740,LQ heat distribution main,transmission,100000,1,20,LQHtransmission567,LQHtransmission3764,
LQHtransmission3530_to_LQHtransmission4204_heat,#823740,LQ heat distribution main,transmission,100000,1,20,LQHtransmission4204,LQHtransmission3530,
LQHtransmission4204_to_LQHtransmission2922_heat,#823740,LQ heat distribution main,transmission,100000,1,20,LQHtransmission2922,LQHtransmission4204,
LQHtransmission2922_to_LQHtransmission140_heat,#823740,LQ heat distribution main,transmission,100000,1,20,LQHtransmission140,LQHtransmission2922,
LQHtransmission1850_to_LQHtransmission1779_heat,#823740,LQ heat distribution main,transmission,100000,1,20,LQHtransmission1779,LQHtransmission1850,
LQHtransmission1779_to_LQHtransmission4702_heat,#823740,LQ heat distribution main,transmission,100000,1,20,LQHtransmission4702,LQHtransmission1779,
LQHtransmission4702_to_LQHtransmission4387_heat,#823740,LQ heat distribution main,transmission,100000,1,20,LQHtransmission4387,LQHtransmission4702,
LQHtransmission4387_to_LQHtransmission1402_heat,#823740,LQ heat distribution main,transmission,100000,1,20,LQHtransmission1402,LQHtransmission4387,
LQHtransmission1402_to_LQHtransmission4003_heat,#823740,LQ heat distribution main,transmission,100000,1,20,LQHtransmission4003,LQHtransmission1402,
LQHtransmission4003_to_LQHtransmission1434_heat,#823740,LQ heat distribution main,transmission,100000,1,20,LQHtransmission1434,LQHtransmission4003,
LQHtransmission1434_to_LQHtransmission2758_heat,#823740,LQ heat distribution main,transmission,100000,1,20,LQHtransmission2758,LQHtransmission1434,
LQHtransmission2758_to_LQHtransmission1179_heat,#823740,LQ heat distribution main,transmission,100000,1,20,LQHtransmission1179,LQHtransmission2758,
LQHtransmission1179_to_LQHtransmission3054_heat,#823740,LQ heat distribution main,transmission,100000,1,20,LQHtransmission3054,LQHtransmission1179,
LQHtransmission3054_to_LQHtransmission4630_heat,#823740,LQ heat distribution main,transmission,100000,1,20,LQHtransmission4630,LQHtransmission3054,
LQHtransmission4630_to_LQHtransmission1306_heat,#823740,LQ heat distribution main,transmission,100000,1,20,LQHtransmission1306,LQHtransmission4630,
LQHtransmission1306_to_LQHtransmission3036_heat,#823740,LQ heat distribution main,transmission,100000,1,20,LQHtransmission3036,LQHtransmission1306,
LQHtransmission3036_to_LQHtransmission3715_heat,#823740,LQ heat distribution main,transmission,100000,1,20,LQHtransmission3715,LQHtransmission3036,
LQHtransmission3715_to_LQHtransmission2710_heat,#823740,LQ heat distribution main,transmission,100000,1,20,LQHtransmission2710,LQHtransmission3715,
LQHtransmission2710_to_LQHtransmission4335_heat,#823740,LQ heat distribution main,transmission,100000,1,20,LQHtransmission4335,LQHtransmission2710,
LQHtransmission4335_to_LQHtransmission213_heat,#823740,LQ heat distribution main,transmission,100000,1,20,LQHtransmission213,LQHtransmission4335,
LQHtransmission213_to_LQHtransmission3585_heat,#823740,LQ heat distribution main,transmission,100000,1,20,LQHtransmission3585,LQHtransmission213,
LQHtransmission3585_to_LQHtransmission3867_heat,#823740,LQ heat distribution main,transmission,100000,1,20,LQHtransmission3867,LQHtransmission3585,
LQHtransmission3867_to_LQHtransmission1127_heat,#823740,LQ heat distribution main,transmission,100000,1,20,LQHtransmission1127,LQHtransmission3867,
LQHtransmission1127_to_LQHtransmission1816_heat,#823740,LQ heat distribution main,transmission,100000,1,20,LQHtransmission1816,LQHtransmission1127,
LQHtransmission1816_to_LQHtransmission1153_heat,#823740,LQ heat distribution main,transmission,100000,1,20,LQHtransmission1153,LQHtransmission1816,
LQHtransmission1153_to_LQHtransmission3200_heat,#823740,LQ heat distribution main,transmission,100000,1,20,LQHtransmission3200,LQHtransmission1153,
LQHtransmission3200_to_LQHtransmission135_heat,#823740,LQ heat distribution main,transmission,100000,1,20,LQHtransmission135,LQHtransmission3200,
LQHtransmission135_to_LQHtransmission2946_heat,#823740,LQ heat distribution main,transmission,100000,1,20,LQHtransmission2946,LQHtransmission135,
LQHtransmission2946_to_LQHtransmission4720_heat,#823740,LQ heat distribution main,transmission,100000,1,20,LQHtransmission4720,LQHtransmission2946,
LQHtransmission4720_to_LQHtransmission3461_heat,#823740,LQ heat distribution main,transmission,100000,1,20,LQHtransmission3461,LQHtransmission4720,
LQHtransmission3461_to_LQHtransmission2802_heat,#823740,LQ heat distribution main,transmission,100000,1,20,LQHtransmission2802,LQHtransmission3461,
LQHtransmission2802_to_LQHtransmission225_heat,#823740,LQ heat distribution main,transmission,100000,1,20,LQHtransmission225,LQHtransmission2802,
LQHtransmission225_to_LQHtransmission601_heat,#823740,LQ heat distribution main,transmission,100000,1,20,LQHtransmission601,LQHtransmission225,
LQHtransmission601_to_LQHtransmission2218_heat,#823740,LQ heat distribution main,transmission,100000,1,20,LQHtransmission2218,LQHtransmission601,
LQHtransmission2218_to_LQHtransmission3812_heat,#823740,LQ heat distribution main,transmission,100000,1,20,LQHtransmission3812,LQHtransmission2218,
LQHtransmission3812_to_LQHtransmission1319_heat,#823740,LQ heat distribution main,transmission,100000,1,20,LQHtransmission1319,LQHtransmission3812,
LQHtransmission1319_to_LQHtransmission1937_heat,#823740,LQ heat distribution main,transmission,100000,1,20,LQHtransmission1937,LQHtransmission1319,
LQHtransmission1937_to_LQHtransmission2793_heat,#823740,LQ heat distribution main,transmission,100000,1,20,LQHtransmission2793,LQHtransmission1937,
LQHtransmission2793_to_LQHtransmission4454_heat,#823740,LQ heat distribution main,transmission,100000,1,20,LQHtransmission4454,LQHtransmission2793,
LQHtransmission4454_to_LQHtransmission3589_heat,#823740,LQ heat distribution main,transmission,100000,1,20,LQHtransmission3589,LQHtransmission4454,
LQHtransmission3589_to_LQHtransmission4629_heat,#823740,LQ heat distribution main,transmission,100000,1,20,LQHtransmission4629,LQHtransmission3589,
LQHtransmission4629_to_LQHtransmission1388_heat,#823740,LQ heat distribution main,transmission,100000,1,20,LQHtransmission1388,LQHtransmission4629,
LQHtransmission1388_to_LQHtransmission2778_heat,#823740,LQ heat distribution main,transmission,100000,1,20,LQHtransmission2778,LQHtransmission1388,
LQHtransmission2778_to_LQHtransmission3354_heat,#823740,LQ heat distribution main,transmission,100000,1,20,LQHtransmission3354,LQHtransmission2778,
LQHtransmission3354_to_LQHtransmission3107_heat,#823740,LQ heat distribution main,transmission,100000,1,20,LQHtransmission3107,LQHtransmission3354,
LQHtransmission3107_to_LQHtransmission3887_heat,#823740,LQ heat distribution main,transmission,100000,1,20,LQHtransmission3887,LQHtransmission3107,
LQHtransmission3887_to_LQHtransmission328_heat,#823740,LQ heat distribution main,transmission,100000,1,20,LQHtransmission328,LQHtransmission3887,
LQHtransmission328_to_LQHtransmission4202_heat,#823740,LQ heat distribution main,transmission,100000,1,20,LQHtransmission4202,LQHtransmission328,
LQHtransmission4202_to_LQHtransmission3917_heat,#823740,LQ heat distribution main,transmission,100000,1,20,LQHtransmission3917,LQHtransmission4202,
LQHtransmission3917_to_LQHtransmission749_heat,#823740,LQ heat distribution main,transmission,100000,1,20,LQHtransmission749,LQHtransmission3917,
LQHtransmission749_to_LQHtransmission2604_heat,#823740,LQ heat distribution main,transmission,100000,1,20,LQHtransmission2604,LQHtransmission749,
LQHtransmission2604_to_LQHtransmission3132_heat,#823740,LQ heat distribution main,transmission,100000,1,20,LQHtransmission3132,LQHtransmission2604,
LQHtransmission3132_to_LQHtransmission1175_heat,#823740,LQ heat distribution main,transmission,100000,1,20,LQHtransmission1175,LQHtransmission3132,
LQHtransmission1175_to_LQHtransmission2756_heat,#823740,LQ heat distribution main,transmission,100000,1,20,LQHtransmission2756,LQHtransmission1175,
LQHtransmission4544_to_LQHtransmission2811_heat,#823740,LQ heat distribution main,transmission,100000,1,20,LQHtransmission2811,LQHtransmission4544,
LQHtransmission2811_to_LQHtransmission4278_heat,#823740,LQ heat distribution main,transmission,100000,1,20,LQHtransmission4278,LQHtransmission2811,
LQHtransmission4278_to_LQHtransmission1547_heat,#823740,LQ heat distribution main,transmission,100000,1,20,LQHtransmission1547,LQHtransmission4278,
LQHtransmission1547_to_LQHtransmission3451_heat,#823740,LQ heat distribution main,transmission,100000,1,20,LQHtransmission3451,LQHtransmission1547,
LQHtransmission3451_to_LQHtransmission3005_heat,#823740,LQ heat distribution main,transmission,100000,1,20,LQHtransmission3005,LQHtransmission3451,
LQHtransmission3005_to_LQHtransmission92_heat,#823740,LQ heat distribution main,transmission,100000,1,20,LQHtransmission92,LQHtransmission3005,
LQHtransmission92_to_LQHtransmission4167_heat,#823740,LQ heat distribution main,transmission,100000,1,20,LQHtransmission4167,LQHtransmission92,
LQHtransmission4167_to_LQHtransmission1589_heat,#823740,LQ heat distribution main,transmission,100000,1,20,LQHtransmission1589,LQHtransmission4167,
LQHtransmission1589_to_LQHtransmission2957_heat,#823740,LQ heat distribution main,transmission,100000,1,20,LQHtransmission2957,LQHtransmission1589,
LQHtransmission2957_to_LQHtransmission4582_heat,#823740,LQ heat distribution main,transmission,100000,1,20,LQHtransmission4582,LQHtransmission2957,
LQHtransmission4582_to_LQHtransmission2596_heat,#823740,LQ heat distribution main,transmission,100000,1,20,LQHtransmission2596,LQHtransmission4582,
LQHtransmission2596_to_LQHtransmission3101_heat,#823740,LQ heat distribution main,transmission,100000,1,20,LQHtransmission3101,LQHtransmission2596,
LQHtransmission3101_to_LQHtransmission944_heat,#823740,LQ heat distribution main,transmission,100000,1,20,LQHtransmission944,LQHtransmission3101,
LQHtransmission944_to_LQHtransmission496_heat,#823740,LQ heat distribution main,transmission,100000,1,20,LQHtransmission496,LQHtransmission944,
LQHtransmission496_to_LQHtransmission2011_heat,#823740,LQ heat distribution main,transmission,100000,1,20,LQHtransmission2011,LQHtransmission496,
LQHtransmission2011_to_LQHtransmission54_heat,#823740,LQ heat distribution main,transmission,100000,1,20,LQHtransmission54,LQHtransmission2011,
LQHtransmission54_to_LQHtransmission763_heat,#823740,LQ heat distribution main,transmission,100000,1,20,LQHtransmission763,LQHtransmission54,
LQHtransmission763_to_LQHtransmission4147_heat,#823740,LQ heat distribution main,transmission,100000,1,20,LQHtransmission4147,LQHtransmission763,
LQHtransmission4147_to_LQHtransmission2102_heat,#823740,LQ heat distribution main,transmission,100000,1,20,LQHtransmission2102,LQHtransmission4147,
LQHtransmission2102_to_LQHtransmission4239_heat,#823740,LQ heat distribution main,transmission,100000,1,20,LQHtransmission4239,LQHtransmission2102,
LQHtransmission4239_to_LQHtransmission148_heat,#823740,LQ heat distribution main,transmission,100000,1,20,LQHtransmission148,LQHtransmission4239,
LQHtransmission148_to_LQHtransmission4553_heat,#823740,LQ heat distribution main,transmission,100000,1,20,LQHtransmission4553,LQHtransmission148,
LQHtransmission4553_to_LQHtransmission1613_heat,#823740,LQ heat distribution main,transmission,100000,1,20,LQHtransmission1613,LQHtransmission4553,
LQHtransmission1613_to_LQHtransmission3861_heat,#823740,LQ heat distribution main,transmission,100000,1,20,LQHtransmission3861,LQHtransmission1613,
LQHtransmission3861_to_LQHtransmission1684_heat,#823740,LQ heat distribution main,transmission,100000,1,20,LQHtransmission1684,LQHtransmission3861,
LQHtransmission1684_to_LQHtransmission2058_heat,#823740,LQ heat distribution main,transmission,100000,1,20,LQHtransmission2058,LQHtransmission1684,
LQHtransmission2058_to_LQHtransmission1251_heat,#823740,LQ heat distribution main,transmission,100000,1,20,LQHtransmission1251,LQHtransmission2058,
LQHtransmission1251_to_LQHtransmission132_heat,#823740,LQ heat distribution main,transmission,100000,1,20,LQHtransmission132,LQHtransmission1251,
LQHtransmission132_to_LQHtransmission719_heat,#823740,LQ heat distribution main,transmission,100000,1,20,LQHtransmission719,LQHtransmission132,
LQHtransmission719_to_LQHtransmission4410_heat,#823740,LQ heat distribution main,transmission,100000,1,20,LQHtransmission4410,LQHtransmission719,
LQHtransmission4410_to_LQHtransmission3410_heat,#823740,LQ heat distribution main,transmission,100000,1,20,LQHtransmission3410,LQHtransmission4410,
LQHtransmission3410_to_LQHtransmission4352_heat,#823740,LQ heat distribution main,transmission,100000,1,20,LQHtransmission4352,LQHtransmission3410,
LQHtransmission4352_to_LQHtransmission2408_heat,#823740,LQ heat distribution main,transmission,100000,1,20,LQHtransmission2408,LQHtransmission4352,
LQHtransmission2408_to_LQHtransmission4538_heat,#823740,LQ heat distribution main,transmission,100000,1,20,LQHtransmission4538,LQHtransmission2408,
LQHtransmission4538_to_LQHtransmission4209_heat,#823740,LQ heat distribution main,transmission,100000,1,20,LQHtransmission4209,LQHtransmission4538,
LQHtransmission4209_to_LQHtransmission3519_heat,#823740,LQ heat distribution main,transmission,100000,1,20,LQHtransmission3519,LQHtransmission4209,
LQHtransmission3519_to_LQHtransmission4521_heat,#823740,LQ heat distribution main,transmission,100000,1,20,LQHtransmission4521,LQHtransmission3519,
LQHtransmission4521_to_LQHtransmission2697_heat,#823740,LQ heat distribution main,transmission,100000,1,20,LQHtransmission2697,LQHtransmission4521,
LQHtransmission2697_to_LQHtransmission681_heat,#823740,LQ heat distribution main,transmission,100000,1,20,LQHtransmission681,LQHtransmission2697,
LQHtransmission681_to_LQHtransmission1935_heat,#823740,LQ heat distribution main,transmission,100000,1,20,LQHtransmission1935,LQHtransmission681,
LQHtransmission1935_to_LQHtransmission3819_heat,#823740,LQ heat distribution main,transmission,100000,1,20,LQHtransmission3819,LQHtransmission1935,
LQHtransmission3819_to_LQHtransmission79_heat,#823740,LQ heat distribution main,transmission,100000,1,20,LQHtransmission79,LQHtransmission3819,
LQHtransmission79_to_LQHtransmission1649_heat,#823740,LQ heat distribution main,transmission,100000,1,20,LQHtransmission1649,LQHtransmission79,
LQHtransmission1649_to_LQHtransmission4667_heat,#823740,LQ heat distribution main,transmission,100000,1,20,LQHtransmission4667,LQHtransmission1649,
LQHtransmission4667_to_LQHtransmission2532_heat,#823740,LQ heat distribution main,transmission,100000,1,20,LQHtransmission2532,LQHtransmission4667,
LQHtransmission2532_to_LQHtransmission1560_heat,#823740,LQ heat distribution main,transmission,100000,1,20,LQHtransmission1560,LQHtransmission2532,
LQHtransmission1560_to_LQHtransmission4095_heat,#823740,LQ heat distribution main,transmission,100000,1,20,LQHtransmission4095,LQHtransmission1560,
LQHtransmission4095_to_LQHtransmission3948_heat,#823740,LQ heat distribution main,transmission,100000,1,20,LQHtransmission3948,LQHtransmission4095,
LQHtransmission3948_to_LQHtransmission2100_heat,#823740,LQ heat distribution main,transmission,100000,1,20,LQHtransmission2100,LQHtransmission3948,
LQHtransmission2100_to_LQHtransmission3162_heat,#823740,LQ heat distribution main,transmission,100000,1,20,LQHtransmission3162,LQHtransmission2100,
LQHtransmission3162_to_LQHtransmission1177_heat,#823740,LQ heat distribution main,transmission,100000,1,20,LQHtransmission1177,LQHtransmission3162,
LQHtransmission1177_to_LQHtransmission2226_heat,#823740,LQ heat distribution main,transmission,100000,1,20,LQHtransmission2226,LQHtransmission1177,
LQHtransmission3910_to_LQHtransmission3978_heat,#823740,LQ heat distribution main,transmission,100000,1,20,LQHtransmission3978,LQHtransmission3910,
LQHtransmission3978_to_LQHtransmission2483_heat,#823740,LQ heat distribution main,transmission,100000,1,20,LQHtransmission2483,LQHtransmission3978,
LQHtransmission2483_to_LQHtransmission3341_heat,#823740,LQ heat distribution main,transmission,100000,1,20,LQHtransmission3341,LQHtransmission2483,
LQHtransmission3341_to_LQHtransmission2822_heat,#823740,LQ heat distribution main,transmission,100000,1,20,LQHtransmission2822,LQHtransmission3341,
LQHtransmission3848_to_LQHtransmission2587_heat,#823740,LQ heat distribution main,transmission,100000,1,20,LQHtransmission2587,LQHtransmission3848,
LQHtransmission2587_to_LQHtransmission2469_heat,#823740,LQ heat distribution main,transmission,100000,1,20,LQHtransmission2469,LQHtransmission2587,
LQHtransmission2469_to_LQHtransmission3048_heat,#823740,LQ heat distribution main,transmission,100000,1,20,LQHtransmission3048,LQHtransmission2469,
LQHtransmission3048_to_LQHtransmission918_heat,#823740,LQ heat distribution main,transmission,100000,1,20,LQHtransmission918,LQHtransmission3048,
LQHtransmission918_to_LQHtransmission4158_heat,#823740,LQ heat distribution main,transmission,100000,1,20,LQHtransmission4158,LQHtransmission918,
LQHtransmission4158_to_LQHtransmission3095_heat,#823740,LQ heat distribution main,transmission,100000,1,20,LQHtransmission3095,LQHtransmission4158,
LQHtransmission3095_to_LQHtransmission655_heat,#823740,LQ heat distribution main,transmission,100000,1,20,LQHtransmission655,LQHtransmission3095,
LQHtransmission655_to_LQHtransmission2072_heat,#823740,LQ heat distribution main,transmission,100000,1,20,LQHtransmission2072,LQHtransmission655,
LQHtransmission2072_to_LQHtransmission3118_heat,#823740,LQ heat distribution main,transmission,100000,1,20,LQHtransmission3118,LQHtransmission2072,
LQHtransmission3118_to_LQHtransmission1530_heat,#823740,LQ heat distribution main,transmission,100000,1,20,LQHtransmission1530,LQHtransmission3118,
LQHtransmission1530_to_LQHtransmission1158_heat,#823740,LQ heat distribution main,transmission,100000,1,20,LQHtransmission1158,LQHtransmission1530,
LQHtransmission1158_to_LQHtransmission4427_heat,#823740,LQ heat distribution main,transmission,100000,1,20,LQHtransmission4427,LQHtransmission1158,
LQHtransmission4427_to_LQHtransmission1990_heat,#823740,LQ heat distribution main,transmission,100000,1,20,LQHtransmission1990,LQHtransmission4427,
LQHtransmission1990_to_LQHtransmission902_heat,#823740,LQ heat distribution main,transmission,100000,1,20,LQHtransmission902,LQHtransmission1990,
LQHtransmission902_to_LQHtransmission3465_heat,#823740,LQ heat distribution main,transmission,100000,1,20,LQHtransmission3465,LQHtransmission902,
LQHtransmission3465_to_LQHtransmission2419_heat,#823740,LQ heat distribution main,transmission,100000,1,20,LQHtransmission2419,LQHtransmission3465,
LQHtransmission2419_to_LQHtransmission2928_heat,#823740,LQ heat distribution main,transmission,100000,1,20,LQHtransmission2928,LQHtransmission2419,
LQHtransmission2928_to_LQHtransmission1475_heat,#823740,LQ heat distribution main,transmission,100000,1,20,LQHtransmission1475,LQHtransmission2928,
LQHtransmission1475_to_LQHtransmission4409_heat,#823740,LQ heat distribution main,transmission,100000,1,20,LQHtransmission4409,LQHtransmission1475,
LQHtransmission4409_to_LQHtransmission534_heat,#823740,LQ heat distribution main,transmission,100000,1,20,LQHtransmission534,LQHtransmission4409,
LQHtransmission534_to_LQHtransmission1237_heat,#823740,LQ heat distribution main,transmission,100000,1,20,LQHtransmission1237,LQHtransmission534,
LQHtransmission1237_to_LQHtransmission3529_heat,#823740,LQ heat distribution main,transmission,100000,1,20,LQHtransmission3529,LQHtransmission1237,
LQHtransmission3529_to_LQHtransmission693_heat,#823740,LQ heat distribution main,transmission,100000,1,20,LQHtransmission693,LQHtransmission3529,
LQHtransmission693_to_LQHtransmission507_heat,#823740,LQ heat distribution main,transmission,100000,1,20,LQHtransmission507,LQHtransmission693,
LQHtransmission507_to_LQHtransmission3754_heat,#823740,LQ heat distribution main,transmission,100000,1,20,LQHtransmission3754,LQHtransmission507,
LQHtransmission3754_to_LQHtransmission4254_heat,#823740,LQ heat distribution main,transmission,100000,1,20,LQHtransmission4254,LQHtransmission3754,
LQHtransmission4254_to_LQHtransmission254_heat,#823740,LQ heat distribution main,transmission,100000,1,20,LQHtransmission254,LQHtransmission4254,
LQHtransmission254_to_LQHtransmission2181_heat,#823740,LQ heat distribution main,transmission,100000,1,20,LQHtransmission2181,LQHtransmission254,
LQHtransmission2181_to_LQHtransmission3124_heat,#823740,LQ heat distribution main,transmission,100000,1,20,LQHtransmission3124,LQHtransmission2181,
LQHtransmission3124_to_LQHtransmission2607_heat,#823740,LQ heat distribution main,transmission,100000,1,20,LQHtransmission2607,LQHtransmission3124,
LQHtransmission2607_to_LQHtransmission4652_heat,#823740,LQ heat distribution main,transmission,100000,1,20,LQHtransmission4652,LQHtransmission2607,
LQHtransmission4652_to_LQHtransmission3918_heat,#823740,LQ heat distribution main,transmission,100000,1,20,LQHtransmission3918,LQHtransmission4652,
LQHtransmission3918_to_LQHtransmission1025_heat,#823740,LQ heat distribution main,transmission,100000,1,20,LQHtransmission1025,LQHtransmission3918,
LQHtransmission1025_to_LQHtransmission714_heat,#823740,LQ heat distribution main,transmission,100000,1,20,LQHtransmission714,LQHtransmission1025,
LQHtransmission714_to_LQHtransmission465_heat,#823740,LQ heat distribution main,transmission,100000,1,20,LQHtransmission465,LQHtransmission714,
LQHtransmission465_to_LQHtransmission4484_heat,#823740,LQ heat distribution main,transmission,100000,1,20,LQHtransmission4484,LQHtransmission465,
LQHtransmission4484_to_LQHtransmission2204_heat,#823740,LQ heat distribution main,transmission,100000,1,20,LQHtransmission2204,LQHtransmission4484,
LQHtransmission4075_to_LQHtransmission4676_heat,#823740,LQ heat distribution main,transmission,100000,1,20,LQHtransmission4676,LQHtransmission4075,
LQHtransmission2756_to_LQHtransmission3872_heat,#823740,LQ heat distribution main,transmission,100000,1,20,LQHtransmission3872,LQHtransmission2756,
LQHtransmission3872_to_LQHtransmission4110_heat,#823740,LQ heat distribution main,transmission,100000,1,20,LQHtransmission4110,LQHtransmission3872,
LQHtransmission4110_to_LQHtransmission3684_heat,#823740,LQ heat distribution main,transmission,100000,1,20,LQHtransmission3684,LQHtransmission4110,
LQHtransmission3684_to_LQHtransmission4693_heat,#823740,LQ heat distribution main,transmission,100000,1,20,LQHtransmission4693,LQHtransmission3684,
LQHtransmission4693_to_LQHtransmission1288_heat,#823740,LQ heat distribution main,transmission,100000,1,20,LQHtransmission1288,LQHtransmission4693,
LQHtransmission1288_to_LQHtransmission1299_heat,#823740,LQ heat distribution main,transmission,100000,1,20,LQHtransmission1299,LQHtransmission1288,
LQHtransmission1299_to_LQHtransmission4116_heat,#823740,LQ heat distribution main,transmission,100000,1,20,LQHtransmission4116,LQHtransmission1299,
LQHtransmission4116_to_LQHtransmission2606_heat,#823740,LQ heat distribution main,transmission,100000,1,20,LQHtransmission2606,LQHtransmission4116,
LQHtransmission2606_to_LQHtransmission2079_heat,#823740,LQ heat distribution main,transmission,100000,1,20,LQHtransmission2079,LQHtransmission2606,
LQHtransmission2079_to_LQHtransmission766_heat,#823740,LQ heat distribution main,transmission,100000,1,20,LQHtransmission766,LQHtransmission2079,
LQHtransmission766_to_LQHtransmission4198_heat,#823740,LQ heat distribution main,transmission,100000,1,20,LQHtransmission4198,LQHtransmission766,
LQHtransmission4198_to_LQHtransmission1999_heat,#823740,LQ heat distribution main,transmission,100000,1,20,LQHtransmission1999,LQHtransmission4198,
LQHtransmission1999_to_LQHtransmission445_heat,#823740,LQ heat distribution main,transmission,100000,1,20,LQHtransmission445,LQHtransmission1999,
LQHtransmission445_to_LQHtransmission3802_heat,#823740,LQ heat distribution main,transmission,100000,1,20,LQHtransmission3802,LQHtransmission445,
LQHtransmission3802_to_LQHtransmission1726_heat,#823740,LQ heat distribution main,transmission,100000,1,20,LQHtransmission1726,LQHtransmission3802,
LQHtransmission1726_to_LQHtransmission627_heat,#823740,LQ heat distribution main,transmission,100000,1,20,LQHtransmission627,LQHtransmission1726,
LQHtransmission627_to_LQHtransmission2548_heat,#823740,LQ heat distribution main,transmission,100000,1,20,LQHtransmission2548,LQHtransmission627,
LQHtransmission2548_to_LQHtransmission2133_heat,#823740,LQ heat distribution main,transmission,100000,1,20,LQHtransmission2133,LQHtransmission2548,
LQHtransmission2133_to_LQHtransmission1490_heat,#823740,LQ heat distribution main,transmission,100000,1,20,LQHtransmission1490,LQHtransmission2133,
LQHtransmission461_to_LQHtransmission2474_heat,#823740,LQ heat distribution main,transmission,100000,1,20,LQHtransmission2474,LQHtransmission461,
LQHtransmission2474_to_LQHtransmission4576_heat,#823740,LQ heat distribution main,transmission,100000,1,20,LQHtransmission4576,LQHtransmission2474,
LQHtransmission4576_to_LQHtransmission21_heat,#823740,LQ heat distribution main,transmission,100000,1,20,LQHtransmission21,LQHtransmission4576,
LQHtransmission21_to_LQHtransmission3001_heat,#823740,LQ heat distribution main,transmission,100000,1,20,LQHtransmission3001,LQHtransmission21,
LQHtransmission3001_to_LQHtransmission3875_heat,#823740,LQ heat distribution main,transmission,100000,1,20,LQHtransmission3875,LQHtransmission3001,
LQHtransmission3875_to_LQHtransmission1575_heat,#823740,LQ heat distribution main,transmission,100000,1,20,LQHtransmission1575,LQHtransmission3875,
LQHtransmission1575_to_LQHtransmission3140_heat,#823740,LQ heat distribution main,transmission,100000,1,20,LQHtransmission3140,LQHtransmission1575,
LQHtransmission3140_to_LQHtransmission1194_heat,#823740,LQ heat distribution main,transmission,100000,1,20,LQHtransmission1194,LQHtransmission3140,
LQHtransmission1194_to_LQHtransmission2695_heat,#823740,LQ heat distribution main,transmission,100000,1,20,LQHtransmission2695,LQHtransmission1194,
LQHtransmission2695_to_LQHtransmission3013_heat,#823740,LQ heat distribution main,transmission,100000,1,20,LQHtransmission3013,LQHtransmission2695,
LQHtransmission3013_to_LQHtransmission61_heat,#823740,LQ heat distribution main,transmission,100000,1,20,LQHtransmission61,LQHtransmission3013,
LQHtransmission61_to_LQHtransmission84_heat,#823740,LQ heat distribution main,transmission,100000,1,20,LQHtransmission84,LQHtransmission61,
LQHtransmission84_to_LQHtransmission4528_heat,#823740,LQ heat distribution main,transmission,100000,1,20,LQHtransmission4528,LQHtransmission84,
LQHtransmission4528_to_LQHtransmission2646_heat,#823740,LQ heat distribution main,transmission,100000,1,20,LQHtransmission2646,LQHtransmission4528,
LQHtransmission2646_to_LQHtransmission914_heat,#823740,LQ heat distribution main,transmission,100000,1,20,LQHtransmission914,LQHtransmission2646,
LQHtransmission914_to_LQHtransmission1176_heat,#823740,LQ heat distribution main,transmission,100000,1,20,LQHtransmission1176,LQHtransmission914,
LQHtransmission3411_to_LQHtransmission307_heat,#823740,LQ heat distribution main,transmission,100000,1,20,LQHtransmission307,LQHtransmission3411,
LQHtransmission307_to_LQHtransmission2961_heat,#823740,LQ heat distribution main,transmission,100000,1,20,LQHtransmission2961,LQHtransmission307,
LQHtransmission2227_to_LQHtransmission1704_heat,#823740,LQ heat distribution main,transmission,100000,1,20,LQHtransmission1704,LQHtransmission2227,
LQHtransmission1704_to_LQHtransmission1708_heat,#823740,LQ heat distribution main,transmission,100000,1,20,LQHtransmission1708,LQHtransmission1704,
LQHtransmission1708_to_LQHtransmission3864_heat,#823740,LQ heat distribution main,transmission,100000,1,20,LQHtransmission3864,LQHtransmission1708,
LQHtransmission3864_to_LQHtransmission4281_heat,#823740,LQ heat distribution main,transmission,100000,1,20,LQHtransmission4281,LQHtransmission3864,
LQHtransmission4281_to_LQHtransmission1012_heat,#823740,LQ heat distribution main,transmission,100000,1,20,LQHtransmission1012,LQHtransmission4281,
LQHtransmission1012_to_LQHtransmission446_heat,#823740,LQ heat distribution main,transmission,100000,1,20,LQHtransmission446,LQHtransmission1012,
LQHtransmission446_to_LQHtransmission4644_heat,#823740,LQ heat distribution main,transmission,100000,1,20,LQHtransmission4644,LQHtransmission446,
LQHtransmission4644_to_LQHtransmission4175_heat,#823740,LQ heat distribution main,transmission,100000,1,20,LQHtransmission4175,LQHtransmission4644,
LQHtransmission4175_to_LQHtransmission2301_heat,#823740,LQ heat distribution main,transmission,100000,1,20,LQHtransmission2301,LQHtransmission4175,
LQHtransmission2301_to_LQHtransmission2478_heat,#823740,LQ heat distribution main,transmission,100000,1,20,LQHtransmission2478,LQHtransmission2301,
LQHtransmission2478_to_LQHtransmission4323_heat,#823740,LQ heat distribution main,transmission,100000,1,20,LQHtransmission4323,LQHtransmission2478,
LQHtransmission4323_to_LQHtransmission3851_heat,#823740,LQ heat distribution main,transmission,100000,1,20,LQHtransmission3851,LQHtransmission4323,
LQHtransmission3851_to_LQHtransmission121_heat,#823740,LQ heat distribution main,transmission,100000,1,20,LQHtransmission121,LQHtransmission3851,
LQHtransmission121_to_LQHtransmission3023_heat,#823740,LQ heat distribution main,transmission,100000,1,20,LQHtransmission3023,LQHtransmission121,
LQHtransmission3023_to_LQHtransmission3174_heat,#823740,LQ heat distribution main,transmission,100000,1,20,LQHtransmission3174,LQHtransmission3023,
LQHtransmission3174_to_LQHtransmission4327_heat,#823740,LQ heat distribution main,transmission,100000,1,20,LQHtransmission4327,LQHtransmission3174,
LQHtransmission4327_to_LQHtransmission4593_heat,#823740,LQ heat distribution main,transmission,100000,1,20,LQHtransmission4593,LQHtransmission4327,
LQHtransmission4593_to_LQHtransmission2426_heat,#823740,LQ heat distribution main,transmission,100000,1,20,LQHtransmission2426,LQHtransmission4593,
LQHtransmission2426_to_LQHtransmission2454_heat,#823740,LQ heat distribution main,transmission,100000,1,20,LQHtransmission2454,LQHtransmission2426,
LQHtransmission2454_to_LQHtransmission4499_heat,#823740,LQ heat distribution main,transmission,100000,1,20,LQHtransmission4499,LQHtransmission2454,
LQHtransmission4499_to_LQHtransmission245_heat,#823740,LQ heat distribution main,transmission,100000,1,20,LQHtransmission245,LQHtransmission4499,
LQHtransmission245_to_LQHtransmission228_heat,#823740,LQ heat distribution main,transmission,100000,1,20,LQHtransmission228,LQHtransmission245,
LQHtransmission228_to_LQHtransmission725_heat,#823740,LQ heat distribution main,transmission,100000,1,20,LQHtransmission725,LQHtransmission228,
LQHtransmission725_to_LQHtransmission788_heat,#823740,LQ heat distribution main,transmission,100000,1,20,LQHtransmission788,LQHtransmission725,
LQHtransmission788_to_LQHtransmission1537_heat,#823740,LQ heat distribution main,transmission,100000,1,20,LQHtransmission1537,LQHtransmission788,
LQHtransmission1537_to_LQHtransmission1821_heat,#823740,LQ heat distribution main,transmission,100000,1,20,LQHtransmission1821,LQHtransmission1537,
LQHtransmission1821_to_LQHtransmission2796_heat,#823740,LQ heat distribution main,transmission,100000,1,20,LQHtransmission2796,LQHtransmission1821,
LQHtransmission2796_to_LQHtransmission4329_heat,#823740,LQ heat distribution main,transmission,100000,1,20,LQHtransmission4329,LQHtransmission2796,
LQHtransmission2135_to_LQHtransmission3480_heat,#823740,LQ heat distribution main,transmission,100000,1,20,LQHtransmission3480,LQHtransmission2135,
LQHtransmission3480_to_LQHtransmission2175_heat,#823740,LQ heat distribution main,transmission,100000,1,20,LQHtransmission2175,LQHtransmission3480,
LQHtransmission2175_to_LQHtransmission2350_heat,#823740,LQ heat distribution main,transmission,100000,1,20,LQHtransmission2350,LQHtransmission2175,
LQHtransmission2350_to_LQHtransmission353_heat,#823740,LQ heat distribution main,transmission,100000,1,20,LQHtransmission353,LQHtransmission2350,
LQHtransmission353_to_LQHtransmission1515_heat,#823740,LQ heat distribution main,transmission,100000,1,20,LQHtransmission1515,LQHtransmission353,
LQHtransmission1515_to_LQHtransmission4212_heat,#823740,LQ heat distribution main,transmission,100000,1,20,LQHtransmission4212,LQHtransmission1515,
LQHtransmission4212_to_LQHtransmission4672_heat,#823740,LQ heat distribution main,transmission,100000,1,20,LQHtransmission4672,LQHtransmission4212,
LQHtransmission4672_to_LQHtransmission4663_heat,#823740,LQ heat distribution main,transmission,100000,1,20,LQHtransmission4663,LQHtransmission4672,
LQHtransmission4663_to_LQHtransmission1449_heat,#823740,LQ heat distribution main,transmission,100000,1,20,LQHtransmission1449,LQHtransmission4663,
LQHtransmission1449_to_LQHtransmission4296_heat,#823740,LQ heat distribution main,transmission,100000,1,20,LQHtransmission4296,LQHtransmission1449,
LQHtransmission4296_to_LQHtransmission4540_heat,#823740,LQ heat distribution main,transmission,100000,1,20,LQHtransmission4540,LQHtransmission4296,
LQHtransmission4540_to_LQHtransmission3263_heat,#823740,LQ heat distribution main,transmission,100000,1,20,LQHtransmission3263,LQHtransmission4540,
LQHtransmission3263_to_LQHtransmission4039_heat,#823740,LQ heat distribution main,transmission,100000,1,20,LQHtransmission4039,LQHtransmission3263,
LQHtransmission4039_to_LQHtransmission3188_heat,#823740,LQ heat distribution main,transmission,100000,1,20,LQHtransmission3188,LQHtransmission4039,
LQHtransmission3188_to_LQHtransmission458_heat,#823740,LQ heat distribution main,transmission,100000,1,20,LQHtransmission458,LQHtransmission3188,
LQHtransmission458_to_LQHtransmission2147_heat,#823740,LQ heat distribution main,transmission,100000,1,20,LQHtransmission2147,LQHtransmission458,
LQHtransmission2147_to_LQHtransmission166_heat,#823740,LQ heat distribution main,transmission,100000,1,20,LQHtransmission166,LQHtransmission2147,
LQHtransmission166_to_LQHtransmission3302_heat,#823740,LQ heat distribution main,transmission,100000,1,20,LQHtransmission3302,LQHtransmission166,
LQHtransmission3302_to_LQHtransmission3396_heat,#823740,LQ heat distribution main,transmission,100000,1,20,LQHtransmission3396,LQHtransmission3302,
LQHtransmission3396_to_LQHtransmission1877_heat,#823740,LQ heat distribution main,transmission,100000,1,20,LQHtransmission1877,LQHtransmission3396,
LQHtransmission1877_to_LQHtransmission4047_heat,#823740,LQ heat distribution main,transmission,100000,1,20,LQHtransmission4047,LQHtransmission1877,
LQHtransmission4047_to_LQHtransmission1880_heat,#823740,LQ heat distribution main,transmission,100000,1,20,LQHtransmission1880,LQHtransmission4047,
LQHtransmission1880_to_LQHtransmission1463_heat,#823740,LQ heat distribution main,transmission,100000,1,20,LQHtransmission1463,LQHtransmission1880,
LQHtransmission1463_to_LQHtransmission1372_heat,#823740,LQ heat distribution main,transmission,100000,1,20,LQHtransmission1372,LQHtransmission1463,
LQHtransmission1372_to_LQHtransmission4392_heat,#823740,LQ heat distribution main,transmission,100000,1,20,LQHtransmission4392,LQHtransmission1372,
LQHtransmission4392_to_LQHtransmission746_heat,#823740,LQ heat distribution main,transmission,100000,1,20,LQHtransmission746,LQHtransmission4392,
LQHtransmission746_to_LQHtransmission163_heat,#823740,LQ heat distribution main,transmission,100000,1,20,LQHtransmission163,LQHtransmission746,
LQHtransmission163_to_LQHtransmission2679_heat,#823740,LQ heat distribution main,transmission,100000,1,20,LQHtransmission2679,LQHtransmission163,
LQHtransmission2679_to_LQHtransmission1788_heat,#823740,LQ heat distribution main,transmission,100000,1,20,LQHtransmission1788,LQHtransmission2679,
LQHtransmission2036_to_LQHtransmission3631_heat,#823740,LQ heat distribution main,transmission,100000,1,20,LQHtransmission3631,LQHtransmission2036,
LQHtransmission3631_to_LQHtransmission158_heat,#823740,LQ heat distribution main,transmission,100000,1,20,LQHtransmission158,LQHtransmission3631,
LQHtransmission158_to_LQHtransmission2875_heat,#823740,LQ heat distribution main,transmission,100000,1,20,LQHtransmission2875,LQHtransmission158,
LQHtransmission2875_to_LQHtransmission3752_heat,#823740,LQ heat distribution main,transmission,100000,1,20,LQHtransmission3752,LQHtransmission2875,
LQHtransmission3208_to_LQHtransmission605_heat,#823740,LQ heat distribution main,transmission,100000,1,20,LQHtransmission605,LQHtransmission3208,
LQHtransmission605_to_LQHtransmission5_heat,#823740,LQ heat distribution main,transmission,100000,1,20,LQHtransmission5,LQHtransmission605,
LQHtransmission5_to_LQHtransmission508_heat,#823740,LQ heat distribution main,transmission,100000,1,20,LQHtransmission508,LQHtransmission5,
LQHtransmission508_to_LQHtransmission3080_heat,#823740,LQ heat distribution main,transmission,100000,1,20,LQHtransmission3080,LQHtransmission508,
LQHtransmission3080_to_LQHtransmission3537_heat,#823740,LQ heat distribution main,transmission,100000,1,20,LQHtransmission3537,LQHtransmission3080,
LQHtransmission3537_to_LQHtransmission567_heat,#823740,LQ heat distribution main,transmission,100000,1,20,LQHtransmission567,LQHtransmission3537,
LQHtransmission2238_to_LQHtransmission3797_heat,#823740,LQ heat distribution main,transmission,100000,1,20,LQHtransmission3797,LQHtransmission2238,
LQHtransmission3797_to_LQHtransmission4077_heat,#823740,LQ heat distribution main,transmission,100000,1,20,LQHtransmission4077,LQHtransmission3797,
LQHtransmission4077_to_LQHtransmission1420_heat,#823740,LQ heat distribution main,transmission,100000,1,20,LQHtransmission1420,LQHtransmission4077,
LQHtransmission1420_to_LQHtransmission690_heat,#823740,LQ heat distribution main,transmission,100000,1,20,LQHtransmission690,LQHtransmission1420,
LQHtransmission690_to_LQHtransmission1755_heat,#823740,LQ heat distribution main,transmission,100000,1,20,LQHtransmission1755,LQHtransmission690,
LQHtransmission2036_to_LQHtransmission1067_heat,#823740,LQ heat distribution main,transmission,100000,1,20,LQHtransmission1067,LQHtransmission2036,
LQHtransmission1067_to_LQHtransmission2911_heat,#823740,LQ heat distribution main,transmission,100000,1,20,LQHtransmission2911,LQHtransmission1067,
LQHtransmission2911_to_LQHtransmission4429_heat,#823740,LQ heat distribution main,transmission,100000,1,20,LQHtransmission4429,LQHtransmission2911,
LQHtransmission4429_to_LQHtransmission113_heat,#823740,LQ heat distribution main,transmission,100000,1,20,LQHtransmission113,LQHtransmission4429,
LQHtransmission113_to_LQHtransmission2176_heat,#823740,LQ heat distribution main,transmission,100000,1,20,LQHtransmission2176,LQHtransmission113,
LQHtransmission2176_to_LQHtransmission256_heat,#823740,LQ heat distribution main,transmission,100000,1,20,LQHtransmission256,LQHtransmission2176,
LQHtransmission256_to_LQHtransmission1874_heat,#823740,LQ heat distribution main,transmission,100000,1,20,LQHtransmission1874,LQHtransmission256,
LQHtransmission1874_to_LQHtransmission703_heat,#823740,LQ heat distribution main,transmission,100000,1,20,LQHtransmission703,LQHtransmission1874,
LQHtransmission703_to_LQHtransmission233_heat,#823740,LQ heat distribution main,transmission,100000,1,20,LQHtransmission233,LQHtransmission703,
LQHtransmission233_to_LQHtransmission2475_heat,#823740,LQ heat distribution main,transmission,100000,1,20,LQHtransmission2475,LQHtransmission233,
LQHtransmission2475_to_LQHtransmission406_heat,#823740,LQ heat distribution main,transmission,100000,1,20,LQHtransmission406,LQHtransmission2475,
LQHtransmission406_to_LQHtransmission4000_heat,#823740,LQ heat distribution main,transmission,100000,1,20,LQHtransmission4000,LQHtransmission406,
LQHtransmission4000_to_LQHtransmission1085_heat,#823740,LQ heat distribution main,transmission,100000,1,20,LQHtransmission1085,LQHtransmission4000,
LQHtransmission1085_to_LQHtransmission2086_heat,#823740,LQ heat distribution main,transmission,100000,1,20,LQHtransmission2086,LQHtransmission1085,
LQHtransmission2086_to_LQHtransmission236_heat,#823740,LQ heat distribution main,transmission,100000,1,20,LQHtransmission236,LQHtransmission2086,
LQHtransmission236_to_LQHtransmission2533_heat,#823740,LQ heat distribution main,transmission,100000,1,20,LQHtransmission2533,LQHtransmission236,
LQHtransmission2533_to_LQHtransmission1103_heat,#823740,LQ heat distribution main,transmission,100000,1,20,LQHtransmission1103,LQHtransmission2533,
LQHtransmission1103_to_LQHtransmission4494_heat,#823740,LQ heat distribution main,transmission,100000,1,20,LQHtransmission4494,LQHtransmission1103,
LQHtransmission4494_to_LQHtransmission2163_heat,#823740,LQ heat distribution main,transmission,100000,1,20,LQHtransmission2163,LQHtransmission4494,
LQHtransmission2163_to_LQHtransmission632_heat,#823740,LQ heat distribution main,transmission,100000,1,20,LQHtransmission632,LQHtransmission2163,
LQHtransmission632_to_LQHtransmission3562_heat,#823740,LQ heat distribution main,transmission,100000,1,20,LQHtransmission3562,LQHtransmission632,
LQHtransmission3562_to_LQHtransmission691_heat,#823740,LQ heat distribution main,transmission,100000,1,20,LQHtransmission691,LQHtransmission3562,
LQHtransmission691_to_LQHtransmission2229_heat,#823740,LQ heat distribution main,transmission,100000,1,20,LQHtransmission2229,LQHtransmission691,
LQHtransmission2229_to_LQHtransmission727_heat,#823740,LQ heat distribution main,transmission,100000,1,20,LQHtransmission727,LQHtransmission2229,
LQHtransmission727_to_LQHtransmission4711_heat,#823740,LQ heat distribution main,transmission,100000,1,20,LQHtransmission4711,LQHtransmission727,
LQHtransmission4711_to_LQHtransmission947_heat,#823740,LQ heat distribution main,transmission,100000,1,20,LQHtransmission947,LQHtransmission4711,
LQHtransmission947_to_LQHtransmission2840_heat,#823740,LQ heat distribution main,transmission,100000,1,20,LQHtransmission2840,LQHtransmission947,
LQHtransmission2840_to_LQHtransmission637_heat,#823740,LQ heat distribution main,transmission,100000,1,20,LQHtransmission637,LQHtransmission2840,
LQHtransmission637_to_LQHtransmission2901_heat,#823740,LQ heat distribution main,transmission,100000,1,20,LQHtransmission2901,LQHtransmission637,
LQHtransmission2901_to_LQHtransmission793_heat,#823740,LQ heat distribution main,transmission,100000,1,20,LQHtransmission793,LQHtransmission2901,
LQHtransmission793_to_LQHtransmission1800_heat,#823740,LQ heat distribution main,transmission,100000,1,20,LQHtransmission1800,LQHtransmission793,
LQHtransmission1800_to_LQHtransmission920_heat,#823740,LQ heat distribution main,transmission,100000,1,20,LQHtransmission920,LQHtransmission1800,
LQHtransmission920_to_LQHtransmission2167_heat,#823740,LQ heat distribution main,transmission,100000,1,20,LQHtransmission2167,LQHtransmission920,
LQHtransmission2167_to_LQHtransmission4163_heat,#823740,LQ heat distribution main,transmission,100000,1,20,LQHtransmission4163,LQHtransmission2167,
LQHtransmission4163_to_LQHtransmission3493_heat,#823740,LQ heat distribution main,transmission,100000,1,20,LQHtransmission3493,LQHtransmission4163,
LQHtransmission3493_to_LQHtransmission2742_heat,#823740,LQ heat distribution main,transmission,100000,1,20,LQHtransmission2742,LQHtransmission3493,
LQHtransmission2742_to_LQHtransmission1938_heat,#823740,LQ heat distribution main,transmission,100000,1,20,LQHtransmission1938,LQHtransmission2742,
LQHtransmission1938_to_LQHtransmission2544_heat,#823740,LQ heat distribution main,transmission,100000,1,20,LQHtransmission2544,LQHtransmission1938,
LQHtransmission2544_to_LQHtransmission3744_heat,#823740,LQ heat distribution main,transmission,100000,1,20,LQHtransmission3744,LQHtransmission2544,
LQHtransmission3744_to_LQHtransmission4608_heat,#823740,LQ heat distribution main,transmission,100000,1,20,LQHtransmission4608,LQHtransmission3744,
LQHtransmission4608_to_LQHtransmission3199_heat,#823740,LQ heat distribution main,transmission,100000,1,20,LQHtransmission3199,LQHtransmission4608,
LQHtransmission3199_to_LQHtransmission1164_heat,#823740,LQ heat distribution main,transmission,100000,1,20,LQHtransmission1164,LQHtransmission3199,
LQHtransmission1164_to_LQHtransmission4679_heat,#823740,LQ heat distribution main,transmission,100000,1,20,LQHtransmission4679,LQHtransmission1164,
LQHtransmission4679_to_LQHtransmission3059_heat,#823740,LQ heat distribution main,transmission,100000,1,20,LQHtransmission3059,LQHtransmission4679,
LQHtransmission3059_to_LQHtransmission4689_heat,#823740,LQ heat distribution main,transmission,100000,1,20,LQHtransmission4689,LQHtransmission3059,
LQHtransmission4689_to_LQHtransmission4125_heat,#823740,LQ heat distribution main,transmission,100000,1,20,LQHtransmission4125,LQHtransmission4689,
LQHtransmission4125_to_LQHtransmission3999_heat,#823740,LQ heat distribution main,transmission,100000,1,20,LQHtransmission3999,LQHtransmission4125,
LQHtransmission3999_to_LQHtransmission4134_heat,#823740,LQ heat distribution main,transmission,100000,1,20,LQHtransmission4134,LQHtransmission3999,
LQHtransmission4134_to_LQHtransmission3572_heat,#823740,LQ heat distribution main,transmission,100000,1,20,LQHtransmission3572,LQHtransmission4134,
LQHtransmission3572_to_LQHtransmission799_heat,#823740,LQ heat distribution main,transmission,100000,1,20,LQHtransmission799,LQHtransmission3572,
LQHtransmission799_to_LQHtransmission1699_heat,#823740,LQ heat distribution main,transmission,100000,1,20,LQHtransmission1699,LQHtransmission799,
LQHtransmission1699_to_LQHtransmission1344_heat,#823740,LQ heat distribution main,transmission,100000,1,20,LQHtransmission1344,LQHtransmission1699,
LQHtransmission1344_to_LQHtransmission29_heat,#823740,LQ heat distribution main,transmission,100000,1,20,LQHtransmission29,LQHtransmission1344,
LQHtransmission29_to_LQHtransmission960_heat,#823740,LQ heat distribution main,transmission,100000,1,20,LQHtransmission960,LQHtransmission29,
LQHtransmission960_to_LQHtransmission2553_heat,#823740,LQ heat distribution main,transmission,100000,1,20,LQHtransmission2553,LQHtransmission960,
LQHtransmission1627_to_LQHtransmission3983_heat,#823740,LQ heat distribution main,transmission,100000,1,20,LQHtransmission3983,LQHtransmission1627,
LQHtransmission2387_to_LQHtransmission199_heat,#823740,LQ heat distribution main,transmission,100000,1,20,LQHtransmission199,LQHtransmission2387,
LQHtransmission3053_to_LQHtransmission2660_heat,#823740,LQ heat distribution main,transmission,100000,1,20,LQHtransmission2660,LQHtransmission3053,
LQHtransmission2311_to_LQHtransmission633_heat,#823740,LQ heat distribution main,transmission,100000,1,20,LQHtransmission633,LQHtransmission2311,
LQHtransmission633_to_LQHtransmission2953_heat,#823740,LQ heat distribution main,transmission,100000,1,20,LQHtransmission2953,LQHtransmission633,
LQHtransmission2953_to_LQHtransmission1313_heat,#823740,LQ heat distribution main,transmission,100000,1,20,LQHtransmission1313,LQHtransmission2953,
LQHtransmission368_to_LQHtransmission2096_heat,#823740,LQ heat distribution main,transmission,100000,1,20,LQHtransmission2096,LQHtransmission368,
LQHtransmission1201_to_LQHtransmission1757_heat,#823740,LQ heat distribution main,transmission,100000,1,20,LQHtransmission1757,LQHtransmission1201,
LQHtransmission1757_to_LQHtransmission1784_heat,#823740,LQ heat distribution main,transmission,100000,1,20,LQHtransmission1784,LQHtransmission1757,
LQHtransmission1784_to_LQHtransmission4572_heat,#823740,LQ heat distribution main,transmission,100000,1,20,LQHtransmission4572,LQHtransmission1784,
LQHtransmission4572_to_LQHtransmission3483_heat,#823740,LQ heat distribution main,transmission,100000,1,20,LQHtransmission3483,LQHtransmission4572,
LQHtransmission3483_to_LQHtransmission4033_heat,#823740,LQ heat distribution main,transmission,100000,1,20,LQHtransmission4033,LQHtransmission3483,
LQHtransmission4033_to_LQHtransmission1076_heat,#823740,LQ heat distribution main,transmission,100000,1,20,LQHtransmission1076,LQHtransmission4033,
LQHtransmission1076_to_LQHtransmission2311_heat,#823740,LQ heat distribution main,transmission,100000,1,20,LQHtransmission2311,LQHtransmission1076,
LQHtransmission428_to_LQHtransmission2772_heat,#823740,LQ heat distribution main,transmission,100000,1,20,LQHtransmission2772,LQHtransmission428,
LQHtransmission2772_to_LQHtransmission3962_heat,#823740,LQ heat distribution main,transmission,100000,1,20,LQHtransmission3962,LQHtransmission2772,
LQHtransmission3962_to_LQHtransmission1314_heat,#823740,LQ heat distribution main,transmission,100000,1,20,LQHtransmission1314,LQHtransmission3962,
LQHtransmission1314_to_LQHtransmission4730_heat,#823740,LQ heat distribution main,transmission,100000,1,20,LQHtransmission4730,LQHtransmission1314,
LQHtransmission2345_to_LQHtransmission3223_heat,#823740,LQ heat distribution main,transmission,100000,1,20,LQHtransmission3223,LQHtransmission2345,
LQHtransmission3223_to_LQHtransmission3695_heat,#823740,LQ heat distribution main,transmission,100000,1,20,LQHtransmission3695,LQHtransmission3223,
LQHtransmission3695_to_LQHtransmission4075_heat,#823740,LQ heat distribution main,transmission,100000,1,20,LQHtransmission4075,LQHtransmission3695,
LQHtransmission1347_to_LQHtransmission881_heat,#823740,LQ heat distribution main,transmission,100000,1,20,LQHtransmission881,LQHtransmission1347,
LQHtransmission881_to_LQHtransmission3522_heat,#823740,LQ heat distribution main,transmission,100000,1,20,LQHtransmission3522,LQHtransmission881,
LQHtransmission3522_to_LQHtransmission1453_heat,#823740,LQ heat distribution main,transmission,100000,1,20,LQHtransmission1453,LQHtransmission3522,
LQHtransmission1453_to_LQHtransmission2734_heat,#823740,LQ heat distribution main,transmission,100000,1,20,LQHtransmission2734,LQHtransmission1453,
LQHtransmission2734_to_LQHtransmission1824_heat,#823740,LQ heat distribution main,transmission,100000,1,20,LQHtransmission1824,LQHtransmission2734,
LQHtransmission1824_to_LQHtransmission2870_heat,#823740,LQ heat distribution main,transmission,100000,1,20,LQHtransmission2870,LQHtransmission1824,
LQHtransmission2870_to_LQHtransmission31_heat,#823740,LQ heat distribution main,transmission,100000,1,20,LQHtransmission31,LQHtransmission2870,
LQHtransmission31_to_LQHtransmission4611_heat,#823740,LQ heat distribution main,transmission,100000,1,20,LQHtransmission4611,LQHtransmission31,
LQHtransmission4611_to_LQHtransmission1989_heat,#823740,LQ heat distribution main,transmission,100000,1,20,LQHtransmission1989,LQHtransmission4611,
LQHtransmission1989_to_LQHtransmission2909_heat,#823740,LQ heat distribution main,transmission,100000,1,20,LQHtransmission2909,LQHtransmission1989,
LQHtransmission2909_to_LQHtransmission3384_heat,#823740,LQ heat distribution main,transmission,100000,1,20,LQHtransmission3384,LQHtransmission2909,
LQHtransmission3384_to_LQHtransmission874_heat,#823740,LQ heat distribution main,transmission,100000,1,20,LQHtransmission874,LQHtransmission3384,
LQHtransmission874_to_LQHtransmission3491_heat,#823740,LQ heat distribution main,transmission,100000,1,20,LQHtransmission3491,LQHtransmission874,
LQHtransmission3491_to_LQHtransmission426_heat,#823740,LQ heat distribution main,transmission,100000,1,20,LQHtransmission426,LQHtransmission3491,
LQHtransmission426_to_LQHtransmission1329_heat,#823740,LQ heat distribution main,transmission,100000,1,20,LQHtransmission1329,LQHtransmission426,
LQHtransmission1329_to_LQHtransmission2999_heat,#823740,LQ heat distribution main,transmission,100000,1,20,LQHtransmission2999,LQHtransmission1329,
LQHtransmission2999_to_LQHtransmission4012_heat,#823740,LQ heat distribution main,transmission,100000,1,20,LQHtransmission4012,LQHtransmission2999,
LQHtransmission4012_to_LQHtransmission926_heat,#823740,LQ heat distribution main,transmission,100000,1,20,LQHtransmission926,LQHtransmission4012,
LQHtransmission926_to_LQHtransmission2755_heat,#823740,LQ heat distribution main,transmission,100000,1,20,LQHtransmission2755,LQHtransmission926,
LQHtransmission2755_to_LQHtransmission241_heat,#823740,LQ heat distribution main,transmission,100000,1,20,LQHtransmission241,LQHtransmission2755,
LQHtransmission241_to_LQHtransmission1577_heat,#823740,LQ heat distribution main,transmission,100000,1,20,LQHtransmission1577,LQHtransmission241,
LQHtransmission1577_to_LQHtransmission594_heat,#823740,LQ heat distribution main,transmission,100000,1,20,LQHtransmission594,LQHtransmission1577,
LQHtransmission594_to_LQHtransmission431_heat,#823740,LQ heat distribution main,transmission,100000,1,20,LQHtransmission431,LQHtransmission594,
LQHtransmission431_to_LQHtransmission4634_heat,#823740,LQ heat distribution main,transmission,100000,1,20,LQHtransmission4634,LQHtransmission431,
LQHtransmission4634_to_LQHtransmission4347_heat,#823740,LQ heat distribution main,transmission,100000,1,20,LQHtransmission4347,LQHtransmission4634,
LQHtransmission4347_to_LQHtransmission3447_heat,#823740,LQ heat distribution main,transmission,100000,1,20,LQHtransmission3447,LQHtransmission4347,
LQHtransmission3447_to_LQHtransmission856_heat,#823740,LQ heat distribution main,transmission,100000,1,20,LQHtransmission856,LQHtransmission3447,
LQHtransmission856_to_LQHtransmission921_heat,#823740,LQ heat distribution main,transmission,100000,1,20,LQHtransmission921,LQHtransmission856,
LQHtransmission921_to_LQHtransmission1497_heat,#823740,LQ heat distribution main,transmission,100000,1,20,LQHtransmission1497,LQHtransmission921,
LQHtransmission1497_to_LQHtransmission4178_heat,#823740,LQ heat distribution main,transmission,100000,1,20,LQHtransmission4178,LQHtransmission1497,
LQHtransmission4178_to_LQHtransmission2402_heat,#823740,LQ heat distribution main,transmission,100000,1,20,LQHtransmission2402,LQHtransmission4178,
LQHtransmission2402_to_LQHtransmission3167_heat,#823740,LQ heat distribution main,transmission,100000,1,20,LQHtransmission3167,LQHtransmission2402,
LQHtransmission260_to_LQHtransmission4168_heat,#823740,LQ heat distribution main,transmission,100000,1,20,LQHtransmission4168,LQHtransmission260,
LQHtransmission4168_to_LQHtransmission1429_heat,#823740,LQ heat distribution main,transmission,100000,1,20,LQHtransmission1429,LQHtransmission4168,
LQHtransmission1429_to_LQHtransmission4205_heat,#823740,LQ heat distribution main,transmission,100000,1,20,LQHtransmission4205,LQHtransmission1429,
LQHtransmission4205_to_LQHtransmission3312_heat,#823740,LQ heat distribution main,transmission,100000,1,20,LQHtransmission3312,LQHtransmission4205,
LQHtransmission3312_to_LQHtransmission4277_heat,#823740,LQ heat distribution main,transmission,100000,1,20,LQHtransmission4277,LQHtransmission3312,
LQHtransmission4277_to_LQHtransmission2538_heat,#823740,LQ heat distribution main,transmission,100000,1,20,LQHtransmission2538,LQHtransmission4277,
LQHtransmission2538_to_LQHtransmission621_heat,#823740,LQ heat distribution main,transmission,100000,1,20,LQHtransmission621,LQHtransmission2538,
LQHtransmission621_to_LQHtransmission1831_heat,#823740,LQ heat distribution main,transmission,100000,1,20,LQHtransmission1831,LQHtransmission621,
LQHtransmission1831_to_LQHtransmission1110_heat,#823740,LQ heat distribution main,transmission,100000,1,20,LQHtransmission1110,LQHtransmission1831,
LQHtransmission1110_to_LQHtransmission946_heat,#823740,LQ heat distribution main,transmission,100000,1,20,LQHtransmission946,LQHtransmission1110,
LQHtransmission946_to_LQHtransmission930_heat,#823740,LQ heat distribution main,transmission,100000,1,20,LQHtransmission930,LQHtransmission946,
LQHtransmission930_to_LQHtransmission80_heat,#823740,LQ heat distribution main,transmission,100000,1,20,LQHtransmission80,LQHtransmission930,
LQHtransmission80_to_LQHtransmission2732_heat,#823740,LQ heat distribution main,transmission,100000,1,20,LQHtransmission2732,LQHtransmission80,
LQHtransmission2732_to_LQHtransmission3318_heat,#823740,LQ heat distribution main,transmission,100000,1,20,LQHtransmission3318,LQHtransmission2732,
LQHtransmission3318_to_LQHtransmission298_heat,#823740,LQ heat distribution main,transmission,100000,1,20,LQHtransmission298,LQHtransmission3318,
LQHtransmission298_to_LQHtransmission3538_heat,#823740,LQ heat distribution main,transmission,100000,1,20,LQHtransmission3538,LQHtransmission298,
LQHtransmission3538_to_LQHtransmission1702_heat,#823740,LQ heat distribution main,transmission,100000,1,20,LQHtransmission1702,LQHtransmission3538,
LQHtransmission1702_to_LQHtransmission1850_heat,#823740,LQ heat distribution main,transmission,100000,1,20,LQHtransmission1850,LQHtransmission1702,
LQHtransmission2895_to_LQHtransmission4678_heat,#823740,LQ heat distribution main,transmission,100000,1,20,LQHtransmission4678,LQHtransmission2895,
LQHtransmission489_to_LQHtransmission4161_heat,#823740,LQ heat distribution main,transmission,100000,1,20,LQHtransmission4161,LQHtransmission489,
LQHtransmission4161_to_LQHtransmission1036_heat,#823740,LQ heat distribution main,transmission,100000,1,20,LQHtransmission1036,LQHtransmission4161,
LQHtransmission1036_to_LQHtransmission531_heat,#823740,LQ heat distribution main,transmission,100000,1,20,LQHtransmission531,LQHtransmission1036,
LQHtransmission531_to_LQHtransmission3332_heat,#823740,LQ heat distribution main,transmission,100000,1,20,LQHtransmission3332,LQHtransmission531,
LQHtransmission3332_to_LQHtransmission2970_heat,#823740,LQ heat distribution main,transmission,100000,1,20,LQHtransmission2970,LQHtransmission3332,
LQHtransmission2970_to_LQHtransmission1789_heat,#823740,LQ heat distribution main,transmission,100000,1,20,LQHtransmission1789,LQHtransmission2970,
LQHtransmission1789_to_LQHtransmission546_heat,#823740,LQ heat distribution main,transmission,100000,1,20,LQHtransmission546,LQHtransmission1789,
LQHtransmission546_to_LQHtransmission2625_heat,#823740,LQ heat distribution main,transmission,100000,1,20,LQHtransmission2625,LQHtransmission546,
LQHtransmission2625_to_LQHtransmission3685_heat,#823740,LQ heat distribution main,transmission,100000,1,20,LQHtransmission3685,LQHtransmission2625,
LQHtransmission3685_to_LQHtransmission1858_heat,#823740,LQ heat distribution main,transmission,100000,1,20,LQHtransmission1858,LQHtransmission3685,
LQHtransmission1858_to_LQHtransmission895_heat,#823740,LQ heat distribution main,transmission,100000,1,20,LQHtransmission895,LQHtransmission1858,
LQHtransmission2155_to_LQHtransmission1790_heat,#823740,LQ heat distribution main,transmission,100000,1,20,LQHtransmission1790,LQHtransmission2155,
LQHtransmission1790_to_LQHtransmission3985_heat,#823740,LQ heat distribution main,transmission,100000,1,20,LQHtransmission3985,LQHtransmission1790,
LQHtransmission3985_to_LQHtransmission3551_heat,#823740,LQ heat distribution main,transmission,100000,1,20,LQHtransmission3551,LQHtransmission3985,
LQHtransmission3551_to_LQHtransmission2698_heat,#823740,LQ heat distribution main,transmission,100000,1,20,LQHtransmission2698,LQHtransmission3551,
LQHtransmission2698_to_LQHtransmission4435_heat,#823740,LQ heat distribution main,transmission,100000,1,20,LQHtransmission4435,LQHtransmission2698,
LQHtransmission4435_to_LQHtransmission371_heat,#823740,LQ heat distribution main,transmission,100000,1,20,LQHtransmission371,LQHtransmission4435,
LQHtransmission371_to_LQHtransmission4728_heat,#823740,LQ heat distribution main,transmission,100000,1,20,LQHtransmission4728,LQHtransmission371,
LQHtransmission4728_to_LQHtransmission2777_heat,#823740,LQ heat distribution main,transmission,100000,1,20,LQHtransmission2777,LQHtransmission4728,
LQHtransmission2777_to_LQHtransmission1386_heat,#823740,LQ heat distribution main,transmission,100000,1,20,LQHtransmission1386,LQHtransmission2777,
LQHtransmission1386_to_LQHtransmission3014_heat,#823740,LQ heat distribution main,transmission,100000,1,20,LQHtransmission3014,LQHtransmission1386,
LQHtransmission3014_to_LQHtransmission3571_heat,#823740,LQ heat distribution main,transmission,100000,1,20,LQHtransmission3571,LQHtransmission3014,
LQHtransmission3571_to_LQHtransmission223_heat,#823740,LQ heat distribution main,transmission,100000,1,20,LQHtransmission223,LQHtransmission3571,
LQHtransmission223_to_LQHtransmission4638_heat,#823740,LQ heat distribution main,transmission,100000,1,20,LQHtransmission4638,LQHtransmission223,
LQHtransmission4638_to_LQHtransmission430_heat,#823740,LQ heat distribution main,transmission,100000,1,20,LQHtransmission430,LQHtransmission4638,
LQHtransmission430_to_LQHtransmission490_heat,#823740,LQ heat distribution main,transmission,100000,1,20,LQHtransmission490,LQHtransmission430,
LQHtransmission490_to_LQHtransmission3801_heat,#823740,LQ heat distribution main,transmission,100000,1,20,LQHtransmission3801,LQHtransmission490,
LQHtransmission3801_to_LQHtransmission2329_heat,#823740,LQ heat distribution main,transmission,100000,1,20,LQHtransmission2329,LQHtransmission3801,
LQHtransmission2329_to_LQHtransmission784_heat,#823740,LQ heat distribution main,transmission,100000,1,20,LQHtransmission784,LQHtransmission2329,
LQHtransmission784_to_LQHtransmission2396_heat,#823740,LQ heat distribution main,transmission,100000,1,20,LQHtransmission2396,LQHtransmission784,
LQHtransmission2396_to_LQHtransmission3877_heat,#823740,LQ heat distribution main,transmission,100000,1,20,LQHtransmission3877,LQHtransmission2396,
LQHtransmission3877_to_LQHtransmission3171_heat,#823740,LQ heat distribution main,transmission,100000,1,20,LQHtransmission3171,LQHtransmission3877,
LQHtransmission3171_to_LQHtransmission3405_heat,#823740,LQ heat distribution main,transmission,100000,1,20,LQHtransmission3405,LQHtransmission3171,
LQHtransmission3405_to_LQHtransmission2516_heat,#823740,LQ heat distribution main,transmission,100000,1,20,LQHtransmission2516,LQHtransmission3405,
LQHtransmission2516_to_LQHtransmission1798_heat,#823740,LQ heat distribution main,transmission,100000,1,20,LQHtransmission1798,LQHtransmission2516,
LQHtransmission1798_to_LQHtransmission2939_heat,#823740,LQ heat distribution main,transmission,100000,1,20,LQHtransmission2939,LQHtransmission1798,
LQHtransmission2939_to_LQHtransmission2531_heat,#823740,LQ heat distribution main,transmission,100000,1,20,LQHtransmission2531,LQHtransmission2939,
LQHtransmission2531_to_LQHtransmission2366_heat,#823740,LQ heat distribution main,transmission,100000,1,20,LQHtransmission2366,LQHtransmission2531,
LQHtransmission2366_to_LQHtransmission3160_heat,#823740,LQ heat distribution main,transmission,100000,1,20,LQHtransmission3160,LQHtransmission2366,
LQHtransmission3160_to_LQHtransmission304_heat,#823740,LQ heat distribution main,transmission,100000,1,20,LQHtransmission304,LQHtransmission3160,
LQHtransmission304_to_LQHtransmission416_heat,#823740,LQ heat distribution main,transmission,100000,1,20,LQHtransmission416,LQHtransmission304,
LQHtransmission416_to_LQHtransmission95_heat,#823740,LQ heat distribution main,transmission,100000,1,20,LQHtransmission95,LQHtransmission416,
LQHtransmission95_to_LQHtransmission1035_heat,#823740,LQ heat distribution main,transmission,100000,1,20,LQHtransmission1035,LQHtransmission95,
LQHtransmission1035_to_LQHtransmission754_heat,#823740,LQ heat distribution main,transmission,100000,1,20,LQHtransmission754,LQHtransmission1035,
LQHtransmission754_to_LQHtransmission1828_heat,#823740,LQ heat distribution main,transmission,100000,1,20,LQHtransmission1828,LQHtransmission754,
LQHtransmission1828_to_LQHtransmission72_heat,#823740,LQ heat distribution main,transmission,100000,1,20,LQHtransmission72,LQHtransmission1828,
LQHtransmission72_to_LQHtransmission1548_heat,#823740,LQ heat distribution main,transmission,100000,1,20,LQHtransmission1548,LQHtransmission72,
LQHtransmission1548_to_LQHtransmission2989_heat,#823740,LQ heat distribution main,transmission,100000,1,20,LQHtransmission2989,LQHtransmission1548,
LQHtransmission2989_to_LQHtransmission2835_heat,#823740,LQ heat distribution main,transmission,100000,1,20,LQHtransmission2835,LQHtransmission2989,
LQHtransmission1131_to_LQHtransmission1679_heat,#823740,LQ heat distribution main,transmission,100000,1,20,LQHtransmission1679,LQHtransmission1131,
LQHtransmission1679_to_LQHtransmission1814_heat,#823740,LQ heat distribution main,transmission,100000,1,20,LQHtransmission1814,LQHtransmission1679,
LQHtransmission1814_to_LQHtransmission2991_heat,#823740,LQ heat distribution main,transmission,100000,1,20,LQHtransmission2991,LQHtransmission1814,
LQHtransmission2991_to_LQHtransmission2955_heat,#823740,LQ heat distribution main,transmission,100000,1,20,LQHtransmission2955,LQHtransmission2991,
LQHtransmission2955_to_LQHtransmission2705_heat,#823740,LQ heat distribution main,transmission,100000,1,20,LQHtransmission2705,LQHtransmission2955,
LQHtransmission2705_to_LQHtransmission3863_heat,#823740,LQ heat distribution main,transmission,100000,1,20,LQHtransmission3863,LQHtransmission2705,
LQHtransmission3863_to_LQHtransmission3060_heat,#823740,LQ heat distribution main,transmission,100000,1,20,LQHtransmission3060,LQHtransmission3863,
LQHtransmission3060_to_LQHtransmission3470_heat,#823740,LQ heat distribution main,transmission,100000,1,20,LQHtransmission3470,LQHtransmission3060,
LQHtransmission342_to_LQHtransmission3795_heat,#823740,LQ heat distribution main,transmission,100000,1,20,LQHtransmission3795,LQHtransmission342,
LQHtransmission3795_to_LQHtransmission2549_heat,#823740,LQ heat distribution main,transmission,100000,1,20,LQHtransmission2549,LQHtransmission3795,
LQHtransmission2549_to_LQHtransmission1812_heat,#823740,LQ heat distribution main,transmission,100000,1,20,LQHtransmission1812,LQHtransmission2549,
LQHtransmission1812_to_LQHtransmission4179_heat,#823740,LQ heat distribution main,transmission,100000,1,20,LQHtransmission4179,LQHtransmission1812,
LQHtransmission4179_to_LQHtransmission4535_heat,#823740,LQ heat distribution main,transmission,100000,1,20,LQHtransmission4535,LQHtransmission4179,
LQHtransmission4535_to_LQHtransmission124_heat,#823740,LQ heat distribution main,transmission,100000,1,20,LQHtransmission124,LQHtransmission4535,
LQHtransmission124_to_LQHtransmission1878_heat,#823740,LQ heat distribution main,transmission,100000,1,20,LQHtransmission1878,LQHtransmission124,
LQHtransmission1878_to_LQHtransmission2141_heat,#823740,LQ heat distribution main,transmission,100000,1,20,LQHtransmission2141,LQHtransmission1878,
LQHtransmission2141_to_LQHtransmission595_heat,#823740,LQ heat distribution main,transmission,100000,1,20,LQHtransmission595,LQHtransmission2141,
LQHtransmission595_to_LQHtransmission3386_heat,#823740,LQ heat distribution main,transmission,100000,1,20,LQHtransmission3386,LQHtransmission595,
LQHtransmission3386_to_LQHtransmission1553_heat,#823740,LQ heat distribution main,transmission,100000,1,20,LQHtransmission1553,LQHtransmission3386,
LQHtransmission1553_to_LQHtransmission203_heat,#823740,LQ heat distribution main,transmission,100000,1,20,LQHtransmission203,LQHtransmission1553,
LQHtransmission203_to_LQHtransmission1861_heat,#823740,LQ heat distribution main,transmission,100000,1,20,LQHtransmission1861,LQHtransmission203,
LQHtransmission1861_to_LQHtransmission2881_heat,#823740,LQ heat distribution main,transmission,100000,1,20,LQHtransmission2881,LQHtransmission1861,
LQHtransmission2881_to_LQHtransmission2550_heat,#823740,LQ heat distribution main,transmission,100000,1,20,LQHtransmission2550,LQHtransmission2881,
LQHtransmission2550_to_LQHtransmission2941_heat,#823740,LQ heat distribution main,transmission,100000,1,20,LQHtransmission2941,LQHtransmission2550,
LQHtransmission2941_to_LQHtransmission1522_heat,#823740,LQ heat distribution main,transmission,100000,1,20,LQHtransmission1522,LQHtransmission2941,
LQHtransmission1522_to_LQHtransmission3636_heat,#823740,LQ heat distribution main,transmission,100000,1,20,LQHtransmission3636,LQHtransmission1522,
LQHtransmission3636_to_LQHtransmission24_heat,#823740,LQ heat distribution main,transmission,100000,1,20,LQHtransmission24,LQHtransmission3636,
LQHtransmission24_to_LQHtransmission3152_heat,#823740,LQ heat distribution main,transmission,100000,1,20,LQHtransmission3152,LQHtransmission24,
LQHtransmission3152_to_LQHtransmission2707_heat,#823740,LQ heat distribution main,transmission,100000,1,20,LQHtransmission2707,LQHtransmission3152,
LQHtransmission2707_to_LQHtransmission464_heat,#823740,LQ heat distribution main,transmission,100000,1,20,LQHtransmission464,LQHtransmission2707,
LQHtransmission464_to_LQHtransmission4269_heat,#823740,LQ heat distribution main,transmission,100000,1,20,LQHtransmission4269,LQHtransmission464,
LQHtransmission4269_to_LQHtransmission1531_heat,#823740,LQ heat distribution main,transmission,100000,1,20,LQHtransmission1531,LQHtransmission4269,
LQHtransmission1531_to_LQHtransmission3497_heat,#823740,LQ heat distribution main,transmission,100000,1,20,LQHtransmission3497,LQHtransmission1531,
LQHtransmission3497_to_LQHtransmission3183_heat,#823740,LQ heat distribution main,transmission,100000,1,20,LQHtransmission3183,LQHtransmission3497,
LQHtransmission3183_to_LQHtransmission1643_heat,#823740,LQ heat distribution main,transmission,100000,1,20,LQHtransmission1643,LQHtransmission3183,
LQHtransmission1643_to_LQHtransmission2885_heat,#823740,LQ heat distribution main,transmission,100000,1,20,LQHtransmission2885,LQHtransmission1643,
LQHtransmission2885_to_LQHtransmission3275_heat,#823740,LQ heat distribution main,transmission,100000,1,20,LQHtransmission3275,LQHtransmission2885,
LQHtransmission3275_to_LQHtransmission131_heat,#823740,LQ heat distribution main,transmission,100000,1,20,LQHtransmission131,LQHtransmission3275,
LQHtransmission131_to_LQHtransmission2947_heat,#823740,LQ heat distribution main,transmission,100000,1,20,LQHtransmission2947,LQHtransmission131,
LQHtransmission2947_to_LQHtransmission2456_heat,#823740,LQ heat distribution main,transmission,100000,1,20,LQHtransmission2456,LQHtransmission2947,
LQHtransmission2456_to_LQHtransmission965_heat,#823740,LQ heat distribution main,transmission,100000,1,20,LQHtransmission965,LQHtransmission2456,
LQHtransmission965_to_LQHtransmission2212_heat,#823740,LQ heat distribution main,transmission,100000,1,20,LQHtransmission2212,LQHtransmission965,
LQHtransmission2212_to_LQHtransmission3045_heat,#823740,LQ heat distribution main,transmission,100000,1,20,LQHtransmission3045,LQHtransmission2212,
LQHtransmission3045_to_LQHtransmission1264_heat,#823740,LQ heat distribution main,transmission,100000,1,20,LQHtransmission1264,LQHtransmission3045,
LQHtransmission1264_to_LQHtransmission1773_heat,#823740,LQ heat distribution main,transmission,100000,1,20,LQHtransmission1773,LQHtransmission1264,
LQHtransmission1773_to_LQHtransmission1674_heat,#823740,LQ heat distribution main,transmission,100000,1,20,LQHtransmission1674,LQHtransmission1773,
LQHtransmission1674_to_LQHtransmission4189_heat,#823740,LQ heat distribution main,transmission,100000,1,20,LQHtransmission4189,LQHtransmission1674,
LQHtransmission4189_to_LQHtransmission2656_heat,#823740,LQ heat distribution main,transmission,100000,1,20,LQHtransmission2656,LQHtransmission4189,
LQHtransmission2656_to_LQHtransmission4436_heat,#823740,LQ heat distribution main,transmission,100000,1,20,LQHtransmission4436,LQHtransmission2656,
LQHtransmission4436_to_LQHtransmission1308_heat,#823740,LQ heat distribution main,transmission,100000,1,20,LQHtransmission1308,LQHtransmission4436,
LQHtransmission1308_to_LQHtransmission1595_heat,#823740,LQ heat distribution main,transmission,100000,1,20,LQHtransmission1595,LQHtransmission1308,
LQHtransmission1595_to_LQHtransmission4715_heat,#823740,LQ heat distribution main,transmission,100000,1,20,LQHtransmission4715,LQHtransmission1595,
LQHtransmission4715_to_LQHtransmission4546_heat,#823740,LQ heat distribution main,transmission,100000,1,20,LQHtransmission4546,LQHtransmission4715,
LQHtransmission4546_to_LQHtransmission653_heat,#823740,LQ heat distribution main,transmission,100000,1,20,LQHtransmission653,LQHtransmission4546,
LQHtransmission653_to_LQHtransmission2154_heat,#823740,LQ heat distribution main,transmission,100000,1,20,LQHtransmission2154,LQHtransmission653,
LQHtransmission2154_to_LQHtransmission2572_heat,#823740,LQ heat distribution main,transmission,100000,1,20,LQHtransmission2572,LQHtransmission2154,
LQHtransmission2572_to_LQHtransmission4027_heat,#823740,LQ heat distribution main,transmission,100000,1,20,LQHtransmission4027,LQHtransmission2572,
LQHtransmission4027_to_LQHtransmission892_heat,#823740,LQ heat distribution main,transmission,100000,1,20,LQHtransmission892,LQHtransmission4027,
LQHtransmission892_to_LQHtransmission734_heat,#823740,LQ heat distribution main,transmission,100000,1,20,LQHtransmission734,LQHtransmission892,
LQHtransmission734_to_LQHtransmission2300_heat,#823740,LQ heat distribution main,transmission,100000,1,20,LQHtransmission2300,LQHtransmission734,
LQHtransmission2300_to_LQHtransmission4236_heat,#823740,LQ heat distribution main,transmission,100000,1,20,LQHtransmission4236,LQHtransmission2300,
LQHtransmission4236_to_LQHtransmission4585_heat,#823740,LQ heat distribution main,transmission,100000,1,20,LQHtransmission4585,LQHtransmission4236,
LQHtransmission4585_to_LQHtransmission4518_heat,#823740,LQ heat distribution main,transmission,100000,1,20,LQHtransmission4518,LQHtransmission4585,
LQHtransmission3646_to_LQHtransmission3504_heat,#823740,LQ heat distribution main,transmission,100000,1,20,LQHtransmission3504,LQHtransmission3646,
LQHtransmission3504_to_LQHtransmission3283_heat,#823740,LQ heat distribution main,transmission,100000,1,20,LQHtransmission3283,LQHtransmission3504,
LQHtransmission3283_to_LQHtransmission4129_heat,#823740,LQ heat distribution main,transmission,100000,1,20,LQHtransmission4129,LQHtransmission3283,
LQHtransmission4129_to_LQHtransmission4400_heat,#823740,LQ heat distribution main,transmission,100000,1,20,LQHtransmission4400,LQHtransmission4129,
LQHtransmission4400_to_LQHtransmission511_heat,#823740,LQ heat distribution main,transmission,100000,1,20,LQHtransmission511,LQHtransmission4400,
LQHtransmission511_to_LQHtransmission778_heat,#823740,LQ heat distribution main,transmission,100000,1,20,LQHtransmission778,LQHtransmission511,
LQHtransmission778_to_LQHtransmission1640_heat,#823740,LQ heat distribution main,transmission,100000,1,20,LQHtransmission1640,LQHtransmission778,
LQHtransmission1640_to_LQHtransmission1156_heat,#823740,LQ heat distribution main,transmission,100000,1,20,LQHtransmission1156,LQHtransmission1640,
LQHtransmission1156_to_LQHtransmission2003_heat,#823740,LQ heat distribution main,transmission,100000,1,20,LQHtransmission2003,LQHtransmission1156,
LQHtransmission2003_to_LQHtransmission1646_heat,#823740,LQ heat distribution main,transmission,100000,1,20,LQHtransmission1646,LQHtransmission2003,
LQHtransmission1646_to_LQHtransmission1342_heat,#823740,LQ heat distribution main,transmission,100000,1,20,LQHtransmission1342,LQHtransmission1646,
LQHtransmission1342_to_LQHtransmission4114_heat,#823740,LQ heat distribution main,transmission,100000,1,20,LQHtransmission4114,LQHtransmission1342,
LQHtransmission4114_to_LQHtransmission1837_heat,#823740,LQ heat distribution main,transmission,100000,1,20,LQHtransmission1837,LQHtransmission4114,
LQHtransmission1837_to_LQHtransmission1346_heat,#823740,LQ heat distribution main,transmission,100000,1,20,LQHtransmission1346,LQHtransmission1837,
LQHtransmission1346_to_LQHtransmission2236_heat,#823740,LQ heat distribution main,transmission,100000,1,20,LQHtransmission2236,LQHtransmission1346,
LQHtransmission2236_to_LQHtransmission1920_heat,#823740,LQ heat distribution main,transmission,100000,1,20,LQHtransmission1920,LQHtransmission2236,
LQHtransmission1920_to_LQHtransmission2235_heat,#823740,LQ heat distribution main,transmission,100000,1,20,LQHtransmission2235,LQHtransmission1920,
LQHtransmission2235_to_LQHtransmission4315_heat,#823740,LQ heat distribution main,transmission,100000,1,20,LQHtransmission4315,LQHtransmission2235,
LQHtransmission4315_to_LQHtransmission1533_heat,#823740,LQ heat distribution main,transmission,100000,1,20,LQHtransmission1533,LQHtransmission4315,
LQHtransmission1533_to_LQHtransmission1171_heat,#823740,LQ heat distribution main,transmission,100000,1,20,LQHtransmission1171,LQHtransmission1533,
LQHtransmission1171_to_LQHtransmission4433_heat,#823740,LQ heat distribution main,transmission,100000,1,20,LQHtransmission4433,LQHtransmission1171,
LQHtransmission4433_to_LQHtransmission4_heat,#823740,LQ heat distribution main,transmission,100000,1,20,LQHtransmission4,LQHtransmission4433,
LQHtransmission4_to_LQHtransmission2417_heat,#823740,LQ heat distribution main,transmission,100000,1,20,LQHtransmission2417,LQHtransmission4,
LQHtransmission2417_to_LQHtransmission1538_heat,#823740,LQ heat distribution main,transmission,100000,1,20,LQHtransmission1538,LQHtransmission2417,
LQHtransmission1538_to_LQHtransmission1768_heat,#823740,LQ heat distribution main,transmission,100000,1,20,LQHtransmission1768,LQHtransmission1538,
LQHtransmission1768_to_LQHtransmission4506_heat,#823740,LQ heat distribution main,transmission,100000,1,20,LQHtransmission4506,LQHtransmission1768,
LQHtransmission4506_to_LQHtransmission7_heat,#823740,LQ heat distribution main,transmission,100000,1,20,LQHtransmission7,LQHtransmission4506,
LQHtransmission7_to_LQHtransmission191_heat,#823740,LQ heat distribution main,transmission,100000,1,20,LQHtransmission191,LQHtransmission7,
LQHtransmission191_to_LQHtransmission421_heat,#823740,LQ heat distribution main,transmission,100000,1,20,LQHtransmission421,LQHtransmission191,
LQHtransmission421_to_LQHtransmission542_heat,#823740,LQ heat distribution main,transmission,100000,1,20,LQHtransmission542,LQHtransmission421,
LQHtransmission542_to_LQHtransmission3311_heat,#823740,LQ heat distribution main,transmission,100000,1,20,LQHtransmission3311,LQHtransmission542,
LQHtransmission3311_to_LQHtransmission247_heat,#823740,LQ heat distribution main,transmission,100000,1,20,LQHtransmission247,LQHtransmission3311,
LQHtransmission247_to_LQHtransmission3932_heat,#823740,LQ heat distribution main,transmission,100000,1,20,LQHtransmission3932,LQHtransmission247,
LQHtransmission3932_to_LQHtransmission1762_heat,#823740,LQ heat distribution main,transmission,100000,1,20,LQHtransmission1762,LQHtransmission3932,
LQHtransmission1762_to_LQHtransmission3323_heat,#823740,LQ heat distribution main,transmission,100000,1,20,LQHtransmission3323,LQHtransmission1762,
LQHtransmission3323_to_LQHtransmission3308_heat,#823740,LQ heat distribution main,transmission,100000,1,20,LQHtransmission3308,LQHtransmission3323,
LQHtransmission3308_to_LQHtransmission2374_heat,#823740,LQ heat distribution main,transmission,100000,1,20,LQHtransmission2374,LQHtransmission3308,
LQHtransmission2374_to_LQHtransmission890_heat,#823740,LQ heat distribution main,transmission,100000,1,20,LQHtransmission890,LQHtransmission2374,
LQHtransmission890_to_LQHtransmission4615_heat,#823740,LQ heat distribution main,transmission,100000,1,20,LQHtransmission4615,LQHtransmission890,
LQHtransmission4615_to_LQHtransmission3602_heat,#823740,LQ heat distribution main,transmission,100000,1,20,LQHtransmission3602,LQHtransmission4615,
LQHtransmission3602_to_LQHtransmission2598_heat,#823740,LQ heat distribution main,transmission,100000,1,20,LQHtransmission2598,LQHtransmission3602,
LQHtransmission2598_to_LQHtransmission4577_heat,#823740,LQ heat distribution main,transmission,100000,1,20,LQHtransmission4577,LQHtransmission2598,
LQHtransmission4577_to_LQHtransmission3272_heat,#823740,LQ heat distribution main,transmission,100000,1,20,LQHtransmission3272,LQHtransmission4577,
LQHtransmission3272_to_LQHtransmission2552_heat,#823740,LQ heat distribution main,transmission,100000,1,20,LQHtransmission2552,LQHtransmission3272,
LQHtransmission2552_to_LQHtransmission1534_heat,#823740,LQ heat distribution main,transmission,100000,1,20,LQHtransmission1534,LQHtransmission2552,
LQHtransmission1534_to_LQHtransmission2466_heat,#823740,LQ heat distribution main,transmission,100000,1,20,LQHtransmission2466,LQHtransmission1534,
LQHtransmission2466_to_LQHtransmission454_heat,#823740,LQ heat distribution main,transmission,100000,1,20,LQHtransmission454,LQHtransmission2466,
LQHtransmission454_to_LQHtransmission2897_heat,#823740,LQ heat distribution main,transmission,100000,1,20,LQHtransmission2897,LQHtransmission454,
LQHtransmission2897_to_LQHtransmission3119_heat,#823740,LQ heat distribution main,transmission,100000,1,20,LQHtransmission3119,LQHtransmission2897,
LQHtransmission3119_to_LQHtransmission3567_heat,#823740,LQ heat distribution main,transmission,100000,1,20,LQHtransmission3567,LQHtransmission3119,
LQHtransmission3567_to_LQHtransmission3489_heat,#823740,LQ heat distribution main,transmission,100000,1,20,LQHtransmission3489,LQHtransmission3567,
LQHtransmission3489_to_LQHtransmission442_heat,#823740,LQ heat distribution main,transmission,100000,1,20,LQHtransmission442,LQHtransmission3489,
LQHtransmission442_to_LQHtransmission4141_heat,#823740,LQ heat distribution main,transmission,100000,1,20,LQHtransmission4141,LQHtransmission442,
LQHtransmission4141_to_LQHtransmission4619_heat,#823740,LQ heat distribution main,transmission,100000,1,20,LQHtransmission4619,LQHtransmission4141,
LQHtransmission4619_to_LQHtransmission395_heat,#823740,LQ heat distribution main,transmission,100000,1,20,LQHtransmission395,LQHtransmission4619,
LQHtransmission395_to_LQHtransmission2222_heat,#823740,LQ heat distribution main,transmission,100000,1,20,LQHtransmission2222,LQHtransmission395,
LQHtransmission2222_to_LQHtransmission2232_heat,#823740,LQ heat distribution main,transmission,100000,1,20,LQHtransmission2232,LQHtransmission2222,
LQHtransmission2232_to_LQHtransmission2699_heat,#823740,LQ heat distribution main,transmission,100000,1,20,LQHtransmission2699,LQHtransmission2232,
LQHtransmission2699_to_LQHtransmission1724_heat,#823740,LQ heat distribution main,transmission,100000,1,20,LQHtransmission1724,LQHtransmission2699,
LQHtransmission1724_to_LQHtransmission4583_heat,#823740,LQ heat distribution main,transmission,100000,1,20,LQHtransmission4583,LQHtransmission1724,
LQHtransmission4583_to_LQHtransmission3972_heat,#823740,LQ heat distribution main,transmission,100000,1,20,LQHtransmission3972,LQHtransmission4583,
LQHtransmission3972_to_LQHtransmission667_heat,#823740,LQ heat distribution main,transmission,100000,1,20,LQHtransmission667,LQHtransmission3972,
LQHtransmission667_to_LQHtransmission2216_heat,#823740,LQ heat distribution main,transmission,100000,1,20,LQHtransmission2216,LQHtransmission667,
LQHtransmission2216_to_LQHtransmission2539_heat,#823740,LQ heat distribution main,transmission,100000,1,20,LQHtransmission2539,LQHtransmission2216,
LQHtransmission2539_to_LQHtransmission4182_heat,#823740,LQ heat distribution main,transmission,100000,1,20,LQHtransmission4182,LQHtransmission2539,
LQHtransmission4182_to_LQHtransmission259_heat,#823740,LQ heat distribution main,transmission,100000,1,20,LQHtransmission259,LQHtransmission4182,
LQHtransmission259_to_LQHtransmission2686_heat,#823740,LQ heat distribution main,transmission,100000,1,20,LQHtransmission2686,LQHtransmission259,
LQHtransmission2686_to_LQHtransmission299_heat,#823740,LQ heat distribution main,transmission,100000,1,20,LQHtransmission299,LQHtransmission2686,
LQHtransmission299_to_LQHtransmission2866_heat,#823740,LQ heat distribution main,transmission,100000,1,20,LQHtransmission2866,LQHtransmission299,
LQHtransmission2866_to_LQHtransmission2609_heat,#823740,LQ heat distribution main,transmission,100000,1,20,LQHtransmission2609,LQHtransmission2866,
LQHtransmission2609_to_LQHtransmission4496_heat,#823740,LQ heat distribution main,transmission,100000,1,20,LQHtransmission4496,LQHtransmission2609,
LQHtransmission4496_to_LQHtransmission2814_heat,#823740,LQ heat distribution main,transmission,100000,1,20,LQHtransmission2814,LQHtransmission4496,
LQHtransmission2814_to_LQHtransmission1696_heat,#823740,LQ heat distribution main,transmission,100000,1,20,LQHtransmission1696,LQHtransmission2814,
LQHtransmission1696_to_LQHtransmission2851_heat,#823740,LQ heat distribution main,transmission,100000,1,20,LQHtransmission2851,LQHtransmission1696,
LQHtransmission2851_to_LQHtransmission2337_heat,#823740,LQ heat distribution main,transmission,100000,1,20,LQHtransmission2337,LQHtransmission2851,
LQHtransmission2337_to_LQHtransmission4049_heat,#823740,LQ heat distribution main,transmission,100000,1,20,LQHtransmission4049,LQHtransmission2337,
LQHtransmission4049_to_LQHtransmission3708_heat,#823740,LQ heat distribution main,transmission,100000,1,20,LQHtransmission3708,LQHtransmission4049,
LQHtransmission3708_to_LQHtransmission2898_heat,#823740,LQ heat distribution main,transmission,100000,1,20,LQHtransmission2898,LQHtransmission3708,
LQHtransmission2898_to_LQHtransmission1636_heat,#823740,LQ heat distribution main,transmission,100000,1,20,LQHtransmission1636,LQHtransmission2898,
LQHtransmission2838_to_LQHtransmission2944_heat,#823740,LQ heat distribution main,transmission,100000,1,20,LQHtransmission2944,LQHtransmission2838,
LQHtransmission2944_to_LQHtransmission339_heat,#823740,LQ heat distribution main,transmission,100000,1,20,LQHtransmission339,LQHtransmission2944,
LQHtransmission339_to_LQHtransmission2024_heat,#823740,LQ heat distribution main,transmission,100000,1,20,LQHtransmission2024,LQHtransmission339,
LQHtransmission2024_to_LQHtransmission1416_heat,#823740,LQ heat distribution main,transmission,100000,1,20,LQHtransmission1416,LQHtransmission2024,
LQHtransmission1416_to_LQHtransmission2631_heat,#823740,LQ heat distribution main,transmission,100000,1,20,LQHtransmission2631,LQHtransmission1416,
LQHtransmission2631_to_LQHtransmission2035_heat,#823740,LQ heat distribution main,transmission,100000,1,20,LQHtransmission2035,LQHtransmission2631,
LQHtransmission2035_to_LQHtransmission75_heat,#823740,LQ heat distribution main,transmission,100000,1,20,LQHtransmission75,LQHtransmission2035,
LQHtransmission75_to_LQHtransmission1021_heat,#823740,LQ heat distribution main,transmission,100000,1,20,LQHtransmission1021,LQHtransmission75,
LQHtransmission1021_to_LQHtransmission2266_heat,#823740,LQ heat distribution main,transmission,100000,1,20,LQHtransmission2266,LQHtransmission1021,
LQHtransmission2266_to_LQHtransmission2205_heat,#823740,LQ heat distribution main,transmission,100000,1,20,LQHtransmission2205,LQHtransmission2266,
LQHtransmission2205_to_LQHtransmission2642_heat,#823740,LQ heat distribution main,transmission,100000,1,20,LQHtransmission2642,LQHtransmission2205,
LQHtransmission2642_to_LQHtransmission3893_heat,#823740,LQ heat distribution main,transmission,100000,1,20,LQHtransmission3893,LQHtransmission2642,
LQHtransmission3893_to_LQHtransmission71_heat,#823740,LQ heat distribution main,transmission,100000,1,20,LQHtransmission71,LQHtransmission3893,
LQHtransmission71_to_LQHtransmission3644_heat,#823740,LQ heat distribution main,transmission,100000,1,20,LQHtransmission3644,LQHtransmission71,
LQHtransmission3644_to_LQHtransmission543_heat,#823740,LQ heat distribution main,transmission,100000,1,20,LQHtransmission543,LQHtransmission3644,
LQHtransmission543_to_LQHtransmission4128_heat,#823740,LQ heat distribution main,transmission,100000,1,20,LQHtransmission4128,LQHtransmission543,
LQHtransmission4128_to_LQHtransmission3071_heat,#823740,LQ heat distribution main,transmission,100000,1,20,LQHtransmission3071,LQHtransmission4128,
LQHtransmission3071_to_LQHtransmission4393_heat,#823740,LQ heat distribution main,transmission,100000,1,20,LQHtransmission4393,LQHtransmission3071,
LQHtransmission4393_to_LQHtransmission4265_heat,#823740,LQ heat distribution main,transmission,100000,1,20,LQHtransmission4265,LQHtransmission4393,
LQHtransmission4265_to_LQHtransmission408_heat,#823740,LQ heat distribution main,transmission,100000,1,20,LQHtransmission408,LQHtransmission4265,
LQHtransmission408_to_LQHtransmission173_heat,#823740,LQ heat distribution main,transmission,100000,1,20,LQHtransmission173,LQHtransmission408,
LQHtransmission173_to_LQHtransmission45_heat,#823740,LQ heat distribution main,transmission,100000,1,20,LQHtransmission45,LQHtransmission173,
LQHtransmission45_to_LQHtransmission1404_heat,#823740,LQ heat distribution main,transmission,100000,1,20,LQHtransmission1404,LQHtransmission45,
LQHtransmission905_to_LQHtransmission3352_heat,#823740,LQ heat distribution main,transmission,100000,1,20,LQHtransmission3352,LQHtransmission905,
LQHtransmission3352_to_LQHtransmission3325_heat,#823740,LQ heat distribution main,transmission,100000,1,20,LQHtransmission3325,LQHtransmission3352,
LQHtransmission3325_to_LQHtransmission3161_heat,#823740,LQ heat distribution main,transmission,100000,1,20,LQHtransmission3161,LQHtransmission3325,
LQHtransmission3161_to_LQHtransmission2093_heat,#823740,LQ heat distribution main,transmission,100000,1,20,LQHtransmission2093,LQHtransmission3161,
LQHtransmission2093_to_LQHtransmission3899_heat,#823740,LQ heat distribution main,transmission,100000,1,20,LQHtransmission3899,LQHtransmission2093,
LQHtransmission1490_to_LQHtransmission4444_heat,#823740,LQ heat distribution main,transmission,100000,1,20,LQHtransmission4444,LQHtransmission1490,
LQHtransmission4444_to_LQHtransmission1765_heat,#823740,LQ heat distribution main,transmission,100000,1,20,LQHtransmission1765,LQHtransmission4444,
LQHtransmission1765_to_LQHtransmission4513_heat,#823740,LQ heat distribution main,transmission,100000,1,20,LQHtransmission4513,LQHtransmission1765,
LQHtransmission4513_to_LQHtransmission3776_heat,#823740,LQ heat distribution main,transmission,100000,1,20,LQHtransmission3776,LQHtransmission4513,
LQHtransmission3776_to_LQHtransmission3371_heat,#823740,LQ heat distribution main,transmission,100000,1,20,LQHtransmission3371,LQHtransmission3776,
LQHtransmission3371_to_LQHtransmission4304_heat,#823740,LQ heat distribution main,transmission,100000,1,20,LQHtransmission4304,LQHtransmission3371,
LQHtransmission4304_to_LQHtransmission3209_heat,#823740,LQ heat distribution main,transmission,100000,1,20,LQHtransmission3209,LQHtransmission4304,
LQHtransmission3209_to_LQHtransmission1540_heat,#823740,LQ heat distribution main,transmission,100000,1,20,LQHtransmission1540,LQHtransmission3209,
LQHtransmission1540_to_LQHtransmission2302_heat,#823740,LQ heat distribution main,transmission,100000,1,20,LQHtransmission2302,LQHtransmission1540,
LQHtransmission2302_to_LQHtransmission4440_heat,#823740,LQ heat distribution main,transmission,100000,1,20,LQHtransmission4440,LQHtransmission2302,
LQHtransmission4440_to_LQHtransmission2711_heat,#823740,LQ heat distribution main,transmission,100000,1,20,LQHtransmission2711,LQHtransmission4440,
LQHtransmission2711_to_LQHtransmission3006_heat,#823740,LQ heat distribution main,transmission,100000,1,20,LQHtransmission3006,LQHtransmission2711,
LQHtransmission3006_to_LQHtransmission3946_heat,#823740,LQ heat distribution main,transmission,100000,1,20,LQHtransmission3946,LQHtransmission3006,
LQHtransmission3946_to_LQHtransmission4487_heat,#823740,LQ heat distribution main,transmission,100000,1,20,LQHtransmission4487,LQHtransmission3946,
LQHtransmission4487_to_LQHtransmission2882_heat,#823740,LQ heat distribution main,transmission,100000,1,20,LQHtransmission2882,LQHtransmission4487,
LQHtransmission2882_to_LQHtransmission3010_heat,#823740,LQ heat distribution main,transmission,100000,1,20,LQHtransmission3010,LQHtransmission2882,
LQHtransmission3010_to_LQHtransmission4643_heat,#823740,LQ heat distribution main,transmission,100000,1,20,LQHtransmission4643,LQHtransmission3010,
LQHtransmission4643_to_LQHtransmission3222_heat,#823740,LQ heat distribution main,transmission,100000,1,20,LQHtransmission3222,LQHtransmission4643,
LQHtransmission3222_to_LQHtransmission1626_heat,#823740,LQ heat distribution main,transmission,100000,1,20,LQHtransmission1626,LQHtransmission3222,
LQHtransmission1626_to_LQHtransmission2022_heat,#823740,LQ heat distribution main,transmission,100000,1,20,LQHtransmission2022,LQHtransmission1626,
LQHtransmission2022_to_LQHtransmission2700_heat,#823740,LQ heat distribution main,transmission,100000,1,20,LQHtransmission2700,LQHtransmission2022,
LQHtransmission2700_to_LQHtransmission2429_heat,#823740,LQ heat distribution main,transmission,100000,1,20,LQHtransmission2429,LQHtransmission2700,
LQHtransmission2429_to_LQHtransmission4710_heat,#823740,LQ heat distribution main,transmission,100000,1,20,LQHtransmission4710,LQHtransmission2429,
LQHtransmission4710_to_LQHtransmission4534_heat,#823740,LQ heat distribution main,transmission,100000,1,20,LQHtransmission4534,LQHtransmission4710,
LQHtransmission4534_to_LQHtransmission2682_heat,#823740,LQ heat distribution main,transmission,100000,1,20,LQHtransmission2682,LQHtransmission4534,
LQHtransmission2682_to_LQHtransmission1847_heat,#823740,LQ heat distribution main,transmission,100000,1,20,LQHtransmission1847,LQHtransmission2682,
LQHtransmission1847_to_LQHtransmission899_heat,#823740,LQ heat distribution main,transmission,100000,1,20,LQHtransmission899,LQHtransmission1847,
LQHtransmission899_to_LQHtransmission2004_heat,#823740,LQ heat distribution main,transmission,100000,1,20,LQHtransmission2004,LQHtransmission899,
LQHtransmission2004_to_LQHtransmission1518_heat,#823740,LQ heat distribution main,transmission,100000,1,20,LQHtransmission1518,LQHtransmission2004,
LQHtransmission1518_to_LQHtransmission997_heat,#823740,LQ heat distribution main,transmission,100000,1,20,LQHtransmission997,LQHtransmission1518,
LQHtransmission997_to_LQHtransmission478_heat,#823740,LQ heat distribution main,transmission,100000,1,20,LQHtransmission478,LQHtransmission997,
LQHtransmission478_to_LQHtransmission1053_heat,#823740,LQ heat distribution main,transmission,100000,1,20,LQHtransmission1053,LQHtransmission478,
LQHtransmission1053_to_LQHtransmission3735_heat,#823740,LQ heat distribution main,transmission,100000,1,20,LQHtransmission3735,LQHtransmission1053,
LQHtransmission3735_to_LQHtransmission4286_heat,#823740,LQ heat distribution main,transmission,100000,1,20,LQHtransmission4286,LQHtransmission3735,
LQHtransmission4286_to_LQHtransmission3353_heat,#823740,LQ heat distribution main,transmission,100000,1,20,LQHtransmission3353,LQHtransmission4286,
LQHtransmission3353_to_LQHtransmission1395_heat,#823740,LQ heat distribution main,transmission,100000,1,20,LQHtransmission1395,LQHtransmission3353,
LQHtransmission1395_to_LQHtransmission1639_heat,#823740,LQ heat distribution main,transmission,100000,1,20,LQHtransmission1639,LQHtransmission1395,
LQHtransmission1639_to_LQHtransmission600_heat,#823740,LQ heat distribution main,transmission,100000,1,20,LQHtransmission600,LQHtransmission1639,
LQHtransmission600_to_LQHtransmission1902_heat,#823740,LQ heat distribution main,transmission,100000,1,20,LQHtransmission1902,LQHtransmission600,
LQHtransmission3187_to_LQHtransmission651_heat,#823740,LQ heat distribution main,transmission,100000,1,20,LQHtransmission651,LQHtransmission3187,
LQHtransmission651_to_LQHtransmission762_heat,#823740,LQ heat distribution main,transmission,100000,1,20,LQHtransmission762,LQHtransmission651,
LQHtransmission762_to_LQHtransmission2508_heat,#823740,LQ heat distribution main,transmission,100000,1,20,LQHtransmission2508,LQHtransmission762,
LQHtransmission2508_to_LQHtransmission1740_heat,#823740,LQ heat distribution main,transmission,100000,1,20,LQHtransmission1740,LQHtransmission2508,
LQHtransmission1740_to_LQHtransmission1333_heat,#823740,LQ heat distribution main,transmission,100000,1,20,LQHtransmission1333,LQHtransmission1740,
LQHtransmission1333_to_LQHtransmission3979_heat,#823740,LQ heat distribution main,transmission,100000,1,20,LQHtransmission3979,LQHtransmission1333,
LQHtransmission3979_to_LQHtransmission2066_heat,#823740,LQ heat distribution main,transmission,100000,1,20,LQHtransmission2066,LQHtransmission3979,
LQHtransmission2066_to_LQHtransmission1232_heat,#823740,LQ heat distribution main,transmission,100000,1,20,LQHtransmission1232,LQHtransmission2066,
LQHtransmission1232_to_LQHtransmission3387_heat,#823740,LQ heat distribution main,transmission,100000,1,20,LQHtransmission3387,LQHtransmission1232,
LQHtransmission3387_to_LQHtransmission468_heat,#823740,LQ heat distribution main,transmission,100000,1,20,LQHtransmission468,LQHtransmission3387,
LQHtransmission468_to_LQHtransmission1418_heat,#823740,LQ heat distribution main,transmission,100000,1,20,LQHtransmission1418,LQHtransmission468,
LQHtransmission1418_to_LQHtransmission1659_heat,#823740,LQ heat distribution main,transmission,100000,1,20,LQHtransmission1659,LQHtransmission1418,
LQHtransmission1659_to_LQHtransmission1673_heat,#823740,LQ heat distribution main,transmission,100000,1,20,LQHtransmission1673,LQHtransmission1659,
LQHtransmission1673_to_LQHtransmission2712_heat,#823740,LQ heat distribution main,transmission,100000,1,20,LQHtransmission2712,LQHtransmission1673,
LQHtransmission2712_to_LQHtransmission2720_heat,#823740,LQ heat distribution main,transmission,100000,1,20,LQHtransmission2720,LQHtransmission2712,
LQHtransmission2720_to_LQHtransmission2735_heat,#823740,LQ heat distribution main,transmission,100000,1,20,LQHtransmission2735,LQHtransmission2720,
LQHtransmission2735_to_LQHtransmission720_heat,#823740,LQ heat distribution main,transmission,100000,1,20,LQHtransmission720,LQHtransmission2735,
LQHtransmission720_to_LQHtransmission1199_heat,#823740,LQ heat distribution main,transmission,100000,1,20,LQHtransmission1199,LQHtransmission720,
LQHtransmission1199_to_LQHtransmission1270_heat,#823740,LQ heat distribution main,transmission,100000,1,20,LQHtransmission1270,LQHtransmission1199,
LQHtransmission1270_to_LQHtransmission786_heat,#823740,LQ heat distribution main,transmission,100000,1,20,LQHtransmission786,LQHtransmission1270,
LQHtransmission786_to_LQHtransmission801_heat,#823740,LQ heat distribution main,transmission,100000,1,20,LQHtransmission801,LQHtransmission786,
LQHtransmission801_to_LQHtransmission1407_heat,#823740,LQ heat distribution main,transmission,100000,1,20,LQHtransmission1407,LQHtransmission801,
LQHtransmission1407_to_LQHtransmission437_heat,#823740,LQ heat distribution main,transmission,100000,1,20,LQHtransmission437,LQHtransmission1407,
LQHtransmission437_to_LQHtransmission3986_heat,#823740,LQ heat distribution main,transmission,100000,1,20,LQHtransmission3986,LQHtransmission437,
LQHtransmission3986_to_LQHtransmission3937_heat,#823740,LQ heat distribution main,transmission,100000,1,20,LQHtransmission3937,LQHtransmission3986,
LQHtransmission3937_to_LQHtransmission53_heat,#823740,LQ heat distribution main,transmission,100000,1,20,LQHtransmission53,LQHtransmission3937,
LQHtransmission53_to_LQHtransmission728_heat,#823740,LQ heat distribution main,transmission,100000,1,20,LQHtransmission728,LQHtransmission53,
LQHtransmission728_to_LQHtransmission846_heat,#823740,LQ heat distribution main,transmission,100000,1,20,LQHtransmission846,LQHtransmission728,
LQHtransmission3081_to_LQHtransmission4530_heat,#823740,LQ heat distribution main,transmission,100000,1,20,LQHtransmission4530,LQHtransmission3081,
LQHtransmission4530_to_LQHtransmission1341_heat,#823740,LQ heat distribution main,transmission,100000,1,20,LQHtransmission1341,LQHtransmission4530,
LQHtransmission1341_to_LQHtransmission1331_heat,#823740,LQ heat distribution main,transmission,100000,1,20,LQHtransmission1331,LQHtransmission1341,
LQHtransmission1331_to_LQHtransmission3628_heat,#823740,LQ heat distribution main,transmission,100000,1,20,LQHtransmission3628,LQHtransmission1331,
LQHtransmission3628_to_LQHtransmission2352_heat,#823740,LQ heat distribution main,transmission,100000,1,20,LQHtransmission2352,LQHtransmission3628,
LQHtransmission2352_to_LQHtransmission1204_heat,#823740,LQ heat distribution main,transmission,100000,1,20,LQHtransmission1204,LQHtransmission2352,
LQHtransmission1204_to_LQHtransmission3062_heat,#823740,LQ heat distribution main,transmission,100000,1,20,LQHtransmission3062,LQHtransmission1204,
LQHtransmission3062_to_LQHtransmission3008_heat,#823740,LQ heat distribution main,transmission,100000,1,20,LQHtransmission3008,LQHtransmission3062,
LQHtransmission3008_to_LQHtransmission74_heat,#823740,LQ heat distribution main,transmission,100000,1,20,LQHtransmission74,LQHtransmission3008,
LQHtransmission74_to_LQHtransmission4090_heat,#823740,LQ heat distribution main,transmission,100000,1,20,LQHtransmission4090,LQHtransmission74,
LQHtransmission4090_to_LQHtransmission674_heat,#823740,LQ heat distribution main,transmission,100000,1,20,LQHtransmission674,LQHtransmission4090,
LQHtransmission674_to_LQHtransmission1065_heat,#823740,LQ heat distribution main,transmission,100000,1,20,LQHtransmission1065,LQHtransmission674,
LQHtransmission1065_to_LQHtransmission3831_heat,#823740,LQ heat distribution main,transmission,100000,1,20,LQHtransmission3831,LQHtransmission1065,
LQHtransmission3831_to_LQHtransmission1664_heat,#823740,LQ heat distribution main,transmission,100000,1,20,LQHtransmission1664,LQHtransmission3831,
LQHtransmission1664_to_LQHtransmission2023_heat,#823740,LQ heat distribution main,transmission,100000,1,20,LQHtransmission2023,LQHtransmission1664,
LQHtransmission2023_to_LQHtransmission88_heat,#823740,LQ heat distribution main,transmission,100000,1,20,LQHtransmission88,LQHtransmission2023,
LQHtransmission4340_to_LQHtransmission1631_heat,#823740,LQ heat distribution main,transmission,100000,1,20,LQHtransmission1631,LQHtransmission4340,
LQHtransmission906_to_LQHtransmission1248_heat,#823740,LQ heat distribution main,transmission,100000,1,20,LQHtransmission1248,LQHtransmission906,
LQHtransmission127_to_LQHtransmission2242_heat,#823740,LQ heat distribution main,transmission,100000,1,20,LQHtransmission2242,LQHtransmission127,
LQHtransmission2242_to_LQHtransmission1638_heat,#823740,LQ heat distribution main,transmission,100000,1,20,LQHtransmission1638,LQHtransmission2242,
LQHtransmission1638_to_LQHtransmission4255_heat,#823740,LQ heat distribution main,transmission,100000,1,20,LQHtransmission4255,LQHtransmission1638,
LQHtransmission4255_to_LQHtransmission523_heat,#823740,LQ heat distribution main,transmission,100000,1,20,LQHtransmission523,LQHtransmission4255,
LQHtransmission523_to_LQHtransmission2338_heat,#823740,LQ heat distribution main,transmission,100000,1,20,LQHtransmission2338,LQHtransmission523,
LQHtransmission2338_to_LQHtransmission3913_heat,#823740,LQ heat distribution main,transmission,100000,1,20,LQHtransmission3913,LQHtransmission2338,
LQHtransmission3913_to_LQHtransmission2668_heat,#823740,LQ heat distribution main,transmission,100000,1,20,LQHtransmission2668,LQHtransmission3913,
LQHtransmission2668_to_LQHtransmission1559_heat,#823740,LQ heat distribution main,transmission,100000,1,20,LQHtransmission1559,LQHtransmission2668,
LQHtransmission1559_to_LQHtransmission3783_heat,#823740,LQ heat distribution main,transmission,100000,1,20,LQHtransmission3783,LQHtransmission1559,
LQHtransmission3783_to_LQHtransmission3751_heat,#823740,LQ heat distribution main,transmission,100000,1,20,LQHtransmission3751,LQHtransmission3783,
LQHtransmission3751_to_LQHtransmission3778_heat,#823740,LQ heat distribution main,transmission,100000,1,20,LQHtransmission3778,LQHtransmission3751,
LQHtransmission3778_to_LQHtransmission3544_heat,#823740,LQ heat distribution main,transmission,100000,1,20,LQHtransmission3544,LQHtransmission3778,
LQHtransmission3544_to_LQHtransmission2924_heat,#823740,LQ heat distribution main,transmission,100000,1,20,LQHtransmission2924,LQHtransmission3544,
LQHtransmission2924_to_LQHtransmission3665_heat,#823740,LQ heat distribution main,transmission,100000,1,20,LQHtransmission3665,LQHtransmission2924,
LQHtransmission3665_to_LQHtransmission3475_heat,#823740,LQ heat distribution main,transmission,100000,1,20,LQHtransmission3475,LQHtransmission3665,
LQHtransmission3475_to_LQHtransmission1729_heat,#823740,LQ heat distribution main,transmission,100000,1,20,LQHtransmission1729,LQHtransmission3475,
LQHtransmission1729_to_LQHtransmission1948_heat,#823740,LQ heat distribution main,transmission,100000,1,20,LQHtransmission1948,LQHtransmission1729,
LQHtransmission1948_to_LQHtransmission2689_heat,#823740,LQ heat distribution main,transmission,100000,1,20,LQHtransmission2689,LQHtransmission1948,
LQHtransmission2689_to_LQHtransmission2701_heat,#823740,LQ heat distribution main,transmission,100000,1,20,LQHtransmission2701,LQHtransmission2689,
LQHtransmission2701_to_LQHtransmission1274_heat,#823740,LQ heat distribution main,transmission,100000,1,20,LQHtransmission1274,LQHtransmission2701,
LQHtransmission1274_to_LQHtransmission1583_heat,#823740,LQ heat distribution main,transmission,100000,1,20,LQHtransmission1583,LQHtransmission1274,
LQHtransmission1583_to_LQHtransmission457_heat,#823740,LQ heat distribution main,transmission,100000,1,20,LQHtransmission457,LQHtransmission1583,
LQHtransmission457_to_LQHtransmission3686_heat,#823740,LQ heat distribution main,transmission,100000,1,20,LQHtransmission3686,LQHtransmission457,
LQHtransmission3686_to_LQHtransmission1301_heat,#823740,LQ heat distribution main,transmission,100000,1,20,LQHtransmission1301,LQHtransmission3686,
LQHtransmission1301_to_LQHtransmission4490_heat,#823740,LQ heat distribution main,transmission,100000,1,20,LQHtransmission4490,LQHtransmission1301,
LQHtransmission4490_to_LQHtransmission422_heat,#823740,LQ heat distribution main,transmission,100000,1,20,LQHtransmission422,LQHtransmission4490,
LQHtransmission422_to_LQHtransmission3835_heat,#823740,LQ heat distribution main,transmission,100000,1,20,LQHtransmission3835,LQHtransmission422,
LQHtransmission3835_to_LQHtransmission67_heat,#823740,LQ heat distribution main,transmission,100000,1,20,LQHtransmission67,LQHtransmission3835,
LQHtransmission67_to_LQHtransmission2520_heat,#823740,LQ heat distribution main,transmission,100000,1,20,LQHtransmission2520,LQHtransmission67,
LQHtransmission2520_to_LQHtransmission2768_heat,#823740,LQ heat distribution main,transmission,100000,1,20,LQHtransmission2768,LQHtransmission2520,
LQHtransmission2768_to_LQHtransmission1536_heat,#823740,LQ heat distribution main,transmission,100000,1,20,LQHtransmission1536,LQHtransmission2768,
LQHtransmission1536_to_LQHtransmission3971_heat,#823740,LQ heat distribution main,transmission,100000,1,20,LQHtransmission3971,LQHtransmission1536,
LQHtransmission3971_to_LQHtransmission2612_heat,#823740,LQ heat distribution main,transmission,100000,1,20,LQHtransmission2612,LQHtransmission3971,
LQHtransmission2612_to_LQHtransmission3622_heat,#823740,LQ heat distribution main,transmission,100000,1,20,LQHtransmission3622,LQHtransmission2612,
LQHtransmission3622_to_LQHtransmission2665_heat,#823740,LQ heat distribution main,transmission,100000,1,20,LQHtransmission2665,LQHtransmission3622,
LQHtransmission2665_to_LQHtransmission863_heat,#823740,LQ heat distribution main,transmission,100000,1,20,LQHtransmission863,LQHtransmission2665,
LQHtransmission863_to_LQHtransmission1829_heat,#823740,LQ heat distribution main,transmission,100000,1,20,LQHtransmission1829,LQHtransmission863,
LQHtransmission1829_to_LQHtransmission4589_heat,#823740,LQ heat distribution main,transmission,100000,1,20,LQHtransmission4589,LQHtransmission1829,
LQHtransmission4589_to_LQHtransmission1099_heat,#823740,LQ heat distribution main,transmission,100000,1,20,LQHtransmission1099,LQHtransmission4589,
LQHtransmission1099_to_LQHtransmission4294_heat,#823740,LQ heat distribution main,transmission,100000,1,20,LQHtransmission4294,LQHtransmission1099,
LQHtransmission4294_to_LQHtransmission2346_heat,#823740,LQ heat distribution main,transmission,100000,1,20,LQHtransmission2346,LQHtransmission4294,
LQHtransmission2346_to_LQHtransmission985_heat,#823740,LQ heat distribution main,transmission,100000,1,20,LQHtransmission985,LQHtransmission2346,
LQHtransmission985_to_LQHtransmission503_heat,#823740,LQ heat distribution main,transmission,100000,1,20,LQHtransmission503,LQHtransmission985,
LQHtransmission503_to_LQHtransmission4531_heat,#823740,LQ heat distribution main,transmission,100000,1,20,LQHtransmission4531,LQHtransmission503,
LQHtransmission4531_to_LQHtransmission1870_heat,#823740,LQ heat distribution main,transmission,100000,1,20,LQHtransmission1870,LQHtransmission4531,
LQHtransmission1870_to_LQHtransmission4620_heat,#823740,LQ heat distribution main,transmission,100000,1,20,LQHtransmission4620,LQHtransmission1870,
LQHtransmission4620_to_LQHtransmission28_heat,#823740,LQ heat distribution main,transmission,100000,1,20,LQHtransmission28,LQHtransmission4620,
LQHtransmission28_to_LQHtransmission3127_heat,#823740,LQ heat distribution main,transmission,100000,1,20,LQHtransmission3127,LQHtransmission28,
LQHtransmission3127_to_LQHtransmission3849_heat,#823740,LQ heat distribution main,transmission,100000,1,20,LQHtransmission3849,LQHtransmission3127,
LQHtransmission3849_to_LQHtransmission2220_heat,#823740,LQ heat distribution main,transmission,100000,1,20,LQHtransmission2220,LQHtransmission3849,
LQHtransmission2220_to_LQHtransmission1703_heat,#823740,LQ heat distribution main,transmission,100000,1,20,LQHtransmission1703,LQHtransmission2220,
LQHtransmission1703_to_LQHtransmission4313_heat,#823740,LQ heat distribution main,transmission,100000,1,20,LQHtransmission4313,LQHtransmission1703,
LQHtransmission4313_to_LQHtransmission656_heat,#823740,LQ heat distribution main,transmission,100000,1,20,LQHtransmission656,LQHtransmission4313,
LQHtransmission656_to_LQHtransmission157_heat,#823740,LQ heat distribution main,transmission,100000,1,20,LQHtransmission157,LQHtransmission656,
LQHtransmission3411_to_LQHtransmission3722_heat,#823740,LQ heat distribution main,transmission,100000,1,20,LQHtransmission3722,LQHtransmission3411,
LQHtransmission4712_to_LQHtransmission3531_heat,#823740,LQ heat distribution main,transmission,100000,1,20,LQHtransmission3531,LQHtransmission4712,
LQHtransmission3531_to_LQHtransmission1263_heat,#823740,LQ heat distribution main,transmission,100000,1,20,LQHtransmission1263,LQHtransmission3531,
LQHtransmission1263_to_LQHtransmission1666_heat,#823740,LQ heat distribution main,transmission,100000,1,20,LQHtransmission1666,LQHtransmission1263,
LQHtransmission1666_to_LQHtransmission4032_heat,#823740,LQ heat distribution main,transmission,100000,1,20,LQHtransmission4032,LQHtransmission1666,
LQHtransmission2002_to_LQHtransmission4173_heat,#823740,LQ heat distribution main,transmission,100000,1,20,LQHtransmission4173,LQHtransmission2002,
LQHtransmission4173_to_LQHtransmission171_heat,#823740,LQ heat distribution main,transmission,100000,1,20,LQHtransmission171,LQHtransmission4173,
LQHtransmission171_to_LQHtransmission3397_heat,#823740,LQ heat distribution main,transmission,100000,1,20,LQHtransmission3397,LQHtransmission171,
LQHtransmission3397_to_LQHtransmission4566_heat,#823740,LQ heat distribution main,transmission,100000,1,20,LQHtransmission4566,LQHtransmission3397,
LQHtransmission4566_to_LQHtransmission3269_heat,#823740,LQ heat distribution main,transmission,100000,1,20,LQHtransmission3269,LQHtransmission4566,
LQHtransmission3269_to_LQHtransmission3326_heat,#823740,LQ heat distribution main,transmission,100000,1,20,LQHtransmission3326,LQHtransmission3269,
LQHtransmission3326_to_LQHtransmission68_heat,#823740,LQ heat distribution main,transmission,100000,1,20,LQHtransmission68,LQHtransmission3326,
LQHtransmission68_to_LQHtransmission3150_heat,#823740,LQ heat distribution main,transmission,100000,1,20,LQHtransmission3150,LQHtransmission68,
LQHtransmission3150_to_LQHtransmission3442_heat,#823740,LQ heat distribution main,transmission,100000,1,20,LQHtransmission3442,LQHtransmission3150,
LQHtransmission3385_to_LQHtransmission1272_heat,#823740,LQ heat distribution main,transmission,100000,1,20,LQHtransmission1272,LQHtransmission3385,
LQHtransmission1272_to_LQHtransmission3266_heat,#823740,LQ heat distribution main,transmission,100000,1,20,LQHtransmission3266,LQHtransmission1272,
LQHtransmission3266_to_LQHtransmission973_heat,#823740,LQ heat distribution main,transmission,100000,1,20,LQHtransmission973,LQHtransmission3266,
LQHtransmission973_to_LQHtransmission2309_heat,#823740,LQ heat distribution main,transmission,100000,1,20,LQHtransmission2309,LQHtransmission973,
LQHtransmission2309_to_LQHtransmission4203_heat,#823740,LQ heat distribution main,transmission,100000,1,20,LQHtransmission4203,LQHtransmission2309,
LQHtransmission4203_to_LQHtransmission1552_heat,#823740,LQ heat distribution main,transmission,100000,1,20,LQHtransmission1552,LQHtransmission4203,
LQHtransmission1552_to_LQHtransmission3375_heat,#823740,LQ heat distribution main,transmission,100000,1,20,LQHtransmission3375,LQHtransmission1552,
LQHtransmission3375_to_LQHtransmission696_heat,#823740,LQ heat distribution main,transmission,100000,1,20,LQHtransmission696,LQHtransmission3375,
LQHtransmission696_to_LQHtransmission554_heat,#823740,LQ heat distribution main,transmission,100000,1,20,LQHtransmission554,LQHtransmission696,
LQHtransmission554_to_LQHtransmission3956_heat,#823740,LQ heat distribution main,transmission,100000,1,20,LQHtransmission3956,LQHtransmission554,
LQHtransmission3956_to_LQHtransmission3690_heat,#823740,LQ heat distribution main,transmission,100000,1,20,LQHtransmission3690,LQHtransmission3956,
LQHtransmission3690_to_LQHtransmission3664_heat,#823740,LQ heat distribution main,transmission,100000,1,20,LQHtransmission3664,LQHtransmission3690,
LQHtransmission3664_to_LQHtransmission1000_heat,#823740,LQ heat distribution main,transmission,100000,1,20,LQHtransmission1000,LQHtransmission3664,
LQHtransmission1000_to_LQHtransmission3258_heat,#823740,LQ heat distribution main,transmission,100000,1,20,LQHtransmission3258,LQHtransmission1000,
LQHtransmission3258_to_LQHtransmission3155_heat,#823740,LQ heat distribution main,transmission,100000,1,20,LQHtransmission3155,LQHtransmission3258,
LQHtransmission3155_to_LQHtransmission1410_heat,#823740,LQ heat distribution main,transmission,100000,1,20,LQHtransmission1410,LQHtransmission3155,
LQHtransmission1410_to_LQHtransmission3412_heat,#823740,LQ heat distribution main,transmission,100000,1,20,LQHtransmission3412,LQHtransmission1410,
LQHtransmission3412_to_LQHtransmission1675_heat,#823740,LQ heat distribution main,transmission,100000,1,20,LQHtransmission1675,LQHtransmission3412,
LQHtransmission1675_to_LQHtransmission1975_heat,#823740,LQ heat distribution main,transmission,100000,1,20,LQHtransmission1975,LQHtransmission1675,
LQHtransmission1975_to_LQHtransmission1950_heat,#823740,LQ heat distribution main,transmission,100000,1,20,LQHtransmission1950,LQHtransmission1975,
LQHtransmission1950_to_LQHtransmission1682_heat,#823740,LQ heat distribution main,transmission,100000,1,20,LQHtransmission1682,LQHtransmission1950,
LQHtransmission1682_to_LQHtransmission3509_heat,#823740,LQ heat distribution main,transmission,100000,1,20,LQHtransmission3509,LQHtransmission1682,
LQHtransmission3509_to_LQHtransmission3420_heat,#823740,LQ heat distribution main,transmission,100000,1,20,LQHtransmission3420,LQHtransmission3509,
LQHtransmission3420_to_LQHtransmission3448_heat,#823740,LQ heat distribution main,transmission,100000,1,20,LQHtransmission3448,LQHtransmission3420,
LQHtransmission3448_to_LQHtransmission4221_heat,#823740,LQ heat distribution main,transmission,100000,1,20,LQHtransmission4221,LQHtransmission3448,
LQHtransmission2180_to_LQHtransmission8_heat,#823740,LQ heat distribution main,transmission,100000,1,20,LQHtransmission8,LQHtransmission2180,
LQHtransmission8_to_LQHtransmission1563_heat,#823740,LQ heat distribution main,transmission,100000,1,20,LQHtransmission1563,LQHtransmission8,
LQHtransmission1563_to_LQHtransmission2841_heat,#823740,LQ heat distribution main,transmission,100000,1,20,LQHtransmission2841,LQHtransmission1563,
LQHtransmission2841_to_LQHtransmission654_heat,#823740,LQ heat distribution main,transmission,100000,1,20,LQHtransmission654,LQHtransmission2841,
LQHtransmission654_to_LQHtransmission2243_heat,#823740,LQ heat distribution main,transmission,100000,1,20,LQHtransmission2243,LQHtransmission654,
LQHtransmission2243_to_LQHtransmission4733_heat,#823740,LQ heat distribution main,transmission,100000,1,20,LQHtransmission4733,LQHtransmission2243,
LQHtransmission4733_to_LQHtransmission3709_heat,#823740,LQ heat distribution main,transmission,100000,1,20,LQHtransmission3709,LQHtransmission4733,
LQHtransmission3709_to_LQHtransmission4647_heat,#823740,LQ heat distribution main,transmission,100000,1,20,LQHtransmission4647,LQHtransmission3709,
LQHtransmission4647_to_LQHtransmission761_heat,#823740,LQ heat distribution main,transmission,100000,1,20,LQHtransmission761,LQHtransmission4647,
LQHtransmission761_to_LQHtransmission3989_heat,#823740,LQ heat distribution main,transmission,100000,1,20,LQHtransmission3989,LQHtransmission761,
LQHtransmission3989_to_LQHtransmission4507_heat,#823740,LQ heat distribution main,transmission,100000,1,20,LQHtransmission4507,LQHtransmission3989,
LQHtransmission4507_to_LQHtransmission2477_heat,#823740,LQ heat distribution main,transmission,100000,1,20,LQHtransmission2477,LQHtransmission4507,
LQHtransmission2477_to_LQHtransmission425_heat,#823740,LQ heat distribution main,transmission,100000,1,20,LQHtransmission425,LQHtransmission2477,
LQHtransmission425_to_LQHtransmission1117_heat,#823740,LQ heat distribution main,transmission,100000,1,20,LQHtransmission1117,LQHtransmission425,
LQHtransmission1117_to_LQHtransmission3303_heat,#823740,LQ heat distribution main,transmission,100000,1,20,LQHtransmission3303,LQHtransmission1117,
LQHtransmission3303_to_LQHtransmission3865_heat,#823740,LQ heat distribution main,transmission,100000,1,20,LQHtransmission3865,LQHtransmission3303,
LQHtransmission3865_to_LQHtransmission1392_heat,#823740,LQ heat distribution main,transmission,100000,1,20,LQHtransmission1392,LQHtransmission3865,
LQHtransmission1392_to_LQHtransmission3574_heat,#823740,LQ heat distribution main,transmission,100000,1,20,LQHtransmission3574,LQHtransmission1392,
LQHtransmission3574_to_LQHtransmission1549_heat,#823740,LQ heat distribution main,transmission,100000,1,20,LQHtransmission1549,LQHtransmission3574,
LQHtransmission1549_to_LQHtransmission3206_heat,#823740,LQ heat distribution main,transmission,100000,1,20,LQHtransmission3206,LQHtransmission1549,
LQHtransmission3206_to_LQHtransmission3798_heat,#823740,LQ heat distribution main,transmission,100000,1,20,LQHtransmission3798,LQHtransmission3206,
LQHtransmission3798_to_LQHtransmission1325_heat,#823740,LQ heat distribution main,transmission,100000,1,20,LQHtransmission1325,LQHtransmission3798,
LQHtransmission2773_to_LQHtransmission2098_heat,#823740,LQ heat distribution main,transmission,100000,1,20,LQHtransmission2098,LQHtransmission2773,
LQHtransmission3969_to_LQHtransmission127_heat,#823740,LQ heat distribution main,transmission,100000,1,20,LQHtransmission127,LQHtransmission3969,
LQHtransmission4609_to_LQHtransmission1712_heat,#823740,LQ heat distribution main,transmission,100000,1,20,LQHtransmission1712,LQHtransmission4609,
LQHtransmission1712_to_LQHtransmission3051_heat,#823740,LQ heat distribution main,transmission,100000,1,20,LQHtransmission3051,LQHtransmission1712,
LQHtransmission4107_to_LQHtransmission1946_heat,#823740,LQ heat distribution main,transmission,100000,1,20,LQHtransmission1946,LQHtransmission4107,
LQHtransmission1946_to_LQHtransmission3254_heat,#823740,LQ heat distribution main,transmission,100000,1,20,LQHtransmission3254,LQHtransmission1946,
LQHtransmission3254_to_LQHtransmission1343_heat,#823740,LQ heat distribution main,transmission,100000,1,20,LQHtransmission1343,LQHtransmission3254,
LQHtransmission1343_to_LQHtransmission3528_heat,#823740,LQ heat distribution main,transmission,100000,1,20,LQHtransmission3528,LQHtransmission1343,
LQHtransmission3528_to_LQHtransmission3782_heat,#823740,LQ heat distribution main,transmission,100000,1,20,LQHtransmission3782,LQHtransmission3528,
LQHtransmission3782_to_LQHtransmission210_heat,#823740,LQ heat distribution main,transmission,100000,1,20,LQHtransmission210,LQHtransmission3782,
LQHtransmission210_to_LQHtransmission1781_heat,#823740,LQ heat distribution main,transmission,100000,1,20,LQHtransmission1781,LQHtransmission210,
LQHtransmission1781_to_LQHtransmission2339_heat,#823740,LQ heat distribution main,transmission,100000,1,20,LQHtransmission2339,LQHtransmission1781,
LQHtransmission2339_to_LQHtransmission700_heat,#823740,LQ heat distribution main,transmission,100000,1,20,LQHtransmission700,LQHtransmission2339,
LQHtransmission700_to_LQHtransmission4596_heat,#823740,LQ heat distribution main,transmission,100000,1,20,LQHtransmission4596,LQHtransmission700,
LQHtransmission4596_to_LQHtransmission1921_heat,#823740,LQ heat distribution main,transmission,100000,1,20,LQHtransmission1921,LQHtransmission4596,
LQHtransmission1921_to_LQHtransmission1215_heat,#823740,LQ heat distribution main,transmission,100000,1,20,LQHtransmission1215,LQHtransmission1921,
LQHtransmission1215_to_LQHtransmission3789_heat,#823740,LQ heat distribution main,transmission,100000,1,20,LQHtransmission3789,LQHtransmission1215,
LQHtransmission3789_to_LQHtransmission987_heat,#823740,LQ heat distribution main,transmission,100000,1,20,LQHtransmission987,LQHtransmission3789,
LQHtransmission987_to_LQHtransmission4565_heat,#823740,LQ heat distribution main,transmission,100000,1,20,LQHtransmission4565,LQHtransmission987,
LQHtransmission4565_to_LQHtransmission2284_heat,#823740,LQ heat distribution main,transmission,100000,1,20,LQHtransmission2284,LQHtransmission4565,
LQHtransmission2284_to_LQHtransmission347_heat,#823740,LQ heat distribution main,transmission,100000,1,20,LQHtransmission347,LQHtransmission2284,
LQHtransmission347_to_LQHtransmission3476_heat,#823740,LQ heat distribution main,transmission,100000,1,20,LQHtransmission3476,LQHtransmission347,
LQHtransmission3476_to_LQHtransmission3402_heat,#823740,LQ heat distribution main,transmission,100000,1,20,LQHtransmission3402,LQHtransmission3476,
LQHtransmission3402_to_LQHtransmission4131_heat,#823740,LQ heat distribution main,transmission,100000,1,20,LQHtransmission4131,LQHtransmission3402,
LQHtransmission4131_to_LQHtransmission2976_heat,#823740,LQ heat distribution main,transmission,100000,1,20,LQHtransmission2976,LQHtransmission4131,
LQHtransmission2976_to_LQHtransmission1436_heat,#823740,LQ heat distribution main,transmission,100000,1,20,LQHtransmission1436,LQHtransmission2976,
LQHtransmission1436_to_LQHtransmission2666_heat,#823740,LQ heat distribution main,transmission,100000,1,20,LQHtransmission2666,LQHtransmission1436,
LQHtransmission2666_to_LQHtransmission2159_heat,#823740,LQ heat distribution main,transmission,100000,1,20,LQHtransmission2159,LQHtransmission2666,
LQHtransmission2159_to_LQHtransmission3514_heat,#823740,LQ heat distribution main,transmission,100000,1,20,LQHtransmission3514,LQHtransmission2159,
LQHtransmission3514_to_LQHtransmission258_heat,#823740,LQ heat distribution main,transmission,100000,1,20,LQHtransmission258,LQHtransmission3514,
LQHtransmission258_to_LQHtransmission568_heat,#823740,LQ heat distribution main,transmission,100000,1,20,LQHtransmission568,LQHtransmission258,
LQHtransmission568_to_LQHtransmission4151_heat,#823740,LQ heat distribution main,transmission,100000,1,20,LQHtransmission4151,LQHtransmission568,
LQHtransmission4151_to_LQHtransmission2918_heat,#823740,LQ heat distribution main,transmission,100000,1,20,LQHtransmission2918,LQHtransmission4151,
LQHtransmission2918_to_LQHtransmission3786_heat,#823740,LQ heat distribution main,transmission,100000,1,20,LQHtransmission3786,LQHtransmission2918,
LQHtransmission3786_to_LQHtransmission2630_heat,#823740,LQ heat distribution main,transmission,100000,1,20,LQHtransmission2630,LQHtransmission3786,
LQHtransmission2630_to_LQHtransmission854_heat,#823740,LQ heat distribution main,transmission,100000,1,20,LQHtransmission854,LQHtransmission2630,
LQHtransmission1662_to_LQHtransmission1192_heat,#823740,LQ heat distribution main,transmission,100000,1,20,LQHtransmission1192,LQHtransmission1662,
LQHtransmission1192_to_LQHtransmission755_heat,#823740,LQ heat distribution main,transmission,100000,1,20,LQHtransmission755,LQHtransmission1192,
LQHtransmission755_to_LQHtransmission3455_heat,#823740,LQ heat distribution main,transmission,100000,1,20,LQHtransmission3455,LQHtransmission755,
LQHtransmission1931_to_LQHtransmission2749_heat,#823740,LQ heat distribution main,transmission,100000,1,20,LQHtransmission2749,LQHtransmission1931,
LQHtransmission2749_to_LQHtransmission1637_heat,#823740,LQ heat distribution main,transmission,100000,1,20,LQHtransmission1637,LQHtransmission2749,
LQHtransmission1637_to_LQHtransmission432_heat,#823740,LQ heat distribution main,transmission,100000,1,20,LQHtransmission432,LQHtransmission1637,
LQHtransmission432_to_LQHtransmission3656_heat,#823740,LQ heat distribution main,transmission,100000,1,20,LQHtransmission3656,LQHtransmission432,
LQHtransmission3656_to_LQHtransmission3539_heat,#823740,LQ heat distribution main,transmission,100000,1,20,LQHtransmission3539,LQHtransmission3656,
LQHtransmission3539_to_LQHtransmission2555_heat,#823740,LQ heat distribution main,transmission,100000,1,20,LQHtransmission2555,LQHtransmission3539,
LQHtransmission2555_to_LQHtransmission4270_heat,#823740,LQ heat distribution main,transmission,100000,1,20,LQHtransmission4270,LQHtransmission2555,
LQHtransmission4270_to_LQHtransmission1690_heat,#823740,LQ heat distribution main,transmission,100000,1,20,LQHtransmission1690,LQHtransmission4270,
LQHtransmission1690_to_LQHtransmission4091_heat,#823740,LQ heat distribution main,transmission,100000,1,20,LQHtransmission4091,LQHtransmission1690,
LQHtransmission2892_to_LQHtransmission176_heat,#823740,LQ heat distribution main,transmission,100000,1,20,LQHtransmission176,LQHtransmission2892,
LQHtransmission176_to_LQHtransmission3963_heat,#823740,LQ heat distribution main,transmission,100000,1,20,LQHtransmission3963,LQHtransmission176,
LQHtransmission3963_to_LQHtransmission1368_heat,#823740,LQ heat distribution main,transmission,100000,1,20,LQHtransmission1368,LQHtransmission3963,
LQHtransmission2756_to_LQHtransmission1019_heat,#823740,LQ heat distribution main,transmission,100000,1,20,LQHtransmission1019,LQHtransmission2756,
LQHtransmission1587_to_LQHtransmission4356_heat,#823740,LQ heat distribution main,transmission,100000,1,20,LQHtransmission4356,LQHtransmission1587,
LQHtransmission4356_to_LQHtransmission3967_heat,#823740,LQ heat distribution main,transmission,100000,1,20,LQHtransmission3967,LQHtransmission4356,
LQHtransmission3967_to_LQHtransmission4568_heat,#823740,LQ heat distribution main,transmission,100000,1,20,LQHtransmission4568,LQHtransmission3967,
LQHtransmission4568_to_LQHtransmission2526_heat,#823740,LQ heat distribution main,transmission,100000,1,20,LQHtransmission2526,LQHtransmission4568,
LQHtransmission2526_to_LQHtransmission4013_heat,#823740,LQ heat distribution main,transmission,100000,1,20,LQHtransmission4013,LQHtransmission2526,
LQHtransmission4013_to_LQHtransmission2273_heat,#823740,LQ heat distribution main,transmission,100000,1,20,LQHtransmission2273,LQHtransmission4013,
LQHtransmission2273_to_LQHtransmission2636_heat,#823740,LQ heat distribution main,transmission,100000,1,20,LQHtransmission2636,LQHtransmission2273,
LQHtransmission2636_to_LQHtransmission2616_heat,#823740,LQ heat distribution main,transmission,100000,1,20,LQHtransmission2616,LQHtransmission2636,
LQHtransmission337_to_LQHtransmission1617_heat,#823740,LQ heat distribution main,transmission,100000,1,20,LQHtransmission1617,LQHtransmission337,
LQHtransmission1617_to_LQHtransmission657_heat,#823740,LQ heat distribution main,transmission,100000,1,20,LQHtransmission657,LQHtransmission1617,
LQHtransmission657_to_LQHtransmission1293_heat,#823740,LQ heat distribution main,transmission,100000,1,20,LQHtransmission1293,LQHtransmission657,
LQHtransmission1293_to_LQHtransmission1519_heat,#823740,LQ heat distribution main,transmission,100000,1,20,LQHtransmission1519,LQHtransmission1293,
LQHtransmission1519_to_LQHtransmission2886_heat,#823740,LQ heat distribution main,transmission,100000,1,20,LQHtransmission2886,LQHtransmission1519,
LQHtransmission2886_to_LQHtransmission1355_heat,#823740,LQ heat distribution main,transmission,100000,1,20,LQHtransmission1355,LQHtransmission2886,
LQHtransmission1355_to_LQHtransmission230_heat,#823740,LQ heat distribution main,transmission,100000,1,20,LQHtransmission230,LQHtransmission1355,
LQHtransmission230_to_LQHtransmission3298_heat,#823740,LQ heat distribution main,transmission,100000,1,20,LQHtransmission3298,LQHtransmission230,
LQHtransmission3298_to_LQHtransmission578_heat,#823740,LQ heat distribution main,transmission,100000,1,20,LQHtransmission578,LQHtransmission3298,
LQHtransmission578_to_LQHtransmission4138_heat,#823740,LQ heat distribution main,transmission,100000,1,20,LQHtransmission4138,LQHtransmission578,
LQHtransmission4138_to_LQHtransmission4319_heat,#823740,LQ heat distribution main,transmission,100000,1,20,LQHtransmission4319,LQHtransmission4138,
LQHtransmission4319_to_LQHtransmission4466_heat,#823740,LQ heat distribution main,transmission,100000,1,20,LQHtransmission4466,LQHtransmission4319,
LQHtransmission4466_to_LQHtransmission1057_heat,#823740,LQ heat distribution main,transmission,100000,1,20,LQHtransmission1057,LQHtransmission4466,
LQHtransmission1057_to_LQHtransmission4195_heat,#823740,LQ heat distribution main,transmission,100000,1,20,LQHtransmission4195,LQHtransmission1057,
LQHtransmission4195_to_LQHtransmission155_heat,#823740,LQ heat distribution main,transmission,100000,1,20,LQHtransmission155,LQHtransmission4195,
LQHtransmission155_to_LQHtransmission3388_heat,#823740,LQ heat distribution main,transmission,100000,1,20,LQHtransmission3388,LQHtransmission155,
LQHtransmission3388_to_LQHtransmission491_heat,#823740,LQ heat distribution main,transmission,100000,1,20,LQHtransmission491,LQHtransmission3388,
LQHtransmission491_to_LQHtransmission4396_heat,#823740,LQ heat distribution main,transmission,100000,1,20,LQHtransmission4396,LQHtransmission491,
LQHtransmission4396_to_LQHtransmission2308_heat,#823740,LQ heat distribution main,transmission,100000,1,20,LQHtransmission2308,LQHtransmission4396,
LQHtransmission2308_to_LQHtransmission1207_heat,#823740,LQ heat distribution main,transmission,100000,1,20,LQHtransmission1207,LQHtransmission2308,
LQHtransmission1207_to_LQHtransmission4311_heat,#823740,LQ heat distribution main,transmission,100000,1,20,LQHtransmission4311,LQHtransmission1207,
LQHtransmission4311_to_LQHtransmission150_heat,#823740,LQ heat distribution main,transmission,100000,1,20,LQHtransmission150,LQHtransmission4311,
LQHtransmission150_to_LQHtransmission1751_heat,#823740,LQ heat distribution main,transmission,100000,1,20,LQHtransmission1751,LQHtransmission150,
LQHtransmission1751_to_LQHtransmission3273_heat,#823740,LQ heat distribution main,transmission,100000,1,20,LQHtransmission3273,LQHtransmission1751,
LQHtransmission3273_to_LQHtransmission2537_heat,#823740,LQ heat distribution main,transmission,100000,1,20,LQHtransmission2537,LQHtransmission3273,
LQHtransmission2537_to_LQHtransmission4228_heat,#823740,LQ heat distribution main,transmission,100000,1,20,LQHtransmission4228,LQHtransmission2537,
LQHtransmission4228_to_LQHtransmission1104_heat,#823740,LQ heat distribution main,transmission,100000,1,20,LQHtransmission1104,LQHtransmission4228,
LQHtransmission1104_to_LQHtransmission3759_heat,#823740,LQ heat distribution main,transmission,100000,1,20,LQHtransmission3759,LQHtransmission1104,
LQHtransmission3759_to_LQHtransmission615_heat,#823740,LQ heat distribution main,transmission,100000,1,20,LQHtransmission615,LQHtransmission3759,
LQHtransmission615_to_LQHtransmission1100_heat,#823740,LQ heat distribution main,transmission,100000,1,20,LQHtransmission1100,LQHtransmission615,
LQHtransmission1100_to_LQHtransmission3185_heat,#823740,LQ heat distribution main,transmission,100000,1,20,LQHtransmission3185,LQHtransmission1100,
LQHtransmission3185_to_LQHtransmission2027_heat,#823740,LQ heat distribution main,transmission,100000,1,20,LQHtransmission2027,LQHtransmission3185,
LQHtransmission2027_to_LQHtransmission1600_heat,#823740,LQ heat distribution main,transmission,100000,1,20,LQHtransmission1600,LQHtransmission2027,
LQHtransmission3081_to_LQHtransmission3741_heat,#823740,LQ heat distribution main,transmission,100000,1,20,LQHtransmission3741,LQHtransmission3081,
LQHtransmission3741_to_LQHtransmission2618_heat,#823740,LQ heat distribution main,transmission,100000,1,20,LQHtransmission2618,LQHtransmission3741,
LQHtransmission2618_to_LQHtransmission4213_heat,#823740,LQ heat distribution main,transmission,100000,1,20,LQHtransmission4213,LQHtransmission2618,
LQHtransmission4213_to_LQHtransmission142_heat,#823740,LQ heat distribution main,transmission,100000,1,20,LQHtransmission142,LQHtransmission4213,
LQHtransmission142_to_LQHtransmission291_heat,#823740,LQ heat distribution main,transmission,100000,1,20,LQHtransmission291,LQHtransmission142,
LQHtransmission291_to_LQHtransmission3359_heat,#823740,LQ heat distribution main,transmission,100000,1,20,LQHtransmission3359,LQHtransmission291,
LQHtransmission3359_to_LQHtransmission3546_heat,#823740,LQ heat distribution main,transmission,100000,1,20,LQHtransmission3546,LQHtransmission3359,
LQHtransmission3546_to_LQHtransmission1933_heat,#823740,LQ heat distribution main,transmission,100000,1,20,LQHtransmission1933,LQHtransmission3546,
LQHtransmission1933_to_LQHtransmission562_heat,#823740,LQ heat distribution main,transmission,100000,1,20,LQHtransmission562,LQHtransmission1933,
LQHtransmission562_to_LQHtransmission1242_heat,#823740,LQ heat distribution main,transmission,100000,1,20,LQHtransmission1242,LQHtransmission562,
LQHtransmission1242_to_LQHtransmission4291_heat,#823740,LQ heat distribution main,transmission,100000,1,20,LQHtransmission4291,LQHtransmission1242,
LQHtransmission4291_to_LQHtransmission2839_heat,#823740,LQ heat distribution main,transmission,100000,1,20,LQHtransmission2839,LQHtransmission4291,
LQHtransmission2839_to_LQHtransmission2081_heat,#823740,LQ heat distribution main,transmission,100000,1,20,LQHtransmission2081,LQHtransmission2839,
LQHtransmission2081_to_LQHtransmission2177_heat,#823740,LQ heat distribution main,transmission,100000,1,20,LQHtransmission2177,LQHtransmission2081,
LQHtransmission2177_to_LQHtransmission3840_heat,#823740,LQ heat distribution main,transmission,100000,1,20,LQHtransmission3840,LQHtransmission2177,
LQHtransmission3840_to_LQHtransmission3752_heat,#823740,LQ heat distribution main,transmission,100000,1,20,LQHtransmission3752,LQHtransmission3840,
LQHtransmission4091_to_LQHtransmission216_heat,#823740,LQ heat distribution main,transmission,100000,1,20,LQHtransmission216,LQHtransmission4091,
LQHtransmission216_to_LQHtransmission2385_heat,#823740,LQ heat distribution main,transmission,100000,1,20,LQHtransmission2385,LQHtransmission216,
LQHtransmission2385_to_LQHtransmission1371_heat,#823740,LQ heat distribution main,transmission,100000,1,20,LQHtransmission1371,LQHtransmission2385,
LQHtransmission2616_to_LQHtransmission4518_heat,#823740,LQ heat distribution main,transmission,100000,1,20,LQHtransmission4518,LQHtransmission2616,
LQHtransmission2892_to_LQHtransmission733_heat,#823740,LQ heat distribution main,transmission,100000,1,20,LQHtransmission733,LQHtransmission2892,
LQHtransmission733_to_LQHtransmission737_heat,#823740,LQ heat distribution main,transmission,100000,1,20,LQHtransmission737,LQHtransmission733,
LQHtransmission737_to_LQHtransmission955_heat,#823740,LQ heat distribution main,transmission,100000,1,20,LQHtransmission955,LQHtransmission737,
LQHtransmission955_to_LQHtransmission4369_heat,#823740,LQ heat distribution main,transmission,100000,1,20,LQHtransmission4369,LQHtransmission955,
LQHtransmission4369_to_LQHtransmission1895_heat,#823740,LQ heat distribution main,transmission,100000,1,20,LQHtransmission1895,LQHtransmission4369,
LQHtransmission1895_to_LQHtransmission2082_heat,#823740,LQ heat distribution main,transmission,100000,1,20,LQHtransmission2082,LQHtransmission1895,
LQHtransmission2082_to_LQHtransmission3696_heat,#823740,LQ heat distribution main,transmission,100000,1,20,LQHtransmission3696,LQHtransmission2082,
LQHtransmission3696_to_LQHtransmission4126_heat,#823740,LQ heat distribution main,transmission,100000,1,20,LQHtransmission4126,LQHtransmission3696,
LQHtransmission4126_to_LQHtransmission469_heat,#823740,LQ heat distribution main,transmission,100000,1,20,LQHtransmission469,LQHtransmission4126,
LQHtransmission469_to_LQHtransmission664_heat,#823740,LQ heat distribution main,transmission,100000,1,20,LQHtransmission664,LQHtransmission469,
LQHtransmission664_to_LQHtransmission2522_heat,#823740,LQ heat distribution main,transmission,100000,1,20,LQHtransmission2522,LQHtransmission664,
LQHtransmission2522_to_LQHtransmission129_heat,#823740,LQ heat distribution main,transmission,100000,1,20,LQHtransmission129,LQHtransmission2522,
LQHtransmission129_to_LQHtransmission1480_heat,#823740,LQ heat distribution main,transmission,100000,1,20,LQHtransmission1480,LQHtransmission129,
LQHtransmission1480_to_LQHtransmission3779_heat,#823740,LQ heat distribution main,transmission,100000,1,20,LQHtransmission3779,LQHtransmission1480,
LQHtransmission3779_to_LQHtransmission4559_heat,#823740,LQ heat distribution main,transmission,100000,1,20,LQHtransmission4559,LQHtransmission3779,
LQHtransmission4559_to_LQHtransmission3681_heat,#823740,LQ heat distribution main,transmission,100000,1,20,LQHtransmission3681,LQHtransmission4559,
LQHtransmission3681_to_LQHtransmission1494_heat,#823740,LQ heat distribution main,transmission,100000,1,20,LQHtransmission1494,LQHtransmission3681,
LQHtransmission1494_to_LQHtransmission3072_heat,#823740,LQ heat distribution main,transmission,100000,1,20,LQHtransmission3072,LQHtransmission1494,
LQHtransmission3072_to_LQHtransmission391_heat,#823740,LQ heat distribution main,transmission,100000,1,20,LQHtransmission391,LQHtransmission3072,
LQHtransmission391_to_LQHtransmission1367_heat,#823740,LQ heat distribution main,transmission,100000,1,20,LQHtransmission1367,LQHtransmission391,
LQHtransmission1367_to_LQHtransmission2360_heat,#823740,LQ heat distribution main,transmission,100000,1,20,LQHtransmission2360,LQHtransmission1367,
LQHtransmission2360_to_LQHtransmission2267_heat,#823740,LQ heat distribution main,transmission,100000,1,20,LQHtransmission2267,LQHtransmission2360,
LQHtransmission2267_to_LQHtransmission1448_heat,#823740,LQ heat distribution main,transmission,100000,1,20,LQHtransmission1448,LQHtransmission2267,
LQHtransmission1448_to_LQHtransmission3901_heat,#823740,LQ heat distribution main,transmission,100000,1,20,LQHtransmission3901,LQHtransmission1448,
LQHtransmission3901_to_LQHtransmission3660_heat,#823740,LQ heat distribution main,transmission,100000,1,20,LQHtransmission3660,LQHtransmission3901,
LQHtransmission3660_to_LQHtransmission2319_heat,#823740,LQ heat distribution main,transmission,100000,1,20,LQHtransmission2319,LQHtransmission3660,
LQHtransmission2319_to_LQHtransmission4694_heat,#823740,LQ heat distribution main,transmission,100000,1,20,LQHtransmission4694,LQHtransmission2319,
LQHtransmission4694_to_LQHtransmission4280_heat,#823740,LQ heat distribution main,transmission,100000,1,20,LQHtransmission4280,LQHtransmission4694,
LQHtransmission4280_to_LQHtransmission3666_heat,#823740,LQ heat distribution main,transmission,100000,1,20,LQHtransmission3666,LQHtransmission4280,
LQHtransmission3666_to_LQHtransmission4438_heat,#823740,LQ heat distribution main,transmission,100000,1,20,LQHtransmission4438,LQHtransmission3666,
LQHtransmission4438_to_LQHtransmission4176_heat,#823740,LQ heat distribution main,transmission,100000,1,20,LQHtransmission4176,LQHtransmission4438,
LQHtransmission4176_to_LQHtransmission2966_heat,#823740,LQ heat distribution main,transmission,100000,1,20,LQHtransmission2966,LQHtransmission4176,
LQHtransmission2966_to_LQHtransmission563_heat,#823740,LQ heat distribution main,transmission,100000,1,20,LQHtransmission563,LQHtransmission2966,
LQHtransmission563_to_LQHtransmission4578_heat,#823740,LQ heat distribution main,transmission,100000,1,20,LQHtransmission4578,LQHtransmission563,
LQHtransmission4578_to_LQHtransmission3454_heat,#823740,LQ heat distribution main,transmission,100000,1,20,LQHtransmission3454,LQHtransmission4578,
LQHtransmission3454_to_LQHtransmission4016_heat,#823740,LQ heat distribution main,transmission,100000,1,20,LQHtransmission4016,LQHtransmission3454,
LQHtransmission4016_to_LQHtransmission2894_heat,#823740,LQ heat distribution main,transmission,100000,1,20,LQHtransmission2894,LQHtransmission4016,
LQHtransmission2894_to_LQHtransmission376_heat,#823740,LQ heat distribution main,transmission,100000,1,20,LQHtransmission376,LQHtransmission2894,
LQHtransmission376_to_LQHtransmission840_heat,#823740,LQ heat distribution main,transmission,100000,1,20,LQHtransmission840,LQHtransmission376,
LQHtransmission840_to_LQHtransmission3346_heat,#823740,LQ heat distribution main,transmission,100000,1,20,LQHtransmission3346,LQHtransmission840,
LQHtransmission3673_to_LQHtransmission2413_heat,#823740,LQ heat distribution main,transmission,100000,1,20,LQHtransmission2413,LQHtransmission3673,
LQHtransmission2413_to_LQHtransmission2662_heat,#823740,LQ heat distribution main,transmission,100000,1,20,LQHtransmission2662,LQHtransmission2413,
LQHtransmission2662_to_LQHtransmission3411_heat,#823740,LQ heat distribution main,transmission,100000,1,20,LQHtransmission3411,LQHtransmission2662,
LQHtransmission1795_to_LQHtransmission3621_heat,#823740,LQ heat distribution main,transmission,100000,1,20,LQHtransmission3621,LQHtransmission1795,
LQHtransmission3051_to_LQHtransmission1488_heat,#823740,LQ heat distribution main,transmission,100000,1,20,LQHtransmission1488,LQHtransmission3051,
LQHtransmission1488_to_LQHtransmission3552_heat,#823740,LQ heat distribution main,transmission,100000,1,20,LQHtransmission3552,LQHtransmission1488,
LQHtransmission3552_to_LQHtransmission1928_heat,#823740,LQ heat distribution main,transmission,100000,1,20,LQHtransmission1928,LQHtransmission3552,
LQHtransmission1928_to_LQHtransmission1871_heat,#823740,LQ heat distribution main,transmission,100000,1,20,LQHtransmission1871,LQHtransmission1928,
LQHtransmission1871_to_LQHtransmission327_heat,#823740,LQ heat distribution main,transmission,100000,1,20,LQHtransmission327,LQHtransmission1871,
LQHtransmission327_to_LQHtransmission1842_heat,#823740,LQ heat distribution main,transmission,100000,1,20,LQHtransmission1842,LQHtransmission327,
LQHtransmission1842_to_LQHtransmission4391_heat,#823740,LQ heat distribution main,transmission,100000,1,20,LQHtransmission4391,LQHtransmission1842,
LQHtransmission4391_to_LQHtransmission3477_heat,#823740,LQ heat distribution main,transmission,100000,1,20,LQHtransmission3477,LQHtransmission4391,
LQHtransmission3477_to_LQHtransmission680_heat,#823740,LQ heat distribution main,transmission,100000,1,20,LQHtransmission680,LQHtransmission3477,
LQHtransmission680_to_LQHtransmission4656_heat,#823740,LQ heat distribution main,transmission,100000,1,20,LQHtransmission4656,LQHtransmission680,
LQHtransmission20_to_LQHtransmission1444_heat,#823740,LQ heat distribution main,transmission,100000,1,20,LQHtransmission1444,LQHtransmission20,
LQHtransmission1444_to_LQHtransmission1124_heat,#823740,LQ heat distribution main,transmission,100000,1,20,LQHtransmission1124,LQHtransmission1444,
LQHtransmission1124_to_LQHtransmission4076_heat,#823740,LQ heat distribution main,transmission,100000,1,20,LQHtransmission4076,LQHtransmission1124,
LQHtransmission4076_to_LQHtransmission1276_heat,#823740,LQ heat distribution main,transmission,100000,1,20,LQHtransmission1276,LQHtransmission4076,
LQHtransmission3208_to_LQHtransmission115_heat,#823740,LQ heat distribution main,transmission,100000,1,20,LQHtransmission115,LQHtransmission3208,
LQHtransmission115_to_LQHtransmission2105_heat,#823740,LQ heat distribution main,transmission,100000,1,20,LQHtransmission2105,LQHtransmission115,
LQHtransmission2105_to_LQHtransmission2052_heat,#823740,LQ heat distribution main,transmission,100000,1,20,LQHtransmission2052,LQHtransmission2105,
LQHtransmission2052_to_LQHtransmission2658_heat,#823740,LQ heat distribution main,transmission,100000,1,20,LQHtransmission2658,LQHtransmission2052,
LQHtransmission3854_to_LQHtransmission4573_heat,#823740,LQ heat distribution main,transmission,100000,1,20,LQHtransmission4573,LQHtransmission3854,
LQHtransmission4573_to_LQHtransmission4363_heat,#823740,LQ heat distribution main,transmission,100000,1,20,LQHtransmission4363,LQHtransmission4573,
LQHtransmission4363_to_LQHtransmission1731_heat,#823740,LQ heat distribution main,transmission,100000,1,20,LQHtransmission1731,LQHtransmission4363,
LQHtransmission1731_to_LQHtransmission4713_heat,#823740,LQ heat distribution main,transmission,100000,1,20,LQHtransmission4713,LQHtransmission1731,
LQHtransmission4713_to_LQHtransmission4623_heat,#823740,LQ heat distribution main,transmission,100000,1,20,LQHtransmission4623,LQHtransmission4713,
LQHtransmission4623_to_LQHtransmission1059_heat,#823740,LQ heat distribution main,transmission,100000,1,20,LQHtransmission1059,LQHtransmission4623,
LQHtransmission1059_to_LQHtransmission4716_heat,#823740,LQ heat distribution main,transmission,100000,1,20,LQHtransmission4716,LQHtransmission1059,
LQHtransmission4716_to_LQHtransmission3862_heat,#823740,LQ heat distribution main,transmission,100000,1,20,LQHtransmission3862,LQHtransmission4716,
LQHtransmission3862_to_LQHtransmission1330_heat,#823740,LQ heat distribution main,transmission,100000,1,20,LQHtransmission1330,LQHtransmission3862,
LQHtransmission1330_to_LQHtransmission3419_heat,#823740,LQ heat distribution main,transmission,100000,1,20,LQHtransmission3419,LQHtransmission1330,
LQHtransmission3419_to_LQHtransmission617_heat,#823740,LQ heat distribution main,transmission,100000,1,20,LQHtransmission617,LQHtransmission3419,
LQHtransmission2226_to_LQHtransmission585_heat,#823740,LQ heat distribution main,transmission,100000,1,20,LQHtransmission585,LQHtransmission2226,
LQHtransmission585_to_LQHtransmission308_heat,#823740,LQ heat distribution main,transmission,100000,1,20,LQHtransmission308,LQHtransmission585,
LQHtransmission308_to_LQHtransmission3661_heat,#823740,LQ heat distribution main,transmission,100000,1,20,LQHtransmission3661,LQHtransmission308,
LQHtransmission3661_to_LQHtransmission1554_heat,#823740,LQ heat distribution main,transmission,100000,1,20,LQHtransmission1554,LQHtransmission3661,
LQHtransmission1554_to_LQHtransmission1734_heat,#823740,LQ heat distribution main,transmission,100000,1,20,LQHtransmission1734,LQHtransmission1554,
LQHtransmission1734_to_LQHtransmission3090_heat,#823740,LQ heat distribution main,transmission,100000,1,20,LQHtransmission3090,LQHtransmission1734,
LQHtransmission3090_to_LQHtransmission97_heat,#823740,LQ heat distribution main,transmission,100000,1,20,LQHtransmission97,LQHtransmission3090,
LQHtransmission97_to_LQHtransmission509_heat,#823740,LQ heat distribution main,transmission,100000,1,20,LQHtransmission509,LQHtransmission97,
LQHtransmission509_to_LQHtransmission2671_heat,#823740,LQ heat distribution main,transmission,100000,1,20,LQHtransmission2671,LQHtransmission509,
LQHtransmission2671_to_LQHtransmission3246_heat,#823740,LQ heat distribution main,transmission,100000,1,20,LQHtransmission3246,LQHtransmission2671,
LQHtransmission3246_to_LQHtransmission972_heat,#823740,LQ heat distribution main,transmission,100000,1,20,LQHtransmission972,LQHtransmission3246,
LQHtransmission972_to_LQHtransmission100_heat,#823740,LQ heat distribution main,transmission,100000,1,20,LQHtransmission100,LQHtransmission972,
LQHtransmission100_to_LQHtransmission4547_heat,#823740,LQ heat distribution main,transmission,100000,1,20,LQHtransmission4547,LQHtransmission100,
LQHtransmission4547_to_LQHtransmission2645_heat,#823740,LQ heat distribution main,transmission,100000,1,20,LQHtransmission2645,LQHtransmission4547,
LQHtransmission2645_to_LQHtransmission2605_heat,#823740,LQ heat distribution main,transmission,100000,1,20,LQHtransmission2605,LQHtransmission2645,
LQHtransmission2605_to_LQHtransmission4570_heat,#823740,LQ heat distribution main,transmission,100000,1,20,LQHtransmission4570,LQHtransmission2605,
LQHtransmission4570_to_LQHtransmission4696_heat,#823740,LQ heat distribution main,transmission,100000,1,20,LQHtransmission4696,LQHtransmission4570,
LQHtransmission4696_to_LQHtransmission3250_heat,#823740,LQ heat distribution main,transmission,100000,1,20,LQHtransmission3250,LQHtransmission4696,
LQHtransmission3250_to_LQHtransmission2842_heat,#823740,LQ heat distribution main,transmission,100000,1,20,LQHtransmission2842,LQHtransmission3250,
LQHtransmission2842_to_LQHtransmission3603_heat,#823740,LQ heat distribution main,transmission,100000,1,20,LQHtransmission3603,LQHtransmission2842,
LQHtransmission3603_to_LQHtransmission625_heat,#823740,LQ heat distribution main,transmission,100000,1,20,LQHtransmission625,LQHtransmission3603,
LQHtransmission625_to_LQHtransmission20_heat,#823740,LQ heat distribution main,transmission,100000,1,20,LQHtransmission20,LQHtransmission625,
LQHtransmission1855_to_LQHtransmission3586_heat,#823740,LQ heat distribution main,transmission,100000,1,20,LQHtransmission3586,LQHtransmission1855,
LQHtransmission3586_to_LQHtransmission2258_heat,#823740,LQ heat distribution main,transmission,100000,1,20,LQHtransmission2258,LQHtransmission3586,
LQHtransmission2258_to_LQHtransmission4143_heat,#823740,LQ heat distribution main,transmission,100000,1,20,LQHtransmission4143,LQHtransmission2258,
LQHtransmission4143_to_LQHtransmission4441_heat,#823740,LQ heat distribution main,transmission,100000,1,20,LQHtransmission4441,LQHtransmission4143,
LQHtransmission4441_to_LQHtransmission1629_heat,#823740,LQ heat distribution main,transmission,100000,1,20,LQHtransmission1629,LQHtransmission4441,
LQHtransmission1629_to_LQHtransmission2075_heat,#823740,LQ heat distribution main,transmission,100000,1,20,LQHtransmission2075,LQHtransmission1629,
LQHtransmission2075_to_LQHtransmission3813_heat,#823740,LQ heat distribution main,transmission,100000,1,20,LQHtransmission3813,LQHtransmission2075,
LQHtransmission3813_to_LQHtransmission826_heat,#823740,LQ heat distribution main,transmission,100000,1,20,LQHtransmission826,LQHtransmission3813,
LQHtransmission826_to_LQHtransmission841_heat,#823740,LQ heat distribution main,transmission,100000,1,20,LQHtransmission841,LQHtransmission826,
LQHtransmission841_to_LQHtransmission1083_heat,#823740,LQ heat distribution main,transmission,100000,1,20,LQHtransmission1083,LQHtransmission841,
LQHtransmission1083_to_LQHtransmission409_heat,#823740,LQ heat distribution main,transmission,100000,1,20,LQHtransmission409,LQHtransmission1083,
LQHtransmission409_to_LQHtransmission4261_heat,#823740,LQ heat distribution main,transmission,100000,1,20,LQHtransmission4261,LQHtransmission409,
LQHtransmission4261_to_LQHtransmission396_heat,#823740,LQ heat distribution main,transmission,100000,1,20,LQHtransmission396,LQHtransmission4261,
LQHtransmission396_to_LQHtransmission3931_heat,#823740,LQ heat distribution main,transmission,100000,1,20,LQHtransmission3931,LQHtransmission396,
LQHtransmission3931_to_LQHtransmission3331_heat,#823740,LQ heat distribution main,transmission,100000,1,20,LQHtransmission3331,LQHtransmission3931,
LQHtransmission3331_to_LQHtransmission1986_heat,#823740,LQ heat distribution main,transmission,100000,1,20,LQHtransmission1986,LQHtransmission3331,
LQHtransmission1986_to_LQHtransmission4722_heat,#823740,LQ heat distribution main,transmission,100000,1,20,LQHtransmission4722,LQHtransmission1986,
LQHtransmission4722_to_LQHtransmission1300_heat,#823740,LQ heat distribution main,transmission,100000,1,20,LQHtransmission1300,LQHtransmission4722,
LQHtransmission1300_to_LQHtransmission2054_heat,#823740,LQ heat distribution main,transmission,100000,1,20,LQHtransmission2054,LQHtransmission1300,
LQHtransmission2054_to_LQHtransmission4169_heat,#823740,LQ heat distribution main,transmission,100000,1,20,LQHtransmission4169,LQHtransmission2054,
LQHtransmission4169_to_LQHtransmission4318_heat,#823740,LQ heat distribution main,transmission,100000,1,20,LQHtransmission4318,LQHtransmission4169,
LQHtransmission4318_to_LQHtransmission3671_heat,#823740,LQ heat distribution main,transmission,100000,1,20,LQHtransmission3671,LQHtransmission4318,
LQHtransmission3671_to_LQHtransmission2583_heat,#823740,LQ heat distribution main,transmission,100000,1,20,LQHtransmission2583,LQHtransmission3671,
LQHtransmission2583_to_LQHtransmission858_heat,#823740,LQ heat distribution main,transmission,100000,1,20,LQHtransmission858,LQHtransmission2583,
LQHtransmission858_to_LQHtransmission4206_heat,#823740,LQ heat distribution main,transmission,100000,1,20,LQHtransmission4206,LQHtransmission858,
LQHtransmission4206_to_LQHtransmission1209_heat,#823740,LQ heat distribution main,transmission,100000,1,20,LQHtransmission1209,LQHtransmission4206,
LQHtransmission1209_to_LQHtransmission796_heat,#823740,LQ heat distribution main,transmission,100000,1,20,LQHtransmission796,LQHtransmission1209,
LQHtransmission796_to_LQHtransmission4434_heat,#823740,LQ heat distribution main,transmission,100000,1,20,LQHtransmission4434,LQHtransmission796,
LQHtransmission4434_to_LQHtransmission2487_heat,#823740,LQ heat distribution main,transmission,100000,1,20,LQHtransmission2487,LQHtransmission4434,
LQHtransmission2487_to_LQHtransmission4257_heat,#823740,LQ heat distribution main,transmission,100000,1,20,LQHtransmission4257,LQHtransmission2487,
LQHtransmission4257_to_LQHtransmission1255_heat,#823740,LQ heat distribution main,transmission,100000,1,20,LQHtransmission1255,LQHtransmission4257,
LQHtransmission1255_to_LQHtransmission548_heat,#823740,LQ heat distribution main,transmission,100000,1,20,LQHtransmission548,LQHtransmission1255,
LQHtransmission548_to_LQHtransmission1578_heat,#823740,LQ heat distribution main,transmission,100000,1,20,LQHtransmission1578,LQHtransmission548,
LQHtransmission1578_to_LQHtransmission3700_heat,#823740,LQ heat distribution main,transmission,100000,1,20,LQHtransmission3700,LQHtransmission1578,
LQHtransmission3700_to_LQHtransmission1513_heat,#823740,LQ heat distribution main,transmission,100000,1,20,LQHtransmission1513,LQHtransmission3700,
LQHtransmission1513_to_LQHtransmission4248_heat,#823740,LQ heat distribution main,transmission,100000,1,20,LQHtransmission4248,LQHtransmission1513,
LQHtransmission4248_to_LQHtransmission4305_heat,#823740,LQ heat distribution main,transmission,100000,1,20,LQHtransmission4305,LQHtransmission4248,
LQHtransmission4305_to_LQHtransmission263_heat,#823740,LQ heat distribution main,transmission,100000,1,20,LQHtransmission263,LQHtransmission4305,
LQHtransmission263_to_LQHtransmission729_heat,#823740,LQ heat distribution main,transmission,100000,1,20,LQHtransmission729,LQHtransmission263,
LQHtransmission729_to_LQHtransmission4524_heat,#823740,LQ heat distribution main,transmission,100000,1,20,LQHtransmission4524,LQHtransmission729,
LQHtransmission2553_to_LQHtransmission364_heat,#823740,LQ heat distribution main,transmission,100000,1,20,LQHtransmission364,LQHtransmission2553,
LQHtransmission364_to_LQHtransmission2491_heat,#823740,LQ heat distribution main,transmission,100000,1,20,LQHtransmission2491,LQHtransmission364,
LQHtransmission2491_to_LQHtransmission3736_heat,#823740,LQ heat distribution main,transmission,100000,1,20,LQHtransmission3736,LQHtransmission2491,
LQHtransmission3736_to_LQHtransmission180_heat,#823740,LQ heat distribution main,transmission,100000,1,20,LQHtransmission180,LQHtransmission3736,
LQHtransmission180_to_LQHtransmission3720_heat,#823740,LQ heat distribution main,transmission,100000,1,20,LQHtransmission3720,LQHtransmission180,
LQHtransmission3720_to_LQHtransmission2209_heat,#823740,LQ heat distribution main,transmission,100000,1,20,LQHtransmission2209,LQHtransmission3720,
LQHtransmission2209_to_LQHtransmission3442_heat,#823740,LQ heat distribution main,transmission,100000,1,20,LQHtransmission3442,LQHtransmission2209,
LQHtransmission2852_to_LQHtransmission555_heat,#823740,LQ heat distribution main,transmission,100000,1,20,LQHtransmission555,LQHtransmission2852,
LQHtransmission555_to_LQHtransmission551_heat,#823740,LQ heat distribution main,transmission,100000,1,20,LQHtransmission551,LQHtransmission555,
LQHtransmission551_to_LQHtransmission1307_heat,#823740,LQ heat distribution main,transmission,100000,1,20,LQHtransmission1307,LQHtransmission551,
LQHtransmission1307_to_LQHtransmission1689_heat,#823740,LQ heat distribution main,transmission,100000,1,20,LQHtransmission1689,LQHtransmission1307,
LQHtransmission1689_to_LQHtransmission2622_heat,#823740,LQ heat distribution main,transmission,100000,1,20,LQHtransmission2622,LQHtransmission1689,
LQHtransmission2622_to_LQHtransmission1211_heat,#823740,LQ heat distribution main,transmission,100000,1,20,LQHtransmission1211,LQHtransmission2622,
LQHtransmission1211_to_LQHtransmission2146_heat,#823740,LQ heat distribution main,transmission,100000,1,20,LQHtransmission2146,LQHtransmission1211,
LQHtransmission2146_to_LQHtransmission2356_heat,#823740,LQ heat distribution main,transmission,100000,1,20,LQHtransmission2356,LQHtransmission2146,
LQHtransmission2356_to_LQHtransmission2178_heat,#823740,LQ heat distribution main,transmission,100000,1,20,LQHtransmission2178,LQHtransmission2356,
LQHtransmission2178_to_LQHtransmission2903_heat,#823740,LQ heat distribution main,transmission,100000,1,20,LQHtransmission2903,LQHtransmission2178,
LQHtransmission2903_to_LQHtransmission2050_heat,#823740,LQ heat distribution main,transmission,100000,1,20,LQHtransmission2050,LQHtransmission2903,
LQHtransmission2050_to_LQHtransmission2787_heat,#823740,LQ heat distribution main,transmission,100000,1,20,LQHtransmission2787,LQHtransmission2050,
LQHtransmission2787_to_LQHtransmission1472_heat,#823740,LQ heat distribution main,transmission,100000,1,20,LQHtransmission1472,LQHtransmission2787,
LQHtransmission1472_to_LQHtransmission2198_heat,#823740,LQ heat distribution main,transmission,100000,1,20,LQHtransmission2198,LQHtransmission1472,
LQHtransmission2198_to_LQHtransmission645_heat,#823740,LQ heat distribution main,transmission,100000,1,20,LQHtransmission645,LQHtransmission2198,
LQHtransmission645_to_LQHtransmission1801_heat,#823740,LQ heat distribution main,transmission,100000,1,20,LQHtransmission1801,LQHtransmission645,
LQHtransmission1801_to_LQHtransmission1451_heat,#823740,LQ heat distribution main,transmission,100000,1,20,LQHtransmission1451,LQHtransmission1801,
LQHtransmission1451_to_LQHtransmission344_heat,#823740,LQ heat distribution main,transmission,100000,1,20,LQHtransmission344,LQHtransmission1451,
LQHtransmission344_to_LQHtransmission1412_heat,#823740,LQ heat distribution main,transmission,100000,1,20,LQHtransmission1412,LQHtransmission344,
LQHtransmission1412_to_LQHtransmission196_heat,#823740,LQ heat distribution main,transmission,100000,1,20,LQHtransmission196,LQHtransmission1412,
LQHtransmission196_to_LQHtransmission592_heat,#823740,LQ heat distribution main,transmission,100000,1,20,LQHtransmission592,LQHtransmission196,
LQHtransmission592_to_LQHtransmission2376_heat,#823740,LQ heat distribution main,transmission,100000,1,20,LQHtransmission2376,LQHtransmission592,
LQHtransmission2376_to_LQHtransmission3087_heat,#823740,LQ heat distribution main,transmission,100000,1,20,LQHtransmission3087,LQHtransmission2376,
LQHtransmission3087_to_LQHtransmission606_heat,#823740,LQ heat distribution main,transmission,100000,1,20,LQHtransmission606,LQHtransmission3087,
LQHtransmission606_to_LQHtransmission2687_heat,#823740,LQ heat distribution main,transmission,100000,1,20,LQHtransmission2687,LQHtransmission606,
LQHtransmission2687_to_LQHtransmission1582_heat,#823740,LQ heat distribution main,transmission,100000,1,20,LQHtransmission1582,LQHtransmission2687,
LQHtransmission1582_to_LQHtransmission2513_heat,#823740,LQ heat distribution main,transmission,100000,1,20,LQHtransmission2513,LQHtransmission1582,
LQHtransmission2513_to_LQHtransmission160_heat,#823740,LQ heat distribution main,transmission,100000,1,20,LQHtransmission160,LQHtransmission2513,
LQHtransmission160_to_LQHtransmission668_heat,#823740,LQ heat distribution main,transmission,100000,1,20,LQHtransmission668,LQHtransmission160,
LQHtransmission668_to_LQHtransmission4210_heat,#823740,LQ heat distribution main,transmission,100000,1,20,LQHtransmission4210,LQHtransmission668,
LQHtransmission4210_to_LQHtransmission476_heat,#823740,LQ heat distribution main,transmission,100000,1,20,LQHtransmission476,LQHtransmission4210,
LQHtransmission476_to_LQHtransmission2808_heat,#823740,LQ heat distribution main,transmission,100000,1,20,LQHtransmission2808,LQHtransmission476,
LQHtransmission2808_to_LQHtransmission1191_heat,#823740,LQ heat distribution main,transmission,100000,1,20,LQHtransmission1191,LQHtransmission2808,
LQHtransmission1191_to_LQHtransmission3892_heat,#823740,LQ heat distribution main,transmission,100000,1,20,LQHtransmission3892,LQHtransmission1191,
LQHtransmission3892_to_LQHtransmission3768_heat,#823740,LQ heat distribution main,transmission,100000,1,20,LQHtransmission3768,LQHtransmission3892,
LQHtransmission3768_to_LQHtransmission4379_heat,#823740,LQ heat distribution main,transmission,100000,1,20,LQHtransmission4379,LQHtransmission3768,
LQHtransmission4379_to_LQHtransmission461_heat,#823740,LQ heat distribution main,transmission,100000,1,20,LQHtransmission461,LQHtransmission4379,
LQHtransmission1755_to_LQHtransmission853_heat,#823740,LQ heat distribution main,transmission,100000,1,20,LQHtransmission853,LQHtransmission1755,
LQHtransmission853_to_LQHtransmission3694_heat,#823740,LQ heat distribution main,transmission,100000,1,20,LQHtransmission3694,LQHtransmission853,
LQHtransmission3694_to_LQHtransmission1007_heat,#823740,LQ heat distribution main,transmission,100000,1,20,LQHtransmission1007,LQHtransmission3694,
LQHtransmission1007_to_LQHtransmission4200_heat,#823740,LQ heat distribution main,transmission,100000,1,20,LQHtransmission4200,LQHtransmission1007,
LQHtransmission4200_to_LQHtransmission397_heat,#823740,LQ heat distribution main,transmission,100000,1,20,LQHtransmission397,LQHtransmission4200,
LQHtransmission397_to_LQHtransmission466_heat,#823740,LQ heat distribution main,transmission,100000,1,20,LQHtransmission466,LQHtransmission397,
LQHtransmission466_to_LQHtransmission1865_heat,#823740,LQ heat distribution main,transmission,100000,1,20,LQHtransmission1865,LQHtransmission466,
LQHtransmission1865_to_LQHtransmission2461_heat,#823740,LQ heat distribution main,transmission,100000,1,20,LQHtransmission2461,LQHtransmission1865,
LQHtransmission2461_to_LQHtransmission3964_heat,#823740,LQ heat distribution main,transmission,100000,1,20,LQHtransmission3964,LQHtransmission2461,
LQHtransmission3964_to_LQHtransmission1239_heat,#823740,LQ heat distribution main,transmission,100000,1,20,LQHtransmission1239,LQHtransmission3964,
LQHtransmission1239_to_LQHtransmission3316_heat,#823740,LQ heat distribution main,transmission,100000,1,20,LQHtransmission3316,LQHtransmission1239,
LQHtransmission3316_to_LQHtransmission2153_heat,#823740,LQ heat distribution main,transmission,100000,1,20,LQHtransmission2153,LQHtransmission3316,
LQHtransmission2153_to_LQHtransmission3113_heat,#823740,LQ heat distribution main,transmission,100000,1,20,LQHtransmission3113,LQHtransmission2153,
LQHtransmission3113_to_LQHtransmission4054_heat,#823740,LQ heat distribution main,transmission,100000,1,20,LQHtransmission4054,LQHtransmission3113,
LQHtransmission4054_to_LQHtransmission2501_heat,#823740,LQ heat distribution main,transmission,100000,1,20,LQHtransmission2501,LQHtransmission4054,
LQHtransmission2501_to_LQHtransmission781_heat,#823740,LQ heat distribution main,transmission,100000,1,20,LQHtransmission781,LQHtransmission2501,
LQHtransmission781_to_LQHtransmission1455_heat,#823740,LQ heat distribution main,transmission,100000,1,20,LQHtransmission1455,LQHtransmission781,
LQHtransmission1455_to_LQHtransmission4705_heat,#823740,LQ heat distribution main,transmission,100000,1,20,LQHtransmission4705,LQHtransmission1455,
LQHtransmission4705_to_LQHtransmission712_heat,#823740,LQ heat distribution main,transmission,100000,1,20,LQHtransmission712,LQHtransmission4705,
LQHtransmission712_to_LQHtransmission1143_heat,#823740,LQ heat distribution main,transmission,100000,1,20,LQHtransmission1143,LQHtransmission712,
LQHtransmission1143_to_LQHtransmission1322_heat,#823740,LQ heat distribution main,transmission,100000,1,20,LQHtransmission1322,LQHtransmission1143,
LQHtransmission1322_to_LQHtransmission404_heat,#823740,LQ heat distribution main,transmission,100000,1,20,LQHtransmission404,LQHtransmission1322,
LQHtransmission404_to_LQHtransmission577_heat,#823740,LQ heat distribution main,transmission,100000,1,20,LQHtransmission577,LQHtransmission404,
LQHtransmission577_to_LQHtransmission2467_heat,#823740,LQ heat distribution main,transmission,100000,1,20,LQHtransmission2467,LQHtransmission577,
LQHtransmission2467_to_LQHtransmission939_heat,#823740,LQ heat distribution main,transmission,100000,1,20,LQHtransmission939,LQHtransmission2467,
LQHtransmission939_to_LQHtransmission1778_heat,#823740,LQ heat distribution main,transmission,100000,1,20,LQHtransmission1778,LQHtransmission939,
LQHtransmission1778_to_LQHtransmission2488_heat,#823740,LQ heat distribution main,transmission,100000,1,20,LQHtransmission2488,LQHtransmission1778,
LQHtransmission2488_to_LQHtransmission2234_heat,#823740,LQ heat distribution main,transmission,100000,1,20,LQHtransmission2234,LQHtransmission2488,
LQHtransmission2234_to_LQHtransmission774_heat,#823740,LQ heat distribution main,transmission,100000,1,20,LQHtransmission774,LQHtransmission2234,
LQHtransmission774_to_LQHtransmission1662_heat,#823740,LQ heat distribution main,transmission,100000,1,20,LQHtransmission1662,LQHtransmission774,
LQHtransmission4544_to_LQHtransmission3525_heat,#823740,LQ heat distribution main,transmission,100000,1,20,LQHtransmission3525,LQHtransmission4544,
LQHtransmission3525_to_LQHtransmission3486_heat,#823740,LQ heat distribution main,transmission,100000,1,20,LQHtransmission3486,LQHtransmission3525,
LQHtransmission3486_to_LQHtransmission3382_heat,#823740,LQ heat distribution main,transmission,100000,1,20,LQHtransmission3382,LQHtransmission3486,
LQHtransmission3382_to_LQHtransmission3235_heat,#823740,LQ heat distribution main,transmission,100000,1,20,LQHtransmission3235,LQHtransmission3382,
LQHtransmission3235_to_LQHtransmission384_heat,#823740,LQ heat distribution main,transmission,100000,1,20,LQHtransmission384,LQHtransmission3235,
LQHtransmission1276_to_LQHtransmission2108_heat,#823740,LQ heat distribution main,transmission,100000,1,20,LQHtransmission2108,LQHtransmission1276,
LQHtransmission2108_to_LQHtransmission3337_heat,#823740,LQ heat distribution main,transmission,100000,1,20,LQHtransmission3337,LQHtransmission2108,
LQHtransmission3337_to_LQHtransmission1602_heat,#823740,LQ heat distribution main,transmission,100000,1,20,LQHtransmission1602,LQHtransmission3337,
LQHtransmission1602_to_LQHtransmission4078_heat,#823740,LQ heat distribution main,transmission,100000,1,20,LQHtransmission4078,LQHtransmission1602,
LQHtransmission4078_to_LQHtransmission3742_heat,#823740,LQ heat distribution main,transmission,100000,1,20,LQHtransmission3742,LQHtransmission4078,
LQHtransmission3742_to_LQHtransmission2230_heat,#823740,LQ heat distribution main,transmission,100000,1,20,LQHtransmission2230,LQHtransmission3742,
LQHtransmission2230_to_LQHtransmission2008_heat,#823740,LQ heat distribution main,transmission,100000,1,20,LQHtransmission2008,LQHtransmission2230,
LQHtransmission2008_to_LQHtransmission3058_heat,#823740,LQ heat distribution main,transmission,100000,1,20,LQHtransmission3058,LQHtransmission2008,
LQHtransmission1965_to_LQHtransmission2388_heat,#823740,LQ heat distribution main,transmission,100000,1,20,LQHtransmission2388,LQHtransmission1965,
LQHtransmission2388_to_LQHtransmission1273_heat,#823740,LQ heat distribution main,transmission,100000,1,20,LQHtransmission1273,LQHtransmission2388,
LQHtransmission1273_to_LQHtransmission1113_heat,#823740,LQ heat distribution main,transmission,100000,1,20,LQHtransmission1113,LQHtransmission1273,
LQHtransmission1113_to_LQHtransmission806_heat,#823740,LQ heat distribution main,transmission,100000,1,20,LQHtransmission806,LQHtransmission1113,
LQHtransmission806_to_LQHtransmission2221_heat,#823740,LQ heat distribution main,transmission,100000,1,20,LQHtransmission2221,LQHtransmission806,
LQHtransmission2221_to_LQHtransmission440_heat,#823740,LQ heat distribution main,transmission,100000,1,20,LQHtransmission440,LQHtransmission2221,
LQHtransmission440_to_LQHtransmission1737_heat,#823740,LQ heat distribution main,transmission,100000,1,20,LQHtransmission1737,LQHtransmission440,
LQHtransmission1737_to_LQHtransmission2186_heat,#823740,LQ heat distribution main,transmission,100000,1,20,LQHtransmission2186,LQHtransmission1737,
LQHtransmission2186_to_LQHtransmission2060_heat,#823740,LQ heat distribution main,transmission,100000,1,20,LQHtransmission2060,LQHtransmission2186,
LQHtransmission2060_to_LQHtransmission2900_heat,#823740,LQ heat distribution main,transmission,100000,1,20,LQHtransmission2900,LQHtransmission2060,
LQHtransmission2900_to_LQHtransmission2722_heat,#823740,LQ heat distribution main,transmission,100000,1,20,LQHtransmission2722,LQHtransmission2900,
LQHtransmission2722_to_LQHtransmission659_heat,#823740,LQ heat distribution main,transmission,100000,1,20,LQHtransmission659,LQHtransmission2722,
LQHtransmission659_to_LQHtransmission1573_heat,#823740,LQ heat distribution main,transmission,100000,1,20,LQHtransmission1573,LQHtransmission659,
LQHtransmission1573_to_LQHtransmission492_heat,#823740,LQ heat distribution main,transmission,100000,1,20,LQHtransmission492,LQHtransmission1573,
LQHtransmission492_to_LQHtransmission2899_heat,#823740,LQ heat distribution main,transmission,100000,1,20,LQHtransmission2899,LQHtransmission492,
LQHtransmission2899_to_LQHtransmission2381_heat,#823740,LQ heat distribution main,transmission,100000,1,20,LQHtransmission2381,LQHtransmission2899,
LQHtransmission2381_to_LQHtransmission3756_heat,#823740,LQ heat distribution main,transmission,100000,1,20,LQHtransmission3756,LQHtransmission2381,
LQHtransmission3756_to_LQHtransmission2564_heat,#823740,LQ heat distribution main,transmission,100000,1,20,LQHtransmission2564,LQHtransmission3756,
LQHtransmission2564_to_LQHtransmission3515_heat,#823740,LQ heat distribution main,transmission,100000,1,20,LQHtransmission3515,LQHtransmission2564,
LQHtransmission3515_to_LQHtransmission428_heat,#823740,LQ heat distribution main,transmission,100000,1,20,LQHtransmission428,LQHtransmission3515,
LQHtransmission2330_to_LQHtransmission4183_heat,#823740,LQ heat distribution main,transmission,100000,1,20,LQHtransmission4183,LQHtransmission2330,
LQHtransmission4183_to_LQHtransmission3607_heat,#823740,LQ heat distribution main,transmission,100000,1,20,LQHtransmission3607,LQHtransmission4183,
LQHtransmission3607_to_LQHtransmission575_heat,#823740,LQ heat distribution main,transmission,100000,1,20,LQHtransmission575,LQHtransmission3607,
LQHtransmission575_to_LQHtransmission2895_heat,#823740,LQ heat distribution main,transmission,100000,1,20,LQHtransmission2895,LQHtransmission575,
LQHtransmission3706_to_LQHtransmission1161_heat,#823740,LQ heat distribution main,transmission,100000,1,20,LQHtransmission1161,LQHtransmission3706,
LQHtransmission611_to_LQHtransmission1594_heat,#823740,LQ heat distribution main,transmission,100000,1,20,LQHtransmission1594,LQHtransmission611,
LQHtransmission1594_to_LQHtransmission2784_heat,#823740,LQ heat distribution main,transmission,100000,1,20,LQHtransmission2784,LQHtransmission1594,
LQHtransmission2784_to_LQHtransmission1014_heat,#823740,LQ heat distribution main,transmission,100000,1,20,LQHtransmission1014,LQHtransmission2784,
LQHtransmission1014_to_LQHtransmission2170_heat,#823740,LQ heat distribution main,transmission,100000,1,20,LQHtransmission2170,LQHtransmission1014,
LQHtransmission1115_to_LQHtransmission4602_heat,#823740,LQ heat distribution main,transmission,100000,1,20,LQHtransmission4602,LQHtransmission1115,
LQHtransmission4602_to_LQHtransmission1172_heat,#823740,LQ heat distribution main,transmission,100000,1,20,LQHtransmission1172,LQHtransmission4602,
LQHtransmission1172_to_LQHtransmission3888_heat,#823740,LQ heat distribution main,transmission,100000,1,20,LQHtransmission3888,LQHtransmission1172,
LQHtransmission3888_to_LQHtransmission2373_heat,#823740,LQ heat distribution main,transmission,100000,1,20,LQHtransmission2373,LQHtransmission3888,
LQHtransmission2373_to_LQHtransmission1435_heat,#823740,LQ heat distribution main,transmission,100000,1,20,LQHtransmission1435,LQHtransmission2373,
LQHtransmission1435_to_LQHtransmission2103_heat,#823740,LQ heat distribution main,transmission,100000,1,20,LQHtransmission2103,LQHtransmission1435,
LQHtransmission2103_to_LQHtransmission1037_heat,#823740,LQ heat distribution main,transmission,100000,1,20,LQHtransmission1037,LQHtransmission2103,
LQHtransmission1037_to_LQHtransmission1155_heat,#823740,LQ heat distribution main,transmission,100000,1,20,LQHtransmission1155,LQHtransmission1037,
LQHtransmission1155_to_LQHtransmission3423_heat,#823740,LQ heat distribution main,transmission,100000,1,20,LQHtransmission3423,LQHtransmission1155,
LQHtransmission3423_to_LQHtransmission2713_heat,#823740,LQ heat distribution main,transmission,100000,1,20,LQHtransmission2713,LQHtransmission3423,
LQHtransmission2713_to_LQHtransmission4111_heat,#823740,LQ heat distribution main,transmission,100000,1,20,LQHtransmission4111,LQHtransmission2713,
LQHtransmission4111_to_LQHtransmission3449_heat,#823740,LQ heat distribution main,transmission,100000,1,20,LQHtransmission3449,LQHtransmission4111,
LQHtransmission3449_to_LQHtransmission3878_heat,#823740,LQ heat distribution main,transmission,100000,1,20,LQHtransmission3878,LQHtransmission3449,
LQHtransmission3878_to_LQHtransmission4723_heat,#823740,LQ heat distribution main,transmission,100000,1,20,LQHtransmission4723,LQHtransmission3878,
LQHtransmission4723_to_LQHtransmission2143_heat,#823740,LQ heat distribution main,transmission,100000,1,20,LQHtransmission2143,LQHtransmission4723,
LQHtransmission2143_to_LQHtransmission2954_heat,#823740,LQ heat distribution main,transmission,100000,1,20,LQHtransmission2954,LQHtransmission2143,
LQHtransmission2954_to_LQHtransmission3500_heat,#823740,LQ heat distribution main,transmission,100000,1,20,LQHtransmission3500,LQHtransmission2954,
LQHtransmission3500_to_LQHtransmission3904_heat,#823740,LQ heat distribution main,transmission,100000,1,20,LQHtransmission3904,LQHtransmission3500,
LQHtransmission3904_to_LQHtransmission1523_heat,#823740,LQ heat distribution main,transmission,100000,1,20,LQHtransmission1523,LQHtransmission3904,
LQHtransmission1523_to_LQHtransmission4092_heat,#823740,LQ heat distribution main,transmission,100000,1,20,LQHtransmission4092,LQHtransmission1523,
LQHtransmission4092_to_LQHtransmission2890_heat,#823740,LQ heat distribution main,transmission,100000,1,20,LQHtransmission2890,LQHtransmission4092,
LQHtransmission2890_to_LQHtransmission782_heat,#823740,LQ heat distribution main,transmission,100000,1,20,LQHtransmission782,LQHtransmission2890,
LQHtransmission782_to_LQHtransmission226_heat,#823740,LQ heat distribution main,transmission,100000,1,20,LQHtransmission226,LQHtransmission782,
LQHtransmission226_to_LQHtransmission662_heat,#823740,LQ heat distribution main,transmission,100000,1,20,LQHtransmission662,LQHtransmission226,
LQHtransmission662_to_LQHtransmission2844_heat,#823740,LQ heat distribution main,transmission,100000,1,20,LQHtransmission2844,LQHtransmission662,
LQHtransmission2844_to_LQHtransmission908_heat,#823740,LQ heat distribution main,transmission,100000,1,20,LQHtransmission908,LQHtransmission2844,
LQHtransmission908_to_LQHtransmission2759_heat,#823740,LQ heat distribution main,transmission,100000,1,20,LQHtransmission2759,LQHtransmission908,
LQHtransmission2759_to_LQHtransmission3894_heat,#823740,LQ heat distribution main,transmission,100000,1,20,LQHtransmission3894,LQHtransmission2759,
LQHtransmission3894_to_LQHtransmission828_heat,#823740,LQ heat distribution main,transmission,100000,1,20,LQHtransmission828,LQHtransmission3894,
LQHtransmission828_to_LQHtransmission2162_heat,#823740,LQ heat distribution main,transmission,100000,1,20,LQHtransmission2162,LQHtransmission828,
LQHtransmission2162_to_LQHtransmission4658_heat,#823740,LQ heat distribution main,transmission,100000,1,20,LQHtransmission4658,LQHtransmission2162,
LQHtransmission4658_to_LQHtransmission1692_heat,#823740,LQ heat distribution main,transmission,100000,1,20,LQHtransmission1692,LQHtransmission4658,
LQHtransmission1692_to_LQHtransmission4353_heat,#823740,LQ heat distribution main,transmission,100000,1,20,LQHtransmission4353,LQHtransmission1692,
LQHtransmission4353_to_LQHtransmission1939_heat,#823740,LQ heat distribution main,transmission,100000,1,20,LQHtransmission1939,LQHtransmission4353,
LQHtransmission1939_to_LQHtransmission3698_heat,#823740,LQ heat distribution main,transmission,100000,1,20,LQHtransmission3698,LQHtransmission1939,
LQHtransmission3698_to_LQHtransmission1326_heat,#823740,LQ heat distribution main,transmission,100000,1,20,LQHtransmission1326,LQHtransmission3698,
LQHtransmission1326_to_LQHtransmission1760_heat,#823740,LQ heat distribution main,transmission,100000,1,20,LQHtransmission1760,LQHtransmission1326,
LQHtransmission1760_to_LQHtransmission596_heat,#823740,LQ heat distribution main,transmission,100000,1,20,LQHtransmission596,LQHtransmission1760,
LQHtransmission596_to_LQHtransmission1160_heat,#823740,LQ heat distribution main,transmission,100000,1,20,LQHtransmission1160,LQHtransmission596,
LQHtransmission1160_to_LQHtransmission1241_heat,#823740,LQ heat distribution main,transmission,100000,1,20,LQHtransmission1241,LQHtransmission1160,
LQHtransmission1241_to_LQHtransmission2884_heat,#823740,LQ heat distribution main,transmission,100000,1,20,LQHtransmission2884,LQHtransmission1241,
LQHtransmission2884_to_LQHtransmission1468_heat,#823740,LQ heat distribution main,transmission,100000,1,20,LQHtransmission1468,LQHtransmission2884,
LQHtransmission1468_to_LQHtransmission2197_heat,#823740,LQ heat distribution main,transmission,100000,1,20,LQHtransmission2197,LQHtransmission1468,
LQHtransmission2197_to_LQHtransmission4083_heat,#823740,LQ heat distribution main,transmission,100000,1,20,LQHtransmission4083,LQHtransmission2197,
LQHtransmission4083_to_LQHtransmission1586_heat,#823740,LQ heat distribution main,transmission,100000,1,20,LQHtransmission1586,LQHtransmission4083,
LQHtransmission1586_to_LQHtransmission3391_heat,#823740,LQ heat distribution main,transmission,100000,1,20,LQHtransmission3391,LQHtransmission1586,
LQHtransmission3391_to_LQHtransmission3000_heat,#823740,LQ heat distribution main,transmission,100000,1,20,LQHtransmission3000,LQHtransmission3391,
LQHtransmission3000_to_LQHtransmission3729_heat,#823740,LQ heat distribution main,transmission,100000,1,20,LQHtransmission3729,LQHtransmission3000,
LQHtransmission3729_to_LQHtransmission3629_heat,#823740,LQ heat distribution main,transmission,100000,1,20,LQHtransmission3629,LQHtransmission3729,
LQHtransmission3629_to_LQHtransmission4407_heat,#823740,LQ heat distribution main,transmission,100000,1,20,LQHtransmission4407,LQHtransmission3629,
LQHtransmission4407_to_LQHtransmission3184_heat,#823740,LQ heat distribution main,transmission,100000,1,20,LQHtransmission3184,LQHtransmission4407,
LQHtransmission3184_to_LQHtransmission2340_heat,#823740,LQ heat distribution main,transmission,100000,1,20,LQHtransmission2340,LQHtransmission3184,
LQHtransmission2340_to_LQHtransmission2459_heat,#823740,LQ heat distribution main,transmission,100000,1,20,LQHtransmission2459,LQHtransmission2340,
LQHtransmission2459_to_LQHtransmission1116_heat,#823740,LQ heat distribution main,transmission,100000,1,20,LQHtransmission1116,LQHtransmission2459,
LQHtransmission1116_to_LQHtransmission4544_heat,#823740,LQ heat distribution main,transmission,100000,1,20,LQHtransmission4544,LQHtransmission1116,
LQHtransmission4120_to_LQHtransmission4580_heat,#823740,LQ heat distribution main,transmission,100000,1,20,LQHtransmission4580,LQHtransmission4120,
LQHtransmission4524_to_LQHtransmission1022_heat,#823740,LQ heat distribution main,transmission,100000,1,20,LQHtransmission1022,LQHtransmission4524,
LQHtransmission1022_to_LQHtransmission2673_heat,#823740,LQ heat distribution main,transmission,100000,1,20,LQHtransmission2673,LQHtransmission1022,
LQHtransmission2673_to_LQHtransmission4240_heat,#823740,LQ heat distribution main,transmission,100000,1,20,LQHtransmission4240,LQHtransmission2673,
LQHtransmission4240_to_LQHtransmission3264_heat,#823740,LQ heat distribution main,transmission,100000,1,20,LQHtransmission3264,LQHtransmission4240,
LQHtransmission3264_to_LQHtransmission3393_heat,#823740,LQ heat distribution main,transmission,100000,1,20,LQHtransmission3393,LQHtransmission3264,
LQHtransmission3393_to_LQHtransmission1363_heat,#823740,LQ heat distribution main,transmission,100000,1,20,LQHtransmission1363,LQHtransmission3393,
LQHtransmission1363_to_LQHtransmission3496_heat,#823740,LQ heat distribution main,transmission,100000,1,20,LQHtransmission3496,LQHtransmission1363,
LQHtransmission3496_to_LQHtransmission3031_heat,#823740,LQ heat distribution main,transmission,100000,1,20,LQHtransmission3031,LQHtransmission3496,
LQHtransmission3031_to_LQHtransmission912_heat,#823740,LQ heat distribution main,transmission,100000,1,20,LQHtransmission912,LQHtransmission3031,
LQHtransmission912_to_LQHtransmission3203_heat,#823740,LQ heat distribution main,transmission,100000,1,20,LQHtransmission3203,LQHtransmission912,
LQHtransmission1923_to_LQHtransmission4516_heat,#823740,LQ heat distribution main,transmission,100000,1,20,LQHtransmission4516,LQHtransmission1923,
LQHtransmission4516_to_LQHtransmission2183_heat,#823740,LQ heat distribution main,transmission,100000,1,20,LQHtransmission2183,LQHtransmission4516,
LQHtransmission2183_to_LQHtransmission969_heat,#823740,LQ heat distribution main,transmission,100000,1,20,LQHtransmission969,LQHtransmission2183,
LQHtransmission969_to_LQHtransmission2286_heat,#823740,LQ heat distribution main,transmission,100000,1,20,LQHtransmission2286,LQHtransmission969,
LQHtransmission2286_to_LQHtransmission4637_heat,#823740,LQ heat distribution main,transmission,100000,1,20,LQHtransmission4637,LQHtransmission2286,
LQHtransmission4637_to_LQHtransmission3425_heat,#823740,LQ heat distribution main,transmission,100000,1,20,LQHtransmission3425,LQHtransmission4637,
LQHtransmission3425_to_LQHtransmission56_heat,#823740,LQ heat distribution main,transmission,100000,1,20,LQHtransmission56,LQHtransmission3425,
LQHtransmission56_to_LQHtransmission3077_heat,#823740,LQ heat distribution main,transmission,100000,1,20,LQHtransmission3077,LQHtransmission56,
LQHtransmission3077_to_LQHtransmission2889_heat,#823740,LQ heat distribution main,transmission,100000,1,20,LQHtransmission2889,LQHtransmission3077,
LQHtransmission2889_to_LQHtransmission4677_heat,#823740,LQ heat distribution main,transmission,100000,1,20,LQHtransmission4677,LQHtransmission2889,
LQHtransmission2094_to_LQHtransmission3205_heat,#823740,LQ heat distribution main,transmission,100000,1,20,LQHtransmission3205,LQHtransmission2094,
LQHtransmission3205_to_LQHtransmission842_heat,#823740,LQ heat distribution main,transmission,100000,1,20,LQHtransmission842,LQHtransmission3205,
LQHtransmission842_to_LQHtransmission979_heat,#823740,LQ heat distribution main,transmission,100000,1,20,LQHtransmission979,LQHtransmission842,
LQHtransmission979_to_LQHtransmission1316_heat,#823740,LQ heat distribution main,transmission,100000,1,20,LQHtransmission1316,LQHtransmission979,
LQHtransmission1316_to_LQHtransmission2674_heat,#823740,LQ heat distribution main,transmission,100000,1,20,LQHtransmission2674,LQHtransmission1316,
LQHtransmission2674_to_LQHtransmission3130_heat,#823740,LQ heat distribution main,transmission,100000,1,20,LQHtransmission3130,LQHtransmission2674,
LQHtransmission3130_to_LQHtransmission3866_heat,#823740,LQ heat distribution main,transmission,100000,1,20,LQHtransmission3866,LQHtransmission3130,
LQHtransmission3866_to_LQHtransmission2973_heat,#823740,LQ heat distribution main,transmission,100000,1,20,LQHtransmission2973,LQHtransmission3866,
LQHtransmission2973_to_LQHtransmission2449_heat,#823740,LQ heat distribution main,transmission,100000,1,20,LQHtransmission2449,LQHtransmission2973,
LQHtransmission2449_to_LQHtransmission4046_heat,#823740,LQ heat distribution main,transmission,100000,1,20,LQHtransmission4046,LQHtransmission2449,
LQHtransmission4046_to_LQHtransmission4397_heat,#823740,LQ heat distribution main,transmission,100000,1,20,LQHtransmission4397,LQHtransmission4046,
LQHtransmission4397_to_LQHtransmission1244_heat,#823740,LQ heat distribution main,transmission,100000,1,20,LQHtransmission1244,LQHtransmission4397,
LQHtransmission1244_to_LQHtransmission2677_heat,#823740,LQ heat distribution main,transmission,100000,1,20,LQHtransmission2677,LQHtransmission1244,
LQHtransmission2677_to_LQHtransmission1981_heat,#823740,LQ heat distribution main,transmission,100000,1,20,LQHtransmission1981,LQHtransmission2677,
LQHtransmission1981_to_LQHtransmission4605_heat,#823740,LQ heat distribution main,transmission,100000,1,20,LQHtransmission4605,LQHtransmission1981,
LQHtransmission4605_to_LQHtransmission336_heat,#823740,LQ heat distribution main,transmission,100000,1,20,LQHtransmission336,LQHtransmission4605,
LQHtransmission336_to_LQHtransmission678_heat,#823740,LQ heat distribution main,transmission,100000,1,20,LQHtransmission678,LQHtransmission336,
LQHtransmission678_to_LQHtransmission1223_heat,#823740,LQ heat distribution main,transmission,100000,1,20,LQHtransmission1223,LQHtransmission678,
LQHtransmission1223_to_LQHtransmission3832_heat,#823740,LQ heat distribution main,transmission,100000,1,20,LQHtransmission3832,LQHtransmission1223,
LQHtransmission3832_to_LQHtransmission1091_heat,#823740,LQ heat distribution main,transmission,100000,1,20,LQHtransmission1091,LQHtransmission3832,
LQHtransmission1091_to_LQHtransmission4549_heat,#823740,LQ heat distribution main,transmission,100000,1,20,LQHtransmission4549,LQHtransmission1091,
LQHtransmission4549_to_LQHtransmission2440_heat,#823740,LQ heat distribution main,transmission,100000,1,20,LQHtransmission2440,LQHtransmission4549,
LQHtransmission2440_to_LQHtransmission4413_heat,#823740,LQ heat distribution main,transmission,100000,1,20,LQHtransmission4413,LQHtransmission2440,
LQHtransmission4413_to_LQHtransmission2326_heat,#823740,LQ heat distribution main,transmission,100000,1,20,LQHtransmission2326,LQHtransmission4413,
LQHtransmission2326_to_LQHtransmission2691_heat,#823740,LQ heat distribution main,transmission,100000,1,20,LQHtransmission2691,LQHtransmission2326,
LQHtransmission2691_to_LQHtransmission3073_heat,#823740,LQ heat distribution main,transmission,100000,1,20,LQHtransmission3073,LQHtransmission2691,
LQHtransmission3073_to_LQHtransmission3498_heat,#823740,LQ heat distribution main,transmission,100000,1,20,LQHtransmission3498,LQHtransmission3073,
LQHtransmission3498_to_LQHtransmission3390_heat,#823740,LQ heat distribution main,transmission,100000,1,20,LQHtransmission3390,LQHtransmission3498,
LQHtransmission3390_to_LQHtransmission4207_heat,#823740,LQ heat distribution main,transmission,100000,1,20,LQHtransmission4207,LQHtransmission3390,
LQHtransmission4207_to_LQHtransmission792_heat,#823740,LQ heat distribution main,transmission,100000,1,20,LQHtransmission792,LQHtransmission4207,
LQHtransmission792_to_LQHtransmission545_heat,#823740,LQ heat distribution main,transmission,100000,1,20,LQHtransmission545,LQHtransmission792,
LQHtransmission545_to_LQHtransmission1479_heat,#823740,LQ heat distribution main,transmission,100000,1,20,LQHtransmission1479,LQHtransmission545,
LQHtransmission1479_to_LQHtransmission1722_heat,#823740,LQ heat distribution main,transmission,100000,1,20,LQHtransmission1722,LQHtransmission1479,
LQHtransmission1722_to_LQHtransmission2013_heat,#823740,LQ heat distribution main,transmission,100000,1,20,LQHtransmission2013,LQHtransmission1722,
LQHtransmission2013_to_LQHtransmission1748_heat,#823740,LQ heat distribution main,transmission,100000,1,20,LQHtransmission1748,LQHtransmission2013,
LQHtransmission1748_to_LQHtransmission3284_heat,#823740,LQ heat distribution main,transmission,100000,1,20,LQHtransmission3284,LQHtransmission1748,
LQHtransmission3284_to_LQHtransmission487_heat,#823740,LQ heat distribution main,transmission,100000,1,20,LQHtransmission487,LQHtransmission3284,
LQHtransmission487_to_LQHtransmission211_heat,#823740,LQ heat distribution main,transmission,100000,1,20,LQHtransmission211,LQHtransmission487,
LQHtransmission211_to_LQHtransmission1075_heat,#823740,LQ heat distribution main,transmission,100000,1,20,LQHtransmission1075,LQHtransmission211,
LQHtransmission1075_to_LQHtransmission3633_heat,#823740,LQ heat distribution main,transmission,100000,1,20,LQHtransmission3633,LQHtransmission1075,
LQHtransmission2261_to_LQHtransmission265_heat,#823740,LQ heat distribution main,transmission,100000,1,20,LQHtransmission265,LQHtransmission2261,
LQHtransmission265_to_LQHtransmission2773_heat,#823740,LQ heat distribution main,transmission,100000,1,20,LQHtransmission2773,LQHtransmission265,
LQHtransmission2776_to_LQHtransmission4609_heat,#823740,LQ heat distribution main,transmission,100000,1,20,LQHtransmission4609,LQHtransmission2776,
LQHtransmission2828_to_LQHtransmission1900_heat,#823740,LQ heat distribution main,transmission,100000,1,20,LQHtransmission1900,LQHtransmission2828,
LQHtransmission1260_to_LQHtransmission4036_heat,#823740,LQ heat distribution main,transmission,100000,1,20,LQHtransmission4036,LQHtransmission1260,
LQHtransmission4036_to_LQHtransmission3758_heat,#823740,LQ heat distribution main,transmission,100000,1,20,LQHtransmission3758,LQHtransmission4036,
LQHtransmission3758_to_LQHtransmission707_heat,#823740,LQ heat distribution main,transmission,100000,1,20,LQHtransmission707,LQHtransmission3758,
LQHtransmission707_to_LQHtransmission1603_heat,#823740,LQ heat distribution main,transmission,100000,1,20,LQHtransmission1603,LQHtransmission707,
LQHtransmission1603_to_LQHtransmission2990_heat,#823740,LQ heat distribution main,transmission,100000,1,20,LQHtransmission2990,LQHtransmission1603,
LQHtransmission2990_to_LQHtransmission1459_heat,#823740,LQ heat distribution main,transmission,100000,1,20,LQHtransmission1459,LQHtransmission2990,
LQHtransmission1459_to_LQHtransmission1381_heat,#823740,LQ heat distribution main,transmission,100000,1,20,LQHtransmission1381,LQHtransmission1459,
LQHtransmission1381_to_LQHtransmission3945_heat,#823740,LQ heat distribution main,transmission,100000,1,20,LQHtransmission3945,LQHtransmission1381,
LQHtransmission3945_to_LQHtransmission2977_heat,#823740,LQ heat distribution main,transmission,100000,1,20,LQHtransmission2977,LQHtransmission3945,
LQHtransmission2977_to_LQHtransmission3713_heat,#823740,LQ heat distribution main,transmission,100000,1,20,LQHtransmission3713,LQHtransmission2977,
LQHtransmission3713_to_LQHtransmission2680_heat,#823740,LQ heat distribution main,transmission,100000,1,20,LQHtransmission2680,LQHtransmission3713,
LQHtransmission2680_to_LQHtransmission1841_heat,#823740,LQ heat distribution main,transmission,100000,1,20,LQHtransmission1841,LQHtransmission2680,
LQHtransmission1841_to_LQHtransmission1802_heat,#823740,LQ heat distribution main,transmission,100000,1,20,LQHtransmission1802,LQHtransmission1841,
LQHtransmission1802_to_LQHtransmission300_heat,#823740,LQ heat distribution main,transmission,100000,1,20,LQHtransmission300,LQHtransmission1802,
LQHtransmission300_to_LQHtransmission2907_heat,#823740,LQ heat distribution main,transmission,100000,1,20,LQHtransmission2907,LQHtransmission300,
LQHtransmission2907_to_LQHtransmission3378_heat,#823740,LQ heat distribution main,transmission,100000,1,20,LQHtransmission3378,LQHtransmission2907,
LQHtransmission3378_to_LQHtransmission3157_heat,#823740,LQ heat distribution main,transmission,100000,1,20,LQHtransmission3157,LQHtransmission3378,
LQHtransmission3157_to_LQHtransmission626_heat,#823740,LQ heat distribution main,transmission,100000,1,20,LQHtransmission626,LQHtransmission3157,
LQHtransmission626_to_LQHtransmission2948_heat,#823740,LQ heat distribution main,transmission,100000,1,20,LQHtransmission2948,LQHtransmission626,
LQHtransmission2948_to_LQHtransmission501_heat,#823740,LQ heat distribution main,transmission,100000,1,20,LQHtransmission501,LQHtransmission2948,
LQHtransmission501_to_LQHtransmission3914_heat,#823740,LQ heat distribution main,transmission,100000,1,20,LQHtransmission3914,LQHtransmission501,
LQHtransmission3914_to_LQHtransmission3186_heat,#823740,LQ heat distribution main,transmission,100000,1,20,LQHtransmission3186,LQHtransmission3914,
LQHtransmission3186_to_LQHtransmission1005_heat,#823740,LQ heat distribution main,transmission,100000,1,20,LQHtransmission1005,LQHtransmission3186,
LQHtransmission1005_to_LQHtransmission4649_heat,#823740,LQ heat distribution main,transmission,100000,1,20,LQHtransmission4649,LQHtransmission1005,
LQHtransmission4649_to_LQHtransmission3873_heat,#823740,LQ heat distribution main,transmission,100000,1,20,LQHtransmission3873,LQHtransmission4649,
LQHtransmission3873_to_LQHtransmission4159_heat,#823740,LQ heat distribution main,transmission,100000,1,20,LQHtransmission4159,LQHtransmission3873,
LQHtransmission4159_to_LQHtransmission1766_heat,#823740,LQ heat distribution main,transmission,100000,1,20,LQHtransmission1766,LQHtransmission4159,
LQHtransmission1766_to_LQHtransmission2127_heat,#823740,LQ heat distribution main,transmission,100000,1,20,LQHtransmission2127,LQHtransmission1766,
LQHtransmission2127_to_LQHtransmission4115_heat,#823740,LQ heat distribution main,transmission,100000,1,20,LQHtransmission4115,LQHtransmission2127,
LQHtransmission4115_to_LQHtransmission3025_heat,#823740,LQ heat distribution main,transmission,100000,1,20,LQHtransmission3025,LQHtransmission4115,
LQHtransmission3025_to_LQHtransmission2263_heat,#823740,LQ heat distribution main,transmission,100000,1,20,LQHtransmission2263,LQHtransmission3025,
LQHtransmission2263_to_LQHtransmission4186_heat,#823740,LQ heat distribution main,transmission,100000,1,20,LQHtransmission4186,LQHtransmission2263,
LQHtransmission4186_to_LQHtransmission1427_heat,#823740,LQ heat distribution main,transmission,100000,1,20,LQHtransmission1427,LQHtransmission4186,
LQHtransmission1427_to_LQHtransmission608_heat,#823740,LQ heat distribution main,transmission,100000,1,20,LQHtransmission608,LQHtransmission1427,
LQHtransmission608_to_LQHtransmission475_heat,#823740,LQ heat distribution main,transmission,100000,1,20,LQHtransmission475,LQHtransmission608,
LQHtransmission475_to_LQHtransmission3820_heat,#823740,LQ heat distribution main,transmission,100000,1,20,LQHtransmission3820,LQHtransmission475,
LQHtransmission3820_to_LQHtransmission3730_heat,#823740,LQ heat distribution main,transmission,100000,1,20,LQHtransmission3730,LQHtransmission3820,
LQHtransmission3730_to_LQHtransmission4006_heat,#823740,LQ heat distribution main,transmission,100000,1,20,LQHtransmission4006,LQHtransmission3730,
LQHtransmission4006_to_LQHtransmission3038_heat,#823740,LQ heat distribution main,transmission,100000,1,20,LQHtransmission3038,LQHtransmission4006,
LQHtransmission3038_to_LQHtransmission572_heat,#823740,LQ heat distribution main,transmission,100000,1,20,LQHtransmission572,LQHtransmission3038,
LQHtransmission572_to_LQHtransmission2386_heat,#823740,LQ heat distribution main,transmission,100000,1,20,LQHtransmission2386,LQHtransmission572,
LQHtransmission2386_to_LQHtransmission4412_heat,#823740,LQ heat distribution main,transmission,100000,1,20,LQHtransmission4412,LQHtransmission2386,
LQHtransmission4412_to_LQHtransmission3676_heat,#823740,LQ heat distribution main,transmission,100000,1,20,LQHtransmission3676,LQHtransmission4412,
LQHtransmission3676_to_LQHtransmission3399_heat,#823740,LQ heat distribution main,transmission,100000,1,20,LQHtransmission3399,LQHtransmission3676,
LQHtransmission3399_to_LQHtransmission1377_heat,#823740,LQ heat distribution main,transmission,100000,1,20,LQHtransmission1377,LQHtransmission3399,
LQHtransmission1377_to_LQHtransmission1295_heat,#823740,LQ heat distribution main,transmission,100000,1,20,LQHtransmission1295,LQHtransmission1377,
LQHtransmission1295_to_LQHtransmission1054_heat,#823740,LQ heat distribution main,transmission,100000,1,20,LQHtransmission1054,LQHtransmission1295,
LQHtransmission1054_to_LQHtransmission2877_heat,#823740,LQ heat distribution main,transmission,100000,1,20,LQHtransmission2877,LQHtransmission1054,
LQHtransmission2877_to_LQHtransmission2144_heat,#823740,LQ heat distribution main,transmission,100000,1,20,LQHtransmission2144,LQHtransmission2877,
LQHtransmission2144_to_LQHtransmission2171_heat,#823740,LQ heat distribution main,transmission,100000,1,20,LQHtransmission2171,LQHtransmission2144,
LQHtransmission2171_to_LQHtransmission3270_heat,#823740,LQ heat distribution main,transmission,100000,1,20,LQHtransmission3270,LQHtransmission2171,
LQHtransmission3270_to_LQHtransmission2211_heat,#823740,LQ heat distribution main,transmission,100000,1,20,LQHtransmission2211,LQHtransmission3270,
LQHtransmission2211_to_LQHtransmission3534_heat,#823740,LQ heat distribution main,transmission,100000,1,20,LQHtransmission3534,LQHtransmission2211,
LQHtransmission3534_to_LQHtransmission3799_heat,#823740,LQ heat distribution main,transmission,100000,1,20,LQHtransmission3799,LQHtransmission3534,
LQHtransmission3799_to_LQHtransmission182_heat,#823740,LQ heat distribution main,transmission,100000,1,20,LQHtransmission182,LQHtransmission3799,
LQHtransmission182_to_LQHtransmission2289_heat,#823740,LQ heat distribution main,transmission,100000,1,20,LQHtransmission2289,LQHtransmission182,
LQHtransmission2289_to_LQHtransmission4023_heat,#823740,LQ heat distribution main,transmission,100000,1,20,LQHtransmission4023,LQHtransmission2289,
LQHtransmission4023_to_LQHtransmission2193_heat,#823740,LQ heat distribution main,transmission,100000,1,20,LQHtransmission2193,LQHtransmission4023,
LQHtransmission2193_to_LQHtransmission1408_heat,#823740,LQ heat distribution main,transmission,100000,1,20,LQHtransmission1408,LQHtransmission2193,
LQHtransmission1408_to_LQHtransmission1713_heat,#823740,LQ heat distribution main,transmission,100000,1,20,LQHtransmission1713,LQHtransmission1408,
LQHtransmission1713_to_LQHtransmission451_heat,#823740,LQ heat distribution main,transmission,100000,1,20,LQHtransmission451,LQHtransmission1713,
LQHtransmission451_to_LQHtransmission4401_heat,#823740,LQ heat distribution main,transmission,100000,1,20,LQHtransmission4401,LQHtransmission451,
LQHtransmission4401_to_LQHtransmission970_heat,#823740,LQ heat distribution main,transmission,100000,1,20,LQHtransmission970,LQHtransmission4401,
LQHtransmission970_to_LQHtransmission880_heat,#823740,LQ heat distribution main,transmission,100000,1,20,LQHtransmission880,LQHtransmission970,
LQHtransmission880_to_LQHtransmission1910_heat,#823740,LQ heat distribution main,transmission,100000,1,20,LQHtransmission1910,LQHtransmission880,
LQHtransmission1910_to_LQHtransmission62_heat,#823740,LQ heat distribution main,transmission,100000,1,20,LQHtransmission62,LQHtransmission1910,
LQHtransmission62_to_LQHtransmission456_heat,#823740,LQ heat distribution main,transmission,100000,1,20,LQHtransmission456,LQHtransmission62,
LQHtransmission456_to_LQHtransmission297_heat,#823740,LQ heat distribution main,transmission,100000,1,20,LQHtransmission297,LQHtransmission456,
LQHtransmission297_to_LQHtransmission2615_heat,#823740,LQ heat distribution main,transmission,100000,1,20,LQHtransmission2615,LQHtransmission297,
LQHtransmission2615_to_LQHtransmission1126_heat,#823740,LQ heat distribution main,transmission,100000,1,20,LQHtransmission1126,LQHtransmission2615,
LQHtransmission1126_to_LQHtransmission374_heat,#823740,LQ heat distribution main,transmission,100000,1,20,LQHtransmission374,LQHtransmission1126,
LQHtransmission374_to_LQHtransmission2876_heat,#823740,LQ heat distribution main,transmission,100000,1,20,LQHtransmission2876,LQHtransmission374,
LQHtransmission2876_to_LQHtransmission4331_heat,#823740,LQ heat distribution main,transmission,100000,1,20,LQHtransmission4331,LQHtransmission2876,
LQHtransmission4331_to_LQHtransmission2561_heat,#823740,LQ heat distribution main,transmission,100000,1,20,LQHtransmission2561,LQHtransmission4331,
LQHtransmission2561_to_LQHtransmission924_heat,#823740,LQ heat distribution main,transmission,100000,1,20,LQHtransmission924,LQHtransmission2561,
LQHtransmission924_to_LQHtransmission1485_heat,#823740,LQ heat distribution main,transmission,100000,1,20,LQHtransmission1485,LQHtransmission924,
LQHtransmission1485_to_LQHtransmission4106_heat,#823740,LQ heat distribution main,transmission,100000,1,20,LQHtransmission4106,LQHtransmission1485,
LQHtransmission4106_to_LQHtransmission3970_heat,#823740,LQ heat distribution main,transmission,100000,1,20,LQHtransmission3970,LQHtransmission4106,
LQHtransmission3970_to_LQHtransmission785_heat,#823740,LQ heat distribution main,transmission,100000,1,20,LQHtransmission785,LQHtransmission3970,
LQHtransmission785_to_LQHtransmission201_heat,#823740,LQ heat distribution main,transmission,100000,1,20,LQHtransmission201,LQHtransmission785,
LQHtransmission201_to_LQHtransmission4470_heat,#823740,LQ heat distribution main,transmission,100000,1,20,LQHtransmission4470,LQHtransmission201,
LQHtransmission4470_to_LQHtransmission3814_heat,#823740,LQ heat distribution main,transmission,100000,1,20,LQHtransmission3814,LQHtransmission4470,
LQHtransmission3814_to_LQHtransmission4109_heat,#823740,LQ heat distribution main,transmission,100000,1,20,LQHtransmission4109,LQHtransmission3814,
LQHtransmission4109_to_LQHtransmission3682_heat,#823740,LQ heat distribution main,transmission,100000,1,20,LQHtransmission3682,LQHtransmission4109,
LQHtransmission3682_to_LQHtransmission526_heat,#823740,LQ heat distribution main,transmission,100000,1,20,LQHtransmission526,LQHtransmission3682,
LQHtransmission526_to_LQHtransmission3702_heat,#823740,LQ heat distribution main,transmission,100000,1,20,LQHtransmission3702,LQHtransmission526,
LQHtransmission3702_to_LQHtransmission2602_heat,#823740,LQ heat distribution main,transmission,100000,1,20,LQHtransmission2602,LQHtransmission3702,
LQHtransmission2602_to_LQHtransmission1803_heat,#823740,LQ heat distribution main,transmission,100000,1,20,LQHtransmission1803,LQHtransmission2602,
LQHtransmission1803_to_LQHtransmission903_heat,#823740,LQ heat distribution main,transmission,100000,1,20,LQHtransmission903,LQHtransmission1803,
LQHtransmission903_to_LQHtransmission3895_heat,#823740,LQ heat distribution main,transmission,100000,1,20,LQHtransmission3895,LQHtransmission903,
LQHtransmission3895_to_LQHtransmission3214_heat,#823740,LQ heat distribution main,transmission,100000,1,20,LQHtransmission3214,LQHtransmission3895,
LQHtransmission3214_to_LQHtransmission3012_heat,#823740,LQ heat distribution main,transmission,100000,1,20,LQHtransmission3012,LQHtransmission3214,
LQHtransmission3012_to_LQHtransmission2867_heat,#823740,LQ heat distribution main,transmission,100000,1,20,LQHtransmission2867,LQHtransmission3012,
LQHtransmission2867_to_LQHtransmission3516_heat,#823740,LQ heat distribution main,transmission,100000,1,20,LQHtransmission3516,LQHtransmission2867,
LQHtransmission3516_to_LQHtransmission4020_heat,#823740,LQ heat distribution main,transmission,100000,1,20,LQHtransmission4020,LQHtransmission3516,
LQHtransmission4020_to_LQHtransmission3294_heat,#823740,LQ heat distribution main,transmission,100000,1,20,LQHtransmission3294,LQHtransmission4020,
LQHtransmission3294_to_LQHtransmission2719_heat,#823740,LQ heat distribution main,transmission,100000,1,20,LQHtransmission2719,LQHtransmission3294,
LQHtransmission2719_to_LQHtransmission2410_heat,#823740,LQ heat distribution main,transmission,100000,1,20,LQHtransmission2410,LQHtransmission2719,
LQHtransmission2410_to_LQHtransmission467_heat,#823740,LQ heat distribution main,transmission,100000,1,20,LQHtransmission467,LQHtransmission2410,
LQHtransmission467_to_LQHtransmission1619_heat,#823740,LQ heat distribution main,transmission,100000,1,20,LQHtransmission1619,LQHtransmission467,
LQHtransmission1619_to_LQHtransmission2639_heat,#823740,LQ heat distribution main,transmission,100000,1,20,LQHtransmission2639,LQHtransmission1619,
LQHtransmission2639_to_LQHtransmission1466_heat,#823740,LQ heat distribution main,transmission,100000,1,20,LQHtransmission1466,LQHtransmission2639,
LQHtransmission1466_to_LQHtransmission1039_heat,#823740,LQ heat distribution main,transmission,100000,1,20,LQHtransmission1039,LQHtransmission1466,
LQHtransmission1039_to_LQHtransmission4411_heat,#823740,LQ heat distribution main,transmission,100000,1,20,LQHtransmission4411,LQHtransmission1039,
LQHtransmission4411_to_LQHtransmission2239_heat,#823740,LQ heat distribution main,transmission,100000,1,20,LQHtransmission2239,LQHtransmission4411,
LQHtransmission2239_to_LQHtransmission2237_heat,#823740,LQ heat distribution main,transmission,100000,1,20,LQHtransmission2237,LQHtransmission2239,
LQHtransmission2237_to_LQHtransmission4137_heat,#823740,LQ heat distribution main,transmission,100000,1,20,LQHtransmission4137,LQHtransmission2237,
LQHtransmission4137_to_LQHtransmission2743_heat,#823740,LQ heat distribution main,transmission,100000,1,20,LQHtransmission2743,LQHtransmission4137,
LQHtransmission2743_to_LQHtransmission1327_heat,#823740,LQ heat distribution main,transmission,100000,1,20,LQHtransmission1327,LQHtransmission2743,
LQHtransmission1327_to_LQHtransmission3177_heat,#823740,LQ heat distribution main,transmission,100000,1,20,LQHtransmission3177,LQHtransmission1327,
LQHtransmission3177_to_LQHtransmission348_heat,#823740,LQ heat distribution main,transmission,100000,1,20,LQHtransmission348,LQHtransmission3177,
LQHtransmission348_to_LQHtransmission2390_heat,#823740,LQ heat distribution main,transmission,100000,1,20,LQHtransmission2390,LQHtransmission348,
LQHtransmission2390_to_LQHtransmission4616_heat,#823740,LQ heat distribution main,transmission,100000,1,20,LQHtransmission4616,LQHtransmission2390,
LQHtransmission4616_to_LQHtransmission1543_heat,#823740,LQ heat distribution main,transmission,100000,1,20,LQHtransmission1543,LQHtransmission4616,
LQHtransmission1543_to_LQHtransmission772_heat,#823740,LQ heat distribution main,transmission,100000,1,20,LQHtransmission772,LQHtransmission1543,
LQHtransmission772_to_LQHtransmission2139_heat,#823740,LQ heat distribution main,transmission,100000,1,20,LQHtransmission2139,LQHtransmission772,
LQHtransmission2139_to_LQHtransmission2445_heat,#823740,LQ heat distribution main,transmission,100000,1,20,LQHtransmission2445,LQHtransmission2139,
LQHtransmission2445_to_LQHtransmission1347_heat,#823740,LQ heat distribution main,transmission,100000,1,20,LQHtransmission1347,LQHtransmission2445,
LQHtransmission4346_to_LQHtransmission2245_heat,#823740,LQ heat distribution main,transmission,100000,1,20,LQHtransmission2245,LQHtransmission4346,
LQHtransmission2245_to_LQHtransmission3834_heat,#823740,LQ heat distribution main,transmission,100000,1,20,LQHtransmission3834,LQHtransmission2245,
LQHtransmission3834_to_LQHtransmission1266_heat,#823740,LQ heat distribution main,transmission,100000,1,20,LQHtransmission1266,LQHtransmission3834,
LQHtransmission1266_to_LQHtransmission3427_heat,#823740,LQ heat distribution main,transmission,100000,1,20,LQHtransmission3427,LQHtransmission1266,
LQHtransmission3427_to_LQHtransmission831_heat,#823740,LQ heat distribution main,transmission,100000,1,20,LQHtransmission831,LQHtransmission3427,
LQHtransmission831_to_LQHtransmission4420_heat,#823740,LQ heat distribution main,transmission,100000,1,20,LQHtransmission4420,LQHtransmission831,
LQHtransmission4420_to_LQHtransmission1843_heat,#823740,LQ heat distribution main,transmission,100000,1,20,LQHtransmission1843,LQHtransmission4420,
LQHtransmission1843_to_LQHtransmission2792_heat,#823740,LQ heat distribution main,transmission,100000,1,20,LQHtransmission2792,LQHtransmission1843,
LQHtransmission2792_to_LQHtransmission202_heat,#823740,LQ heat distribution main,transmission,100000,1,20,LQHtransmission202,LQHtransmission2792,
LQHtransmission202_to_LQHtransmission2341_heat,#823740,LQ heat distribution main,transmission,100000,1,20,LQHtransmission2341,LQHtransmission202,
LQHtransmission2341_to_LQHtransmission4541_heat,#823740,LQ heat distribution main,transmission,100000,1,20,LQHtransmission4541,LQHtransmission2341,
LQHtransmission4541_to_LQHtransmission1955_heat,#823740,LQ heat distribution main,transmission,100000,1,20,LQHtransmission1955,LQHtransmission4541,
LQHtransmission1955_to_LQHtransmission350_heat,#823740,LQ heat distribution main,transmission,100000,1,20,LQHtransmission350,LQHtransmission1955,
LQHtransmission350_to_LQHtransmission2879_heat,#823740,LQ heat distribution main,transmission,100000,1,20,LQHtransmission2879,LQHtransmission350,
LQHtransmission2879_to_LQHtransmission3947_heat,#823740,LQ heat distribution main,transmission,100000,1,20,LQHtransmission3947,LQHtransmission2879,
LQHtransmission3947_to_LQHtransmission2397_heat,#823740,LQ heat distribution main,transmission,100000,1,20,LQHtransmission2397,LQHtransmission3947,
LQHtransmission3722_to_LQHtransmission362_heat,#823740,LQ heat distribution main,transmission,100000,1,20,LQHtransmission362,LQHtransmission3722,
LQHtransmission362_to_LQHtransmission741_heat,#823740,LQ heat distribution main,transmission,100000,1,20,LQHtransmission741,LQHtransmission362,
LQHtransmission741_to_LQHtransmission1073_heat,#823740,LQ heat distribution main,transmission,100000,1,20,LQHtransmission1073,LQHtransmission741,
LQHtransmission1073_to_LQHtransmission2600_heat,#823740,LQ heat distribution main,transmission,100000,1,20,LQHtransmission2600,LQHtransmission1073,
LQHtransmission2600_to_LQHtransmission3488_heat,#823740,LQ heat distribution main,transmission,100000,1,20,LQHtransmission3488,LQHtransmission2600,
LQHtransmission3488_to_LQHtransmission1437_heat,#823740,LQ heat distribution main,transmission,100000,1,20,LQHtransmission1437,LQHtransmission3488,
LQHtransmission1437_to_LQHtransmission3122_heat,#823740,LQ heat distribution main,transmission,100000,1,20,LQHtransmission3122,LQHtransmission1437,
LQHtransmission3122_to_LQHtransmission1098_heat,#823740,LQ heat distribution main,transmission,100000,1,20,LQHtransmission1098,LQHtransmission3122,
LQHtransmission1098_to_LQHtransmission2345_heat,#823740,LQ heat distribution main,transmission,100000,1,20,LQHtransmission2345,LQHtransmission1098,
LQHtransmission2702_to_LQHtransmission3227_heat,#823740,LQ heat distribution main,transmission,100000,1,20,LQHtransmission3227,LQHtransmission2702,
LQHtransmission3227_to_LQHtransmission3351_heat,#823740,LQ heat distribution main,transmission,100000,1,20,LQHtransmission3351,LQHtransmission3227,
LQHtransmission415_to_LQHtransmission3417_heat,#823740,LQ heat distribution main,transmission,100000,1,20,LQHtransmission3417,LQHtransmission415,
LQHtransmission3417_to_LQHtransmission4260_heat,#823740,LQ heat distribution main,transmission,100000,1,20,LQHtransmission4260,LQHtransmission3417,
LQHtransmission4260_to_LQHtransmission4691_heat,#823740,LQ heat distribution main,transmission,100000,1,20,LQHtransmission4691,LQHtransmission4260,
LQHtransmission4691_to_LQHtransmission984_heat,#823740,LQ heat distribution main,transmission,100000,1,20,LQHtransmission984,LQHtransmission4691,
LQHtransmission984_to_LQHtransmission2566_heat,#823740,LQ heat distribution main,transmission,100000,1,20,LQHtransmission2566,LQHtransmission984,
LQHtransmission2566_to_LQHtransmission3784_heat,#823740,LQ heat distribution main,transmission,100000,1,20,LQHtransmission3784,LQHtransmission2566,
LQHtransmission3784_to_LQHtransmission2251_heat,#823740,LQ heat distribution main,transmission,100000,1,20,LQHtransmission2251,LQHtransmission3784,
LQHtransmission2251_to_LQHtransmission4584_heat,#823740,LQ heat distribution main,transmission,100000,1,20,LQHtransmission4584,LQHtransmission2251,
LQHtransmission4584_to_LQHtransmission1516_heat,#823740,LQ heat distribution main,transmission,100000,1,20,LQHtransmission1516,LQHtransmission4584,
LQHtransmission1516_to_LQHtransmission3213_heat,#823740,LQ heat distribution main,transmission,100000,1,20,LQHtransmission3213,LQHtransmission1516,
LQHtransmission3213_to_LQHtransmission1278_heat,#823740,LQ heat distribution main,transmission,100000,1,20,LQHtransmission1278,LQHtransmission3213,
LQHtransmission1278_to_LQHtransmission2843_heat,#823740,LQ heat distribution main,transmission,100000,1,20,LQHtransmission2843,LQHtransmission1278,
LQHtransmission2843_to_LQHtransmission3338_heat,#823740,LQ heat distribution main,transmission,100000,1,20,LQHtransmission3338,LQHtransmission2843,
LQHtransmission3338_to_LQHtransmission2503_heat,#823740,LQ heat distribution main,transmission,100000,1,20,LQHtransmission2503,LQHtransmission3338,
LQHtransmission2503_to_LQHtransmission4415_heat,#823740,LQ heat distribution main,transmission,100000,1,20,LQHtransmission4415,LQHtransmission2503,
LQHtransmission4415_to_LQHtransmission1055_heat,#823740,LQ heat distribution main,transmission,100000,1,20,LQHtransmission1055,LQHtransmission4415,
LQHtransmission1055_to_LQHtransmission1764_heat,#823740,LQ heat distribution main,transmission,100000,1,20,LQHtransmission1764,LQHtransmission1055,
LQHtransmission1764_to_LQHtransmission184_heat,#823740,LQ heat distribution main,transmission,100000,1,20,LQHtransmission184,LQHtransmission1764,
LQHtransmission184_to_LQHtransmission1439_heat,#823740,LQ heat distribution main,transmission,100000,1,20,LQHtransmission1439,LQHtransmission184,
LQHtransmission1439_to_LQHtransmission3634_heat,#823740,LQ heat distribution main,transmission,100000,1,20,LQHtransmission3634,LQHtransmission1439,
LQHtransmission3634_to_LQHtransmission4500_heat,#823740,LQ heat distribution main,transmission,100000,1,20,LQHtransmission4500,LQHtransmission3634,
LQHtransmission4500_to_LQHtransmission2192_heat,#823740,LQ heat distribution main,transmission,100000,1,20,LQHtransmission2192,LQHtransmission4500,
LQHtransmission2192_to_LQHtransmission3969_heat,#823740,LQ heat distribution main,transmission,100000,1,20,LQHtransmission3969,LQHtransmission2192,
LQHtransmission3257_to_LQHtransmission2728_heat,#823740,LQ heat distribution main,transmission,100000,1,20,LQHtransmission2728,LQHtransmission3257,
LQHtransmission2728_to_LQHtransmission3319_heat,#823740,LQ heat distribution main,transmission,100000,1,20,LQHtransmission3319,LQHtransmission2728,
LQHtransmission3319_to_LQHtransmission3879_heat,#823740,LQ heat distribution main,transmission,100000,1,20,LQHtransmission3879,LQHtransmission3319,
LQHtransmission3879_to_LQHtransmission3401_heat,#823740,LQ heat distribution main,transmission,100000,1,20,LQHtransmission3401,LQHtransmission3879,
LQHtransmission3401_to_LQHtransmission197_heat,#823740,LQ heat distribution main,transmission,100000,1,20,LQHtransmission197,LQHtransmission3401,
LQHtransmission197_to_LQHtransmission4229_heat,#823740,LQ heat distribution main,transmission,100000,1,20,LQHtransmission4229,LQHtransmission197,
LQHtransmission4229_to_LQHtransmission2601_heat,#823740,LQ heat distribution main,transmission,100000,1,20,LQHtransmission2601,LQHtransmission4229,
LQHtransmission2601_to_LQHtransmission1947_heat,#823740,LQ heat distribution main,transmission,100000,1,20,LQHtransmission1947,LQHtransmission2601,
LQHtransmission1947_to_LQHtransmission3997_heat,#823740,LQ heat distribution main,transmission,100000,1,20,LQHtransmission3997,LQHtransmission1947,
LQHtransmission3997_to_LQHtransmission2482_heat,#823740,LQ heat distribution main,transmission,100000,1,20,LQHtransmission2482,LQHtransmission3997,
LQHtransmission2482_to_LQHtransmission4004_heat,#823740,LQ heat distribution main,transmission,100000,1,20,LQHtransmission4004,LQHtransmission2482,
LQHtransmission4004_to_LQHtransmission4497_heat,#823740,LQ heat distribution main,transmission,100000,1,20,LQHtransmission4497,LQHtransmission4004,
LQHtransmission4497_to_LQHtransmission4421_heat,#823740,LQ heat distribution main,transmission,100000,1,20,LQHtransmission4421,LQHtransmission4497,
LQHtransmission4421_to_LQHtransmission3792_heat,#823740,LQ heat distribution main,transmission,100000,1,20,LQHtransmission3792,LQHtransmission4421,
LQHtransmission4580_to_LQHtransmission1992_heat,#823740,LQ heat distribution main,transmission,100000,1,20,LQHtransmission1992,LQHtransmission4580,
LQHtransmission1992_to_LQHtransmission1072_heat,#823740,LQ heat distribution main,transmission,100000,1,20,LQHtransmission1072,LQHtransmission1992,
LQHtransmission1072_to_LQHtransmission1927_heat,#823740,LQ heat distribution main,transmission,100000,1,20,LQHtransmission1927,LQHtransmission1072,
LQHtransmission1927_to_LQHtransmission1504_heat,#823740,LQ heat distribution main,transmission,100000,1,20,LQHtransmission1504,LQHtransmission1927,
LQHtransmission1504_to_LQHtransmission41_heat,#823740,LQ heat distribution main,transmission,100000,1,20,LQHtransmission41,LQHtransmission1504,
LQHtransmission41_to_LQHtransmission1079_heat,#823740,LQ heat distribution main,transmission,100000,1,20,LQHtransmission1079,LQHtransmission41,
LQHtransmission1079_to_LQHtransmission4059_heat,#823740,LQ heat distribution main,transmission,100000,1,20,LQHtransmission4059,LQHtransmission1079,
LQHtransmission4059_to_LQHtransmission2415_heat,#823740,LQ heat distribution main,transmission,100000,1,20,LQHtransmission2415,LQHtransmission4059,
LQHtransmission2415_to_LQHtransmission3433_heat,#823740,LQ heat distribution main,transmission,100000,1,20,LQHtransmission3433,LQHtransmission2415,
LQHtransmission3433_to_LQHtransmission1323_heat,#823740,LQ heat distribution main,transmission,100000,1,20,LQHtransmission1323,LQHtransmission3433,
LQHtransmission1323_to_LQHtransmission557_heat,#823740,LQ heat distribution main,transmission,100000,1,20,LQHtransmission557,LQHtransmission1323,
LQHtransmission557_to_LQHtransmission4214_heat,#823740,LQ heat distribution main,transmission,100000,1,20,LQHtransmission4214,LQHtransmission557,
LQHtransmission4214_to_LQHtransmission1915_heat,#823740,LQ heat distribution main,transmission,100000,1,20,LQHtransmission1915,LQHtransmission4214,
LQHtransmission1915_to_LQHtransmission2324_heat,#823740,LQ heat distribution main,transmission,100000,1,20,LQHtransmission2324,LQHtransmission1915,
LQHtransmission2324_to_LQHtransmission1851_heat,#823740,LQ heat distribution main,transmission,100000,1,20,LQHtransmission1851,LQHtransmission2324,
LQHtransmission1851_to_LQHtransmission704_heat,#823740,LQ heat distribution main,transmission,100000,1,20,LQHtransmission704,LQHtransmission1851,
LQHtransmission704_to_LQHtransmission525_heat,#823740,LQ heat distribution main,transmission,100000,1,20,LQHtransmission525,LQHtransmission704,
LQHtransmission525_to_LQHtransmission1967_heat,#823740,LQ heat distribution main,transmission,100000,1,20,LQHtransmission1967,LQHtransmission525,
LQHtransmission1967_to_LQHtransmission3108_heat,#823740,LQ heat distribution main,transmission,100000,1,20,LQHtransmission3108,LQHtransmission1967,
LQHtransmission3108_to_LQHtransmission1491_heat,#823740,LQ heat distribution main,transmission,100000,1,20,LQHtransmission1491,LQHtransmission3108,
LQHtransmission1491_to_LQHtransmission319_heat,#823740,LQ heat distribution main,transmission,100000,1,20,LQHtransmission319,LQHtransmission1491,
LQHtransmission319_to_LQHtransmission1393_heat,#823740,LQ heat distribution main,transmission,100000,1,20,LQHtransmission1393,LQHtransmission319,
LQHtransmission1393_to_LQHtransmission3605_heat,#823740,LQ heat distribution main,transmission,100000,1,20,LQHtransmission3605,LQHtransmission1393,
LQHtransmission3605_to_LQHtransmission2264_heat,#823740,LQ heat distribution main,transmission,100000,1,20,LQHtransmission2264,LQHtransmission3605,
LQHtransmission2264_to_LQHtransmission340_heat,#823740,LQ heat distribution main,transmission,100000,1,20,LQHtransmission340,LQHtransmission2264,
LQHtransmission340_to_LQHtransmission3791_heat,#823740,LQ heat distribution main,transmission,100000,1,20,LQHtransmission3791,LQHtransmission340,
LQHtransmission3791_to_LQHtransmission1338_heat,#823740,LQ heat distribution main,transmission,100000,1,20,LQHtransmission1338,LQHtransmission3791,
LQHtransmission1338_to_LQHtransmission4230_heat,#823740,LQ heat distribution main,transmission,100000,1,20,LQHtransmission4230,LQHtransmission1338,
LQHtransmission4230_to_LQHtransmission343_heat,#823740,LQ heat distribution main,transmission,100000,1,20,LQHtransmission343,LQHtransmission4230,
LQHtransmission343_to_LQHtransmission2568_heat,#823740,LQ heat distribution main,transmission,100000,1,20,LQHtransmission2568,LQHtransmission343,
LQHtransmission2568_to_LQHtransmission4342_heat,#823740,LQ heat distribution main,transmission,100000,1,20,LQHtransmission4342,LQHtransmission2568,
LQHtransmission4342_to_LQHtransmission3540_heat,#823740,LQ heat distribution main,transmission,100000,1,20,LQHtransmission3540,LQHtransmission4342,
LQHtransmission3540_to_LQHtransmission3364_heat,#823740,LQ heat distribution main,transmission,100000,1,20,LQHtransmission3364,LQHtransmission3540,
LQHtransmission3364_to_LQHtransmission915_heat,#823740,LQ heat distribution main,transmission,100000,1,20,LQHtransmission915,LQHtransmission3364,
LQHtransmission915_to_LQHtransmission2580_heat,#823740,LQ heat distribution main,transmission,100000,1,20,LQHtransmission2580,LQHtransmission915,
LQHtransmission2580_to_LQHtransmission4668_heat,#823740,LQ heat distribution main,transmission,100000,1,20,LQHtransmission4668,LQHtransmission2580,
LQHtransmission4668_to_LQHtransmission1105_heat,#823740,LQ heat distribution main,transmission,100000,1,20,LQHtransmission1105,LQHtransmission4668,
LQHtransmission1105_to_LQHtransmission3315_heat,#823740,LQ heat distribution main,transmission,100000,1,20,LQHtransmission3315,LQHtransmission1105,
LQHtransmission3315_to_LQHtransmission3705_heat,#823740,LQ heat distribution main,transmission,100000,1,20,LQHtransmission3705,LQHtransmission3315,
LQHtransmission3705_to_LQHtransmission2358_heat,#823740,LQ heat distribution main,transmission,100000,1,20,LQHtransmission2358,LQHtransmission3705,
LQHtransmission2358_to_LQHtransmission4613_heat,#823740,LQ heat distribution main,transmission,100000,1,20,LQHtransmission4613,LQHtransmission2358,
LQHtransmission4613_to_LQHtransmission1620_heat,#823740,LQ heat distribution main,transmission,100000,1,20,LQHtransmission1620,LQHtransmission4613,
LQHtransmission1620_to_LQHtransmission1441_heat,#823740,LQ heat distribution main,transmission,100000,1,20,LQHtransmission1441,LQHtransmission1620,
LQHtransmission1441_to_LQHtransmission1189_heat,#823740,LQ heat distribution main,transmission,100000,1,20,LQHtransmission1189,LQHtransmission1441,
LQHtransmission1189_to_LQHtransmission2312_heat,#823740,LQ heat distribution main,transmission,100000,1,20,LQHtransmission2312,LQHtransmission1189,
LQHtransmission2312_to_LQHtransmission2664_heat,#823740,LQ heat distribution main,transmission,100000,1,20,LQHtransmission2664,LQHtransmission2312,
LQHtransmission2664_to_LQHtransmission204_heat,#823740,LQ heat distribution main,transmission,100000,1,20,LQHtransmission204,LQHtransmission2664,
LQHtransmission204_to_LQHtransmission3159_heat,#823740,LQ heat distribution main,transmission,100000,1,20,LQHtransmission3159,LQHtransmission204,
LQHtransmission3159_to_LQHtransmission1267_heat,#823740,LQ heat distribution main,transmission,100000,1,20,LQHtransmission1267,LQHtransmission3159,
LQHtransmission1267_to_LQHtransmission4687_heat,#823740,LQ heat distribution main,transmission,100000,1,20,LQHtransmission4687,LQHtransmission1267,
LQHtransmission4687_to_LQHtransmission2206_heat,#823740,LQ heat distribution main,transmission,100000,1,20,LQHtransmission2206,LQHtransmission4687,
LQHtransmission2206_to_LQHtransmission1970_heat,#823740,LQ heat distribution main,transmission,100000,1,20,LQHtransmission1970,LQHtransmission2206,
LQHtransmission1970_to_LQHtransmission3658_heat,#823740,LQ heat distribution main,transmission,100000,1,20,LQHtransmission3658,LQHtransmission1970,
LQHtransmission3658_to_LQHtransmission3473_heat,#823740,LQ heat distribution main,transmission,100000,1,20,LQHtransmission3473,LQHtransmission3658,
LQHtransmission3473_to_LQHtransmission1029_heat,#823740,LQ heat distribution main,transmission,100000,1,20,LQHtransmission1029,LQHtransmission3473,
LQHtransmission1029_to_LQHtransmission389_heat,#823740,LQ heat distribution main,transmission,100000,1,20,LQHtransmission389,LQHtransmission1029,
LQHtransmission389_to_LQHtransmission2037_heat,#823740,LQ heat distribution main,transmission,100000,1,20,LQHtransmission2037,LQHtransmission389,
LQHtransmission2037_to_LQHtransmission1445_heat,#823740,LQ heat distribution main,transmission,100000,1,20,LQHtransmission1445,LQHtransmission2037,
LQHtransmission1445_to_LQHtransmission1749_heat,#823740,LQ heat distribution main,transmission,100000,1,20,LQHtransmission1749,LQHtransmission1445,
LQHtransmission1749_to_LQHtransmission145_heat,#823740,LQ heat distribution main,transmission,100000,1,20,LQHtransmission145,LQHtransmission1749,
LQHtransmission145_to_LQHtransmission4516_heat,#823740,LQ heat distribution main,transmission,100000,1,20,LQHtransmission4516,LQHtransmission145,
LQHtransmission4516_to_LQHtransmission3995_heat,#823740,LQ heat distribution main,transmission,100000,1,20,LQHtransmission3995,LQHtransmission4516,
LQHtransmission3995_to_LQHtransmission321_heat,#823740,LQ heat distribution main,transmission,100000,1,20,LQHtransmission321,LQHtransmission3995,
LQHtransmission321_to_LQHtransmission1520_heat,#823740,LQ heat distribution main,transmission,100000,1,20,LQHtransmission1520,LQHtransmission321,
LQHtransmission1520_to_LQHtransmission1741_heat,#823740,LQ heat distribution main,transmission,100000,1,20,LQHtransmission1741,LQHtransmission1520,
LQHtransmission1741_to_LQHtransmission4249_heat,#823740,LQ heat distribution main,transmission,100000,1,20,LQHtransmission4249,LQHtransmission1741,
LQHtransmission4249_to_LQHtransmission1517_heat,#823740,LQ heat distribution main,transmission,100000,1,20,LQHtransmission1517,LQHtransmission4249,
LQHtransmission1517_to_LQHtransmission4350_heat,#823740,LQ heat distribution main,transmission,100000,1,20,LQHtransmission4350,LQHtransmission1517,
LQHtransmission4350_to_LQHtransmission1805_heat,#823740,LQ heat distribution main,transmission,100000,1,20,LQHtransmission1805,LQHtransmission4350,
LQHtransmission1805_to_LQHtransmission3647_heat,#823740,LQ heat distribution main,transmission,100000,1,20,LQHtransmission3647,LQHtransmission1805,
LQHtransmission3647_to_LQHtransmission2880_heat,#823740,LQ heat distribution main,transmission,100000,1,20,LQHtransmission2880,LQHtransmission3647,
LQHtransmission2880_to_LQHtransmission486_heat,#823740,LQ heat distribution main,transmission,100000,1,20,LQHtransmission486,LQHtransmission2880,
LQHtransmission486_to_LQHtransmission285_heat,#823740,LQ heat distribution main,transmission,100000,1,20,LQHtransmission285,LQHtransmission486,
LQHtransmission285_to_LQHtransmission1245_heat,#823740,LQ heat distribution main,transmission,100000,1,20,LQHtransmission1245,LQHtransmission285,
LQHtransmission1245_to_LQHtransmission513_heat,#823740,LQ heat distribution main,transmission,100000,1,20,LQHtransmission513,LQHtransmission1245,
LQHtransmission513_to_LQHtransmission272_heat,#823740,LQ heat distribution main,transmission,100000,1,20,LQHtransmission272,LQHtransmission513,
LQHtransmission272_to_LQHtransmission1667_heat,#823740,LQ heat distribution main,transmission,100000,1,20,LQHtransmission1667,LQHtransmission272,
LQHtransmission1667_to_LQHtransmission1027_heat,#823740,LQ heat distribution main,transmission,100000,1,20,LQHtransmission1027,LQHtransmission1667,
LQHtransmission1027_to_LQHtransmission1952_heat,#823740,LQ heat distribution main,transmission,100000,1,20,LQHtransmission1952,LQHtransmission1027,
LQHtransmission1952_to_LQHtransmission665_heat,#823740,LQ heat distribution main,transmission,100000,1,20,LQHtransmission665,LQHtransmission1952,
LQHtransmission665_to_LQHtransmission4699_heat,#823740,LQ heat distribution main,transmission,100000,1,20,LQHtransmission4699,LQHtransmission665,
LQHtransmission4699_to_LQHtransmission4005_heat,#823740,LQ heat distribution main,transmission,100000,1,20,LQHtransmission4005,LQHtransmission4699,
LQHtransmission4005_to_LQHtransmission2748_heat,#823740,LQ heat distribution main,transmission,100000,1,20,LQHtransmission2748,LQHtransmission4005,
LQHtransmission2748_to_LQHtransmission3587_heat,#823740,LQ heat distribution main,transmission,100000,1,20,LQHtransmission3587,LQHtransmission2748,
LQHtransmission3587_to_LQHtransmission331_heat,#823740,LQ heat distribution main,transmission,100000,1,20,LQHtransmission331,LQHtransmission3587,
LQHtransmission331_to_LQHtransmission1647_heat,#823740,LQ heat distribution main,transmission,100000,1,20,LQHtransmission1647,LQHtransmission331,
LQHtransmission1647_to_LQHtransmission735_heat,#823740,LQ heat distribution main,transmission,100000,1,20,LQHtransmission735,LQHtransmission1647,
LQHtransmission735_to_LQHtransmission2261_heat,#823740,LQ heat distribution main,transmission,100000,1,20,LQHtransmission2261,LQHtransmission735,
LQHtransmission1325_to_LQHtransmission57_heat,#823740,LQ heat distribution main,transmission,100000,1,20,LQHtransmission57,LQHtransmission1325,
LQHtransmission57_to_LQHtransmission4267_heat,#823740,LQ heat distribution main,transmission,100000,1,20,LQHtransmission4267,LQHtransmission57,
LQHtransmission4267_to_LQHtransmission3370_heat,#823740,LQ heat distribution main,transmission,100000,1,20,LQHtransmission3370,LQHtransmission4267,
LQHtransmission3370_to_LQHtransmission3790_heat,#823740,LQ heat distribution main,transmission,100000,1,20,LQHtransmission3790,LQHtransmission3370,
LQHtransmission3790_to_LQHtransmission927_heat,#823740,LQ heat distribution main,transmission,100000,1,20,LQHtransmission927,LQHtransmission3790,
LQHtransmission927_to_LQHtransmission3807_heat,#823740,LQ heat distribution main,transmission,100000,1,20,LQHtransmission3807,LQHtransmission927,
LQHtransmission3807_to_LQHtransmission4008_heat,#823740,LQ heat distribution main,transmission,100000,1,20,LQHtransmission4008,LQHtransmission3807,
LQHtransmission4008_to_LQHtransmission3260_heat,#823740,LQ heat distribution main,transmission,100000,1,20,LQHtransmission3260,LQHtransmission4008,
LQHtransmission3260_to_LQHtransmission309_heat,#823740,LQ heat distribution main,transmission,100000,1,20,LQHtransmission309,LQHtransmission3260,
LQHtransmission309_to_LQHtransmission2471_heat,#823740,LQ heat distribution main,transmission,100000,1,20,LQHtransmission2471,LQHtransmission309,
LQHtransmission2471_to_LQHtransmission588_heat,#823740,LQ heat distribution main,transmission,100000,1,20,LQHtransmission588,LQHtransmission2471,
LQHtransmission588_to_LQHtransmission2249_heat,#823740,LQ heat distribution main,transmission,100000,1,20,LQHtransmission2249,LQHtransmission588,
LQHtransmission2249_to_LQHtransmission2856_heat,#823740,LQ heat distribution main,transmission,100000,1,20,LQHtransmission2856,LQHtransmission2249,
LQHtransmission2856_to_LQHtransmission2992_heat,#823740,LQ heat distribution main,transmission,100000,1,20,LQHtransmission2992,LQHtransmission2856,
LQHtransmission2992_to_LQHtransmission2048_heat,#823740,LQ heat distribution main,transmission,100000,1,20,LQHtransmission2048,LQHtransmission2992,
LQHtransmission2048_to_LQHtransmission709_heat,#823740,LQ heat distribution main,transmission,100000,1,20,LQHtransmission709,LQHtransmission2048,
LQHtransmission709_to_LQHtransmission4366_heat,#823740,LQ heat distribution main,transmission,100000,1,20,LQHtransmission4366,LQHtransmission709,
LQHtransmission4366_to_LQHtransmission905_heat,#823740,LQ heat distribution main,transmission,100000,1,20,LQHtransmission905,LQHtransmission4366,
LQHtransmission1923_to_LQHtransmission959_heat,#823740,LQ heat distribution main,transmission,100000,1,20,LQHtransmission959,LQHtransmission1923,
LQHtransmission3175_to_LQHtransmission4196_heat,#823740,LQ heat distribution main,transmission,100000,1,20,LQHtransmission4196,LQHtransmission3175,
LQHtransmission4196_to_LQHtransmission2762_heat,#823740,LQ heat distribution main,transmission,100000,1,20,LQHtransmission2762,LQHtransmission4196,
LQHtransmission2762_to_LQHtransmission3415_heat,#823740,LQ heat distribution main,transmission,100000,1,20,LQHtransmission3415,LQHtransmission2762,
LQHtransmission3415_to_LQHtransmission1379_heat,#823740,LQ heat distribution main,transmission,100000,1,20,LQHtransmission1379,LQHtransmission3415,
LQHtransmission1379_to_LQHtransmission1064_heat,#823740,LQ heat distribution main,transmission,100000,1,20,LQHtransmission1064,LQHtransmission1379,
LQHtransmission1064_to_LQHtransmission2279_heat,#823740,LQ heat distribution main,transmission,100000,1,20,LQHtransmission2279,LQHtransmission1064,
LQHtransmission2279_to_LQHtransmission3543_heat,#823740,LQ heat distribution main,transmission,100000,1,20,LQHtransmission3543,LQHtransmission2279,
LQHtransmission3543_to_LQHtransmission1604_heat,#823740,LQ heat distribution main,transmission,100000,1,20,LQHtransmission1604,LQHtransmission3543,
LQHtransmission1604_to_LQHtransmission4373_heat,#823740,LQ heat distribution main,transmission,100000,1,20,LQHtransmission4373,LQHtransmission1604,
LQHtransmission4373_to_LQHtransmission192_heat,#823740,LQ heat distribution main,transmission,100000,1,20,LQHtransmission192,LQHtransmission4373,
LQHtransmission192_to_LQHtransmission2868_heat,#823740,LQ heat distribution main,transmission,100000,1,20,LQHtransmission2868,LQHtransmission192,
LQHtransmission2868_to_LQHtransmission2257_heat,#823740,LQ heat distribution main,transmission,100000,1,20,LQHtransmission2257,LQHtransmission2868,
LQHtransmission2257_to_LQHtransmission44_heat,#823740,LQ heat distribution main,transmission,100000,1,20,LQHtransmission44,LQHtransmission2257,
LQHtransmission44_to_LQHtransmission1644_heat,#823740,LQ heat distribution main,transmission,100000,1,20,LQHtransmission1644,LQHtransmission44,
LQHtransmission1644_to_LQHtransmission3389_heat,#823740,LQ heat distribution main,transmission,100000,1,20,LQHtransmission3389,LQHtransmission1644,
LQHtransmission3389_to_LQHtransmission1125_heat,#823740,LQ heat distribution main,transmission,100000,1,20,LQHtransmission1125,LQHtransmission3389,
LQHtransmission1125_to_LQHtransmission1498_heat,#823740,LQ heat distribution main,transmission,100000,1,20,LQHtransmission1498,LQHtransmission1125,
LQHtransmission1498_to_LQHtransmission1931_heat,#823740,LQ heat distribution main,transmission,100000,1,20,LQHtransmission1931,LQHtransmission1498,
LQHtransmission4525_to_LQHtransmission893_heat,#823740,LQ heat distribution main,transmission,100000,1,20,LQHtransmission893,LQHtransmission4525,
LQHtransmission893_to_LQHtransmission2968_heat,#823740,LQ heat distribution main,transmission,100000,1,20,LQHtransmission2968,LQHtransmission893,
LQHtransmission2968_to_LQHtransmission3530_heat,#823740,LQ heat distribution main,transmission,100000,1,20,LQHtransmission3530,LQHtransmission2968,
LQHtransmission959_to_LQHtransmission4586_heat,#823740,LQ heat distribution main,transmission,100000,1,20,LQHtransmission4586,LQHtransmission959,
LQHtransmission4586_to_LQHtransmission1905_heat,#823740,LQ heat distribution main,transmission,100000,1,20,LQHtransmission1905,LQHtransmission4586,
LQHtransmission1905_to_LQHtransmission1292_heat,#823740,LQ heat distribution main,transmission,100000,1,20,LQHtransmission1292,LQHtransmission1905,
LQHtransmission1292_to_LQHtransmission2217_heat,#823740,LQ heat distribution main,transmission,100000,1,20,LQHtransmission2217,LQHtransmission1292,
LQHtransmission2217_to_LQHtransmission2208_heat,#823740,LQ heat distribution main,transmission,100000,1,20,LQHtransmission2208,LQHtransmission2217,
LQHtransmission2208_to_LQHtransmission4066_heat,#823740,LQ heat distribution main,transmission,100000,1,20,LQHtransmission4066,LQHtransmission2208,
LQHtransmission4066_to_LQHtransmission4053_heat,#823740,LQ heat distribution main,transmission,100000,1,20,LQHtransmission4053,LQHtransmission4066,
LQHtransmission4053_to_LQHtransmission351_heat,#823740,LQ heat distribution main,transmission,100000,1,20,LQHtransmission351,LQHtransmission4053,
LQHtransmission351_to_LQHtransmission4405_heat,#823740,LQ heat distribution main,transmission,100000,1,20,LQHtransmission4405,LQHtransmission351,
LQHtransmission4405_to_LQHtransmission3712_heat,#823740,LQ heat distribution main,transmission,100000,1,20,LQHtransmission3712,LQHtransmission4405,
LQHtransmission3712_to_LQHtransmission4273_heat,#823740,LQ heat distribution main,transmission,100000,1,20,LQHtransmission4273,LQHtransmission3712,
LQHtransmission4273_to_LQHtransmission3649_heat,#823740,LQ heat distribution main,transmission,100000,1,20,LQHtransmission3649,LQHtransmission4273,
LQHtransmission3649_to_LQHtransmission1897_heat,#823740,LQ heat distribution main,transmission,100000,1,20,LQHtransmission1897,LQHtransmission3649,
LQHtransmission1897_to_LQHtransmission794_heat,#823740,LQ heat distribution main,transmission,100000,1,20,LQHtransmission794,LQHtransmission1897,
LQHtransmission794_to_LQHtransmission1334_heat,#823740,LQ heat distribution main,transmission,100000,1,20,LQHtransmission1334,LQHtransmission794,
LQHtransmission1334_to_LQHtransmission675_heat,#823740,LQ heat distribution main,transmission,100000,1,20,LQHtransmission675,LQHtransmission1334,
LQHtransmission675_to_LQHtransmission185_heat,#823740,LQ heat distribution main,transmission,100000,1,20,LQHtransmission185,LQHtransmission675,
LQHtransmission185_to_LQHtransmission3938_heat,#823740,LQ heat distribution main,transmission,100000,1,20,LQHtransmission3938,LQHtransmission185,
LQHtransmission2974_to_LQHtransmission618_heat,#823740,LQ heat distribution main,transmission,100000,1,20,LQHtransmission618,LQHtransmission2974,
LQHtransmission618_to_LQHtransmission2623_heat,#823740,LQ heat distribution main,transmission,100000,1,20,LQHtransmission2623,LQHtransmission618,
LQHtransmission2623_to_LQHtransmission1848_heat,#823740,LQ heat distribution main,transmission,100000,1,20,LQHtransmission1848,LQHtransmission2623,
LQHtransmission1848_to_LQHtransmission1752_heat,#823740,LQ heat distribution main,transmission,100000,1,20,LQHtransmission1752,LQHtransmission1848,
LQHtransmission1752_to_LQHtransmission3066_heat,#823740,LQ heat distribution main,transmission,100000,1,20,LQHtransmission3066,LQHtransmission1752,
LQHtransmission3066_to_LQHtransmission2740_heat,#823740,LQ heat distribution main,transmission,100000,1,20,LQHtransmission2740,LQHtransmission3066,
LQHtransmission2740_to_LQHtransmission3535_heat,#823740,LQ heat distribution main,transmission,100000,1,20,LQHtransmission3535,LQHtransmission2740,
LQHtransmission3535_to_LQHtransmission2392_heat,#823740,LQ heat distribution main,transmission,100000,1,20,LQHtransmission2392,LQHtransmission3535,
LQHtransmission2392_to_LQHtransmission2207_heat,#823740,LQ heat distribution main,transmission,100000,1,20,LQHtransmission2207,LQHtransmission2392,
LQHtransmission2207_to_LQHtransmission832_heat,#823740,LQ heat distribution main,transmission,100000,1,20,LQHtransmission832,LQHtransmission2207,
LQHtransmission832_to_LQHtransmission4343_heat,#823740,LQ heat distribution main,transmission,100000,1,20,LQHtransmission4343,LQHtransmission832,
LQHtransmission4343_to_LQHtransmission757_heat,#823740,LQ heat distribution main,transmission,100000,1,20,LQHtransmission757,LQHtransmission4343,
LQHtransmission757_to_LQHtransmission3011_heat,#823740,LQ heat distribution main,transmission,100000,1,20,LQHtransmission3011,LQHtransmission757,
LQHtransmission3011_to_LQHtransmission1066_heat,#823740,LQ heat distribution main,transmission,100000,1,20,LQHtransmission1066,LQHtransmission3011,
LQHtransmission1066_to_LQHtransmission3357_heat,#823740,LQ heat distribution main,transmission,100000,1,20,LQHtransmission3357,LQHtransmission1066,
LQHtransmission3357_to_LQHtransmission4330_heat,#823740,LQ heat distribution main,transmission,100000,1,20,LQHtransmission4330,LQHtransmission3357,
LQHtransmission4330_to_LQHtransmission3070_heat,#823740,LQ heat distribution main,transmission,100000,1,20,LQHtransmission3070,LQHtransmission4330,
LQHtransmission3070_to_LQHtransmission1630_heat,#823740,LQ heat distribution main,transmission,100000,1,20,LQHtransmission1630,LQHtransmission3070,
LQHtransmission1630_to_LQHtransmission1623_heat,#823740,LQ heat distribution main,transmission,100000,1,20,LQHtransmission1623,LQHtransmission1630,
LQHtransmission1623_to_LQHtransmission1324_heat,#823740,LQ heat distribution main,transmission,100000,1,20,LQHtransmission1324,LQHtransmission1623,
LQHtransmission1324_to_LQHtransmission2045_heat,#823740,LQ heat distribution main,transmission,100000,1,20,LQHtransmission2045,LQHtransmission1324,
LQHtransmission2045_to_LQHtransmission631_heat,#823740,LQ heat distribution main,transmission,100000,1,20,LQHtransmission631,LQHtransmission2045,
LQHtransmission631_to_LQHtransmission1825_heat,#823740,LQ heat distribution main,transmission,100000,1,20,LQHtransmission1825,LQHtransmission631,
LQHtransmission1825_to_LQHtransmission1015_heat,#823740,LQ heat distribution main,transmission,100000,1,20,LQHtransmission1015,LQHtransmission1825,
LQHtransmission1015_to_LQHtransmission2018_heat,#823740,LQ heat distribution main,transmission,100000,1,20,LQHtransmission2018,LQHtransmission1015,
LQHtransmission2018_to_LQHtransmission2545_heat,#823740,LQ heat distribution main,transmission,100000,1,20,LQHtransmission2545,LQHtransmission2018,
LQHtransmission2545_to_LQHtransmission2702_heat,#823740,LQ heat distribution main,transmission,100000,1,20,LQHtransmission2702,LQHtransmission2545,
LQHtransmission1368_to_LQHtransmission764_heat,#823740,LQ heat distribution main,transmission,100000,1,20,LQHtransmission764,LQHtransmission1368,
LQHtransmission764_to_LQHtransmission3848_heat,#823740,LQ heat distribution main,transmission,100000,1,20,LQHtransmission3848,LQHtransmission764,
LQHtransmission2227_to_LQHtransmission4726_heat,#823740,LQ heat distribution main,transmission,100000,1,20,LQHtransmission4726,LQHtransmission2227,
LQHtransmission4726_to_LQHtransmission795_heat,#823740,LQ heat distribution main,transmission,100000,1,20,LQHtransmission795,LQHtransmission4726,
LQHtransmission795_to_LQHtransmission288_heat,#823740,LQ heat distribution main,transmission,100000,1,20,LQHtransmission288,LQHtransmission795,
LQHtransmission288_to_LQHtransmission377_heat,#823740,LQ heat distribution main,transmission,100000,1,20,LQHtransmission377,LQHtransmission288,
LQHtransmission377_to_LQHtransmission2937_heat,#823740,LQ heat distribution main,transmission,100000,1,20,LQHtransmission2937,LQHtransmission377,
LQHtransmission2937_to_LQHtransmission3018_heat,#823740,LQ heat distribution main,transmission,100000,1,20,LQHtransmission3018,LQHtransmission2937,
LQHtransmission3018_to_LQHtransmission4719_heat,#823740,LQ heat distribution main,transmission,100000,1,20,LQHtransmission4719,LQHtransmission3018,
LQHtransmission4719_to_LQHtransmission3287_heat,#823740,LQ heat distribution main,transmission,100000,1,20,LQHtransmission3287,LQHtransmission4719,
LQHtransmission3287_to_LQHtransmission3456_heat,#823740,LQ heat distribution main,transmission,100000,1,20,LQHtransmission3456,LQHtransmission3287,
LQHtransmission3456_to_LQHtransmission4645_heat,#823740,LQ heat distribution main,transmission,100000,1,20,LQHtransmission4645,LQHtransmission3456,
LQHtransmission4645_to_LQHtransmission1202_heat,#823740,LQ heat distribution main,transmission,100000,1,20,LQHtransmission1202,LQHtransmission4645,
LQHtransmission1202_to_LQHtransmission1216_heat,#823740,LQ heat distribution main,transmission,100000,1,20,LQHtransmission1216,LQHtransmission1202,
LQHtransmission1216_to_LQHtransmission1440_heat,#823740,LQ heat distribution main,transmission,100000,1,20,LQHtransmission1440,LQHtransmission1216,
LQHtransmission1440_to_LQHtransmission518_heat,#823740,LQ heat distribution main,transmission,100000,1,20,LQHtransmission518,LQHtransmission1440,
LQHtransmission518_to_LQHtransmission1360_heat,#823740,LQ heat distribution main,transmission,100000,1,20,LQHtransmission1360,LQHtransmission518,
LQHtransmission1360_to_LQHtransmission4590_heat,#823740,LQ heat distribution main,transmission,100000,1,20,LQHtransmission4590,LQHtransmission1360,
LQHtransmission4590_to_LQHtransmission1561_heat,#823740,LQ heat distribution main,transmission,100000,1,20,LQHtransmission1561,LQHtransmission4590,
LQHtransmission1561_to_LQHtransmission104_heat,#823740,LQ heat distribution main,transmission,100000,1,20,LQHtransmission104,LQHtransmission1561,
LQHtransmission104_to_LQHtransmission108_heat,#823740,LQ heat distribution main,transmission,100000,1,20,LQHtransmission108,LQHtransmission104,
LQHtransmission108_to_LQHtransmission951_heat,#823740,LQ heat distribution main,transmission,100000,1,20,LQHtransmission951,LQHtransmission108,
LQHtransmission951_to_LQHtransmission3165_heat,#823740,LQ heat distribution main,transmission,100000,1,20,LQHtransmission3165,LQHtransmission951,
LQHtransmission3165_to_LQHtransmission1705_heat,#823740,LQ heat distribution main,transmission,100000,1,20,LQHtransmission1705,LQHtransmission3165,
LQHtransmission1705_to_LQHtransmission4361_heat,#823740,LQ heat distribution main,transmission,100000,1,20,LQHtransmission4361,LQHtransmission1705,
LQHtransmission4361_to_LQHtransmission1283_heat,#823740,LQ heat distribution main,transmission,100000,1,20,LQHtransmission1283,LQHtransmission4361,
LQHtransmission1283_to_LQHtransmission306_heat,#823740,LQ heat distribution main,transmission,100000,1,20,LQHtransmission306,LQHtransmission1283,
LQHtransmission306_to_LQHtransmission3565_heat,#823740,LQ heat distribution main,transmission,100000,1,20,LQHtransmission3565,LQHtransmission306,
LQHtransmission3565_to_LQHtransmission925_heat,#823740,LQ heat distribution main,transmission,100000,1,20,LQHtransmission925,LQHtransmission3565,
LQHtransmission925_to_LQHtransmission3990_heat,#823740,LQ heat distribution main,transmission,100000,1,20,LQHtransmission3990,LQHtransmission925,
LQHtransmission3990_to_LQHtransmission189_heat,#823740,LQ heat distribution main,transmission,100000,1,20,LQHtransmission189,LQHtransmission3990,
LQHtransmission189_to_LQHtransmission3288_heat,#823740,LQ heat distribution main,transmission,100000,1,20,LQHtransmission3288,LQHtransmission189,
LQHtransmission3288_to_LQHtransmission3745_heat,#823740,LQ heat distribution main,transmission,100000,1,20,LQHtransmission3745,LQHtransmission3288,
LQHtransmission3745_to_LQHtransmission1431_heat,#823740,LQ heat distribution main,transmission,100000,1,20,LQHtransmission1431,LQHtransmission3745,
LQHtransmission1431_to_LQHtransmission2172_heat,#823740,LQ heat distribution main,transmission,100000,1,20,LQHtransmission2172,LQHtransmission1431,
LQHtransmission2172_to_LQHtransmission932_heat,#823740,LQ heat distribution main,transmission,100000,1,20,LQHtransmission932,LQHtransmission2172,
LQHtransmission932_to_LQHtransmission2317_heat,#823740,LQ heat distribution main,transmission,100000,1,20,LQHtransmission2317,LQHtransmission932,
LQHtransmission2317_to_LQHtransmission4180_heat,#823740,LQ heat distribution main,transmission,100000,1,20,LQHtransmission4180,LQHtransmission2317,
LQHtransmission4180_to_LQHtransmission3394_heat,#823740,LQ heat distribution main,transmission,100000,1,20,LQHtransmission3394,LQHtransmission4180,
LQHtransmission3394_to_LQHtransmission4146_heat,#823740,LQ heat distribution main,transmission,100000,1,20,LQHtransmission4146,LQHtransmission3394,
LQHtransmission4146_to_LQHtransmission485_heat,#823740,LQ heat distribution main,transmission,100000,1,20,LQHtransmission485,LQHtransmission4146,
LQHtransmission485_to_LQHtransmission1650_heat,#823740,LQ heat distribution main,transmission,100000,1,20,LQHtransmission1650,LQHtransmission485,
LQHtransmission1650_to_LQHtransmission2519_heat,#823740,LQ heat distribution main,transmission,100000,1,20,LQHtransmission2519,LQHtransmission1650,
LQHtransmission2519_to_LQHtransmission3091_heat,#823740,LQ heat distribution main,transmission,100000,1,20,LQHtransmission3091,LQHtransmission2519,
LQHtransmission3091_to_LQHtransmission215_heat,#823740,LQ heat distribution main,transmission,100000,1,20,LQHtransmission215,LQHtransmission3091,
LQHtransmission215_to_LQHtransmission1087_heat,#823740,LQ heat distribution main,transmission,100000,1,20,LQHtransmission1087,LQHtransmission215,
LQHtransmission1087_to_LQHtransmission4251_heat,#823740,LQ heat distribution main,transmission,100000,1,20,LQHtransmission4251,LQHtransmission1087,
LQHtransmission4251_to_LQHtransmission2997_heat,#823740,LQ heat distribution main,transmission,100000,1,20,LQHtransmission2997,LQHtransmission4251,
LQHtransmission2997_to_LQHtransmission4152_heat,#823740,LQ heat distribution main,transmission,100000,1,20,LQHtransmission4152,LQHtransmission2997,
LQHtransmission4152_to_LQHtransmission2343_heat,#823740,LQ heat distribution main,transmission,100000,1,20,LQHtransmission2343,LQHtransmission4152,
LQHtransmission2343_to_LQHtransmission3746_heat,#823740,LQ heat distribution main,transmission,100000,1,20,LQHtransmission3746,LQHtransmission2343,
LQHtransmission3746_to_LQHtransmission4601_heat,#823740,LQ heat distribution main,transmission,100000,1,20,LQHtransmission4601,LQHtransmission3746,
LQHtransmission4601_to_LQHtransmission1979_heat,#823740,LQ heat distribution main,transmission,100000,1,20,LQHtransmission1979,LQHtransmission4601,
LQHtransmission1979_to_LQHtransmission1074_heat,#823740,LQ heat distribution main,transmission,100000,1,20,LQHtransmission1074,LQHtransmission1979,
LQHtransmission1074_to_LQHtransmission2505_heat,#823740,LQ heat distribution main,transmission,100000,1,20,LQHtransmission2505,LQHtransmission1074,
LQHtransmission2505_to_LQHtransmission4117_heat,#823740,LQ heat distribution main,transmission,100000,1,20,LQHtransmission4117,LQHtransmission2505,
LQHtransmission4117_to_LQHtransmission4674_heat,#823740,LQ heat distribution main,transmission,100000,1,20,LQHtransmission4674,LQHtransmission4117,
LQHtransmission4674_to_LQHtransmission15_heat,#823740,LQ heat distribution main,transmission,100000,1,20,LQHtransmission15,LQHtransmission4674,
LQHtransmission15_to_LQHtransmission3334_heat,#823740,LQ heat distribution main,transmission,100000,1,20,LQHtransmission3334,LQHtransmission15,
LQHtransmission3334_to_LQHtransmission3342_heat,#823740,LQ heat distribution main,transmission,100000,1,20,LQHtransmission3342,LQHtransmission3334,
LQHtransmission3342_to_LQHtransmission3422_heat,#823740,LQ heat distribution main,transmission,100000,1,20,LQHtransmission3422,LQHtransmission3342,
LQHtransmission3422_to_LQHtransmission3590_heat,#823740,LQ heat distribution main,transmission,100000,1,20,LQHtransmission3590,LQHtransmission3422,
LQHtransmission3590_to_LQHtransmission2368_heat,#823740,LQ heat distribution main,transmission,100000,1,20,LQHtransmission2368,LQHtransmission3590,
LQHtransmission2368_to_LQHtransmission1574_heat,#823740,LQ heat distribution main,transmission,100000,1,20,LQHtransmission1574,LQHtransmission2368,
LQHtransmission1574_to_LQHtransmission2494_heat,#823740,LQ heat distribution main,transmission,100000,1,20,LQHtransmission2494,LQHtransmission1574,
LQHtransmission2494_to_LQHtransmission1311_heat,#823740,LQ heat distribution main,transmission,100000,1,20,LQHtransmission1311,LQHtransmission2494,
LQHtransmission1311_to_LQHtransmission4670_heat,#823740,LQ heat distribution main,transmission,100000,1,20,LQHtransmission4670,LQHtransmission1311,
LQHtransmission4670_to_LQHtransmission3868_heat,#823740,LQ heat distribution main,transmission,100000,1,20,LQHtransmission3868,LQHtransmission4670,
LQHtransmission3868_to_LQHtransmission1339_heat,#823740,LQ heat distribution main,transmission,100000,1,20,LQHtransmission1339,LQHtransmission3868,
LQHtransmission1339_to_LQHtransmission2012_heat,#823740,LQ heat distribution main,transmission,100000,1,20,LQHtransmission2012,LQHtransmission1339,
LQHtransmission2012_to_LQHtransmission4398_heat,#823740,LQ heat distribution main,transmission,100000,1,20,LQHtransmission4398,LQHtransmission2012,
LQHtransmission4398_to_LQHtransmission2744_heat,#823740,LQ heat distribution main,transmission,100000,1,20,LQHtransmission2744,LQHtransmission4398,
LQHtransmission2744_to_LQHtransmission994_heat,#823740,LQ heat distribution main,transmission,100000,1,20,LQHtransmission994,LQHtransmission2744,
LQHtransmission994_to_LQHtransmission2704_heat,#823740,LQ heat distribution main,transmission,100000,1,20,LQHtransmission2704,LQHtransmission994,
LQHtransmission2704_to_LQHtransmission4084_heat,#823740,LQ heat distribution main,transmission,100000,1,20,LQHtransmission4084,LQHtransmission2704,
LQHtransmission4084_to_LQHtransmission3767_heat,#823740,LQ heat distribution main,transmission,100000,1,20,LQHtransmission3767,LQHtransmission4084,
LQHtransmission3767_to_LQHtransmission906_heat,#823740,LQ heat distribution main,transmission,100000,1,20,LQHtransmission906,LQHtransmission3767,
LQHtransmission3678_to_LQHtransmission3679_heat,#823740,LQ heat distribution main,transmission,100000,1,20,LQHtransmission3679,LQHtransmission3678,
LQHtransmission1755_to_LQHtransmission4272_heat,#823740,LQ heat distribution main,transmission,100000,1,20,LQHtransmission4272,LQHtransmission1755,
LQHtransmission4272_to_LQHtransmission1058_heat,#823740,LQ heat distribution main,transmission,100000,1,20,LQHtransmission1058,LQHtransmission4272,
LQHtransmission1058_to_LQHtransmission1362_heat,#823740,LQ heat distribution main,transmission,100000,1,20,LQHtransmission1362,LQHtransmission1058,
LQHtransmission1362_to_LQHtransmission3829_heat,#823740,LQ heat distribution main,transmission,100000,1,20,LQHtransmission3829,LQHtransmission1362,
LQHtransmission3829_to_LQHtransmission2829_heat,#823740,LQ heat distribution main,transmission,100000,1,20,LQHtransmission2829,LQHtransmission3829,
LQHtransmission2829_to_LQHtransmission4324_heat,#823740,LQ heat distribution main,transmission,100000,1,20,LQHtransmission4324,LQHtransmission2829,
LQHtransmission4324_to_LQHtransmission1101_heat,#823740,LQ heat distribution main,transmission,100000,1,20,LQHtransmission1101,LQHtransmission4324,
LQHtransmission1101_to_LQHtransmission3608_heat,#823740,LQ heat distribution main,transmission,100000,1,20,LQHtransmission3608,LQHtransmission1101,
LQHtransmission3608_to_LQHtransmission122_heat,#823740,LQ heat distribution main,transmission,100000,1,20,LQHtransmission122,LQHtransmission3608,
LQHtransmission122_to_LQHtransmission3443_heat,#823740,LQ heat distribution main,transmission,100000,1,20,LQHtransmission3443,LQHtransmission122,
LQHtransmission3443_to_LQHtransmission1111_heat,#823740,LQ heat distribution main,transmission,100000,1,20,LQHtransmission1111,LQHtransmission3443,
LQHtransmission1111_to_LQHtransmission1524_heat,#823740,LQ heat distribution main,transmission,100000,1,20,LQHtransmission1524,LQHtransmission1111,
LQHtransmission1524_to_LQHtransmission4389_heat,#823740,LQ heat distribution main,transmission,100000,1,20,LQHtransmission4389,LQHtransmission1524,
LQHtransmission4389_to_LQHtransmission1593_heat,#823740,LQ heat distribution main,transmission,100000,1,20,LQHtransmission1593,LQHtransmission4389,
LQHtransmission1593_to_LQHtransmission4402_heat,#823740,LQ heat distribution main,transmission,100000,1,20,LQHtransmission4402,LQHtransmission1593,
LQHtransmission4402_to_LQHtransmission3339_heat,#823740,LQ heat distribution main,transmission,100000,1,20,LQHtransmission3339,LQHtransmission4402,
LQHtransmission3339_to_LQHtransmission1585_heat,#823740,LQ heat distribution main,transmission,100000,1,20,LQHtransmission1585,LQHtransmission3339,
LQHtransmission1585_to_LQHtransmission2370_heat,#823740,LQ heat distribution main,transmission,100000,1,20,LQHtransmission2370,LQHtransmission1585,
LQHtransmission2370_to_LQHtransmission1335_heat,#823740,LQ heat distribution main,transmission,100000,1,20,LQHtransmission1335,LQHtransmission2370,
LQHtransmission1335_to_LQHtransmission2591_heat,#823740,LQ heat distribution main,transmission,100000,1,20,LQHtransmission2591,LQHtransmission1335,
LQHtransmission2591_to_LQHtransmission4659_heat,#823740,LQ heat distribution main,transmission,100000,1,20,LQHtransmission4659,LQHtransmission2591,
LQHtransmission4659_to_LQHtransmission2942_heat,#823740,LQ heat distribution main,transmission,100000,1,20,LQHtransmission2942,LQHtransmission4659,
LQHtransmission2942_to_LQHtransmission1882_heat,#823740,LQ heat distribution main,transmission,100000,1,20,LQHtransmission1882,LQHtransmission2942,
LQHtransmission1882_to_LQHtransmission296_heat,#823740,LQ heat distribution main,transmission,100000,1,20,LQHtransmission296,LQHtransmission1882,
LQHtransmission296_to_LQHtransmission1632_heat,#823740,LQ heat distribution main,transmission,100000,1,20,LQHtransmission1632,LQHtransmission296,
LQHtransmission1632_to_LQHtransmission4560_heat,#823740,LQ heat distribution main,transmission,100000,1,20,LQHtransmission4560,LQHtransmission1632,
LQHtransmission4560_to_LQHtransmission2963_heat,#823740,LQ heat distribution main,transmission,100000,1,20,LQHtransmission2963,LQHtransmission4560,
LQHtransmission2963_to_LQHtransmission4299_heat,#823740,LQ heat distribution main,transmission,100000,1,20,LQHtransmission4299,LQHtransmission2963,
LQHtransmission4299_to_LQHtransmission3236_heat,#823740,LQ heat distribution main,transmission,100000,1,20,LQHtransmission3236,LQHtransmission4299,
LQHtransmission3236_to_LQHtransmission1017_heat,#823740,LQ heat distribution main,transmission,100000,1,20,LQHtransmission1017,LQHtransmission3236,
LQHtransmission1017_to_LQHtransmission363_heat,#823740,LQ heat distribution main,transmission,100000,1,20,LQHtransmission363,LQHtransmission1017,
LQHtransmission363_to_LQHtransmission4014_heat,#823740,LQ heat distribution main,transmission,100000,1,20,LQHtransmission4014,LQHtransmission363,
LQHtransmission2135_to_LQHtransmission1759_heat,#823740,LQ heat distribution main,transmission,100000,1,20,LQHtransmission1759,LQHtransmission2135,
LQHtransmission1759_to_LQHtransmission3639_heat,#823740,LQ heat distribution main,transmission,100000,1,20,LQHtransmission3639,LQHtransmission1759,
LQHtransmission3639_to_LQHtransmission4055_heat,#823740,LQ heat distribution main,transmission,100000,1,20,LQHtransmission4055,LQHtransmission3639,
LQHtransmission4055_to_LQHtransmission2551_heat,#823740,LQ heat distribution main,transmission,100000,1,20,LQHtransmission2551,LQHtransmission4055,
LQHtransmission2551_to_LQHtransmission3343_heat,#823740,LQ heat distribution main,transmission,100000,1,20,LQHtransmission3343,LQHtransmission2551,
LQHtransmission3343_to_LQHtransmission1911_heat,#823740,LQ heat distribution main,transmission,100000,1,20,LQHtransmission1911,LQHtransmission3343,
LQHtransmission1911_to_LQHtransmission1940_heat,#823740,LQ heat distribution main,transmission,100000,1,20,LQHtransmission1940,LQHtransmission1911,
LQHtransmission1940_to_LQHtransmission3860_heat,#823740,LQ heat distribution main,transmission,100000,1,20,LQHtransmission3860,LQHtransmission1940,
LQHtransmission3860_to_LQHtransmission2996_heat,#823740,LQ heat distribution main,transmission,100000,1,20,LQHtransmission2996,LQHtransmission3860,
LQHtransmission2996_to_LQHtransmission1233_heat,#823740,LQ heat distribution main,transmission,100000,1,20,LQHtransmission1233,LQHtransmission2996,
LQHtransmission1233_to_LQHtransmission3306_heat,#823740,LQ heat distribution main,transmission,100000,1,20,LQHtransmission3306,LQHtransmission1233,
LQHtransmission3306_to_LQHtransmission2663_heat,#823740,LQ heat distribution main,transmission,100000,1,20,LQHtransmission2663,LQHtransmission3306,
LQHtransmission2663_to_LQHtransmission4025_heat,#823740,LQ heat distribution main,transmission,100000,1,20,LQHtransmission4025,LQHtransmission2663,
LQHtransmission4025_to_LQHtransmission1133_heat,#823740,LQ heat distribution main,transmission,100000,1,20,LQHtransmission1133,LQHtransmission4025,
LQHtransmission1133_to_LQHtransmission2678_heat,#823740,LQ heat distribution main,transmission,100000,1,20,LQHtransmission2678,LQHtransmission1133,
LQHtransmission2678_to_LQHtransmission1119_heat,#823740,LQ heat distribution main,transmission,100000,1,20,LQHtransmission1119,LQHtransmission2678,
LQHtransmission1119_to_LQHtransmission1227_heat,#823740,LQ heat distribution main,transmission,100000,1,20,LQHtransmission1227,LQHtransmission1119,
LQHtransmission1227_to_LQHtransmission2032_heat,#823740,LQ heat distribution main,transmission,100000,1,20,LQHtransmission2032,LQHtransmission1227,
LQHtransmission2032_to_LQHtransmission2403_heat,#823740,LQ heat distribution main,transmission,100000,1,20,LQHtransmission2403,LQHtransmission2032,
LQHtransmission2403_to_LQHtransmission1265_heat,#823740,LQ heat distribution main,transmission,100000,1,20,LQHtransmission1265,LQHtransmission2403,
LQHtransmission1265_to_LQHtransmission3777_heat,#823740,LQ heat distribution main,transmission,100000,1,20,LQHtransmission3777,LQHtransmission1265,
LQHtransmission3777_to_LQHtransmission372_heat,#823740,LQ heat distribution main,transmission,100000,1,20,LQHtransmission372,LQHtransmission3777,
LQHtransmission372_to_LQHtransmission3242_heat,#823740,LQ heat distribution main,transmission,100000,1,20,LQHtransmission3242,LQHtransmission372,
LQHtransmission3242_to_LQHtransmission1401_heat,#823740,LQ heat distribution main,transmission,100000,1,20,LQHtransmission1401,LQHtransmission3242,
LQHtransmission1401_to_LQHtransmission1717_heat,#823740,LQ heat distribution main,transmission,100000,1,20,LQHtransmission1717,LQHtransmission1401,
LQHtransmission1717_to_LQHtransmission1794_heat,#823740,LQ heat distribution main,transmission,100000,1,20,LQHtransmission1794,LQHtransmission1717,
LQHtransmission1794_to_LQHtransmission2227_heat,#823740,LQ heat distribution main,transmission,100000,1,20,LQHtransmission2227,LQHtransmission1794,
LQHtransmission3578_to_LQHtransmission3961_heat,#823740,LQ heat distribution main,transmission,100000,1,20,LQHtransmission3961,LQHtransmission3578,
LQHtransmission3961_to_LQHtransmission2562_heat,#823740,LQ heat distribution main,transmission,100000,1,20,LQHtransmission2562,LQHtransmission3961,
LQHtransmission2562_to_LQHtransmission1838_heat,#823740,LQ heat distribution main,transmission,100000,1,20,LQHtransmission1838,LQHtransmission2562,
LQHtransmission1838_to_LQHtransmission1460_heat,#823740,LQ heat distribution main,transmission,100000,1,20,LQHtransmission1460,LQHtransmission1838,
LQHtransmission1460_to_LQHtransmission1804_heat,#823740,LQ heat distribution main,transmission,100000,1,20,LQHtransmission1804,LQHtransmission1460,
LQHtransmission1804_to_LQHtransmission2223_heat,#823740,LQ heat distribution main,transmission,100000,1,20,LQHtransmission2223,LQHtransmission1804,
LQHtransmission2223_to_LQHtransmission1526_heat,#823740,LQ heat distribution main,transmission,100000,1,20,LQHtransmission1526,LQHtransmission2223,
LQHtransmission1526_to_LQHtransmission3706_heat,#823740,LQ heat distribution main,transmission,100000,1,20,LQHtransmission3706,LQHtransmission1526,
LQHtransmission1097_to_LQHtransmission1576_heat,#823740,LQ heat distribution main,transmission,100000,1,20,LQHtransmission1576,LQHtransmission1097,
LQHtransmission1576_to_LQHtransmission90_heat,#823740,LQ heat distribution main,transmission,100000,1,20,LQHtransmission90,LQHtransmission1576,
LQHtransmission90_to_LQHtransmission1958_heat,#823740,LQ heat distribution main,transmission,100000,1,20,LQHtransmission1958,LQHtransmission90,
LQHtransmission1958_to_LQHtransmission2576_heat,#823740,LQ heat distribution main,transmission,100000,1,20,LQHtransmission2576,LQHtransmission1958,
LQHtransmission2576_to_LQHtransmission3624_heat,#823740,LQ heat distribution main,transmission,100000,1,20,LQHtransmission3624,LQHtransmission2576,
LQHtransmission3624_to_LQHtransmission2515_heat,#823740,LQ heat distribution main,transmission,100000,1,20,LQHtransmission2515,LQHtransmission3624,
LQHtransmission2515_to_LQHtransmission558_heat,#823740,LQ heat distribution main,transmission,100000,1,20,LQHtransmission558,LQHtransmission2515,
LQHtransmission558_to_LQHtransmission127_heat,#823740,LQ heat distribution main,transmission,100000,1,20,LQHtransmission127,LQHtransmission558,
LQHtransmission593_to_LQHtransmission3517_heat,#823740,LQ heat distribution main,transmission,100000,1,20,LQHtransmission3517,LQHtransmission593,
LQHtransmission3517_to_LQHtransmission2202_heat,#823740,LQ heat distribution main,transmission,100000,1,20,LQHtransmission2202,LQHtransmission3517,
LQHtransmission3175_to_LQHtransmission3019_heat,#823740,LQ heat distribution main,transmission,100000,1,20,LQHtransmission3019,LQHtransmission3175,
LQHtransmission3019_to_LQHtransmission2838_heat,#823740,LQ heat distribution main,transmission,100000,1,20,LQHtransmission2838,LQHtransmission3019,
LQHtransmission1631_to_LQHtransmission4154_heat,#823740,LQ heat distribution main,transmission,100000,1,20,LQHtransmission4154,LQHtransmission1631,
LQHtransmission4154_to_LQHtransmission3952_heat,#823740,LQ heat distribution main,transmission,100000,1,20,LQHtransmission3952,LQHtransmission4154,
LQHtransmission3952_to_LQHtransmission1140_heat,#823740,LQ heat distribution main,transmission,100000,1,20,LQHtransmission1140,LQHtransmission3952,
LQHtransmission1140_to_LQHtransmission1587_heat,#823740,LQ heat distribution main,transmission,100000,1,20,LQHtransmission1587,LQHtransmission1140,
LQHtransmission2134_to_LQHtransmission4525_heat,#823740,LQ heat distribution main,transmission,100000,1,20,LQHtransmission4525,LQHtransmission2134,
LQHtransmission2746_to_LQHtransmission3267_heat,#823740,LQ heat distribution main,transmission,100000,1,20,LQHtransmission3267,LQHtransmission2746,
LQHtransmission3267_to_LQHtransmission3426_heat,#823740,LQ heat distribution main,transmission,100000,1,20,LQHtransmission3426,LQHtransmission3267,
LQHtransmission3426_to_LQHtransmission177_heat,#823740,LQ heat distribution main,transmission,100000,1,20,LQHtransmission177,LQHtransmission3426,
LQHtransmission177_to_LQHtransmission264_heat,#823740,LQ heat distribution main,transmission,100000,1,20,LQHtransmission264,LQHtransmission177,
LQHtransmission264_to_LQHtransmission2971_heat,#823740,LQ heat distribution main,transmission,100000,1,20,LQHtransmission2971,LQHtransmission264,
LQHtransmission2971_to_LQHtransmission4344_heat,#823740,LQ heat distribution main,transmission,100000,1,20,LQHtransmission4344,LQHtransmission2971,
LQHtransmission4344_to_LQHtransmission954_heat,#823740,LQ heat distribution main,transmission,100000,1,20,LQHtransmission954,LQHtransmission4344,
LQHtransmission954_to_LQHtransmission1361_heat,#823740,LQ heat distribution main,transmission,100000,1,20,LQHtransmission1361,LQHtransmission954,
LQHtransmission1361_to_LQHtransmission3755_heat,#823740,LQ heat distribution main,transmission,100000,1,20,LQHtransmission3755,LQHtransmission1361,
LQHtransmission3755_to_LQHtransmission3663_heat,#823740,LQ heat distribution main,transmission,100000,1,20,LQHtransmission3663,LQHtransmission3755,
LQHtransmission3663_to_LQHtransmission2904_heat,#823740,LQ heat distribution main,transmission,100000,1,20,LQHtransmission2904,LQHtransmission3663,
LQHtransmission2904_to_LQHtransmission3766_heat,#823740,LQ heat distribution main,transmission,100000,1,20,LQHtransmission3766,LQHtransmission2904,
LQHtransmission3766_to_LQHtransmission1511_heat,#823740,LQ heat distribution main,transmission,100000,1,20,LQHtransmission1511,LQHtransmission3766,
LQHtransmission1511_to_LQHtransmission1944_heat,#823740,LQ heat distribution main,transmission,100000,1,20,LQHtransmission1944,LQHtransmission1511,
LQHtransmission1944_to_LQHtransmission3192_heat,#823740,LQ heat distribution main,transmission,100000,1,20,LQHtransmission3192,LQHtransmission1944,
LQHtransmission3192_to_LQHtransmission30_heat,#823740,LQ heat distribution main,transmission,100000,1,20,LQHtransmission30,LQHtransmission3192,
LQHtransmission30_to_LQHtransmission290_heat,#823740,LQ heat distribution main,transmission,100000,1,20,LQHtransmission290,LQHtransmission30,
LQHtransmission290_to_LQHtransmission4489_heat,#823740,LQ heat distribution main,transmission,100000,1,20,LQHtransmission4489,LQHtransmission290,
LQHtransmission4489_to_LQHtransmission495_heat,#823740,LQ heat distribution main,transmission,100000,1,20,LQHtransmission495,LQHtransmission4489,
LQHtransmission495_to_LQHtransmission2131_heat,#823740,LQ heat distribution main,transmission,100000,1,20,LQHtransmission2131,LQHtransmission495,
LQHtransmission2131_to_LQHtransmission3852_heat,#823740,LQ heat distribution main,transmission,100000,1,20,LQHtransmission3852,LQHtransmission2131,
LQHtransmission3852_to_LQHtransmission819_heat,#823740,LQ heat distribution main,transmission,100000,1,20,LQHtransmission819,LQHtransmission3852,
LQHtransmission819_to_LQHtransmission4215_heat,#823740,LQ heat distribution main,transmission,100000,1,20,LQHtransmission4215,LQHtransmission819,
LQHtransmission4215_to_LQHtransmission98_heat,#823740,LQ heat distribution main,transmission,100000,1,20,LQHtransmission98,LQHtransmission4215,
LQHtransmission98_to_LQHtransmission4417_heat,#823740,LQ heat distribution main,transmission,100000,1,20,LQHtransmission4417,LQHtransmission98,
LQHtransmission4417_to_LQHtransmission4108_heat,#823740,LQ heat distribution main,transmission,100000,1,20,LQHtransmission4108,LQHtransmission4417,
LQHtransmission4108_to_LQHtransmission547_heat,#823740,LQ heat distribution main,transmission,100000,1,20,LQHtransmission547,LQHtransmission4108,
LQHtransmission547_to_LQHtransmission4357_heat,#823740,LQ heat distribution main,transmission,100000,1,20,LQHtransmission4357,LQHtransmission547,
LQHtransmission4357_to_LQHtransmission2540_heat,#823740,LQ heat distribution main,transmission,100000,1,20,LQHtransmission2540,LQHtransmission4357,
LQHtransmission2540_to_LQHtransmission3079_heat,#823740,LQ heat distribution main,transmission,100000,1,20,LQHtransmission3079,LQHtransmission2540,
LQHtransmission3079_to_LQHtransmission1881_heat,#823740,LQ heat distribution main,transmission,100000,1,20,LQHtransmission1881,LQHtransmission3079,
LQHtransmission1881_to_LQHtransmission3350_heat,#823740,LQ heat distribution main,transmission,100000,1,20,LQHtransmission3350,LQHtransmission1881,
LQHtransmission3350_to_LQHtransmission3899_heat,#823740,LQ heat distribution main,transmission,100000,1,20,LQHtransmission3899,LQHtransmission3350,
LQHtransmission3176_to_LQHtransmission295_heat,#823740,LQ heat distribution main,transmission,100000,1,20,LQHtransmission295,LQHtransmission3176,
LQHtransmission295_to_LQHtransmission1013_heat,#823740,LQ heat distribution main,transmission,100000,1,20,LQHtransmission1013,LQHtransmission295,
LQHtransmission1013_to_LQHtransmission3114_heat,#823740,LQ heat distribution main,transmission,100000,1,20,LQHtransmission3114,LQHtransmission1013,
LQHtransmission2658_to_LQHtransmission597_heat,#823740,LQ heat distribution main,transmission,100000,1,20,LQHtransmission597,LQHtransmission2658,
LQHtransmission597_to_LQHtransmission4375_heat,#823740,LQ heat distribution main,transmission,100000,1,20,LQHtransmission4375,LQHtransmission597,
LQHtransmission4375_to_LQHtransmission1723_heat,#823740,LQ heat distribution main,transmission,100000,1,20,LQHtransmission1723,LQHtransmission4375,
LQHtransmission1723_to_LQHtransmission956_heat,#823740,LQ heat distribution main,transmission,100000,1,20,LQHtransmission956,LQHtransmission1723,
LQHtransmission956_to_LQHtransmission3526_heat,#823740,LQ heat distribution main,transmission,100000,1,20,LQHtransmission3526,LQHtransmission956,
LQHtransmission3526_to_LQHtransmission1454_heat,#823740,LQ heat distribution main,transmission,100000,1,20,LQHtransmission1454,LQHtransmission3526,
LQHtransmission1454_to_LQHtransmission2288_heat,#823740,LQ heat distribution main,transmission,100000,1,20,LQHtransmission2288,LQHtransmission1454,
LQHtransmission4221_to_LQHtransmission942_heat,#823740,LQ heat distribution main,transmission,100000,1,20,LQHtransmission942,LQHtransmission4221,
LQHtransmission942_to_LQHtransmission3030_heat,#823740,LQ heat distribution main,transmission,100000,1,20,LQHtransmission3030,LQHtransmission942,
LQHtransmission3030_to_LQHtransmission1170_heat,#823740,LQ heat distribution main,transmission,100000,1,20,LQHtransmission1170,LQHtransmission3030,
LQHtransmission1170_to_LQHtransmission1461_heat,#823740,LQ heat distribution main,transmission,100000,1,20,LQHtransmission1461,LQHtransmission1170,
LQHtransmission1461_to_LQHtransmission833_heat,#823740,LQ heat distribution main,transmission,100000,1,20,LQHtransmission833,LQHtransmission1461,
LQHtransmission833_to_LQHtransmission2614_heat,#823740,LQ heat distribution main,transmission,100000,1,20,LQHtransmission2614,LQHtransmission833,
LQHtransmission2614_to_LQHtransmission1791_heat,#823740,LQ heat distribution main,transmission,100000,1,20,LQHtransmission1791,LQHtransmission2614,
LQHtransmission1791_to_LQHtransmission3575_heat,#823740,LQ heat distribution main,transmission,100000,1,20,LQHtransmission3575,LQHtransmission1791,
LQHtransmission3575_to_LQHtransmission123_heat,#823740,LQ heat distribution main,transmission,100000,1,20,LQHtransmission123,LQHtransmission3575,
LQHtransmission123_to_LQHtransmission787_heat,#823740,LQ heat distribution main,transmission,100000,1,20,LQHtransmission787,LQHtransmission123,
LQHtransmission787_to_LQHtransmission3508_heat,#823740,LQ heat distribution main,transmission,100000,1,20,LQHtransmission3508,LQHtransmission787,
LQHtransmission3508_to_LQHtransmission1018_heat,#823740,LQ heat distribution main,transmission,100000,1,20,LQHtransmission1018,LQHtransmission3508,
LQHtransmission1018_to_LQHtransmission1890_heat,#823740,LQ heat distribution main,transmission,100000,1,20,LQHtransmission1890,LQHtransmission1018,
LQHtransmission1890_to_LQHtransmission2485_heat,#823740,LQ heat distribution main,transmission,100000,1,20,LQHtransmission2485,LQHtransmission1890,
LQHtransmission2485_to_LQHtransmission1142_heat,#823740,LQ heat distribution main,transmission,100000,1,20,LQHtransmission1142,LQHtransmission2485,
LQHtransmission1142_to_LQHtransmission3510_heat,#823740,LQ heat distribution main,transmission,100000,1,20,LQHtransmission3510,LQHtransmission1142,
LQHtransmission3510_to_LQHtransmission381_heat,#823740,LQ heat distribution main,transmission,100000,1,20,LQHtransmission381,LQHtransmission3510,
LQHtransmission381_to_LQHtransmission1328_heat,#823740,LQ heat distribution main,transmission,100000,1,20,LQHtransmission1328,LQHtransmission381,
LQHtransmission1328_to_LQHtransmission938_heat,#823740,LQ heat distribution main,transmission,100000,1,20,LQHtransmission938,LQHtransmission1328,
LQHtransmission938_to_LQHtransmission1862_heat,#823740,LQ heat distribution main,transmission,100000,1,20,LQHtransmission1862,LQHtransmission938,
LQHtransmission1862_to_LQHtransmission237_heat,#823740,LQ heat distribution main,transmission,100000,1,20,LQHtransmission237,LQHtransmission1862,
LQHtransmission237_to_LQHtransmission2633_heat,#823740,LQ heat distribution main,transmission,100000,1,20,LQHtransmission2633,LQHtransmission237,
LQHtransmission2633_to_LQHtransmission1302_heat,#823740,LQ heat distribution main,transmission,100000,1,20,LQHtransmission1302,LQHtransmission2633,
LQHtransmission1302_to_LQHtransmission2090_heat,#823740,LQ heat distribution main,transmission,100000,1,20,LQHtransmission2090,LQHtransmission1302,
LQHtransmission2090_to_LQHtransmission536_heat,#823740,LQ heat distribution main,transmission,100000,1,20,LQHtransmission536,LQHtransmission2090,
LQHtransmission536_to_LQHtransmission2496_heat,#823740,LQ heat distribution main,transmission,100000,1,20,LQHtransmission2496,LQHtransmission536,
LQHtransmission2496_to_LQHtransmission1094_heat,#823740,LQ heat distribution main,transmission,100000,1,20,LQHtransmission1094,LQHtransmission2496,
LQHtransmission1094_to_LQHtransmission1968_heat,#823740,LQ heat distribution main,transmission,100000,1,20,LQHtransmission1968,LQHtransmission1094,
LQHtransmission1968_to_LQHtransmission2132_heat,#823740,LQ heat distribution main,transmission,100000,1,20,LQHtransmission2132,LQHtransmission1968,
LQHtransmission2132_to_LQHtransmission2763_heat,#823740,LQ heat distribution main,transmission,100000,1,20,LQHtransmission2763,LQHtransmission2132,
LQHtransmission2763_to_LQHtransmission961_heat,#823740,LQ heat distribution main,transmission,100000,1,20,LQHtransmission961,LQHtransmission2763,
LQHtransmission961_to_LQHtransmission1186_heat,#823740,LQ heat distribution main,transmission,100000,1,20,LQHtransmission1186,LQHtransmission961,
LQHtransmission1186_to_LQHtransmission2943_heat,#823740,LQ heat distribution main,transmission,100000,1,20,LQHtransmission2943,LQHtransmission1186,
LQHtransmission2943_to_LQHtransmission4301_heat,#823740,LQ heat distribution main,transmission,100000,1,20,LQHtransmission4301,LQHtransmission2943,
LQHtransmission4301_to_LQHtransmission217_heat,#823740,LQ heat distribution main,transmission,100000,1,20,LQHtransmission217,LQHtransmission4301,
LQHtransmission217_to_LQHtransmission3169_heat,#823740,LQ heat distribution main,transmission,100000,1,20,LQHtransmission3169,LQHtransmission217,
LQHtransmission3169_to_LQHtransmission2914_heat,#823740,LQ heat distribution main,transmission,100000,1,20,LQHtransmission2914,LQHtransmission3169,
LQHtransmission2914_to_LQHtransmission3020_heat,#823740,LQ heat distribution main,transmission,100000,1,20,LQHtransmission3020,LQHtransmission2914,
LQHtransmission3020_to_LQHtransmission441_heat,#823740,LQ heat distribution main,transmission,100000,1,20,LQHtransmission441,LQHtransmission3020,
LQHtransmission441_to_LQHtransmission4271_heat,#823740,LQ heat distribution main,transmission,100000,1,20,LQHtransmission4271,LQHtransmission441,
LQHtransmission4271_to_LQHtransmission3239_heat,#823740,LQ heat distribution main,transmission,100000,1,20,LQHtransmission3239,LQHtransmission4271,
LQHtransmission3239_to_LQHtransmission4307_heat,#823740,LQ heat distribution main,transmission,100000,1,20,LQHtransmission4307,LQHtransmission3239,
LQHtransmission4307_to_LQHtransmission3268_heat,#823740,LQ heat distribution main,transmission,100000,1,20,LQHtransmission3268,LQHtransmission4307,
LQHtransmission3268_to_LQHtransmission820_heat,#823740,LQ heat distribution main,transmission,100000,1,20,LQHtransmission820,LQHtransmission3268,
LQHtransmission820_to_LQHtransmission861_heat,#823740,LQ heat distribution main,transmission,100000,1,20,LQHtransmission861,LQHtransmission820,
LQHtransmission861_to_LQHtransmission3046_heat,#823740,LQ heat distribution main,transmission,100000,1,20,LQHtransmission3046,LQHtransmission861,
LQHtransmission3046_to_LQHtransmission2089_heat,#823740,LQ heat distribution main,transmission,100000,1,20,LQHtransmission2089,LQHtransmission3046,
LQHtransmission2089_to_LQHtransmission4170_heat,#823740,LQ heat distribution main,transmission,100000,1,20,LQHtransmission4170,LQHtransmission2089,
LQHtransmission4170_to_LQHtransmission3596_heat,#823740,LQ heat distribution main,transmission,100000,1,20,LQHtransmission3596,LQHtransmission4170,
LQHtransmission1600_to_LQHtransmission1631_heat,#823740,LQ heat distribution main,transmission,100000,1,20,LQHtransmission1631,LQHtransmission1600,
LQHtransmission3596_to_LQHtransmission3026_heat,#823740,LQ heat distribution main,transmission,100000,1,20,LQHtransmission3026,LQHtransmission3596,
LQHtransmission3026_to_LQHtransmission998_heat,#823740,LQ heat distribution main,transmission,100000,1,20,LQHtransmission998,LQHtransmission3026,
LQHtransmission998_to_LQHtransmission2473_heat,#823740,LQ heat distribution main,transmission,100000,1,20,LQHtransmission2473,LQHtransmission998,
LQHtransmission2473_to_LQHtransmission2603_heat,#823740,LQ heat distribution main,transmission,100000,1,20,LQHtransmission2603,LQHtransmission2473,
LQHtransmission2603_to_LQHtransmission569_heat,#823740,LQ heat distribution main,transmission,100000,1,20,LQHtransmission569,LQHtransmission2603,
LQHtransmission569_to_LQHtransmission1196_heat,#823740,LQ heat distribution main,transmission,100000,1,20,LQHtransmission1196,LQHtransmission569,
LQHtransmission1196_to_LQHtransmission3289_heat,#823740,LQ heat distribution main,transmission,100000,1,20,LQHtransmission3289,LQHtransmission1196,
LQHtransmission3289_to_LQHtransmission2423_heat,#823740,LQ heat distribution main,transmission,100000,1,20,LQHtransmission2423,LQHtransmission3289,
LQHtransmission384_to_LQHtransmission1252_heat,#823740,LQ heat distribution main,transmission,100000,1,20,LQHtransmission1252,LQHtransmission384,
LQHtransmission1252_to_LQHtransmission4041_heat,#823740,LQ heat distribution main,transmission,100000,1,20,LQHtransmission4041,LQHtransmission1252,
LQHtransmission4041_to_LQHtransmission4428_heat,#823740,LQ heat distribution main,transmission,100000,1,20,LQHtransmission4428,LQHtransmission4041,
LQHtransmission4428_to_LQHtransmission3594_heat,#823740,LQ heat distribution main,transmission,100000,1,20,LQHtransmission3594,LQHtransmission4428,
LQHtransmission3594_to_LQHtransmission768_heat,#823740,LQ heat distribution main,transmission,100000,1,20,LQHtransmission768,LQHtransmission3594,
LQHtransmission768_to_LQHtransmission16_heat,#823740,LQ heat distribution main,transmission,100000,1,20,LQHtransmission16,LQHtransmission768,
LQHtransmission16_to_LQHtransmission995_heat,#823740,LQ heat distribution main,transmission,100000,1,20,LQHtransmission995,LQHtransmission16,
LQHtransmission995_to_LQHtransmission2575_heat,#823740,LQ heat distribution main,transmission,100000,1,20,LQHtransmission2575,LQHtransmission995,
LQHtransmission2575_to_LQHtransmission3190_heat,#823740,LQ heat distribution main,transmission,100000,1,20,LQHtransmission3190,LQHtransmission2575,
LQHtransmission3190_to_LQHtransmission3996_heat,#823740,LQ heat distribution main,transmission,100000,1,20,LQHtransmission3996,LQHtransmission3190,
LQHtransmission3996_to_LQHtransmission3680_heat,#823740,LQ heat distribution main,transmission,100000,1,20,LQHtransmission3680,LQHtransmission3996,
LQHtransmission3680_to_LQHtransmission4612_heat,#823740,LQ heat distribution main,transmission,100000,1,20,LQHtransmission4612,LQHtransmission3680,
LQHtransmission4612_to_LQHtransmission3598_heat,#823740,LQ heat distribution main,transmission,100000,1,20,LQHtransmission3598,LQHtransmission4612,
LQHtransmission3598_to_LQHtransmission884_heat,#823740,LQ heat distribution main,transmission,100000,1,20,LQHtransmission884,LQHtransmission3598,
LQHtransmission884_to_LQHtransmission2667_heat,#823740,LQ heat distribution main,transmission,100000,1,20,LQHtransmission2667,LQHtransmission884,
LQHtransmission2667_to_LQHtransmission3468_heat,#823740,LQ heat distribution main,transmission,100000,1,20,LQHtransmission3468,LQHtransmission2667,
LQHtransmission3468_to_LQHtransmission1174_heat,#823740,LQ heat distribution main,transmission,100000,1,20,LQHtransmission1174,LQHtransmission3468,
LQHtransmission1174_to_LQHtransmission69_heat,#823740,LQ heat distribution main,transmission,100000,1,20,LQHtransmission69,LQHtransmission1174,
LQHtransmission69_to_LQHtransmission869_heat,#823740,LQ heat distribution main,transmission,100000,1,20,LQHtransmission869,LQHtransmission69,
LQHtransmission869_to_LQHtransmission1001_heat,#823740,LQ heat distribution main,transmission,100000,1,20,LQHtransmission1001,LQHtransmission869,
LQHtransmission1001_to_LQHtransmission586_heat,#823740,LQ heat distribution main,transmission,100000,1,20,LQHtransmission586,LQHtransmission1001,
LQHtransmission586_to_LQHtransmission2087_heat,#823740,LQ heat distribution main,transmission,100000,1,20,LQHtransmission2087,LQHtransmission586,
LQHtransmission2087_to_LQHtransmission2541_heat,#823740,LQ heat distribution main,transmission,100000,1,20,LQHtransmission2541,LQHtransmission2087,
LQHtransmission2541_to_LQHtransmission1182_heat,#823740,LQ heat distribution main,transmission,100000,1,20,LQHtransmission1182,LQHtransmission2541,
LQHtransmission1182_to_LQHtransmission1086_heat,#823740,LQ heat distribution main,transmission,100000,1,20,LQHtransmission1086,LQHtransmission1182,
LQHtransmission1086_to_LQHtransmission246_heat,#823740,LQ heat distribution main,transmission,100000,1,20,LQHtransmission246,LQHtransmission1086,
LQHtransmission246_to_LQHtransmission4160_heat,#823740,LQ heat distribution main,transmission,100000,1,20,LQHtransmission4160,LQHtransmission246,
LQHtransmission4160_to_LQHtransmission3655_heat,#823740,LQ heat distribution main,transmission,100000,1,20,LQHtransmission3655,LQHtransmission4160,
LQHtransmission3655_to_LQHtransmission2847_heat,#823740,LQ heat distribution main,transmission,100000,1,20,LQHtransmission2847,LQHtransmission3655,
LQHtransmission2847_to_LQHtransmission971_heat,#823740,LQ heat distribution main,transmission,100000,1,20,LQHtransmission971,LQHtransmission2847,
LQHtransmission971_to_LQHtransmission2781_heat,#823740,LQ heat distribution main,transmission,100000,1,20,LQHtransmission2781,LQHtransmission971,
LQHtransmission2781_to_LQHtransmission911_heat,#823740,LQ heat distribution main,transmission,100000,1,20,LQHtransmission911,LQHtransmission2781,
LQHtransmission911_to_LQHtransmission3837_heat,#823740,LQ heat distribution main,transmission,100000,1,20,LQHtransmission3837,LQHtransmission911,
LQHtransmission3837_to_LQHtransmission3824_heat,#823740,LQ heat distribution main,transmission,100000,1,20,LQHtransmission3824,LQHtransmission3837,
LQHtransmission3824_to_LQHtransmission125_heat,#823740,LQ heat distribution main,transmission,100000,1,20,LQHtransmission125,LQHtransmission3824,
LQHtransmission125_to_LQHtransmission4222_heat,#823740,LQ heat distribution main,transmission,100000,1,20,LQHtransmission4222,LQHtransmission125,
LQHtransmission4222_to_LQHtransmission843_heat,#823740,LQ heat distribution main,transmission,100000,1,20,LQHtransmission843,LQHtransmission4222,
LQHtransmission843_to_LQHtransmission1651_heat,#823740,LQ heat distribution main,transmission,100000,1,20,LQHtransmission1651,LQHtransmission843,
LQHtransmission1651_to_LQHtransmission3134_heat,#823740,LQ heat distribution main,transmission,100000,1,20,LQHtransmission3134,LQHtransmission1651,
LQHtransmission3134_to_LQHtransmission2481_heat,#823740,LQ heat distribution main,transmission,100000,1,20,LQHtransmission2481,LQHtransmission3134,
LQHtransmission2481_to_LQHtransmission2062_heat,#823740,LQ heat distribution main,transmission,100000,1,20,LQHtransmission2062,LQHtransmission2481,
LQHtransmission2062_to_LQHtransmission2214_heat,#823740,LQ heat distribution main,transmission,100000,1,20,LQHtransmission2214,LQHtransmission2062,
LQHtransmission2214_to_LQHtransmission4631_heat,#823740,LQ heat distribution main,transmission,100000,1,20,LQHtransmission4631,LQHtransmission2214,
LQHtransmission4631_to_LQHtransmission4241_heat,#823740,LQ heat distribution main,transmission,100000,1,20,LQHtransmission4241,LQHtransmission4631,
LQHtransmission4241_to_LQHtransmission2809_heat,#823740,LQ heat distribution main,transmission,100000,1,20,LQHtransmission2809,LQHtransmission4241,
LQHtransmission2809_to_LQHtransmission383_heat,#823740,LQ heat distribution main,transmission,100000,1,20,LQHtransmission383,LQHtransmission2809,
LQHtransmission383_to_LQHtransmission2750_heat,#823740,LQ heat distribution main,transmission,100000,1,20,LQHtransmission2750,LQHtransmission383,
LQHtransmission2750_to_LQHtransmission670_heat,#823740,LQ heat distribution main,transmission,100000,1,20,LQHtransmission670,LQHtransmission2750,
LQHtransmission670_to_LQHtransmission1286_heat,#823740,LQ heat distribution main,transmission,100000,1,20,LQHtransmission1286,LQHtransmission670,
LQHtransmission1286_to_LQHtransmission1945_heat,#823740,LQ heat distribution main,transmission,100000,1,20,LQHtransmission1945,LQHtransmission1286,
LQHtransmission1945_to_LQHtransmission537_heat,#823740,LQ heat distribution main,transmission,100000,1,20,LQHtransmission537,LQHtransmission1945,
LQHtransmission537_to_LQHtransmission1953_heat,#823740,LQ heat distribution main,transmission,100000,1,20,LQHtransmission1953,LQHtransmission537,
LQHtransmission1953_to_LQHtransmission4326_heat,#823740,LQ heat distribution main,transmission,100000,1,20,LQHtransmission4326,LQHtransmission1953,
LQHtransmission4326_to_LQHtransmission4266_heat,#823740,LQ heat distribution main,transmission,100000,1,20,LQHtransmission4266,LQHtransmission4326,
LQHtransmission4266_to_LQHtransmission1397_heat,#823740,LQ heat distribution main,transmission,100000,1,20,LQHtransmission1397,LQHtransmission4266,
LQHtransmission1397_to_LQHtransmission280_heat,#823740,LQ heat distribution main,transmission,100000,1,20,LQHtransmission280,LQHtransmission1397,
LQHtransmission280_to_LQHtransmission3977_heat,#823740,LQ heat distribution main,transmission,100000,1,20,LQHtransmission3977,LQHtransmission280,
LQHtransmission3977_to_LQHtransmission4380_heat,#823740,LQ heat distribution main,transmission,100000,1,20,LQHtransmission4380,LQHtransmission3977,
LQHtransmission4380_to_LQHtransmission2203_heat,#823740,LQ heat distribution main,transmission,100000,1,20,LQHtransmission2203,LQHtransmission4380,
LQHtransmission2203_to_LQHtransmission2812_heat,#823740,LQ heat distribution main,transmission,100000,1,20,LQHtransmission2812,LQHtransmission2203,
LQHtransmission2812_to_LQHtransmission1978_heat,#823740,LQ heat distribution main,transmission,100000,1,20,LQHtransmission1978,LQHtransmission2812,
LQHtransmission1978_to_LQHtransmission821_heat,#823740,LQ heat distribution main,transmission,100000,1,20,LQHtransmission821,LQHtransmission1978,
LQHtransmission821_to_LQHtransmission1867_heat,#823740,LQ heat distribution main,transmission,100000,1,20,LQHtransmission1867,LQHtransmission821,
LQHtransmission1867_to_LQHtransmission3490_heat,#823740,LQ heat distribution main,transmission,100000,1,20,LQHtransmission3490,LQHtransmission1867,
LQHtransmission3490_to_LQHtransmission910_heat,#823740,LQ heat distribution main,transmission,100000,1,20,LQHtransmission910,LQHtransmission3490,
LQHtransmission910_to_LQHtransmission4042_heat,#823740,LQ heat distribution main,transmission,100000,1,20,LQHtransmission4042,LQHtransmission910,
LQHtransmission4042_to_LQHtransmission4624_heat,#823740,LQ heat distribution main,transmission,100000,1,20,LQHtransmission4624,LQHtransmission4042,
LQHtransmission4624_to_LQHtransmission164_heat,#823740,LQ heat distribution main,transmission,100000,1,20,LQHtransmission164,LQHtransmission4624,
LQHtransmission164_to_LQHtransmission1562_heat,#823740,LQ heat distribution main,transmission,100000,1,20,LQHtransmission1562,LQHtransmission164,
LQHtransmission1562_to_LQHtransmission2112_heat,#823740,LQ heat distribution main,transmission,100000,1,20,LQHtransmission2112,LQHtransmission1562,
LQHtransmission2112_to_LQHtransmission3408_heat,#823740,LQ heat distribution main,transmission,100000,1,20,LQHtransmission3408,LQHtransmission2112,
LQHtransmission3408_to_LQHtransmission380_heat,#823740,LQ heat distribution main,transmission,100000,1,20,LQHtransmission380,LQHtransmission3408,
LQHtransmission380_to_LQHtransmission3358_heat,#823740,LQ heat distribution main,transmission,100000,1,20,LQHtransmission3358,LQHtransmission380,
LQHtransmission3358_to_LQHtransmission423_heat,#823740,LQ heat distribution main,transmission,100000,1,20,LQHtransmission423,LQHtransmission3358,
LQHtransmission423_to_LQHtransmission4618_heat,#823740,LQ heat distribution main,transmission,100000,1,20,LQHtransmission4618,LQHtransmission423,
LQHtransmission4618_to_LQHtransmission538_heat,#823740,LQ heat distribution main,transmission,100000,1,20,LQHtransmission538,LQHtransmission4618,
LQHtransmission538_to_LQHtransmission607_heat,#823740,LQ heat distribution main,transmission,100000,1,20,LQHtransmission607,LQHtransmission538,
LQHtransmission607_to_LQHtransmission20_heat,#823740,LQ heat distribution main,transmission,100000,1,20,LQHtransmission20,LQHtransmission607,
LQHtransmission579_to_LQHtransmission4274_heat,#823740,LQ heat distribution main,transmission,100000,1,20,LQHtransmission4274,LQHtransmission579,
LQHtransmission4274_to_LQHtransmission1535_heat,#823740,LQ heat distribution main,transmission,100000,1,20,LQHtransmission1535,LQHtransmission4274,
LQHtransmission1535_to_LQHtransmission2036_heat,#823740,LQ heat distribution main,transmission,100000,1,20,LQHtransmission2036,LQHtransmission1535,
LQHtransmission1248_to_LQHtransmission3109_heat,#823740,LQ heat distribution main,transmission,100000,1,20,LQHtransmission3109,LQHtransmission1248,
LQHtransmission3109_to_LQHtransmission1622_heat,#823740,LQ heat distribution main,transmission,100000,1,20,LQHtransmission1622,LQHtransmission3109,
LQHtransmission1622_to_LQHtransmission1282_heat,#823740,LQ heat distribution main,transmission,100000,1,20,LQHtransmission1282,LQHtransmission1622,
LQHtransmission1282_to_LQHtransmission2797_heat,#823740,LQ heat distribution main,transmission,100000,1,20,LQHtransmission2797,LQHtransmission1282,
LQHtransmission2797_to_LQHtransmission2770_heat,#823740,LQ heat distribution main,transmission,100000,1,20,LQHtransmission2770,LQHtransmission2797,
LQHtransmission2770_to_LQHtransmission2584_heat,#823740,LQ heat distribution main,transmission,100000,1,20,LQHtransmission2584,LQHtransmission2770,
LQHtransmission2584_to_LQHtransmission4096_heat,#823740,LQ heat distribution main,transmission,100000,1,20,LQHtransmission4096,LQHtransmission2584,
LQHtransmission4096_to_LQHtransmission544_heat,#823740,LQ heat distribution main,transmission,100000,1,20,LQHtransmission544,LQHtransmission4096,
LQHtransmission617_to_LQHtransmission1909_heat,#823740,LQ heat distribution main,transmission,100000,1,20,LQHtransmission1909,LQHtransmission617,
LQHtransmission1909_to_LQHtransmission3718_heat,#823740,LQ heat distribution main,transmission,100000,1,20,LQHtransmission3718,LQHtransmission1909,
LQHtransmission3718_to_LQHtransmission3838_heat,#823740,LQ heat distribution main,transmission,100000,1,20,LQHtransmission3838,LQHtransmission3718,
LQHtransmission3838_to_LQHtransmission4037_heat,#823740,LQ heat distribution main,transmission,100000,1,20,LQHtransmission4037,LQHtransmission3838,
LQHtransmission4037_to_LQHtransmission1960_heat,#823740,LQ heat distribution main,transmission,100000,1,20,LQHtransmission1960,LQHtransmission4037,
LQHtransmission1960_to_LQHtransmission4569_heat,#823740,LQ heat distribution main,transmission,100000,1,20,LQHtransmission4569,LQHtransmission1960,
LQHtransmission4569_to_LQHtransmission2268_heat,#823740,LQ heat distribution main,transmission,100000,1,20,LQHtransmission2268,LQHtransmission4569,
LQHtransmission2268_to_LQHtransmission1442_heat,#823740,LQ heat distribution main,transmission,100000,1,20,LQHtransmission1442,LQHtransmission2268,
LQHtransmission1442_to_LQHtransmission2406_heat,#823740,LQ heat distribution main,transmission,100000,1,20,LQHtransmission2406,LQHtransmission1442,
LQHtransmission2406_to_LQHtransmission2055_heat,#823740,LQ heat distribution main,transmission,100000,1,20,LQHtransmission2055,LQHtransmission2406,
LQHtransmission2055_to_LQHtransmission4242_heat,#823740,LQ heat distribution main,transmission,100000,1,20,LQHtransmission4242,LQHtransmission2055,
LQHtransmission4242_to_LQHtransmission2325_heat,#823740,LQ heat distribution main,transmission,100000,1,20,LQHtransmission2325,LQHtransmission4242,
LQHtransmission2325_to_LQHtransmission3853_heat,#823740,LQ heat distribution main,transmission,100000,1,20,LQHtransmission3853,LQHtransmission2325,
LQHtransmission3853_to_LQHtransmission4501_heat,#823740,LQ heat distribution main,transmission,100000,1,20,LQHtransmission4501,LQHtransmission3853,
LQHtransmission4501_to_LQHtransmission1614_heat,#823740,LQ heat distribution main,transmission,100000,1,20,LQHtransmission1614,LQHtransmission4501,
LQHtransmission1614_to_LQHtransmission2128_heat,#823740,LQ heat distribution main,transmission,100000,1,20,LQHtransmission2128,LQHtransmission1614,
LQHtransmission2128_to_LQHtransmission3027_heat,#823740,LQ heat distribution main,transmission,100000,1,20,LQHtransmission3027,LQHtransmission2128,
LQHtransmission3027_to_LQHtransmission3320_heat,#823740,LQ heat distribution main,transmission,100000,1,20,LQHtransmission3320,LQHtransmission3027,
LQHtransmission3320_to_LQHtransmission2095_heat,#823740,LQ heat distribution main,transmission,100000,1,20,LQHtransmission2095,LQHtransmission3320,
LQHtransmission2095_to_LQHtransmission281_heat,#823740,LQ heat distribution main,transmission,100000,1,20,LQHtransmission281,LQHtransmission2095,
LQHtransmission281_to_LQHtransmission2684_heat,#823740,LQ heat distribution main,transmission,100000,1,20,LQHtransmission2684,LQHtransmission281,
LQHtransmission2684_to_LQHtransmission4216_heat,#823740,LQ heat distribution main,transmission,100000,1,20,LQHtransmission4216,LQHtransmission2684,
LQHtransmission4216_to_LQHtransmission459_heat,#823740,LQ heat distribution main,transmission,100000,1,20,LQHtransmission459,LQHtransmission4216,
LQHtransmission459_to_LQHtransmission231_heat,#823740,LQ heat distribution main,transmission,100000,1,20,LQHtransmission231,LQHtransmission459,
LQHtransmission231_to_LQHtransmission3146_heat,#823740,LQ heat distribution main,transmission,100000,1,20,LQHtransmission3146,LQHtransmission231,
LQHtransmission3146_to_LQHtransmission154_heat,#823740,LQ heat distribution main,transmission,100000,1,20,LQHtransmission154,LQHtransmission3146,
LQHtransmission154_to_LQHtransmission3900_heat,#823740,LQ heat distribution main,transmission,100000,1,20,LQHtransmission3900,LQHtransmission154,
LQHtransmission3900_to_LQHtransmission3366_heat,#823740,LQ heat distribution main,transmission,100000,1,20,LQHtransmission3366,LQHtransmission3900,
LQHtransmission3366_to_LQHtransmission3563_heat,#823740,LQ heat distribution main,transmission,100000,1,20,LQHtransmission3563,LQHtransmission3366,
LQHtransmission3563_to_LQHtransmission1887_heat,#823740,LQ heat distribution main,transmission,100000,1,20,LQHtransmission1887,LQHtransmission3563,
LQHtransmission1887_to_LQHtransmission2597_heat,#823740,LQ heat distribution main,transmission,100000,1,20,LQHtransmission2597,LQHtransmission1887,
LQHtransmission2597_to_LQHtransmission3201_heat,#823740,LQ heat distribution main,transmission,100000,1,20,LQHtransmission3201,LQHtransmission2597,
LQHtransmission3201_to_LQHtransmission2067_heat,#823740,LQ heat distribution main,transmission,100000,1,20,LQHtransmission2067,LQHtransmission3201,
LQHtransmission2067_to_LQHtransmission1641_heat,#823740,LQ heat distribution main,transmission,100000,1,20,LQHtransmission1641,LQHtransmission2067,
LQHtransmission1641_to_LQHtransmission981_heat,#823740,LQ heat distribution main,transmission,100000,1,20,LQHtransmission981,LQHtransmission1641,
LQHtransmission981_to_LQHtransmission1868_heat,#823740,LQ heat distribution main,transmission,100000,1,20,LQHtransmission1868,LQHtransmission981,
LQHtransmission1868_to_LQHtransmission273_heat,#823740,LQ heat distribution main,transmission,100000,1,20,LQHtransmission273,LQHtransmission1868,
LQHtransmission273_to_LQHtransmission713_heat,#823740,LQ heat distribution main,transmission,100000,1,20,LQHtransmission713,LQHtransmission273,
LQHtransmission713_to_LQHtransmission165_heat,#823740,LQ heat distribution main,transmission,100000,1,20,LQHtransmission165,LQHtransmission713,
LQHtransmission165_to_LQHtransmission598_heat,#823740,LQ heat distribution main,transmission,100000,1,20,LQHtransmission598,LQHtransmission165,
LQHtransmission598_to_LQHtransmission2570_heat,#823740,LQ heat distribution main,transmission,100000,1,20,LQHtransmission2570,LQHtransmission598,
LQHtransmission2570_to_LQHtransmission251_heat,#823740,LQ heat distribution main,transmission,100000,1,20,LQHtransmission251,LQHtransmission2570,
LQHtransmission500_to_LQHtransmission4149_heat,#823740,LQ heat distribution main,transmission,100000,1,20,LQHtransmission4149,LQHtransmission500,
LQHtransmission4149_to_LQHtransmission1923_heat,#823740,LQ heat distribution main,transmission,100000,1,20,LQHtransmission1923,LQHtransmission4149,
LQHtransmission2170_to_LQHtransmission1415_heat,#823740,LQ heat distribution main,transmission,100000,1,20,LQHtransmission1415,LQHtransmission2170,
LQHtransmission1415_to_LQHtransmission2094_heat,#823740,LQ heat distribution main,transmission,100000,1,20,LQHtransmission2094,LQHtransmission1415,
LQHtransmission2729_to_LQHtransmission46_heat,#823740,LQ heat distribution main,transmission,100000,1,20,LQHtransmission46,LQHtransmission2729,
LQHtransmission46_to_LQHtransmission980_heat,#823740,LQ heat distribution main,transmission,100000,1,20,LQHtransmission980,LQHtransmission46,
LQHtransmission980_to_LQHtransmission4422_heat,#823740,LQ heat distribution main,transmission,100000,1,20,LQHtransmission4422,LQHtransmission980,
LQHtransmission4422_to_LQHtransmission181_heat,#823740,LQ heat distribution main,transmission,100000,1,20,LQHtransmission181,LQHtransmission4422,
LQHtransmission181_to_LQHtransmission1128_heat,#823740,LQ heat distribution main,transmission,100000,1,20,LQHtransmission1128,LQHtransmission181,
LQHtransmission1128_to_LQHtransmission807_heat,#823740,LQ heat distribution main,transmission,100000,1,20,LQHtransmission807,LQHtransmission1128,
LQHtransmission807_to_LQHtransmission1681_heat,#823740,LQ heat distribution main,transmission,100000,1,20,LQHtransmission1681,LQHtransmission807,
LQHtransmission1681_to_LQHtransmission266_heat,#823740,LQ heat distribution main,transmission,100000,1,20,LQHtransmission266,LQHtransmission1681,
LQHtransmission266_to_LQHtransmission1763_heat,#823740,LQ heat distribution main,transmission,100000,1,20,LQHtransmission1763,LQHtransmission266,
LQHtransmission1763_to_LQHtransmission2634_heat,#823740,LQ heat distribution main,transmission,100000,1,20,LQHtransmission2634,LQHtransmission1763,
LQHtransmission2634_to_LQHtransmission1296_heat,#823740,LQ heat distribution main,transmission,100000,1,20,LQHtransmission1296,LQHtransmission2634,
LQHtransmission1296_to_LQHtransmission2173_heat,#823740,LQ heat distribution main,transmission,100000,1,20,LQHtransmission2173,LQHtransmission1296,
LQHtransmission2173_to_LQHtransmission2303_heat,#823740,LQ heat distribution main,transmission,100000,1,20,LQHtransmission2303,LQHtransmission2173,
LQHtransmission2303_to_LQHtransmission2189_heat,#823740,LQ heat distribution main,transmission,100000,1,20,LQHtransmission2189,LQHtransmission2303,
LQHtransmission2189_to_LQHtransmission2708_heat,#823740,LQ heat distribution main,transmission,100000,1,20,LQHtransmission2708,LQHtransmission2189,
LQHtransmission2708_to_LQHtransmission4587_heat,#823740,LQ heat distribution main,transmission,100000,1,20,LQHtransmission4587,LQHtransmission2708,
LQHtransmission4587_to_LQHtransmission574_heat,#823740,LQ heat distribution main,transmission,100000,1,20,LQHtransmission574,LQHtransmission4587,
LQHtransmission574_to_LQHtransmission2088_heat,#823740,LQ heat distribution main,transmission,100000,1,20,LQHtransmission2088,LQHtransmission574,
LQHtransmission2088_to_LQHtransmission3870_heat,#823740,LQ heat distribution main,transmission,100000,1,20,LQHtransmission3870,LQHtransmission2088,
LQHtransmission3870_to_LQHtransmission2930_heat,#823740,LQ heat distribution main,transmission,100000,1,20,LQHtransmission2930,LQHtransmission3870,
LQHtransmission2930_to_LQHtransmission1806_heat,#823740,LQ heat distribution main,transmission,100000,1,20,LQHtransmission1806,LQHtransmission2930,
LQHtransmission1806_to_LQHtransmission3296_heat,#823740,LQ heat distribution main,transmission,100000,1,20,LQHtransmission3296,LQHtransmission1806,
LQHtransmission3296_to_LQHtransmission1901_heat,#823740,LQ heat distribution main,transmission,100000,1,20,LQHtransmission1901,LQHtransmission3296,
LQHtransmission1901_to_LQHtransmission4258_heat,#823740,LQ heat distribution main,transmission,100000,1,20,LQHtransmission4258,LQHtransmission1901,
LQHtransmission4258_to_LQHtransmission738_heat,#823740,LQ heat distribution main,transmission,100000,1,20,LQHtransmission738,LQHtransmission4258,
LQHtransmission738_to_LQHtransmission419_heat,#823740,LQ heat distribution main,transmission,100000,1,20,LQHtransmission419,LQHtransmission738,
LQHtransmission419_to_LQHtransmission1605_heat,#823740,LQ heat distribution main,transmission,100000,1,20,LQHtransmission1605,LQHtransmission419,
LQHtransmission1605_to_LQHtransmission2195_heat,#823740,LQ heat distribution main,transmission,100000,1,20,LQHtransmission2195,LQHtransmission1605,
LQHtransmission2195_to_LQHtransmission3619_heat,#823740,LQ heat distribution main,transmission,100000,1,20,LQHtransmission3619,LQHtransmission2195,
LQHtransmission3619_to_LQHtransmission387_heat,#823740,LQ heat distribution main,transmission,100000,1,20,LQHtransmission387,LQHtransmission3619,
LQHtransmission387_to_LQHtransmission38_heat,#823740,LQ heat distribution main,transmission,100000,1,20,LQHtransmission38,LQHtransmission387,
LQHtransmission38_to_LQHtransmission917_heat,#823740,LQ heat distribution main,transmission,100000,1,20,LQHtransmission917,LQHtransmission38,
LQHtransmission917_to_LQHtransmission3279_heat,#823740,LQ heat distribution main,transmission,100000,1,20,LQHtransmission3279,LQHtransmission917,
LQHtransmission3279_to_LQHtransmission3362_heat,#823740,LQ heat distribution main,transmission,100000,1,20,LQHtransmission3362,LQHtransmission3279,
LQHtransmission3362_to_LQHtransmission1993_heat,#823740,LQ heat distribution main,transmission,100000,1,20,LQHtransmission1993,LQHtransmission3362,
LQHtransmission1993_to_LQHtransmission3457_heat,#823740,LQ heat distribution main,transmission,100000,1,20,LQHtransmission3457,LQHtransmission1993,
LQHtransmission3457_to_LQHtransmission275_heat,#823740,LQ heat distribution main,transmission,100000,1,20,LQHtransmission275,LQHtransmission3457,
LQHtransmission275_to_LQHtransmission3400_heat,#823740,LQ heat distribution main,transmission,100000,1,20,LQHtransmission3400,LQHtransmission275,
LQHtransmission3400_to_LQHtransmission4297_heat,#823740,LQ heat distribution main,transmission,100000,1,20,LQHtransmission4297,LQHtransmission3400,
LQHtransmission4297_to_LQHtransmission1756_heat,#823740,LQ heat distribution main,transmission,100000,1,20,LQHtransmission1756,LQHtransmission4297,
LQHtransmission1756_to_LQHtransmission1827_heat,#823740,LQ heat distribution main,transmission,100000,1,20,LQHtransmission1827,LQHtransmission1756,
LQHtransmission1827_to_LQHtransmission444_heat,#823740,LQ heat distribution main,transmission,100000,1,20,LQHtransmission444,LQHtransmission1827,
LQHtransmission444_to_LQHtransmission4684_heat,#823740,LQ heat distribution main,transmission,100000,1,20,LQHtransmission4684,LQHtransmission444,
LQHtransmission4684_to_LQHtransmission2299_heat,#823740,LQ heat distribution main,transmission,100000,1,20,LQHtransmission2299,LQHtransmission4684,
LQHtransmission2299_to_LQHtransmission356_heat,#823740,LQ heat distribution main,transmission,100000,1,20,LQHtransmission356,LQHtransmission2299,
LQHtransmission3706_to_LQHtransmission904_heat,#823740,LQ heat distribution main,transmission,100000,1,20,LQHtransmission904,LQHtransmission3706,
LQHtransmission904_to_LQHtransmission22_heat,#823740,LQ heat distribution main,transmission,100000,1,20,LQHtransmission22,LQHtransmission904,
LQHtransmission22_to_LQHtransmission1954_heat,#823740,LQ heat distribution main,transmission,100000,1,20,LQHtransmission1954,LQHtransmission22,
LQHtransmission1954_to_LQHtransmission4661_heat,#823740,LQ heat distribution main,transmission,100000,1,20,LQHtransmission4661,LQHtransmission1954,
LQHtransmission4661_to_LQHtransmission2290_heat,#823740,LQ heat distribution main,transmission,100000,1,20,LQHtransmission2290,LQHtransmission4661,
LQHtransmission2290_to_LQHtransmission1060_heat,#823740,LQ heat distribution main,transmission,100000,1,20,LQHtransmission1060,LQHtransmission2290,
LQHtransmission1060_to_LQHtransmission3321_heat,#823740,LQ heat distribution main,transmission,100000,1,20,LQHtransmission3321,LQHtransmission1060,
LQHtransmission3321_to_LQHtransmission2064_heat,#823740,LQ heat distribution main,transmission,100000,1,20,LQHtransmission2064,LQHtransmission3321,
LQHtransmission2064_to_LQHtransmission872_heat,#823740,LQ heat distribution main,transmission,100000,1,20,LQHtransmission872,LQHtransmission2064,
LQHtransmission872_to_LQHtransmission3703_heat,#823740,LQ heat distribution main,transmission,100000,1,20,LQHtransmission3703,LQHtransmission872,
LQHtransmission3703_to_LQHtransmission2420_heat,#823740,LQ heat distribution main,transmission,100000,1,20,LQHtransmission2420,LQHtransmission3703,
LQHtransmission2420_to_LQHtransmission2510_heat,#823740,LQ heat distribution main,transmission,100000,1,20,LQHtransmission2510,LQHtransmission2420,
LQHtransmission2510_to_LQHtransmission1680_heat,#823740,LQ heat distribution main,transmission,100000,1,20,LQHtransmission1680,LQHtransmission2510,
LQHtransmission1680_to_LQHtransmission1998_heat,#823740,LQ heat distribution main,transmission,100000,1,20,LQHtransmission1998,LQHtransmission1680,
LQHtransmission1998_to_LQHtransmission4085_heat,#823740,LQ heat distribution main,transmission,100000,1,20,LQHtransmission4085,LQHtransmission1998,
LQHtransmission4085_to_LQHtransmission3247_heat,#823740,LQ heat distribution main,transmission,100000,1,20,LQHtransmission3247,LQHtransmission4085,
LQHtransmission3247_to_LQHtransmission2441_heat,#823740,LQ heat distribution main,transmission,100000,1,20,LQHtransmission2441,LQHtransmission3247,
LQHtransmission2441_to_LQHtransmission470_heat,#823740,LQ heat distribution main,transmission,100000,1,20,LQHtransmission470,LQHtransmission2441,
LQHtransmission470_to_LQHtransmission3881_heat,#823740,LQ heat distribution main,transmission,100000,1,20,LQHtransmission3881,LQHtransmission470,
LQHtransmission3881_to_LQHtransmission3568_heat,#823740,LQ heat distribution main,transmission,100000,1,20,LQHtransmission3568,LQHtransmission3881,
LQHtransmission3568_to_LQHtransmission535_heat,#823740,LQ heat distribution main,transmission,100000,1,20,LQHtransmission535,LQHtransmission3568,
LQHtransmission535_to_LQHtransmission4419_heat,#823740,LQ heat distribution main,transmission,100000,1,20,LQHtransmission4419,LQHtransmission535,
LQHtransmission4419_to_LQHtransmission4682_heat,#823740,LQ heat distribution main,transmission,100000,1,20,LQHtransmission4682,LQHtransmission4419,
LQHtransmission4682_to_LQHtransmission1167_heat,#823740,LQ heat distribution main,transmission,100000,1,20,LQHtransmission1167,LQHtransmission4682,
LQHtransmission1167_to_LQHtransmission1291_heat,#823740,LQ heat distribution main,transmission,100000,1,20,LQHtransmission1291,LQHtransmission1167,
LQHtransmission1291_to_LQHtransmission23_heat,#823740,LQ heat distribution main,transmission,100000,1,20,LQHtransmission23,LQHtransmission1291,
LQHtransmission23_to_LQHtransmission1691_heat,#823740,LQ heat distribution main,transmission,100000,1,20,LQHtransmission1691,LQHtransmission23,
LQHtransmission1691_to_LQHtransmission1886_heat,#823740,LQ heat distribution main,transmission,100000,1,20,LQHtransmission1886,LQHtransmission1691,
LQHtransmission1886_to_LQHtransmission550_heat,#823740,LQ heat distribution main,transmission,100000,1,20,LQHtransmission550,LQHtransmission1886,
LQHtransmission550_to_LQHtransmission3241_heat,#823740,LQ heat distribution main,transmission,100000,1,20,LQHtransmission3241,LQHtransmission550,
LQHtransmission3241_to_LQHtransmission837_heat,#823740,LQ heat distribution main,transmission,100000,1,20,LQHtransmission837,LQHtransmission3241,
LQHtransmission837_to_LQHtransmission1178_heat,#823740,LQ heat distribution main,transmission,100000,1,20,LQHtransmission1178,LQHtransmission837,
LQHtransmission1178_to_LQHtransmission4337_heat,#823740,LQ heat distribution main,transmission,100000,1,20,LQHtransmission4337,LQHtransmission1178,
LQHtransmission4337_to_LQHtransmission2446_heat,#823740,LQ heat distribution main,transmission,100000,1,20,LQHtransmission2446,LQHtransmission4337,
LQHtransmission2446_to_LQHtransmission1253_heat,#823740,LQ heat distribution main,transmission,100000,1,20,LQHtransmission1253,LQHtransmission2446,
LQHtransmission1253_to_LQHtransmission742_heat,#823740,LQ heat distribution main,transmission,100000,1,20,LQHtransmission742,LQHtransmission1253,
LQHtransmission742_to_LQHtransmission2016_heat,#823740,LQ heat distribution main,transmission,100000,1,20,LQHtransmission2016,LQHtransmission742,
LQHtransmission2016_to_LQHtransmission4697_heat,#823740,LQ heat distribution main,transmission,100000,1,20,LQHtransmission4697,LQHtransmission2016,
LQHtransmission4697_to_LQHtransmission4445_heat,#823740,LQ heat distribution main,transmission,100000,1,20,LQHtransmission4445,LQHtransmission4697,
LQHtransmission4445_to_LQHtransmission3145_heat,#823740,LQ heat distribution main,transmission,100000,1,20,LQHtransmission3145,LQHtransmission4445,
LQHtransmission3145_to_LQHtransmission1618_heat,#823740,LQ heat distribution main,transmission,100000,1,20,LQHtransmission1618,LQHtransmission3145,
LQHtransmission1618_to_LQHtransmission808_heat,#823740,LQ heat distribution main,transmission,100000,1,20,LQHtransmission808,LQHtransmission1618,
LQHtransmission808_to_LQHtransmission3600_heat,#823740,LQ heat distribution main,transmission,100000,1,20,LQHtransmission3600,LQHtransmission808,
LQHtransmission3600_to_LQHtransmission3922_heat,#823740,LQ heat distribution main,transmission,100000,1,20,LQHtransmission3922,LQHtransmission3600,
LQHtransmission3922_to_LQHtransmission1961_heat,#823740,LQ heat distribution main,transmission,100000,1,20,LQHtransmission1961,LQHtransmission3922,
LQHtransmission1961_to_LQHtransmission4712_heat,#823740,LQ heat distribution main,transmission,100000,1,20,LQHtransmission4712,LQHtransmission1961,
LQHtransmission334_to_LQHtransmission1795_heat,#823740,LQ heat distribution main,transmission,100000,1,20,LQHtransmission1795,LQHtransmission334,
LQHtransmission4656_to_LQHtransmission368_heat,#823740,LQ heat distribution main,transmission,100000,1,20,LQHtransmission368,LQHtransmission4656,
LQHtransmission2138_to_LQHtransmission1102_heat,#823740,LQ heat distribution main,transmission,100000,1,20,LQHtransmission1102,LQHtransmission2138,
LQHtransmission1102_to_LQHtransmission3249_heat,#823740,LQ heat distribution main,transmission,100000,1,20,LQHtransmission3249,LQHtransmission1102,
LQHtransmission3249_to_LQHtransmission769_heat,#823740,LQ heat distribution main,transmission,100000,1,20,LQHtransmission769,LQHtransmission3249,
LQHtransmission769_to_LQHtransmission267_heat,#823740,LQ heat distribution main,transmission,100000,1,20,LQHtransmission267,LQHtransmission769,
LQHtransmission267_to_LQHtransmission2507_heat,#823740,LQ heat distribution main,transmission,100000,1,20,LQHtransmission2507,LQHtransmission267,
LQHtransmission2507_to_LQHtransmission945_heat,#823740,LQ heat distribution main,transmission,100000,1,20,LQHtransmission945,LQHtransmission2507,
LQHtransmission945_to_LQHtransmission871_heat,#823740,LQ heat distribution main,transmission,100000,1,20,LQHtransmission871,LQHtransmission945,
LQHtransmission871_to_LQHtransmission2557_heat,#823740,LQ heat distribution main,transmission,100000,1,20,LQHtransmission2557,LQHtransmission871,
LQHtransmission2557_to_LQHtransmission2518_heat,#823740,LQ heat distribution main,transmission,100000,1,20,LQHtransmission2518,LQHtransmission2557,
LQHtransmission2518_to_LQHtransmission4088_heat,#823740,LQ heat distribution main,transmission,100000,1,20,LQHtransmission4088,LQHtransmission2518,
LQHtransmission4088_to_LQHtransmission576_heat,#823740,LQ heat distribution main,transmission,100000,1,20,LQHtransmission576,LQHtransmission4088,
LQHtransmission576_to_LQHtransmission4727_heat,#823740,LQ heat distribution main,transmission,100000,1,20,LQHtransmission4727,LQHtransmission576,
LQHtransmission4727_to_LQHtransmission4064_heat,#823740,LQ heat distribution main,transmission,100000,1,20,LQHtransmission4064,LQHtransmission4727,
LQHtransmission4064_to_LQHtransmission3994_heat,#823740,LQ heat distribution main,transmission,100000,1,20,LQHtransmission3994,LQHtransmission4064,
LQHtransmission3994_to_LQHtransmission2675_heat,#823740,LQ heat distribution main,transmission,100000,1,20,LQHtransmission2675,LQHtransmission3994,
LQHtransmission2675_to_LQHtransmission3078_heat,#823740,LQ heat distribution main,transmission,100000,1,20,LQHtransmission3078,LQHtransmission2675,
LQHtransmission3078_to_LQHtransmission447_heat,#823740,LQ heat distribution main,transmission,100000,1,20,LQHtransmission447,LQHtransmission3078,
LQHtransmission447_to_LQHtransmission2760_heat,#823740,LQ heat distribution main,transmission,100000,1,20,LQHtransmission2760,LQHtransmission447,
LQHtransmission2760_to_LQHtransmission4243_heat,#823740,LQ heat distribution main,transmission,100000,1,20,LQHtransmission4243,LQHtransmission2760,
LQHtransmission4243_to_LQHtransmission3452_heat,#823740,LQ heat distribution main,transmission,100000,1,20,LQHtransmission3452,LQHtransmission4243,
LQHtransmission3452_to_LQHtransmission948_heat,#823740,LQ heat distribution main,transmission,100000,1,20,LQHtransmission948,LQHtransmission3452,
LQHtransmission948_to_LQHtransmission1304_heat,#823740,LQ heat distribution main,transmission,100000,1,20,LQHtransmission1304,LQHtransmission948,
LQHtransmission1304_to_LQHtransmission3630_heat,#823740,LQ heat distribution main,transmission,100000,1,20,LQHtransmission3630,LQHtransmission1304,
LQHtransmission3630_to_LQHtransmission1200_heat,#823740,LQ heat distribution main,transmission,100000,1,20,LQHtransmission1200,LQHtransmission3630,
LQHtransmission1200_to_LQHtransmission2399_heat,#823740,LQ heat distribution main,transmission,100000,1,20,LQHtransmission2399,LQHtransmission1200,
LQHtransmission2399_to_LQHtransmission378_heat,#823740,LQ heat distribution main,transmission,100000,1,20,LQHtransmission378,LQHtransmission2399,
LQHtransmission378_to_LQHtransmission1508_heat,#823740,LQ heat distribution main,transmission,100000,1,20,LQHtransmission1508,LQHtransmission378,
LQHtransmission1508_to_LQHtransmission3474_heat,#823740,LQ heat distribution main,transmission,100000,1,20,LQHtransmission3474,LQHtransmission1508,
LQHtransmission3474_to_LQHtransmission3106_heat,#823740,LQ heat distribution main,transmission,100000,1,20,LQHtransmission3106,LQHtransmission3474,
LQHtransmission3106_to_LQHtransmission1565_heat,#823740,LQ heat distribution main,transmission,100000,1,20,LQHtransmission1565,LQHtransmission3106,
LQHtransmission1565_to_LQHtransmission2394_heat,#823740,LQ heat distribution main,transmission,100000,1,20,LQHtransmission2394,LQHtransmission1565,
LQHtransmission2394_to_LQHtransmission1394_heat,#823740,LQ heat distribution main,transmission,100000,1,20,LQHtransmission1394,LQHtransmission2394,
LQHtransmission1394_to_LQHtransmission3368_heat,#823740,LQ heat distribution main,transmission,100000,1,20,LQHtransmission3368,LQHtransmission1394,
LQHtransmission3368_to_LQHtransmission3413_heat,#823740,LQ heat distribution main,transmission,100000,1,20,LQHtransmission3413,LQHtransmission3368,
LQHtransmission3413_to_LQHtransmission1855_heat,#823740,LQ heat distribution main,transmission,100000,1,20,LQHtransmission1855,LQHtransmission3413,
LQHtransmission3470_to_LQHtransmission2729_heat,#823740,LQ heat distribution main,transmission,100000,1,20,LQHtransmission2729,LQHtransmission3470,
LQHtransmission846_to_LQHtransmission866_heat,#823740,LQ heat distribution main,transmission,100000,1,20,LQHtransmission866,LQHtransmission846,
LQHtransmission866_to_LQHtransmission638_heat,#823740,LQ heat distribution main,transmission,100000,1,20,LQHtransmission638,LQHtransmission866,
LQHtransmission638_to_LQHtransmission102_heat,#823740,LQ heat distribution main,transmission,100000,1,20,LQHtransmission102,LQHtransmission638,
LQHtransmission102_to_LQHtransmission1628_heat,#823740,LQ heat distribution main,transmission,100000,1,20,LQHtransmission1628,LQHtransmission102,
LQHtransmission1628_to_LQHtransmission559_heat,#823740,LQ heat distribution main,transmission,100000,1,20,LQHtransmission559,LQHtransmission1628,
LQHtransmission559_to_LQHtransmission2076_heat,#823740,LQ heat distribution main,transmission,100000,1,20,LQHtransmission2076,LQHtransmission559,
LQHtransmission2076_to_LQHtransmission4597_heat,#823740,LQ heat distribution main,transmission,100000,1,20,LQHtransmission4597,LQHtransmission2076,
LQHtransmission4597_to_LQHtransmission1930_heat,#823740,LQ heat distribution main,transmission,100000,1,20,LQHtransmission1930,LQHtransmission4597,
LQHtransmission1930_to_LQHtransmission2371_heat,#823740,LQ heat distribution main,transmission,100000,1,20,LQHtransmission2371,LQHtransmission1930,
LQHtransmission2371_to_LQHtransmission130_heat,#823740,LQ heat distribution main,transmission,100000,1,20,LQHtransmission130,LQHtransmission2371,
LQHtransmission130_to_LQHtransmission1247_heat,#823740,LQ heat distribution main,transmission,100000,1,20,LQHtransmission1247,LQHtransmission130,
LQHtransmission1247_to_LQHtransmission584_heat,#823740,LQ heat distribution main,transmission,100000,1,20,LQHtransmission584,LQHtransmission1247,
LQHtransmission584_to_LQHtransmission4093_heat,#823740,LQ heat distribution main,transmission,100000,1,20,LQHtransmission4093,LQHtransmission584,
LQHtransmission4093_to_LQHtransmission2854_heat,#823740,LQ heat distribution main,transmission,100000,1,20,LQHtransmission2854,LQHtransmission4093,
LQHtransmission2854_to_LQHtransmission3955_heat,#823740,LQ heat distribution main,transmission,100000,1,20,LQHtransmission3955,LQHtransmission2854,
LQHtransmission3955_to_LQHtransmission4382_heat,#823740,LQ heat distribution main,transmission,100000,1,20,LQHtransmission4382,LQHtransmission3955,
LQHtransmission4382_to_LQHtransmission1642_heat,#823740,LQ heat distribution main,transmission,100000,1,20,LQHtransmission1642,LQHtransmission4382,
LQHtransmission1642_to_LQHtransmission417_heat,#823740,LQ heat distribution main,transmission,100000,1,20,LQHtransmission417,LQHtransmission1642,
LQHtransmission417_to_LQHtransmission940_heat,#823740,LQ heat distribution main,transmission,100000,1,20,LQHtransmission940,LQHtransmission417,
LQHtransmission940_to_LQHtransmission4442_heat,#823740,LQ heat distribution main,transmission,100000,1,20,LQHtransmission4442,LQHtransmission940,
LQHtransmission4442_to_LQHtransmission137_heat,#823740,LQ heat distribution main,transmission,100000,1,20,LQHtransmission137,LQHtransmission4442,
LQHtransmission137_to_LQHtransmission1866_heat,#823740,LQ heat distribution main,transmission,100000,1,20,LQHtransmission1866,LQHtransmission137,
LQHtransmission1866_to_LQHtransmission1159_heat,#823740,LQ heat distribution main,transmission,100000,1,20,LQHtransmission1159,LQHtransmission1866,
LQHtransmission1159_to_LQHtransmission1685_heat,#823740,LQ heat distribution main,transmission,100000,1,20,LQHtransmission1685,LQHtransmission1159,
LQHtransmission1685_to_LQHtransmission4704_heat,#823740,LQ heat distribution main,transmission,100000,1,20,LQHtransmission4704,LQHtransmission1685,
LQHtransmission4704_to_LQHtransmission1591_heat,#823740,LQ heat distribution main,transmission,100000,1,20,LQHtransmission1591,LQHtransmission4704,
LQHtransmission1591_to_LQHtransmission3646_heat,#823740,LQ heat distribution main,transmission,100000,1,20,LQHtransmission3646,LQHtransmission1591,
LQHtransmission3938_to_LQHtransmission1_heat,#823740,LQ heat distribution main,transmission,100000,1,20,LQHtransmission1,LQHtransmission3938,
LQHtransmission1_to_LQHtransmission1467_heat,#823740,LQ heat distribution main,transmission,100000,1,20,LQHtransmission1467,LQHtransmission1,
LQHtransmission1467_to_LQHtransmission4502_heat,#823740,LQ heat distribution main,transmission,100000,1,20,LQHtransmission4502,LQHtransmission1467,
LQHtransmission4502_to_LQHtransmission4098_heat,#823740,LQ heat distribution main,transmission,100000,1,20,LQHtransmission4098,LQHtransmission4502,
LQHtransmission4098_to_LQHtransmission4052_heat,#823740,LQ heat distribution main,transmission,100000,1,20,LQHtransmission4052,LQHtransmission4098,
LQHtransmission4052_to_LQHtransmission1899_heat,#823740,LQ heat distribution main,transmission,100000,1,20,LQHtransmission1899,LQHtransmission4052,
LQHtransmission1899_to_LQHtransmission641_heat,#823740,LQ heat distribution main,transmission,100000,1,20,LQHtransmission641,LQHtransmission1899,
LQHtransmission641_to_LQHtransmission4061_heat,#823740,LQ heat distribution main,transmission,100000,1,20,LQHtransmission4061,LQHtransmission641,
LQHtransmission4061_to_LQHtransmission2949_heat,#823740,LQ heat distribution main,transmission,100000,1,20,LQHtransmission2949,LQHtransmission4061,
LQHtransmission2949_to_LQHtransmission2140_heat,#823740,LQ heat distribution main,transmission,100000,1,20,LQHtransmission2140,LQHtransmission2949,
LQHtransmission2140_to_LQHtransmission1478_heat,#823740,LQ heat distribution main,transmission,100000,1,20,LQHtransmission1478,LQHtransmission2140,
LQHtransmission1478_to_LQHtransmission4456_heat,#823740,LQ heat distribution main,transmission,100000,1,20,LQHtransmission4456,LQHtransmission1478,
LQHtransmission4456_to_LQHtransmission3826_heat,#823740,LQ heat distribution main,transmission,100000,1,20,LQHtransmission3826,LQHtransmission4456,
LQHtransmission3826_to_LQHtransmission2717_heat,#823740,LQ heat distribution main,transmission,100000,1,20,LQHtransmission2717,LQHtransmission3826,
LQHtransmission2717_to_LQHtransmission1038_heat,#823740,LQ heat distribution main,transmission,100000,1,20,LQHtransmission1038,LQHtransmission2717,
LQHtransmission1038_to_LQHtransmission844_heat,#823740,LQ heat distribution main,transmission,100000,1,20,LQHtransmission844,LQHtransmission1038,
LQHtransmission844_to_LQHtransmission4449_heat,#823740,LQ heat distribution main,transmission,100000,1,20,LQHtransmission4449,LQHtransmission844,
LQHtransmission4449_to_LQHtransmission3817_heat,#823740,LQ heat distribution main,transmission,100000,1,20,LQHtransmission3817,LQHtransmission4449,
LQHtransmission3817_to_LQHtransmission25_heat,#823740,LQ heat distribution main,transmission,100000,1,20,LQHtransmission25,LQHtransmission3817,
LQHtransmission25_to_LQHtransmission2917_heat,#823740,LQ heat distribution main,transmission,100000,1,20,LQHtransmission2917,LQHtransmission25,
LQHtransmission2917_to_LQHtransmission2328_heat,#823740,LQ heat distribution main,transmission,100000,1,20,LQHtransmission2328,LQHtransmission2917,
LQHtransmission2328_to_LQHtransmission4103_heat,#823740,LQ heat distribution main,transmission,100000,1,20,LQHtransmission4103,LQHtransmission2328,
LQHtransmission4103_to_LQHtransmission49_heat,#823740,LQ heat distribution main,transmission,100000,1,20,LQHtransmission49,LQHtransmission4103,
LQHtransmission49_to_LQHtransmission1268_heat,#823740,LQ heat distribution main,transmission,100000,1,20,LQHtransmission1268,LQHtransmission49,
LQHtransmission1268_to_LQHtransmission3053_heat,#823740,LQ heat distribution main,transmission,100000,1,20,LQHtransmission3053,LQHtransmission1268,
LQHtransmission32_to_LQHtransmission3857_heat,#823740,LQ heat distribution main,transmission,100000,1,20,LQHtransmission3857,LQHtransmission32,
LQHtransmission3857_to_LQHtransmission2912_heat,#823740,LQ heat distribution main,transmission,100000,1,20,LQHtransmission2912,LQHtransmission3857,
LQHtransmission2912_to_LQHtransmission3502_heat,#823740,LQ heat distribution main,transmission,100000,1,20,LQHtransmission3502,LQHtransmission2912,
LQHtransmission3502_to_LQHtransmission3566_heat,#823740,LQ heat distribution main,transmission,100000,1,20,LQHtransmission3566,LQHtransmission3502,
LQHtransmission3566_to_LQHtransmission3131_heat,#823740,LQ heat distribution main,transmission,100000,1,20,LQHtransmission3131,LQHtransmission3566,
LQHtransmission3131_to_LQHtransmission1964_heat,#823740,LQ heat distribution main,transmission,100000,1,20,LQHtransmission1964,LQHtransmission3131,
LQHtransmission1964_to_LQHtransmission962_heat,#823740,LQ heat distribution main,transmission,100000,1,20,LQHtransmission962,LQHtransmission1964,
LQHtransmission962_to_LQHtransmission1010_heat,#823740,LQ heat distribution main,transmission,100000,1,20,LQHtransmission1010,LQHtransmission962,
LQHtransmission1010_to_LQHtransmission3662_heat,#823740,LQ heat distribution main,transmission,100000,1,20,LQHtransmission3662,LQHtransmission1010,
LQHtransmission3662_to_LQHtransmission2628_heat,#823740,LQ heat distribution main,transmission,100000,1,20,LQHtransmission2628,LQHtransmission3662,
LQHtransmission2628_to_LQHtransmission602_heat,#823740,LQ heat distribution main,transmission,100000,1,20,LQHtransmission602,LQHtransmission2628,
LQHtransmission602_to_LQHtransmission2632_heat,#823740,LQ heat distribution main,transmission,100000,1,20,LQHtransmission2632,LQHtransmission602,
LQHtransmission2632_to_LQHtransmission4367_heat,#823740,LQ heat distribution main,transmission,100000,1,20,LQHtransmission4367,LQHtransmission2632,
LQHtransmission4367_to_LQHtransmission26_heat,#823740,LQ heat distribution main,transmission,100000,1,20,LQHtransmission26,LQHtransmission4367,
LQHtransmission26_to_LQHtransmission2709_heat,#823740,LQ heat distribution main,transmission,100000,1,20,LQHtransmission2709,LQHtransmission26,
LQHtransmission2709_to_LQHtransmission3726_heat,#823740,LQ heat distribution main,transmission,100000,1,20,LQHtransmission3726,LQHtransmission2709,
LQHtransmission3726_to_LQHtransmission2190_heat,#823740,LQ heat distribution main,transmission,100000,1,20,LQHtransmission2190,LQHtransmission3726,
LQHtransmission2190_to_LQHtransmission4472_heat,#823740,LQ heat distribution main,transmission,100000,1,20,LQHtransmission4472,LQHtransmission2190,
LQHtransmission4472_to_LQHtransmission4288_heat,#823740,LQ heat distribution main,transmission,100000,1,20,LQHtransmission4288,LQHtransmission4472,
LQHtransmission4288_to_LQHtransmission3906_heat,#823740,LQ heat distribution main,transmission,100000,1,20,LQHtransmission3906,LQHtransmission4288,
LQHtransmission3906_to_LQHtransmission4292_heat,#823740,LQ heat distribution main,transmission,100000,1,20,LQHtransmission4292,LQHtransmission3906,
LQHtransmission4292_to_LQHtransmission1738_heat,#823740,LQ heat distribution main,transmission,100000,1,20,LQHtransmission1738,LQHtransmission4292,
LQHtransmission1738_to_LQHtransmission3987_heat,#823740,LQ heat distribution main,transmission,100000,1,20,LQHtransmission3987,LQHtransmission1738,
LQHtransmission3987_to_LQHtransmission1315_heat,#823740,LQ heat distribution main,transmission,100000,1,20,LQHtransmission1315,LQHtransmission3987,
LQHtransmission1315_to_LQHtransmission941_heat,#823740,LQ heat distribution main,transmission,100000,1,20,LQHtransmission941,LQHtransmission1315,
LQHtransmission941_to_LQHtransmission3233_heat,#823740,LQ heat distribution main,transmission,100000,1,20,LQHtransmission3233,LQHtransmission941,
LQHtransmission3233_to_LQHtransmission232_heat,#823740,LQ heat distribution main,transmission,100000,1,20,LQHtransmission232,LQHtransmission3233,
LQHtransmission232_to_LQHtransmission957_heat,#823740,LQ heat distribution main,transmission,100000,1,20,LQHtransmission957,LQHtransmission232,
LQHtransmission957_to_LQHtransmission3244_heat,#823740,LQ heat distribution main,transmission,100000,1,20,LQHtransmission3244,LQHtransmission957,
LQHtransmission3244_to_LQHtransmission838_heat,#823740,LQ heat distribution main,transmission,100000,1,20,LQHtransmission838,LQHtransmission3244,
LQHtransmission838_to_LQHtransmission1024_heat,#823740,LQ heat distribution main,transmission,100000,1,20,LQHtransmission1024,LQHtransmission838,
LQHtransmission1024_to_LQHtransmission1770_heat,#823740,LQ heat distribution main,transmission,100000,1,20,LQHtransmission1770,LQHtransmission1024,
LQHtransmission1770_to_LQHtransmission4060_heat,#823740,LQ heat distribution main,transmission,100000,1,20,LQHtransmission4060,LQHtransmission1770,
LQHtransmission4060_to_LQHtransmission3667_heat,#823740,LQ heat distribution main,transmission,100000,1,20,LQHtransmission3667,LQHtransmission4060,
LQHtransmission3667_to_LQHtransmission1852_heat,#823740,LQ heat distribution main,transmission,100000,1,20,LQHtransmission1852,LQHtransmission3667,
LQHtransmission1852_to_LQHtransmission3478_heat,#823740,LQ heat distribution main,transmission,100000,1,20,LQHtransmission3478,LQHtransmission1852,
LQHtransmission3478_to_LQHtransmission4172_heat,#823740,LQ heat distribution main,transmission,100000,1,20,LQHtransmission4172,LQHtransmission3478,
LQHtransmission4172_to_LQHtransmission206_heat,#823740,LQ heat distribution main,transmission,100000,1,20,LQHtransmission206,LQHtransmission4172,
LQHtransmission206_to_LQHtransmission2014_heat,#823740,LQ heat distribution main,transmission,100000,1,20,LQHtransmission2014,LQHtransmission206,
LQHtransmission2014_to_LQHtransmission4316_heat,#823740,LQ heat distribution main,transmission,100000,1,20,LQHtransmission4316,LQHtransmission2014,
LQHtransmission4316_to_LQHtransmission276_heat,#823740,LQ heat distribution main,transmission,100000,1,20,LQHtransmission276,LQHtransmission4316,
LQHtransmission276_to_LQHtransmission2065_heat,#823740,LQ heat distribution main,transmission,100000,1,20,LQHtransmission2065,LQHtransmission276,
LQHtransmission2065_to_LQHtransmission2776_heat,#823740,LQ heat distribution main,transmission,100000,1,20,LQHtransmission2776,LQHtransmission2065,
LQHtransmission4676_to_LQHtransmission242_heat,#823740,LQ heat distribution main,transmission,100000,1,20,LQHtransmission242,LQHtransmission4676,
LQHtransmission242_to_LQHtransmission433_heat,#823740,LQ heat distribution main,transmission,100000,1,20,LQHtransmission433,LQHtransmission242,
LQHtransmission433_to_LQHtransmission3068_heat,#823740,LQ heat distribution main,transmission,100000,1,20,LQHtransmission3068,LQHtransmission433,
LQHtransmission3068_to_LQHtransmission2489_heat,#823740,LQ heat distribution main,transmission,100000,1,20,LQHtransmission2489,LQHtransmission3068,
LQHtransmission2489_to_LQHtransmission1238_heat,#823740,LQ heat distribution main,transmission,100000,1,20,LQHtransmission1238,LQHtransmission2489,
LQHtransmission4034_to_LQHtransmission2265_heat,#823740,LQ heat distribution main,transmission,100000,1,20,LQHtransmission2265,LQHtransmission4034,
LQHtransmission2265_to_LQHtransmission647_heat,#823740,LQ heat distribution main,transmission,100000,1,20,LQHtransmission647,LQHtransmission2265,
LQHtransmission647_to_LQHtransmission4404_heat,#823740,LQ heat distribution main,transmission,100000,1,20,LQHtransmission4404,LQHtransmission647,
LQHtransmission4404_to_LQHtransmission4136_heat,#823740,LQ heat distribution main,transmission,100000,1,20,LQHtransmission4136,LQHtransmission4404,
LQHtransmission4136_to_LQHtransmission3204_heat,#823740,LQ heat distribution main,transmission,100000,1,20,LQHtransmission3204,LQHtransmission4136,
LQHtransmission3204_to_LQHtransmission2046_heat,#823740,LQ heat distribution main,transmission,100000,1,20,LQHtransmission2046,LQHtransmission3204,
LQHtransmission2046_to_LQHtransmission3207_heat,#823740,LQ heat distribution main,transmission,100000,1,20,LQHtransmission3207,LQHtransmission2046,
LQHtransmission3207_to_LQHtransmission1527_heat,#823740,LQ heat distribution main,transmission,100000,1,20,LQHtransmission1527,LQHtransmission3207,
LQHtransmission1527_to_LQHtransmission301_heat,#823740,LQ heat distribution main,transmission,100000,1,20,LQHtransmission301,LQHtransmission1527,
LQHtransmission301_to_LQHtransmission4714_heat,#823740,LQ heat distribution main,transmission,100000,1,20,LQHtransmission4714,LQHtransmission301,
LQHtransmission4714_to_LQHtransmission827_heat,#823740,LQ heat distribution main,transmission,100000,1,20,LQHtransmission827,LQHtransmission4714,
LQHtransmission827_to_LQHtransmission3292_heat,#823740,LQ heat distribution main,transmission,100000,1,20,LQHtransmission3292,LQHtransmission827,
LQHtransmission3292_to_LQHtransmission3369_heat,#823740,LQ heat distribution main,transmission,100000,1,20,LQHtransmission3369,LQHtransmission3292,
LQHtransmission3369_to_LQHtransmission1811_heat,#823740,LQ heat distribution main,transmission,100000,1,20,LQHtransmission1811,LQHtransmission3369,
LQHtransmission1811_to_LQHtransmission3943_heat,#823740,LQ heat distribution main,transmission,100000,1,20,LQHtransmission3943,LQHtransmission1811,
LQHtransmission3943_to_LQHtransmission175_heat,#823740,LQ heat distribution main,transmission,100000,1,20,LQHtransmission175,LQHtransmission3943,
LQHtransmission175_to_LQHtransmission4244_heat,#823740,LQ heat distribution main,transmission,100000,1,20,LQHtransmission4244,LQHtransmission175,
LQHtransmission4244_to_LQHtransmission3794_heat,#823740,LQ heat distribution main,transmission,100000,1,20,LQHtransmission3794,LQHtransmission4244,
LQHtransmission3794_to_LQHtransmission1396_heat,#823740,LQ heat distribution main,transmission,100000,1,20,LQHtransmission1396,LQHtransmission3794,
LQHtransmission1396_to_LQHtransmission514_heat,#823740,LQ heat distribution main,transmission,100000,1,20,LQHtransmission514,LQHtransmission1396,
LQHtransmission514_to_LQHtransmission1819_heat,#823740,LQ heat distribution main,transmission,100000,1,20,LQHtransmission1819,LQHtransmission514,
LQHtransmission1819_to_LQHtransmission1405_heat,#823740,LQ heat distribution main,transmission,100000,1,20,LQHtransmission1405,LQHtransmission1819,
LQHtransmission1405_to_LQHtransmission1384_heat,#823740,LQ heat distribution main,transmission,100000,1,20,LQHtransmission1384,LQHtransmission1405,
LQHtransmission1384_to_LQHtransmission726_heat,#823740,LQ heat distribution main,transmission,100000,1,20,LQHtransmission726,LQHtransmission1384,
LQHtransmission726_to_LQHtransmission1700_heat,#823740,LQ heat distribution main,transmission,100000,1,20,LQHtransmission1700,LQHtransmission726,
LQHtransmission1700_to_LQHtransmission1481_heat,#823740,LQ heat distribution main,transmission,100000,1,20,LQHtransmission1481,LQHtransmission1700,
LQHtransmission1481_to_LQHtransmission450_heat,#823740,LQ heat distribution main,transmission,100000,1,20,LQHtransmission450,LQHtransmission1481,
LQHtransmission450_to_LQHtransmission27_heat,#823740,LQ heat distribution main,transmission,100000,1,20,LQHtransmission27,LQHtransmission450,
LQHtransmission27_to_LQHtransmission355_heat,#823740,LQ heat distribution main,transmission,100000,1,20,LQHtransmission355,LQHtransmission27,
LQHtransmission355_to_LQHtransmission1564_heat,#823740,LQ heat distribution main,transmission,100000,1,20,LQHtransmission1564,LQHtransmission355,
LQHtransmission1564_to_LQHtransmission3102_heat,#823740,LQ heat distribution main,transmission,100000,1,20,LQHtransmission3102,LQHtransmission1564,
LQHtransmission3102_to_LQHtransmission811_heat,#823740,LQ heat distribution main,transmission,100000,1,20,LQHtransmission811,LQHtransmission3102,
LQHtransmission811_to_LQHtransmission3833_heat,#823740,LQ heat distribution main,transmission,100000,1,20,LQHtransmission3833,LQHtransmission811,
LQHtransmission3833_to_LQHtransmission3548_heat,#823740,LQ heat distribution main,transmission,100000,1,20,LQHtransmission3548,LQHtransmission3833,
LQHtransmission3548_to_LQHtransmission1234_heat,#823740,LQ heat distribution main,transmission,100000,1,20,LQHtransmission1234,LQHtransmission3548,
LQHtransmission1234_to_LQHtransmission70_heat,#823740,LQ heat distribution main,transmission,100000,1,20,LQHtransmission70,LQHtransmission1234,
LQHtransmission70_to_LQHtransmission710_heat,#823740,LQ heat distribution main,transmission,100000,1,20,LQHtransmission710,LQHtransmission70,
LQHtransmission710_to_LQHtransmission1108_heat,#823740,LQ heat distribution main,transmission,100000,1,20,LQHtransmission1108,LQHtransmission710,
LQHtransmission1108_to_LQHtransmission701_heat,#823740,LQ heat distribution main,transmission,100000,1,20,LQHtransmission701,LQHtransmission1108,
LQHtransmission701_to_LQHtransmission147_heat,#823740,LQ heat distribution main,transmission,100000,1,20,LQHtransmission147,LQHtransmission701,
LQHtransmission147_to_LQHtransmission797_heat,#823740,LQ heat distribution main,transmission,100000,1,20,LQHtransmission797,LQHtransmission147,
LQHtransmission797_to_LQHtransmission3149_heat,#823740,LQ heat distribution main,transmission,100000,1,20,LQHtransmission3149,LQHtransmission797,
LQHtransmission3149_to_LQHtransmission2015_heat,#823740,LQ heat distribution main,transmission,100000,1,20,LQHtransmission2015,LQHtransmission3149,
LQHtransmission2015_to_LQHtransmission2150_heat,#823740,LQ heat distribution main,transmission,100000,1,20,LQHtransmission2150,LQHtransmission2015,
LQHtransmission2150_to_LQHtransmission1061_heat,#823740,LQ heat distribution main,transmission,100000,1,20,LQHtransmission1061,LQHtransmission2150,
LQHtransmission1061_to_LQHtransmission4600_heat,#823740,LQ heat distribution main,transmission,100000,1,20,LQHtransmission4600,LQHtransmission1061,
LQHtransmission4600_to_LQHtransmission1456_heat,#823740,LQ heat distribution main,transmission,100000,1,20,LQHtransmission1456,LQHtransmission4600,
LQHtransmission1456_to_LQHtransmission4621_heat,#823740,LQ heat distribution main,transmission,100000,1,20,LQHtransmission4621,LQHtransmission1456,
LQHtransmission4621_to_LQHtransmission590_heat,#823740,LQ heat distribution main,transmission,100000,1,20,LQHtransmission590,LQHtransmission4621,
LQHtransmission590_to_LQHtransmission2647_heat,#823740,LQ heat distribution main,transmission,100000,1,20,LQHtransmission2647,LQHtransmission590,
LQHtransmission2647_to_LQHtransmission2801_heat,#823740,LQ heat distribution main,transmission,100000,1,20,LQHtransmission2801,LQHtransmission2647,
LQHtransmission2801_to_LQHtransmission2241_heat,#823740,LQ heat distribution main,transmission,100000,1,20,LQHtransmission2241,LQHtransmission2801,
LQHtransmission2241_to_LQHtransmission207_heat,#823740,LQ heat distribution main,transmission,100000,1,20,LQHtransmission207,LQHtransmission2241,
LQHtransmission207_to_LQHtransmission2116_heat,#823740,LQ heat distribution main,transmission,100000,1,20,LQHtransmission2116,LQHtransmission207,
LQHtransmission2116_to_LQHtransmission4068_heat,#823740,LQ heat distribution main,transmission,100000,1,20,LQHtransmission4068,LQHtransmission2116,
LQHtransmission4068_to_LQHtransmission628_heat,#823740,LQ heat distribution main,transmission,100000,1,20,LQHtransmission628,LQHtransmission4068,
LQHtransmission628_to_LQHtransmission1597_heat,#823740,LQ heat distribution main,transmission,100000,1,20,LQHtransmission1597,LQHtransmission628,
LQHtransmission1597_to_LQHtransmission4250_heat,#823740,LQ heat distribution main,transmission,100000,1,20,LQHtransmission4250,LQHtransmission1597,
LQHtransmission4250_to_LQHtransmission2210_heat,#823740,LQ heat distribution main,transmission,100000,1,20,LQHtransmission2210,LQHtransmission4250,
LQHtransmission2210_to_LQHtransmission3823_heat,#823740,LQ heat distribution main,transmission,100000,1,20,LQHtransmission3823,LQHtransmission2210,
LQHtransmission3823_to_LQHtransmission51_heat,#823740,LQ heat distribution main,transmission,100000,1,20,LQHtransmission51,LQHtransmission3823,
LQHtransmission51_to_LQHtransmission170_heat,#823740,LQ heat distribution main,transmission,100000,1,20,LQHtransmission170,LQHtransmission51,
LQHtransmission2155_to_LQHtransmission1077_heat,#823740,LQ heat distribution main,transmission,100000,1,20,LQHtransmission1077,LQHtransmission2155,
LQHtransmission1077_to_LQHtransmission1580_heat,#823740,LQ heat distribution main,transmission,100000,1,20,LQHtransmission1580,LQHtransmission1077,
LQHtransmission1580_to_LQHtransmission966_heat,#823740,LQ heat distribution main,transmission,100000,1,20,LQHtransmission966,LQHtransmission1580,
LQHtransmission966_to_LQHtransmission2574_heat,#823740,LQ heat distribution main,transmission,100000,1,20,LQHtransmission2574,LQHtransmission966,
LQHtransmission2574_to_LQHtransmission322_heat,#823740,LQ heat distribution main,transmission,100000,1,20,LQHtransmission322,LQHtransmission2574,
LQHtransmission322_to_LQHtransmission2723_heat,#823740,LQ heat distribution main,transmission,100000,1,20,LQHtransmission2723,LQHtransmission322,
LQHtransmission2723_to_LQHtransmission1184_heat,#823740,LQ heat distribution main,transmission,100000,1,20,LQHtransmission1184,LQHtransmission2723,
LQHtransmission1184_to_LQHtransmission379_heat,#823740,LQ heat distribution main,transmission,100000,1,20,LQHtransmission379,LQHtransmission1184,
LQHtransmission379_to_LQHtransmission4424_heat,#823740,LQ heat distribution main,transmission,100000,1,20,LQHtransmission4424,LQHtransmission379,
LQHtransmission4424_to_LQHtransmission1246_heat,#823740,LQ heat distribution main,transmission,100000,1,20,LQHtransmission1246,LQHtransmission4424,
LQHtransmission1246_to_LQHtransmission4669_heat,#823740,LQ heat distribution main,transmission,100000,1,20,LQHtransmission4669,LQHtransmission1246,
LQHtransmission4669_to_LQHtransmission3383_heat,#823740,LQ heat distribution main,transmission,100000,1,20,LQHtransmission3383,LQHtransmission4669,
LQHtransmission3383_to_LQHtransmission2113_heat,#823740,LQ heat distribution main,transmission,100000,1,20,LQHtransmission2113,LQHtransmission3383,
LQHtransmission2113_to_LQHtransmission634_heat,#823740,LQ heat distribution main,transmission,100000,1,20,LQHtransmission634,LQHtransmission2113,
LQHtransmission634_to_LQHtransmission3301_heat,#823740,LQ heat distribution main,transmission,100000,1,20,LQHtransmission3301,LQHtransmission634,
LQHtransmission3301_to_LQHtransmission4119_heat,#823740,LQ heat distribution main,transmission,100000,1,20,LQHtransmission4119,LQHtransmission3301,
LQHtransmission4119_to_LQHtransmission2293_heat,#823740,LQ heat distribution main,transmission,100000,1,20,LQHtransmission2293,LQHtransmission4119,
LQHtransmission2293_to_LQHtransmission2129_heat,#823740,LQ heat distribution main,transmission,100000,1,20,LQHtransmission2129,LQHtransmission2293,
LQHtransmission2129_to_LQHtransmission1509_heat,#823740,LQ heat distribution main,transmission,100000,1,20,LQHtransmission1509,LQHtransmission2129,
LQHtransmission1509_to_LQHtransmission1926_heat,#823740,LQ heat distribution main,transmission,100000,1,20,LQHtransmission1926,LQHtransmission1509,
LQHtransmission1926_to_LQHtransmission58_heat,#823740,LQ heat distribution main,transmission,100000,1,20,LQHtransmission58,LQHtransmission1926,
LQHtransmission58_to_LQHtransmission3643_heat,#823740,LQ heat distribution main,transmission,100000,1,20,LQHtransmission3643,LQHtransmission58,
LQHtransmission3643_to_LQHtransmission2019_heat,#823740,LQ heat distribution main,transmission,100000,1,20,LQHtransmission2019,LQHtransmission3643,
LQHtransmission2019_to_LQHtransmission4430_heat,#823740,LQ heat distribution main,transmission,100000,1,20,LQHtransmission4430,LQHtransmission2019,
LQHtransmission4430_to_LQHtransmission2681_heat,#823740,LQ heat distribution main,transmission,100000,1,20,LQHtransmission2681,LQHtransmission4430,
LQHtransmission2681_to_LQHtransmission4399_heat,#823740,LQ heat distribution main,transmission,100000,1,20,LQHtransmission4399,LQHtransmission2681,
LQHtransmission4399_to_LQHtransmission1256_heat,#823740,LQ heat distribution main,transmission,100000,1,20,LQHtransmission1256,LQHtransmission4399,
LQHtransmission1256_to_LQHtransmission3950_heat,#823740,LQ heat distribution main,transmission,100000,1,20,LQHtransmission3950,LQHtransmission1256,
LQHtransmission3950_to_LQHtransmission1093_heat,#823740,LQ heat distribution main,transmission,100000,1,20,LQHtransmission1093,LQHtransmission3950,
LQHtransmission1093_to_LQHtransmission1505_heat,#823740,LQ heat distribution main,transmission,100000,1,20,LQHtransmission1505,LQHtransmission1093,
LQHtransmission1505_to_LQHtransmission3549_heat,#823740,LQ heat distribution main,transmission,100000,1,20,LQHtransmission3549,LQHtransmission1505,
LQHtransmission3549_to_LQHtransmission579_heat,#823740,LQ heat distribution main,transmission,100000,1,20,LQHtransmission579,LQHtransmission3549,
LQHtransmission3792_to_LQHtransmission1697_heat,#823740,LQ heat distribution main,transmission,100000,1,20,LQHtransmission1697,LQHtransmission3792,
LQHtransmission1697_to_LQHtransmission357_heat,#823740,LQ heat distribution main,transmission,100000,1,20,LQHtransmission357,LQHtransmission1697,
LQHtransmission357_to_LQHtransmission2621_heat,#823740,LQ heat distribution main,transmission,100000,1,20,LQHtransmission2621,LQHtransmission357,
LQHtransmission2621_to_LQHtransmission393_heat,#823740,LQ heat distribution main,transmission,100000,1,20,LQHtransmission393,LQHtransmission2621,
LQHtransmission393_to_LQHtransmission1045_heat,#823740,LQ heat distribution main,transmission,100000,1,20,LQHtransmission1045,LQHtransmission393,
LQHtransmission1045_to_LQHtransmission310_heat,#823740,LQ heat distribution main,transmission,100000,1,20,LQHtransmission310,LQHtransmission1045,
LQHtransmission310_to_LQHtransmission2155_heat,#823740,LQ heat distribution main,transmission,100000,1,20,LQHtransmission2155,LQHtransmission310,
LQHtransmission1260_to_LQHtransmission2002_heat,#823740,LQ heat distribution main,transmission,100000,1,20,LQHtransmission2002,LQHtransmission1260,
LQHtransmission4238_to_LQHtransmission3032_heat,#823740,LQ heat distribution main,transmission,100000,1,20,LQHtransmission3032,LQHtransmission4238,
LQHtransmission3032_to_LQHtransmission3693_heat,#823740,LQ heat distribution main,transmission,100000,1,20,LQHtransmission3693,LQHtransmission3032,
LQHtransmission3693_to_LQHtransmission2005_heat,#823740,LQ heat distribution main,transmission,100000,1,20,LQHtransmission2005,LQHtransmission3693,
LQHtransmission2005_to_LQHtransmission4166_heat,#823740,LQ heat distribution main,transmission,100000,1,20,LQHtransmission4166,LQHtransmission2005,
LQHtransmission4166_to_LQHtransmission3142_heat,#823740,LQ heat distribution main,transmission,100000,1,20,LQHtransmission3142,LQHtransmission4166,
LQHtransmission3142_to_LQHtransmission2771_heat,#823740,LQ heat distribution main,transmission,100000,1,20,LQHtransmission2771,LQHtransmission3142,
LQHtransmission2771_to_LQHtransmission356_heat,#823740,LQ heat distribution main,transmission,100000,1,20,LQHtransmission356,LQHtransmission2771,
LQHtransmission3854_to_LQHtransmission2142_heat,#823740,LQ heat distribution main,transmission,100000,1,20,LQHtransmission2142,LQHtransmission3854,
LQHtransmission2142_to_LQHtransmission1830_heat,#823740,LQ heat distribution main,transmission,100000,1,20,LQHtransmission1830,LQHtransmission2142,
LQHtransmission1830_to_LQHtransmission85_heat,#823740,LQ heat distribution main,transmission,100000,1,20,LQHtransmission85,LQHtransmission1830,
LQHtransmission85_to_LQHtransmission1043_heat,#823740,LQ heat distribution main,transmission,100000,1,20,LQHtransmission1043,LQHtransmission85,
LQHtransmission1043_to_LQHtransmission834_heat,#823740,LQ heat distribution main,transmission,100000,1,20,LQHtransmission834,LQHtransmission1043,
LQHtransmission834_to_LQHtransmission1309_heat,#823740,LQ heat distribution main,transmission,100000,1,20,LQHtransmission1309,LQHtransmission834,
LQHtransmission1309_to_LQHtransmission2782_heat,#823740,LQ heat distribution main,transmission,100000,1,20,LQHtransmission2782,LQHtransmission1309,
LQHtransmission2782_to_LQHtransmission2282_heat,#823740,LQ heat distribution main,transmission,100000,1,20,LQHtransmission2282,LQHtransmission2782,
LQHtransmission2282_to_LQHtransmission1376_heat,#823740,LQ heat distribution main,transmission,100000,1,20,LQHtransmission1376,LQHtransmission2282,
LQHtransmission1376_to_LQHtransmission2361_heat,#823740,LQ heat distribution main,transmission,100000,1,20,LQHtransmission2361,LQHtransmission1376,
LQHtransmission2361_to_LQHtransmission1166_heat,#823740,LQ heat distribution main,transmission,100000,1,20,LQHtransmission1166,LQHtransmission2361,
LQHtransmission1166_to_LQHtransmission814_heat,#823740,LQ heat distribution main,transmission,100000,1,20,LQHtransmission814,LQHtransmission1166,
LQHtransmission814_to_LQHtransmission4607_heat,#823740,LQ heat distribution main,transmission,100000,1,20,LQHtransmission4607,LQHtransmission814,
LQHtransmission4607_to_LQHtransmission1969_heat,#823740,LQ heat distribution main,transmission,100000,1,20,LQHtransmission1969,LQHtransmission4607,
LQHtransmission1969_to_LQHtransmission243_heat,#823740,LQ heat distribution main,transmission,100000,1,20,LQHtransmission243,LQHtransmission1969,
LQHtransmission243_to_LQHtransmission3096_heat,#823740,LQ heat distribution main,transmission,100000,1,20,LQHtransmission3096,LQHtransmission243,
LQHtransmission3096_to_LQHtransmission2887_heat,#823740,LQ heat distribution main,transmission,100000,1,20,LQHtransmission2887,LQHtransmission3096,
LQHtransmission2887_to_LQHtransmission520_heat,#823740,LQ heat distribution main,transmission,100000,1,20,LQHtransmission520,LQHtransmission2887,
LQHtransmission520_to_LQHtransmission2783_heat,#823740,LQ heat distribution main,transmission,100000,1,20,LQHtransmission2783,LQHtransmission520,
LQHtransmission2783_to_LQHtransmission3141_heat,#823740,LQ heat distribution main,transmission,100000,1,20,LQHtransmission3141,LQHtransmission2783,
LQHtransmission3141_to_LQHtransmission3536_heat,#823740,LQ heat distribution main,transmission,100000,1,20,LQHtransmission3536,LQHtransmission3141,
LQHtransmission3536_to_LQHtransmission3923_heat,#823740,LQ heat distribution main,transmission,100000,1,20,LQHtransmission3923,LQHtransmission3536,
LQHtransmission3923_to_LQHtransmission660_heat,#823740,LQ heat distribution main,transmission,100000,1,20,LQHtransmission660,LQHtransmission3923,
LQHtransmission660_to_LQHtransmission4533_heat,#823740,LQ heat distribution main,transmission,100000,1,20,LQHtransmission4533,LQHtransmission660,
LQHtransmission4533_to_LQHtransmission776_heat,#823740,LQ heat distribution main,transmission,100000,1,20,LQHtransmission776,LQHtransmission4533,
LQHtransmission776_to_LQHtransmission4458_heat,#823740,LQ heat distribution main,transmission,100000,1,20,LQHtransmission4458,LQHtransmission776,
LQHtransmission4458_to_LQHtransmission4591_heat,#823740,LQ heat distribution main,transmission,100000,1,20,LQHtransmission4591,LQHtransmission4458,
LQHtransmission4591_to_LQHtransmission3957_heat,#823740,LQ heat distribution main,transmission,100000,1,20,LQHtransmission3957,LQHtransmission4591,
LQHtransmission3957_to_LQHtransmission3973_heat,#823740,LQ heat distribution main,transmission,100000,1,20,LQHtransmission3973,LQHtransmission3957,
LQHtransmission3973_to_LQHtransmission1557_heat,#823740,LQ heat distribution main,transmission,100000,1,20,LQHtransmission1557,LQHtransmission3973,
LQHtransmission1557_to_LQHtransmission3226_heat,#823740,LQ heat distribution main,transmission,100000,1,20,LQHtransmission3226,LQHtransmission1557,
LQHtransmission3226_to_LQHtransmission410_heat,#823740,LQ heat distribution main,transmission,100000,1,20,LQHtransmission410,LQHtransmission3226,
LQHtransmission410_to_LQHtransmission4376_heat,#823740,LQ heat distribution main,transmission,100000,1,20,LQHtransmission4376,LQHtransmission410,
LQHtransmission4376_to_LQHtransmission4031_heat,#823740,LQ heat distribution main,transmission,100000,1,20,LQHtransmission4031,LQHtransmission4376,
LQHtransmission4031_to_LQHtransmission3725_heat,#823740,LQ heat distribution main,transmission,100000,1,20,LQHtransmission3725,LQHtransmission4031,
LQHtransmission3725_to_LQHtransmission2310_heat,#823740,LQ heat distribution main,transmission,100000,1,20,LQHtransmission2310,LQHtransmission3725,
LQHtransmission2310_to_LQHtransmission3313_heat,#823740,LQ heat distribution main,transmission,100000,1,20,LQHtransmission3313,LQHtransmission2310,
LQHtransmission3313_to_LQHtransmission2109_heat,#823740,LQ heat distribution main,transmission,100000,1,20,LQHtransmission2109,LQHtransmission3313,
LQHtransmission2109_to_LQHtransmission2047_heat,#823740,LQ heat distribution main,transmission,100000,1,20,LQHtransmission2047,LQHtransmission2109,
LQHtransmission2047_to_LQHtransmission375_heat,#823740,LQ heat distribution main,transmission,100000,1,20,LQHtransmission375,LQHtransmission2047,
LQHtransmission375_to_LQHtransmission4259_heat,#823740,LQ heat distribution main,transmission,100000,1,20,LQHtransmission4259,LQHtransmission375,
LQHtransmission4259_to_LQHtransmission4127_heat,#823740,LQ heat distribution main,transmission,100000,1,20,LQHtransmission4127,LQHtransmission4259,
LQHtransmission4127_to_LQHtransmission3518_heat,#823740,LQ heat distribution main,transmission,100000,1,20,LQHtransmission3518,LQHtransmission4127,
LQHtransmission3518_to_LQHtransmission4263_heat,#823740,LQ heat distribution main,transmission,100000,1,20,LQHtransmission4263,LQHtransmission3518,
LQHtransmission4263_to_LQHtransmission2080_heat,#823740,LQ heat distribution main,transmission,100000,1,20,LQHtransmission2080,LQHtransmission4263,
LQHtransmission2080_to_LQHtransmission3193_heat,#823740,LQ heat distribution main,transmission,100000,1,20,LQHtransmission3193,LQHtransmission2080,
LQHtransmission3193_to_LQHtransmission1206_heat,#823740,LQ heat distribution main,transmission,100000,1,20,LQHtransmission1206,LQHtransmission3193,
LQHtransmission1206_to_LQHtransmission2620_heat,#823740,LQ heat distribution main,transmission,100000,1,20,LQHtransmission2620,LQHtransmission1206,
LQHtransmission2620_to_LQHtransmission4329_heat,#823740,LQ heat distribution main,transmission,100000,1,20,LQHtransmission4329,LQHtransmission2620,
LQHtransmission2972_to_LQHtransmission2400_heat,#823740,LQ heat distribution main,transmission,100000,1,20,LQHtransmission2400,LQHtransmission2972,
LQHtransmission2400_to_LQHtransmission1002_heat,#823740,LQ heat distribution main,transmission,100000,1,20,LQHtransmission1002,LQHtransmission2400,
LQHtransmission1002_to_LQHtransmission55_heat,#823740,LQ heat distribution main,transmission,100000,1,20,LQHtransmission55,LQHtransmission1002,
LQHtransmission55_to_LQHtransmission2775_heat,#823740,LQ heat distribution main,transmission,100000,1,20,LQHtransmission2775,LQHtransmission55,
LQHtransmission1161_to_LQHtransmission2915_heat,#823740,LQ heat distribution main,transmission,100000,1,20,LQHtransmission2915,LQHtransmission1161,
LQHtransmission2915_to_LQHtransmission4543_heat,#823740,LQ heat distribution main,transmission,100000,1,20,LQHtransmission4543,LQHtransmission2915,
LQHtransmission4543_to_LQHtransmission3051_heat,#823740,LQ heat distribution main,transmission,100000,1,20,LQHtransmission3051,LQHtransmission4543,
LQHtransmission2795_to_LQHtransmission4091_heat,#823740,LQ heat distribution main,transmission,100000,1,20,LQHtransmission4091,LQHtransmission2795,
LQHtransmission4548_to_LQHtransmission3915_heat,#823740,LQ heat distribution main,transmission,100000,1,20,LQHtransmission3915,LQHtransmission4548,
LQHtransmission4580_to_LQHtransmission4211_heat,#823740,LQ heat distribution main,transmission,100000,1,20,LQHtransmission4211,LQHtransmission4580,
LQHtransmission4211_to_LQHtransmission4536_heat,#823740,LQ heat distribution main,transmission,100000,1,20,LQHtransmission4536,LQHtransmission4211,
LQHtransmission4536_to_LQHtransmission107_heat,#823740,LQ heat distribution main,transmission,100000,1,20,LQHtransmission107,LQHtransmission4536,
LQHtransmission107_to_LQHtransmission750_heat,#823740,LQ heat distribution main,transmission,100000,1,20,LQHtransmission750,LQHtransmission107,
LQHtransmission750_to_LQHtransmission480_heat,#823740,LQ heat distribution main,transmission,100000,1,20,LQHtransmission480,LQHtransmission750,
LQHtransmission480_to_LQHtransmission3485_heat,#823740,LQ heat distribution main,transmission,100000,1,20,LQHtransmission3485,LQHtransmission480,
LQHtransmission3485_to_LQHtransmission2009_heat,#823740,LQ heat distribution main,transmission,100000,1,20,LQHtransmission2009,LQHtransmission3485,
LQHtransmission2009_to_LQHtransmission278_heat,#823740,LQ heat distribution main,transmission,100000,1,20,LQHtransmission278,LQHtransmission2009,
LQHtransmission278_to_LQHtransmission4162_heat,#823740,LQ heat distribution main,transmission,100000,1,20,LQHtransmission4162,LQHtransmission278,
LQHtransmission4162_to_LQHtransmission452_heat,#823740,LQ heat distribution main,transmission,100000,1,20,LQHtransmission452,LQHtransmission4162,
LQHtransmission452_to_LQHtransmission789_heat,#823740,LQ heat distribution main,transmission,100000,1,20,LQHtransmission789,LQHtransmission452,
LQHtransmission789_to_LQHtransmission4295_heat,#823740,LQ heat distribution main,transmission,100000,1,20,LQHtransmission4295,LQHtransmission789,
LQHtransmission4295_to_LQHtransmission580_heat,#823740,LQ heat distribution main,transmission,100000,1,20,LQHtransmission580,LQHtransmission4295,
LQHtransmission580_to_LQHtransmission3097_heat,#823740,LQ heat distribution main,transmission,100000,1,20,LQHtransmission3097,LQHtransmission580,
LQHtransmission3097_to_LQHtransmission1826_heat,#823740,LQ heat distribution main,transmission,100000,1,20,LQHtransmission1826,LQHtransmission3097,
LQHtransmission1826_to_LQHtransmission2827_heat,#823740,LQ heat distribution main,transmission,100000,1,20,LQHtransmission2827,LQHtransmission1826,
LQHtransmission2827_to_LQHtransmission3218_heat,#823740,LQ heat distribution main,transmission,100000,1,20,LQHtransmission3218,LQHtransmission2827,
LQHtransmission3218_to_LQHtransmission3657_heat,#823740,LQ heat distribution main,transmission,100000,1,20,LQHtransmission3657,LQHtransmission3218,
LQHtransmission3657_to_LQHtransmission2430_heat,#823740,LQ heat distribution main,transmission,100000,1,20,LQHtransmission2430,LQHtransmission3657,
LQHtransmission2430_to_LQHtransmission349_heat,#823740,LQ heat distribution main,transmission,100000,1,20,LQHtransmission349,LQHtransmission2430,
LQHtransmission349_to_LQHtransmission3787_heat,#823740,LQ heat distribution main,transmission,100000,1,20,LQHtransmission3787,LQHtransmission349,
LQHtransmission3787_to_LQHtransmission2250_heat,#823740,LQ heat distribution main,transmission,100000,1,20,LQHtransmission2250,LQHtransmission3787,
LQHtransmission2250_to_LQHtransmission2725_heat,#823740,LQ heat distribution main,transmission,100000,1,20,LQHtransmission2725,LQHtransmission2250,
LQHtransmission2725_to_LQHtransmission4332_heat,#823740,LQ heat distribution main,transmission,100000,1,20,LQHtransmission4332,LQHtransmission2725,
LQHtransmission4332_to_LQHtransmission2925_heat,#823740,LQ heat distribution main,transmission,100000,1,20,LQHtransmission2925,LQHtransmission4332,
LQHtransmission2925_to_LQHtransmission2287_heat,#823740,LQ heat distribution main,transmission,100000,1,20,LQHtransmission2287,LQHtransmission2925,
LQHtransmission2287_to_LQHtransmission2761_heat,#823740,LQ heat distribution main,transmission,100000,1,20,LQHtransmission2761,LQHtransmission2287,
LQHtransmission2761_to_LQHtransmission3928_heat,#823740,LQ heat distribution main,transmission,100000,1,20,LQHtransmission3928,LQHtransmission2761,
LQHtransmission3928_to_LQHtransmission2384_heat,#823740,LQ heat distribution main,transmission,100000,1,20,LQHtransmission2384,LQHtransmission3928,
LQHtransmission2384_to_LQHtransmission2869_heat,#823740,LQ heat distribution main,transmission,100000,1,20,LQHtransmission2869,LQHtransmission2384,
LQHtransmission2869_to_LQHtransmission4475_heat,#823740,LQ heat distribution main,transmission,100000,1,20,LQHtransmission4475,LQHtransmission2869,
LQHtransmission4475_to_LQHtransmission2956_heat,#823740,LQ heat distribution main,transmission,100000,1,20,LQHtransmission2956,LQHtransmission4475,
LQHtransmission2956_to_LQHtransmission3444_heat,#823740,LQ heat distribution main,transmission,100000,1,20,LQHtransmission3444,LQHtransmission2956,
LQHtransmission3444_to_LQHtransmission4508_heat,#823740,LQ heat distribution main,transmission,100000,1,20,LQHtransmission4508,LQHtransmission3444,
LQHtransmission4508_to_LQHtransmission847_heat,#823740,LQ heat distribution main,transmission,100000,1,20,LQHtransmission847,LQHtransmission4508,
LQHtransmission847_to_LQHtransmission2579_heat,#823740,LQ heat distribution main,transmission,100000,1,20,LQHtransmission2579,LQHtransmission847,
LQHtransmission2579_to_LQHtransmission3407_heat,#823740,LQ heat distribution main,transmission,100000,1,20,LQHtransmission3407,LQHtransmission2579,
LQHtransmission3407_to_LQHtransmission1653_heat,#823740,LQ heat distribution main,transmission,100000,1,20,LQHtransmission1653,LQHtransmission3407,
LQHtransmission2506_to_LQHtransmission2764_heat,#823740,LQ heat distribution main,transmission,100000,1,20,LQHtransmission2764,LQHtransmission2506,
LQHtransmission2764_to_LQHtransmission1398_heat,#823740,LQ heat distribution main,transmission,100000,1,20,LQHtransmission1398,LQHtransmission2764,
LQHtransmission1398_to_LQHtransmission52_heat,#823740,LQ heat distribution main,transmission,100000,1,20,LQHtransmission52,LQHtransmission1398,
LQHtransmission52_to_LQHtransmission753_heat,#823740,LQ heat distribution main,transmission,100000,1,20,LQHtransmission753,LQHtransmission52,
LQHtransmission753_to_LQHtransmission967_heat,#823740,LQ heat distribution main,transmission,100000,1,20,LQHtransmission967,LQHtransmission753,
LQHtransmission967_to_LQHtransmission89_heat,#823740,LQ heat distribution main,transmission,100000,1,20,LQHtransmission89,LQHtransmission967,
LQHtransmission89_to_LQHtransmission244_heat,#823740,LQ heat distribution main,transmission,100000,1,20,LQHtransmission244,LQHtransmission89,
LQHtransmission244_to_LQHtransmission533_heat,#823740,LQ heat distribution main,transmission,100000,1,20,LQHtransmission533,LQHtransmission244,
LQHtransmission533_to_LQHtransmission3210_heat,#823740,LQ heat distribution main,transmission,100000,1,20,LQHtransmission3210,LQHtransmission533,
LQHtransmission3210_to_LQHtransmission3926_heat,#823740,LQ heat distribution main,transmission,100000,1,20,LQHtransmission3926,LQHtransmission3210,
LQHtransmission3926_to_LQHtransmission1894_heat,#823740,LQ heat distribution main,transmission,100000,1,20,LQHtransmission1894,LQHtransmission3926,
LQHtransmission1894_to_LQHtransmission3640_heat,#823740,LQ heat distribution main,transmission,100000,1,20,LQHtransmission3640,LQHtransmission1894,
LQHtransmission3640_to_LQHtransmission2119_heat,#823740,LQ heat distribution main,transmission,100000,1,20,LQHtransmission2119,LQHtransmission3640,
LQHtransmission2119_to_LQHtransmission692_heat,#823740,LQ heat distribution main,transmission,100000,1,20,LQHtransmission692,LQHtransmission2119,
LQHtransmission692_to_LQHtransmission1980_heat,#823740,LQ heat distribution main,transmission,100000,1,20,LQHtransmission1980,LQHtransmission692,
LQHtransmission1980_to_LQHtransmission4287_heat,#823740,LQ heat distribution main,transmission,100000,1,20,LQHtransmission4287,LQHtransmission1980,
LQHtransmission4287_to_LQHtransmission2327_heat,#823740,LQ heat distribution main,transmission,100000,1,20,LQHtransmission2327,LQHtransmission4287,
LQHtransmission2327_to_LQHtransmission2883_heat,#823740,LQ heat distribution main,transmission,100000,1,20,LQHtransmission2883,LQHtransmission2327,
LQHtransmission2883_to_LQHtransmission4184_heat,#823740,LQ heat distribution main,transmission,100000,1,20,LQHtransmission4184,LQHtransmission2883,
LQHtransmission4184_to_LQHtransmission4406_heat,#823740,LQ heat distribution main,transmission,100000,1,20,LQHtransmission4406,LQHtransmission4184,
LQHtransmission4406_to_LQHtransmission591_heat,#823740,LQ heat distribution main,transmission,100000,1,20,LQHtransmission591,LQHtransmission4406,
LQHtransmission591_to_LQHtransmission4685_heat,#823740,LQ heat distribution main,transmission,100000,1,20,LQHtransmission4685,LQHtransmission591,
LQHtransmission4685_to_LQHtransmission682_heat,#823740,LQ heat distribution main,transmission,100000,1,20,LQHtransmission682,LQHtransmission4685,
LQHtransmission682_to_LQHtransmission4628_heat,#823740,LQ heat distribution main,transmission,100000,1,20,LQHtransmission4628,LQHtransmission682,
LQHtransmission4628_to_LQHtransmission240_heat,#823740,LQ heat distribution main,transmission,100000,1,20,LQHtransmission240,LQHtransmission4628,
LQHtransmission240_to_LQHtransmission3345_heat,#823740,LQ heat distribution main,transmission,100000,1,20,LQHtransmission3345,LQHtransmission240,
LQHtransmission3345_to_LQHtransmission4471_heat,#823740,LQ heat distribution main,transmission,100000,1,20,LQHtransmission4471,LQHtransmission3345,
LQHtransmission4471_to_LQHtransmission4381_heat,#823740,LQ heat distribution main,transmission,100000,1,20,LQHtransmission4381,LQHtransmission4471,
LQHtransmission4381_to_LQHtransmission3678_heat,#823740,LQ heat distribution main,transmission,100000,1,20,LQHtransmission3678,LQHtransmission4381,
LQHtransmission4730_to_LQHtransmission4121_heat,#823740,LQ heat distribution main,transmission,100000,1,20,LQHtransmission4121,LQHtransmission4730,
LQHtransmission1855_to_LQHtransmission453_heat,#823740,LQ heat distribution main,transmission,100000,1,20,LQHtransmission453,LQHtransmission1855,
LQHtransmission453_to_LQHtransmission4140_heat,#823740,LQ heat distribution main,transmission,100000,1,20,LQHtransmission4140,LQHtransmission453,
LQHtransmission4140_to_LQHtransmission3179_heat,#823740,LQ heat distribution main,transmission,100000,1,20,LQHtransmission3179,LQHtransmission4140,
LQHtransmission3179_to_LQHtransmission695_heat,#823740,LQ heat distribution main,transmission,100000,1,20,LQHtransmission695,LQHtransmission3179,
LQHtransmission695_to_LQHtransmission715_heat,#823740,LQ heat distribution main,transmission,100000,1,20,LQHtransmission715,LQHtransmission695,
LQHtransmission715_to_LQHtransmission2294_heat,#823740,LQ heat distribution main,transmission,100000,1,20,LQHtransmission2294,LQHtransmission715,
LQHtransmission2294_to_LQHtransmission4133_heat,#823740,LQ heat distribution main,transmission,100000,1,20,LQHtransmission4133,LQHtransmission2294,
LQHtransmission4133_to_LQHtransmission4268_heat,#823740,LQ heat distribution main,transmission,100000,1,20,LQHtransmission4268,LQHtransmission4133,
LQHtransmission4268_to_LQHtransmission4223_heat,#823740,LQ heat distribution main,transmission,100000,1,20,LQHtransmission4223,LQHtransmission4268,
LQHtransmission4223_to_LQHtransmission2269_heat,#823740,LQ heat distribution main,transmission,100000,1,20,LQHtransmission2269,LQHtransmission4223,
LQHtransmission2269_to_LQHtransmission561_heat,#823740,LQ heat distribution main,transmission,100000,1,20,LQHtransmission561,LQHtransmission2269,
LQHtransmission561_to_LQHtransmission1728_heat,#823740,LQ heat distribution main,transmission,100000,1,20,LQHtransmission1728,LQHtransmission561,
LQHtransmission1728_to_LQHtransmission2626_heat,#823740,LQ heat distribution main,transmission,100000,1,20,LQHtransmission2626,LQHtransmission1728,
LQHtransmission2626_to_LQHtransmission1783_heat,#823740,LQ heat distribution main,transmission,100000,1,20,LQHtransmission1783,LQHtransmission2626,
LQHtransmission1783_to_LQHtransmission2706_heat,#823740,LQ heat distribution main,transmission,100000,1,20,LQHtransmission2706,LQHtransmission1783,
LQHtransmission2706_to_LQHtransmission2830_heat,#823740,LQ heat distribution main,transmission,100000,1,20,LQHtransmission2830,LQHtransmission2706,
LQHtransmission2830_to_LQHtransmission740_heat,#823740,LQ heat distribution main,transmission,100000,1,20,LQHtransmission740,LQHtransmission2830,
LQHtransmission740_to_LQHtransmission1971_heat,#823740,LQ heat distribution main,transmission,100000,1,20,LQHtransmission1971,LQHtransmission740,
LQHtransmission1971_to_LQHtransmission33_heat,#823740,LQ heat distribution main,transmission,100000,1,20,LQHtransmission33,LQHtransmission1971,
LQHtransmission33_to_LQHtransmission4298_heat,#823740,LQ heat distribution main,transmission,100000,1,20,LQHtransmission4298,LQHtransmission33,
LQHtransmission4298_to_LQHtransmission146_heat,#823740,LQ heat distribution main,transmission,100000,1,20,LQHtransmission146,LQHtransmission4298,
LQHtransmission146_to_LQHtransmission1109_heat,#823740,LQ heat distribution main,transmission,100000,1,20,LQHtransmission1109,LQHtransmission146,
LQHtransmission1109_to_LQHtransmission4465_heat,#823740,LQ heat distribution main,transmission,100000,1,20,LQHtransmission4465,LQHtransmission1109,
LQHtransmission4465_to_LQHtransmission1834_heat,#823740,LQ heat distribution main,transmission,100000,1,20,LQHtransmission1834,LQHtransmission4465,
LQHtransmission1834_to_LQHtransmission751_heat,#823740,LQ heat distribution main,transmission,100000,1,20,LQHtransmission751,LQHtransmission1834,
LQHtransmission751_to_LQHtransmission3112_heat,#823740,LQ heat distribution main,transmission,100000,1,20,LQHtransmission3112,LQHtransmission751,
LQHtransmission3112_to_LQHtransmission167_heat,#823740,LQ heat distribution main,transmission,100000,1,20,LQHtransmission167,LQHtransmission3112,
LQHtransmission167_to_LQHtransmission2504_heat,#823740,LQ heat distribution main,transmission,100000,1,20,LQHtransmission2504,LQHtransmission167,
LQHtransmission2504_to_LQHtransmission1888_heat,#823740,LQ heat distribution main,transmission,100000,1,20,LQHtransmission1888,LQHtransmission2504,
LQHtransmission1888_to_LQHtransmission427_heat,#823740,LQ heat distribution main,transmission,100000,1,20,LQHtransmission427,LQHtransmission1888,
LQHtransmission427_to_LQHtransmission2542_heat,#823740,LQ heat distribution main,transmission,100000,1,20,LQHtransmission2542,LQHtransmission427,
LQHtransmission2542_to_LQHtransmission609_heat,#823740,LQ heat distribution main,transmission,100000,1,20,LQHtransmission609,LQHtransmission2542,
LQHtransmission609_to_LQHtransmission1134_heat,#823740,LQ heat distribution main,transmission,100000,1,20,LQHtransmission1134,LQHtransmission609,
LQHtransmission1134_to_LQHtransmission3769_heat,#823740,LQ heat distribution main,transmission,100000,1,20,LQHtransmission3769,LQHtransmission1134,
LQHtransmission3769_to_LQHtransmission1581_heat,#823740,LQ heat distribution main,transmission,100000,1,20,LQHtransmission1581,LQHtransmission3769,
LQHtransmission1581_to_LQHtransmission885_heat,#823740,LQ heat distribution main,transmission,100000,1,20,LQHtransmission885,LQHtransmission1581,
LQHtransmission885_to_LQHtransmission2585_heat,#823740,LQ heat distribution main,transmission,100000,1,20,LQHtransmission2585,LQHtransmission885,
LQHtransmission2585_to_LQHtransmission4509_heat,#823740,LQ heat distribution main,transmission,100000,1,20,LQHtransmission4509,LQHtransmission2585,
LQHtransmission4509_to_LQHtransmission2160_heat,#823740,LQ heat distribution main,transmission,100000,1,20,LQHtransmission2160,LQHtransmission4509,
LQHtransmission2160_to_LQHtransmission4431_heat,#823740,LQ heat distribution main,transmission,100000,1,20,LQHtransmission4431,LQHtransmission2160,
LQHtransmission4431_to_LQHtransmission747_heat,#823740,LQ heat distribution main,transmission,100000,1,20,LQHtransmission747,LQHtransmission4431,
LQHtransmission747_to_LQHtransmission3069_heat,#823740,LQ heat distribution main,transmission,100000,1,20,LQHtransmission3069,LQHtransmission747,
LQHtransmission3069_to_LQHtransmission3105_heat,#823740,LQ heat distribution main,transmission,100000,1,20,LQHtransmission3105,LQHtransmission3069,
LQHtransmission2729_to_LQHtransmission1983_heat,#823740,LQ heat distribution main,transmission,100000,1,20,LQHtransmission1983,LQHtransmission2729,
LQHtransmission1983_to_LQHtransmission1257_heat,#823740,LQ heat distribution main,transmission,100000,1,20,LQHtransmission1257,LQHtransmission1983,
LQHtransmission1257_to_LQHtransmission4233_heat,#823740,LQ heat distribution main,transmission,100000,1,20,LQHtransmission4233,LQHtransmission1257,
LQHtransmission4233_to_LQHtransmission3620_heat,#823740,LQ heat distribution main,transmission,100000,1,20,LQHtransmission3620,LQHtransmission4233,
LQHtransmission3620_to_LQHtransmission4320_heat,#823740,LQ heat distribution main,transmission,100000,1,20,LQHtransmission4320,LQHtransmission3620,
LQHtransmission4320_to_LQHtransmission1373_heat,#823740,LQ heat distribution main,transmission,100000,1,20,LQHtransmission1373,LQHtransmission4320,
LQHtransmission1373_to_LQHtransmission2995_heat,#823740,LQ heat distribution main,transmission,100000,1,20,LQHtransmission2995,LQHtransmission1373,
LQHtransmission2995_to_LQHtransmission2592_heat,#823740,LQ heat distribution main,transmission,100000,1,20,LQHtransmission2592,LQHtransmission2995,
LQHtransmission2592_to_LQHtransmission822_heat,#823740,LQ heat distribution main,transmission,100000,1,20,LQHtransmission822,LQHtransmission2592,
LQHtransmission822_to_LQHtransmission683_heat,#823740,LQ heat distribution main,transmission,100000,1,20,LQHtransmission683,LQHtransmission822,
LQHtransmission683_to_LQHtransmission4104_heat,#823740,LQ heat distribution main,transmission,100000,1,20,LQHtransmission4104,LQHtransmission683,
LQHtransmission4104_to_LQHtransmission2799_heat,#823740,LQ heat distribution main,transmission,100000,1,20,LQHtransmission2799,LQHtransmission4104,
LQHtransmission2799_to_LQHtransmission1879_heat,#823740,LQ heat distribution main,transmission,100000,1,20,LQHtransmission1879,LQHtransmission2799,
LQHtransmission1879_to_LQHtransmission1788_heat,#823740,LQ heat distribution main,transmission,100000,1,20,LQHtransmission1788,LQHtransmission1879,
LQHtransmission3203_to_LQHtransmission2296_heat,#823740,LQ heat distribution main,transmission,100000,1,20,LQHtransmission2296,LQHtransmission3203,
LQHtransmission2296_to_LQHtransmission2752_heat,#823740,LQ heat distribution main,transmission,100000,1,20,LQHtransmission2752,LQHtransmission2296,
LQHtransmission2752_to_LQHtransmission864_heat,#823740,LQ heat distribution main,transmission,100000,1,20,LQHtransmission864,LQHtransmission2752,
LQHtransmission864_to_LQHtransmission4282_heat,#823740,LQ heat distribution main,transmission,100000,1,20,LQHtransmission4282,LQHtransmission864,
LQHtransmission4282_to_LQHtransmission803_heat,#823740,LQ heat distribution main,transmission,100000,1,20,LQHtransmission803,LQHtransmission4282,
LQHtransmission803_to_LQHtransmission3966_heat,#823740,LQ heat distribution main,transmission,100000,1,20,LQHtransmission3966,LQHtransmission803,
LQHtransmission3966_to_LQHtransmission1807_heat,#823740,LQ heat distribution main,transmission,100000,1,20,LQHtransmission1807,LQHtransmission3966,
LQHtransmission1807_to_LQHtransmission4132_heat,#823740,LQ heat distribution main,transmission,100000,1,20,LQHtransmission4132,LQHtransmission1807,
LQHtransmission4132_to_LQHtransmission274_heat,#823740,LQ heat distribution main,transmission,100000,1,20,LQHtransmission274,LQHtransmission4132,
LQHtransmission274_to_LQHtransmission4349_heat,#823740,LQ heat distribution main,transmission,100000,1,20,LQHtransmission4349,LQHtransmission274,
LQHtransmission4349_to_LQHtransmission502_heat,#823740,LQ heat distribution main,transmission,100000,1,20,LQHtransmission502,LQHtransmission4349,
LQHtransmission502_to_LQHtransmission3576_heat,#823740,LQ heat distribution main,transmission,100000,1,20,LQHtransmission3576,LQHtransmission502,
LQHtransmission3576_to_LQHtransmission4476_heat,#823740,LQ heat distribution main,transmission,100000,1,20,LQHtransmission4476,LQHtransmission3576,
LQHtransmission4476_to_LQHtransmission3815_heat,#823740,LQ heat distribution main,transmission,100000,1,20,LQHtransmission3815,LQHtransmission4476,
LQHtransmission3815_to_LQHtransmission3154_heat,#823740,LQ heat distribution main,transmission,100000,1,20,LQHtransmission3154,LQHtransmission3815,
LQHtransmission3154_to_LQHtransmission1229_heat,#823740,LQ heat distribution main,transmission,100000,1,20,LQHtransmission1229,LQHtransmission3154,
LQHtransmission1229_to_LQHtransmission539_heat,#823740,LQ heat distribution main,transmission,100000,1,20,LQHtransmission539,LQHtransmission1229,
LQHtransmission539_to_LQHtransmission4603_heat,#823740,LQ heat distribution main,transmission,100000,1,20,LQHtransmission4603,LQHtransmission539,
LQHtransmission4603_to_LQHtransmission1997_heat,#823740,LQ heat distribution main,transmission,100000,1,20,LQHtransmission1997,LQHtransmission4603,
LQHtransmission1997_to_LQHtransmission1034_heat,#823740,LQ heat distribution main,transmission,100000,1,20,LQHtransmission1034,LQHtransmission1997,
LQHtransmission1034_to_LQHtransmission289_heat,#823740,LQ heat distribution main,transmission,100000,1,20,LQHtransmission289,LQHtransmission1034,
LQHtransmission289_to_LQHtransmission1598_heat,#823740,LQ heat distribution main,transmission,100000,1,20,LQHtransmission1598,LQHtransmission289,
LQHtransmission1598_to_LQHtransmission3469_heat,#823740,LQ heat distribution main,transmission,100000,1,20,LQHtransmission3469,LQHtransmission1598,
LQHtransmission3469_to_LQHtransmission4193_heat,#823740,LQ heat distribution main,transmission,100000,1,20,LQHtransmission4193,LQHtransmission3469,
LQHtransmission4193_to_LQHtransmission4303_heat,#823740,LQ heat distribution main,transmission,100000,1,20,LQHtransmission4303,LQHtransmission4193,
LQHtransmission4303_to_LQHtransmission334_heat,#823740,LQ heat distribution main,transmission,100000,1,20,LQHtransmission334,LQHtransmission4303,
LQHtransmission593_to_LQHtransmission1462_heat,#823740,LQ heat distribution main,transmission,100000,1,20,LQHtransmission1462,LQHtransmission593,
LQHtransmission1462_to_LQHtransmission1425_heat,#823740,LQ heat distribution main,transmission,100000,1,20,LQHtransmission1425,LQHtransmission1462,
LQHtransmission1425_to_LQHtransmission482_heat,#823740,LQ heat distribution main,transmission,100000,1,20,LQHtransmission482,LQHtransmission1425,
LQHtransmission482_to_LQHtransmission3424_heat,#823740,LQ heat distribution main,transmission,100000,1,20,LQHtransmission3424,LQHtransmission482,
LQHtransmission3424_to_LQHtransmission1303_heat,#823740,LQ heat distribution main,transmission,100000,1,20,LQHtransmission1303,LQHtransmission3424,
LQHtransmission2788_to_LQHtransmission4017_heat,#823740,LQ heat distribution main,transmission,100000,1,20,LQHtransmission4017,LQHtransmission2788,
LQHtransmission4017_to_LQHtransmission697_heat,#823740,LQ heat distribution main,transmission,100000,1,20,LQHtransmission697,LQHtransmission4017,
LQHtransmission697_to_LQHtransmission1506_heat,#823740,LQ heat distribution main,transmission,100000,1,20,LQHtransmission1506,LQHtransmission697,
LQHtransmission1506_to_LQHtransmission138_heat,#823740,LQ heat distribution main,transmission,100000,1,20,LQHtransmission138,LQHtransmission1506,
LQHtransmission138_to_LQHtransmission1120_heat,#823740,LQ heat distribution main,transmission,100000,1,20,LQHtransmission1120,LQHtransmission138,
LQHtransmission2202_to_LQHtransmission4221_heat,#823740,LQ heat distribution main,transmission,100000,1,20,LQHtransmission4221,LQHtransmission2202,
warmtenet8_to_substation_multatulibuurt,#823747,Heat transmission main,transmission,100000,1,20,warmtenet8,substation_multatulibuurt,
substation_multatulibuurt_to_LQHtransmission2276_heat,#823740,LQ heat distribution main,transmission,100000,1,20,LQHtransmission2276,substation_multatulibuurt,
D0503100000000190_to_LQHtransmission2629_heat,#823740,LQ heat distribution secondary,transmission,100000,1,20,LQHtransmission2629,D0503100000000190,
D0503100000000191_to_LQHtransmission2871_heat,#823740,LQ heat distribution secondary,transmission,100000,1,20,LQHtransmission2871,D0503100000000191,
D0503100000000193_to_LQHtransmission690_heat,#823740,LQ heat distribution secondary,transmission,100000,1,20,LQHtransmission690,D0503100000000193,
D0503100000001933_to_LQHtransmission3405_heat,#823740,LQ heat distribution secondary,transmission,100000,1,20,LQHtransmission3405,D0503100000001933,
D0503100000001936_to_LQHtransmission1246_heat,#823740,LQ heat distribution secondary,transmission,100000,1,20,LQHtransmission1246,D0503100000001936,
D0503100000001937_to_LQHtransmission1800_heat,#823740,LQ heat distribution secondary,transmission,100000,1,20,LQHtransmission1800,D0503100000001937,
D0503100000001938_to_LQHtransmission4163_heat,#823740,LQ heat distribution secondary,transmission,100000,1,20,LQHtransmission4163,D0503100000001938,
D0503100000002020_to_LQHtransmission3991_heat,#823740,LQ heat distribution secondary,transmission,100000,1,20,LQHtransmission3991,D0503100000002020,
D0503100000002021_to_LQHtransmission4557_heat,#823740,LQ heat distribution secondary,transmission,100000,1,20,LQHtransmission4557,D0503100000002021,
D0503100000002023_to_LQHtransmission369_heat,#823740,LQ heat distribution secondary,transmission,100000,1,20,LQHtransmission369,D0503100000002023,
D0503100000002025_to_LQHtransmission4688_heat,#823740,LQ heat distribution secondary,transmission,100000,1,20,LQHtransmission4688,D0503100000002025,
D0503100000002026_to_LQHtransmission4157_heat,#823740,LQ heat distribution secondary,transmission,100000,1,20,LQHtransmission4157,D0503100000002026,
D0503100000002031_to_LQHtransmission2355_heat,#823740,LQ heat distribution secondary,transmission,100000,1,20,LQHtransmission2355,D0503100000002031,
D0503100000002032_to_LQHtransmission2519_heat,#823740,LQ heat distribution secondary,transmission,100000,1,20,LQHtransmission2519,D0503100000002032,
D0503100000002033_to_LQHtransmission1277_heat,#823740,LQ heat distribution secondary,transmission,100000,1,20,LQHtransmission1277,D0503100000002033,
D0503100000013778_to_LQHtransmission2343_heat,#823740,LQ heat distribution secondary,transmission,100000,1,20,LQHtransmission2343,D0503100000013778,
D0503100000013779_to_LQHtransmission4670_heat,#823740,LQ heat distribution secondary,transmission,100000,1,20,LQHtransmission4670,D0503100000013779,
D0503100000013780_to_LQHtransmission544_heat,#823740,LQ heat distribution secondary,transmission,100000,1,20,LQHtransmission544,D0503100000013780,
D0503100000013831_to_LQHtransmission582_heat,#823740,LQ heat distribution secondary,transmission,100000,1,20,LQHtransmission582,D0503100000013831,
D0503100000013832_to_LQHtransmission1720_heat,#823740,LQ heat distribution secondary,transmission,100000,1,20,LQHtransmission1720,D0503100000013832,
D0503100000013834_to_LQHtransmission2567_heat,#823740,LQ heat distribution secondary,transmission,100000,1,20,LQHtransmission2567,D0503100000013834,
D0503100000013838_to_LQHtransmission3853_heat,#823740,LQ heat distribution secondary,transmission,100000,1,20,LQHtransmission3853,D0503100000013838,
D0503100000013839_to_LQHtransmission3146_heat,#823740,LQ heat distribution secondary,transmission,100000,1,20,LQHtransmission3146,D0503100000013839,
D0503100000013840_to_LQHtransmission78_heat,#823740,LQ heat distribution secondary,transmission,100000,1,20,LQHtransmission78,D0503100000013840,
D0503100000013841_to_LQHtransmission2030_heat,#823740,LQ heat distribution secondary,transmission,100000,1,20,LQHtransmission2030,D0503100000013841,
D0503100000013842_to_LQHtransmission4187_heat,#823740,LQ heat distribution secondary,transmission,100000,1,20,LQHtransmission4187,D0503100000013842,
D0503100000013843_to_LQHtransmission1821_heat,#823740,LQ heat distribution secondary,transmission,100000,1,20,LQHtransmission1821,D0503100000013843,
D0503100000013844_to_LQHtransmission658_heat,#823740,LQ heat distribution secondary,transmission,100000,1,20,LQHtransmission658,D0503100000013844,
D0503100000013845_to_LQHtransmission1785_heat,#823740,LQ heat distribution secondary,transmission,100000,1,20,LQHtransmission1785,D0503100000013845,
D0503100000013846_to_LQHtransmission4418_heat,#823740,LQ heat distribution secondary,transmission,100000,1,20,LQHtransmission4418,D0503100000013846,
D0503100000013849_to_LQHtransmission3226_heat,#823740,LQ heat distribution secondary,transmission,100000,1,20,LQHtransmission3226,D0503100000013849,
D0503100000013850_to_LQHtransmission725_heat,#823740,LQ heat distribution secondary,transmission,100000,1,20,LQHtransmission725,D0503100000013850,
D0503100000013851_to_LQHtransmission1012_heat,#823740,LQ heat distribution secondary,transmission,100000,1,20,LQHtransmission1012,D0503100000013851,
D0503100000013852_to_LQHtransmission3027_heat,#823740,LQ heat distribution secondary,transmission,100000,1,20,LQHtransmission3027,D0503100000013852,
D0503100000013853_to_LQHtransmission4579_heat,#823740,LQ heat distribution secondary,transmission,100000,1,20,LQHtransmission4579,D0503100000013853,
D0503100000013854_to_LQHtransmission3226_heat,#823740,LQ heat distribution secondary,transmission,100000,1,20,LQHtransmission3226,D0503100000013854,
D0503100000013855_to_LQHtransmission2684_heat,#823740,LQ heat distribution secondary,transmission,100000,1,20,LQHtransmission2684,D0503100000013855,
D0503100000013864_to_LQHtransmission4251_heat,#823740,LQ heat distribution secondary,transmission,100000,1,20,LQHtransmission4251,D0503100000013864,
D0503100000013866_to_LQHtransmission2770_heat,#823740,LQ heat distribution secondary,transmission,100000,1,20,LQHtransmission2770,D0503100000013866,
D0503100000013867_to_LQHtransmission4601_heat,#823740,LQ heat distribution secondary,transmission,100000,1,20,LQHtransmission4601,D0503100000013867,
D0503100000013868_to_LQHtransmission1622_heat,#823740,LQ heat distribution secondary,transmission,100000,1,20,LQHtransmission1622,D0503100000013868,
D0503100000013869_to_LQHtransmission1574_heat,#823740,LQ heat distribution secondary,transmission,100000,1,20,LQHtransmission1574,D0503100000013869,
D0503100000013870_to_LQHtransmission4398_heat,#823740,LQ heat distribution secondary,transmission,100000,1,20,LQHtransmission4398,D0503100000013870,
D0503100000013871_to_LQHtransmission4084_heat,#823740,LQ heat distribution secondary,transmission,100000,1,20,LQHtransmission4084,D0503100000013871,
D0503100000013872_to_LQHtransmission3129_heat,#823740,LQ heat distribution secondary,transmission,100000,1,20,LQHtransmission3129,D0503100000013872,
D0503100000013873_to_LQHtransmission4290_heat,#823740,LQ heat distribution secondary,transmission,100000,1,20,LQHtransmission4290,D0503100000013873,
D0503100000013875_to_LQHtransmission3890_heat,#823740,LQ heat distribution secondary,transmission,100000,1,20,LQHtransmission3890,D0503100000013875,
D0503100000013876_to_LQHtransmission4063_heat,#823740,LQ heat distribution secondary,transmission,100000,1,20,LQHtransmission4063,D0503100000013876,
D0503100000013877_to_LQHtransmission1382_heat,#823740,LQ heat distribution secondary,transmission,100000,1,20,LQHtransmission1382,D0503100000013877,
D0503100000013878_to_LQHtransmission2805_heat,#823740,LQ heat distribution secondary,transmission,100000,1,20,LQHtransmission2805,D0503100000013878,
D0503100000013880_to_LQHtransmission1514_heat,#823740,LQ heat distribution secondary,transmission,100000,1,20,LQHtransmission1514,D0503100000013880,
D0503100000013881_to_LQHtransmission2736_heat,#823740,LQ heat distribution secondary,transmission,100000,1,20,LQHtransmission2736,D0503100000013881,
D0503100000014645_to_LQHtransmission4189_heat,#823740,LQ heat distribution secondary,transmission,100000,1,20,LQHtransmission4189,D0503100000014645,
D0503100000014648_to_LQHtransmission1531_heat,#823740,LQ heat distribution secondary,transmission,100000,1,20,LQHtransmission1531,D0503100000014648,
D0503100000014649_to_LQHtransmission2885_heat,#823740,LQ heat distribution secondary,transmission,100000,1,20,LQHtransmission2885,D0503100000014649,
D0503100000014654_to_LQHtransmission4027_heat,#823740,LQ heat distribution secondary,transmission,100000,1,20,LQHtransmission4027,D0503100000014654,
D0503100000014719_to_LQHtransmission3045_heat,#823740,LQ heat distribution secondary,transmission,100000,1,20,LQHtransmission3045,D0503100000014719,
D0503100000014723_to_LQHtransmission131_heat,#823740,LQ heat distribution secondary,transmission,100000,1,20,LQHtransmission131,D0503100000014723,
D0503100000014725_to_LQHtransmission886_heat,#823740,LQ heat distribution secondary,transmission,100000,1,20,LQHtransmission886,D0503100000014725,
D0503100000014726_to_LQHtransmission3133_heat,#823740,LQ heat distribution secondary,transmission,100000,1,20,LQHtransmission3133,D0503100000014726,
D0503100000014729_to_LQHtransmission1443_heat,#823740,LQ heat distribution secondary,transmission,100000,1,20,LQHtransmission1443,D0503100000014729,
D0503100000014731_to_LQHtransmission2125_heat,#823740,LQ heat distribution secondary,transmission,100000,1,20,LQHtransmission2125,D0503100000014731,
D0503100000014733_to_LQHtransmission2939_heat,#823740,LQ heat distribution secondary,transmission,100000,1,20,LQHtransmission2939,D0503100000014733,
D0503100000014739_to_LQHtransmission2045_heat,#823740,LQ heat distribution secondary,transmission,100000,1,20,LQHtransmission2045,D0503100000014739,
D0503100000014741_to_LQHtransmission3066_heat,#823740,LQ heat distribution secondary,transmission,100000,1,20,LQHtransmission3066,D0503100000014741,
D0503100000014744_to_LQHtransmission3011_heat,#823740,LQ heat distribution secondary,transmission,100000,1,20,LQHtransmission3011,D0503100000014744,
D0503100000014745_to_LQHtransmission3070_heat,#823740,LQ heat distribution secondary,transmission,100000,1,20,LQHtransmission3070,D0503100000014745,
D0503100000014747_to_LQHtransmission3160_heat,#823740,LQ heat distribution secondary,transmission,100000,1,20,LQHtransmission3160,D0503100000014747,
D0503100000014748_to_LQHtransmission2989_heat,#823740,LQ heat distribution secondary,transmission,100000,1,20,LQHtransmission2989,D0503100000014748,
D0503100000014835_to_LQHtransmission2544_heat,#823740,LQ heat distribution secondary,transmission,100000,1,20,LQHtransmission2544,D0503100000014835,
D0503100000014836_to_LQHtransmission1035_heat,#823740,LQ heat distribution secondary,transmission,100000,1,20,LQHtransmission1035,D0503100000014836,
D0503100000014837_to_LQHtransmission3199_heat,#823740,LQ heat distribution secondary,transmission,100000,1,20,LQHtransmission3199,D0503100000014837,
D0503100000014838_to_LQHtransmission3571_heat,#823740,LQ heat distribution secondary,transmission,100000,1,20,LQHtransmission3571,D0503100000014838,
D0503100000014843_to_LQHtransmission2129_heat,#823740,LQ heat distribution secondary,transmission,100000,1,20,LQHtransmission2129,D0503100000014843,
D0503100000014847_to_LQHtransmission4494_heat,#823740,LQ heat distribution secondary,transmission,100000,1,20,LQHtransmission4494,D0503100000014847,
D0503100000014848_to_LQHtransmission2396_heat,#823740,LQ heat distribution secondary,transmission,100000,1,20,LQHtransmission2396,D0503100000014848,
D0503100000014850_to_LQHtransmission634_heat,#823740,LQ heat distribution secondary,transmission,100000,1,20,LQHtransmission634,D0503100000014850,
D0503100000014852_to_LQHtransmission256_heat,#823740,LQ heat distribution secondary,transmission,100000,1,20,LQHtransmission256,D0503100000014852,
D0503100000014854_to_LQHtransmission2086_heat,#823740,LQ heat distribution secondary,transmission,100000,1,20,LQHtransmission2086,D0503100000014854,
D0503100000015289_to_LQHtransmission136_heat,#823740,LQ heat distribution secondary,transmission,100000,1,20,LQHtransmission136,D0503100000015289,
D0503100000015290_to_LQHtransmission1269_heat,#823740,LQ heat distribution secondary,transmission,100000,1,20,LQHtransmission1269,D0503100000015290,
D0503100000015291_to_LQHtransmission3296_heat,#823740,LQ heat distribution secondary,transmission,100000,1,20,LQHtransmission3296,D0503100000015291,
D0503100000015292_to_LQHtransmission387_heat,#823740,LQ heat distribution secondary,transmission,100000,1,20,LQHtransmission387,D0503100000015292,
D0503100000015293_to_LQHtransmission619_heat,#823740,LQ heat distribution secondary,transmission,100000,1,20,LQHtransmission619,D0503100000015293,
D0503100000015294_to_LQHtransmission3520_heat,#823740,LQ heat distribution secondary,transmission,100000,1,20,LQHtransmission3520,D0503100000015294,
D0503100000015295_to_LQHtransmission3874_heat,#823740,LQ heat distribution secondary,transmission,100000,1,20,LQHtransmission3874,D0503100000015295,
D0503100000015297_to_LQHtransmission3870_heat,#823740,LQ heat distribution secondary,transmission,100000,1,20,LQHtransmission3870,D0503100000015297,
D0503100000015298_to_LQHtransmission4024_heat,#823740,LQ heat distribution secondary,transmission,100000,1,20,LQHtransmission4024,D0503100000015298,
D0503100000015299_to_LQHtransmission3965_heat,#823740,LQ heat distribution secondary,transmission,100000,1,20,LQHtransmission3965,D0503100000015299,
D0503100000015300_to_LQHtransmission1993_heat,#823740,LQ heat distribution secondary,transmission,100000,1,20,LQHtransmission1993,D0503100000015300,
D0503100000015304_to_LQHtransmission4587_heat,#823740,LQ heat distribution secondary,transmission,100000,1,20,LQHtransmission4587,D0503100000015304,
D0503100000015305_to_LQHtransmission419_heat,#823740,LQ heat distribution secondary,transmission,100000,1,20,LQHtransmission419,D0503100000015305,
D0503100000015306_to_LQHtransmission1383_heat,#823740,LQ heat distribution secondary,transmission,100000,1,20,LQHtransmission1383,D0503100000015306,
D0503100000015307_to_LQHtransmission50_heat,#823740,LQ heat distribution secondary,transmission,100000,1,20,LQHtransmission50,D0503100000015307,
D0503100000015312_to_LQHtransmission4520_heat,#823740,LQ heat distribution secondary,transmission,100000,1,20,LQHtransmission4520,D0503100000015312,
D0503100000015314_to_LQHtransmission353_heat,#823740,LQ heat distribution secondary,transmission,100000,1,20,LQHtransmission353,D0503100000015314,
D0503100000015316_to_LQHtransmission1216_heat,#823740,LQ heat distribution secondary,transmission,100000,1,20,LQHtransmission1216,D0503100000015316,
D0503100000015317_to_LQHtransmission3198_heat,#823740,LQ heat distribution secondary,transmission,100000,1,20,LQHtransmission3198,D0503100000015317,
D0503100000015318_to_LQHtransmission1128_heat,#823740,LQ heat distribution secondary,transmission,100000,1,20,LQHtransmission1128,D0503100000015318,
D0503100000015402_to_LQHtransmission4328_heat,#823740,LQ heat distribution secondary,transmission,100000,1,20,LQHtransmission4328,D0503100000015402,
D0503100000015404_to_LQHtransmission377_heat,#823740,LQ heat distribution secondary,transmission,100000,1,20,LQHtransmission377,D0503100000015404,
D0503100000015405_to_LQHtransmission3287_heat,#823740,LQ heat distribution secondary,transmission,100000,1,20,LQHtransmission3287,D0503100000015405,
D0503100000015406_to_LQHtransmission3394_heat,#823740,LQ heat distribution secondary,transmission,100000,1,20,LQHtransmission3394,D0503100000015406,
D0503100000015408_to_LQHtransmission108_heat,#823740,LQ heat distribution secondary,transmission,100000,1,20,LQHtransmission108,D0503100000015408,
D0503100000015409_to_LQHtransmission2996_heat,#823740,LQ heat distribution secondary,transmission,100000,1,20,LQHtransmission2996,D0503100000015409,
D0503100000015410_to_LQHtransmission894_heat,#823740,LQ heat distribution secondary,transmission,100000,1,20,LQHtransmission894,D0503100000015410,
D0503100000015412_to_LQHtransmission2663_heat,#823740,LQ heat distribution secondary,transmission,100000,1,20,LQHtransmission2663,D0503100000015412,
D0503100000015413_to_LQHtransmission1119_heat,#823740,LQ heat distribution secondary,transmission,100000,1,20,LQHtransmission1119,D0503100000015413,
D0503100000015414_to_LQHtransmission932_heat,#823740,LQ heat distribution secondary,transmission,100000,1,20,LQHtransmission932,D0503100000015414,
D0503100000015415_to_LQHtransmission822_heat,#823740,LQ heat distribution secondary,transmission,100000,1,20,LQHtransmission822,D0503100000015415,
D0503100000015416_to_LQHtransmission1360_heat,#823740,LQ heat distribution secondary,transmission,100000,1,20,LQHtransmission1360,D0503100000015416,
D0503100000015418_to_LQHtransmission1788_heat,#823740,LQ heat distribution secondary,transmission,100000,1,20,LQHtransmission1788,D0503100000015418,
D0503100000015420_to_LQHtransmission4361_heat,#823740,LQ heat distribution secondary,transmission,100000,1,20,LQHtransmission4361,D0503100000015420,
D0503100000015424_to_LQHtransmission2406_heat,#823740,LQ heat distribution secondary,transmission,100000,1,20,LQHtransmission2406,D0503100000015424,
D0503100000015425_to_LQHtransmission3366_heat,#823740,LQ heat distribution secondary,transmission,100000,1,20,LQHtransmission3366,D0503100000015425,
D0503100000015428_to_LQHtransmission4701_heat,#823740,LQ heat distribution secondary,transmission,100000,1,20,LQHtransmission4701,D0503100000015428,
D0503100000015431_to_LQHtransmission1012_heat,#823740,LQ heat distribution secondary,transmission,100000,1,20,LQHtransmission1012,D0503100000015431,
D0503100000015432_to_LQHtransmission3201_heat,#823740,LQ heat distribution secondary,transmission,100000,1,20,LQHtransmission3201,D0503100000015432,
D0503100000018688_to_LQHtransmission2890_heat,#823740,LQ heat distribution secondary,transmission,100000,1,20,LQHtransmission2890,D0503100000018688,
D0503100000018691_to_LQHtransmission2294_heat,#823740,LQ heat distribution secondary,transmission,100000,1,20,LQHtransmission2294,D0503100000018691,
D0503100000018692_to_LQHtransmission3413_heat,#823740,LQ heat distribution secondary,transmission,100000,1,20,LQHtransmission3413,D0503100000018692,
D0503100000018693_to_LQHtransmission1884_heat,#823740,LQ heat distribution secondary,transmission,100000,1,20,LQHtransmission1884,D0503100000018693,
D0503100000018694_to_LQHtransmission2255_heat,#823740,LQ heat distribution secondary,transmission,100000,1,20,LQHtransmission2255,D0503100000018694,
D0503100000018695_to_LQHtransmission4306_heat,#823740,LQ heat distribution secondary,transmission,100000,1,20,LQHtransmission4306,D0503100000018695,
D0503100000018698_to_LQHtransmission649_heat,#823740,LQ heat distribution secondary,transmission,100000,1,20,LQHtransmission649,D0503100000018698,
D0503100000018699_to_LQHtransmission2452_heat,#823740,LQ heat distribution secondary,transmission,100000,1,20,LQHtransmission2452,D0503100000018699,
D0503100000018700_to_LQHtransmission174_heat,#823740,LQ heat distribution secondary,transmission,100000,1,20,LQHtransmission174,D0503100000018700,
D0503100000018701_to_LQHtransmission3354_heat,#823740,LQ heat distribution secondary,transmission,100000,1,20,LQHtransmission3354,D0503100000018701,
D0503100000018704_to_LQHtransmission514_heat,#823740,LQ heat distribution secondary,transmission,100000,1,20,LQHtransmission514,D0503100000018704,
D0503100000018705_to_LQHtransmission1384_heat,#823740,LQ heat distribution secondary,transmission,100000,1,20,LQHtransmission1384,D0503100000018705,
D0503100000018706_to_LQHtransmission841_heat,#823740,LQ heat distribution secondary,transmission,100000,1,20,LQHtransmission841,D0503100000018706,
D0503100000018707_to_LQHtransmission796_heat,#823740,LQ heat distribution secondary,transmission,100000,1,20,LQHtransmission796,D0503100000018707,
D0503100000018708_to_LQHtransmission2642_heat,#823740,LQ heat distribution secondary,transmission,100000,1,20,LQHtransmission2642,D0503100000018708,
D0503100000018710_to_LQHtransmission1276_heat,#823740,LQ heat distribution secondary,transmission,100000,1,20,LQHtransmission1276,D0503100000018710,
D0503100000018711_to_LQHtransmission20_heat,#823740,LQ heat distribution secondary,transmission,100000,1,20,LQHtransmission20,D0503100000018711,
D0503100000018712_to_LQHtransmission972_heat,#823740,LQ heat distribution secondary,transmission,100000,1,20,LQHtransmission972,D0503100000018712,
D0503100000018785_to_LQHtransmission1756_heat,#823740,LQ heat distribution secondary,transmission,100000,1,20,LQHtransmission1756,D0503100000018785,
D0503100000018786_to_LQHtransmission2103_heat,#823740,LQ heat distribution secondary,transmission,100000,1,20,LQHtransmission2103,D0503100000018786,
D0503100000018787_to_LQHtransmission1032_heat,#823740,LQ heat distribution secondary,transmission,100000,1,20,LQHtransmission1032,D0503100000018787,
D0503100000018788_to_LQHtransmission105_heat,#823740,LQ heat distribution secondary,transmission,100000,1,20,LQHtransmission105,D0503100000018788,
D0503100000018789_to_LQHtransmission326_heat,#823740,LQ heat distribution secondary,transmission,100000,1,20,LQHtransmission326,D0503100000018789,
D0503100000018790_to_LQHtransmission3197_heat,#823740,LQ heat distribution secondary,transmission,100000,1,20,LQHtransmission3197,D0503100000018790,
D0503100000018791_to_LQHtransmission2498_heat,#823740,LQ heat distribution secondary,transmission,100000,1,20,LQHtransmission2498,D0503100000018791,
D0503100000018792_to_LQHtransmission3380_heat,#823740,LQ heat distribution secondary,transmission,100000,1,20,LQHtransmission3380,D0503100000018792,
D0503100000018793_to_LQHtransmission4425_heat,#823740,LQ heat distribution secondary,transmission,100000,1,20,LQHtransmission4425,D0503100000018793,
D0503100000018794_to_LQHtransmission1153_heat,#823740,LQ heat distribution secondary,transmission,100000,1,20,LQHtransmission1153,D0503100000018794,
D0503100000018795_to_LQHtransmission2946_heat,#823740,LQ heat distribution secondary,transmission,100000,1,20,LQHtransmission2946,D0503100000018795,
D0503100000018796_to_LQHtransmission3589_heat,#823740,LQ heat distribution secondary,transmission,100000,1,20,LQHtransmission3589,D0503100000018796,
D0503100000018797_to_LQHtransmission4509_heat,#823740,LQ heat distribution secondary,transmission,100000,1,20,LQHtransmission4509,D0503100000018797,
D0503100000018798_to_LQHtransmission4509_heat,#823740,LQ heat distribution secondary,transmission,100000,1,20,LQHtransmission4509,D0503100000018798,
D0503100000018799_to_LQHtransmission1896_heat,#823740,LQ heat distribution secondary,transmission,100000,1,20,LQHtransmission1896,D0503100000018799,
D0503100000018800_to_LQHtransmission743_heat,#823740,LQ heat distribution secondary,transmission,100000,1,20,LQHtransmission743,D0503100000018800,
D0503100000018801_to_LQHtransmission3652_heat,#823740,LQ heat distribution secondary,transmission,100000,1,20,LQHtransmission3652,D0503100000018801,
D0503100000018802_to_LQHtransmission37_heat,#823740,LQ heat distribution secondary,transmission,100000,1,20,LQHtransmission37,D0503100000018802,
D0503100000018803_to_LQHtransmission445_heat,#823740,LQ heat distribution secondary,transmission,100000,1,20,LQHtransmission445,D0503100000018803,
D0503100000018804_to_LQHtransmission3207_heat,#823740,LQ heat distribution secondary,transmission,100000,1,20,LQHtransmission3207,D0503100000018804,
D0503100000018805_to_LQHtransmission3292_heat,#823740,LQ heat distribution secondary,transmission,100000,1,20,LQHtransmission3292,D0503100000018805,
D0503100000018806_to_LQHtransmission3943_heat,#823740,LQ heat distribution secondary,transmission,100000,1,20,LQHtransmission3943,D0503100000018806,
D0503100000018807_to_LQHtransmission3769_heat,#823740,LQ heat distribution secondary,transmission,100000,1,20,LQHtransmission3769,D0503100000018807,
D0503100000018808_to_LQHtransmission427_heat,#823740,LQ heat distribution secondary,transmission,100000,1,20,LQHtransmission427,D0503100000018808,
D0503100000018809_to_LQHtransmission4465_heat,#823740,LQ heat distribution secondary,transmission,100000,1,20,LQHtransmission4465,D0503100000018809,
D0503100000018810_to_LQHtransmission2830_heat,#823740,LQ heat distribution secondary,transmission,100000,1,20,LQHtransmission2830,D0503100000018810,
D0503100000018811_to_LQHtransmission1728_heat,#823740,LQ heat distribution secondary,transmission,100000,1,20,LQHtransmission1728,D0503100000018811,
D0503100000018812_to_LQHtransmission4268_heat,#823740,LQ heat distribution secondary,transmission,100000,1,20,LQHtransmission4268,D0503100000018812,
D0503100000018813_to_LQHtransmission1831_heat,#823740,LQ heat distribution secondary,transmission,100000,1,20,LQHtransmission1831,D0503100000018813,
D0503100000018814_to_LQHtransmission930_heat,#823740,LQ heat distribution secondary,transmission,100000,1,20,LQHtransmission930,D0503100000018814,
D0503100000018815_to_LQHtransmission298_heat,#823740,LQ heat distribution secondary,transmission,100000,1,20,LQHtransmission298,D0503100000018815,
D0503100000018879_to_LQHtransmission3867_heat,#823740,LQ heat distribution secondary,transmission,100000,1,20,LQHtransmission3867,D0503100000018879,
D0503100000018880_to_LQHtransmission2758_heat,#823740,LQ heat distribution secondary,transmission,100000,1,20,LQHtransmission2758,D0503100000018880,
D0503100000018881_to_LQHtransmission3202_heat,#823740,LQ heat distribution secondary,transmission,100000,1,20,LQHtransmission3202,D0503100000018881,
D0503100000018882_to_LQHtransmission3123_heat,#823740,LQ heat distribution secondary,transmission,100000,1,20,LQHtransmission3123,D0503100000018882,
D0503100000018883_to_LQHtransmission1016_heat,#823740,LQ heat distribution secondary,transmission,100000,1,20,LQHtransmission1016,D0503100000018883,
D0503100000018884_to_LQHtransmission694_heat,#823740,LQ heat distribution secondary,transmission,100000,1,20,LQHtransmission694,D0503100000018884,
D0503100000018892_to_LQHtransmission396_heat,#823740,LQ heat distribution secondary,transmission,100000,1,20,LQHtransmission396,D0503100000018892,
D0503100000018893_to_LQHtransmission1986_heat,#823740,LQ heat distribution secondary,transmission,100000,1,20,LQHtransmission1986,D0503100000018893,
D0503100000018894_to_LQHtransmission4169_heat,#823740,LQ heat distribution secondary,transmission,100000,1,20,LQHtransmission4169,D0503100000018894,
D0503100000018895_to_LQHtransmission858_heat,#823740,LQ heat distribution secondary,transmission,100000,1,20,LQHtransmission858,D0503100000018895,
D0503100000018896_to_LQHtransmission1565_heat,#823740,LQ heat distribution secondary,transmission,100000,1,20,LQHtransmission1565,D0503100000018896,
D0503100000018897_to_LQHtransmission378_heat,#823740,LQ heat distribution secondary,transmission,100000,1,20,LQHtransmission378,D0503100000018897,
D0503100000018899_to_LQHtransmission3299_heat,#823740,LQ heat distribution secondary,transmission,100000,1,20,LQHtransmission3299,D0503100000018899,
D0503100000018900_to_LQHtransmission1972_heat,#823740,LQ heat distribution secondary,transmission,100000,1,20,LQHtransmission1972,D0503100000018900,
D0503100000018901_to_LQHtransmission640_heat,#823740,LQ heat distribution secondary,transmission,100000,1,20,LQHtransmission640,D0503100000018901,
D0503100000018902_to_LQHtransmission3482_heat,#823740,LQ heat distribution secondary,transmission,100000,1,20,LQHtransmission3482,D0503100000018902,
D0503100000018903_to_LQHtransmission3349_heat,#823740,LQ heat distribution secondary,transmission,100000,1,20,LQHtransmission3349,D0503100000018903,
D0503100000018904_to_LQHtransmission286_heat,#823740,LQ heat distribution secondary,transmission,100000,1,20,LQHtransmission286,D0503100000018904,
D0503100000018905_to_LQHtransmission277_heat,#823740,LQ heat distribution secondary,transmission,100000,1,20,LQHtransmission277,D0503100000018905,
D0503100000018906_to_LQHtransmission2958_heat,#823740,LQ heat distribution secondary,transmission,100000,1,20,LQHtransmission2958,D0503100000018906,
D0503100000018907_to_LQHtransmission1744_heat,#823740,LQ heat distribution secondary,transmission,100000,1,20,LQHtransmission1744,D0503100000018907,
D0503100000018908_to_LQHtransmission4673_heat,#823740,LQ heat distribution secondary,transmission,100000,1,20,LQHtransmission4673,D0503100000018908,
D0503100000018909_to_LQHtransmission3780_heat,#823740,LQ heat distribution secondary,transmission,100000,1,20,LQHtransmission3780,D0503100000018909,
D0503100000018910_to_LQHtransmission1736_heat,#823740,LQ heat distribution secondary,transmission,100000,1,20,LQHtransmission1736,D0503100000018910,
D0503100000018911_to_LQHtransmission1892_heat,#823740,LQ heat distribution secondary,transmission,100000,1,20,LQHtransmission1892,D0503100000018911,
D0503100000018912_to_LQHtransmission3672_heat,#823740,LQ heat distribution secondary,transmission,100000,1,20,LQHtransmission3672,D0503100000018912,
D0503100000018979_to_LQHtransmission968_heat,#823740,LQ heat distribution secondary,transmission,100000,1,20,LQHtransmission968,D0503100000018979,
D0503100000018980_to_LQHtransmission3181_heat,#823740,LQ heat distribution secondary,transmission,100000,1,20,LQHtransmission3181,D0503100000018980,
D0503100000018981_to_LQHtransmission4534_heat,#823740,LQ heat distribution secondary,transmission,100000,1,20,LQHtransmission4534,D0503100000018981,
D0503100000018982_to_LQHtransmission2700_heat,#823740,LQ heat distribution secondary,transmission,100000,1,20,LQHtransmission2700,D0503100000018982,
D0503100000018983_to_LQHtransmission3222_heat,#823740,LQ heat distribution secondary,transmission,100000,1,20,LQHtransmission3222,D0503100000018983,
D0503100000018984_to_LQHtransmission3006_heat,#823740,LQ heat distribution secondary,transmission,100000,1,20,LQHtransmission3006,D0503100000018984,
D0503100000018985_to_LQHtransmission3209_heat,#823740,LQ heat distribution secondary,transmission,100000,1,20,LQHtransmission3209,D0503100000018985,
D0503100000018986_to_LQHtransmission2241_heat,#823740,LQ heat distribution secondary,transmission,100000,1,20,LQHtransmission2241,D0503100000018986,
D0503100000018987_to_LQHtransmission590_heat,#823740,LQ heat distribution secondary,transmission,100000,1,20,LQHtransmission590,D0503100000018987,
D0503100000018988_to_LQHtransmission2150_heat,#823740,LQ heat distribution secondary,transmission,100000,1,20,LQHtransmission2150,D0503100000018988,
D0503100000018989_to_LQHtransmission710_heat,#823740,LQ heat distribution secondary,transmission,100000,1,20,LQHtransmission710,D0503100000018989,
D0503100000018990_to_LQHtransmission450_heat,#823740,LQ heat distribution secondary,transmission,100000,1,20,LQHtransmission450,D0503100000018990,
D0503100000019096_to_LQHtransmission4462_heat,#823740,LQ heat distribution secondary,transmission,100000,1,20,LQHtransmission4462,D0503100000019096,
D0503100000019098_to_LQHtransmission3811_heat,#823740,LQ heat distribution secondary,transmission,100000,1,20,LQHtransmission3811,D0503100000019098,
D0503100000019099_to_LQHtransmission2522_heat,#823740,LQ heat distribution secondary,transmission,100000,1,20,LQHtransmission2522,D0503100000019099,
D0503100000019100_to_LQHtransmission3963_heat,#823740,LQ heat distribution secondary,transmission,100000,1,20,LQHtransmission3963,D0503100000019100,
D0503100000019102_to_LQHtransmission1175_heat,#823740,LQ heat distribution secondary,transmission,100000,1,20,LQHtransmission1175,D0503100000019102,
D0503100000019103_to_LQHtransmission859_heat,#823740,LQ heat distribution secondary,transmission,100000,1,20,LQHtransmission859,D0503100000019103,
D0503100000019104_to_LQHtransmission3372_heat,#823740,LQ heat distribution secondary,transmission,100000,1,20,LQHtransmission3372,D0503100000019104,
D0503100000019105_to_LQHtransmission2199_heat,#823740,LQ heat distribution secondary,transmission,100000,1,20,LQHtransmission2199,D0503100000019105,
D0503100000019106_to_LQHtransmission2985_heat,#823740,LQ heat distribution secondary,transmission,100000,1,20,LQHtransmission2985,D0503100000019106,
D0503100000019107_to_LQHtransmission3374_heat,#823740,LQ heat distribution secondary,transmission,100000,1,20,LQHtransmission3374,D0503100000019107,
D0503100000019108_to_LQHtransmission3506_heat,#823740,LQ heat distribution secondary,transmission,100000,1,20,LQHtransmission3506,D0503100000019108,
D0503100000019109_to_LQHtransmission4488_heat,#823740,LQ heat distribution secondary,transmission,100000,1,20,LQHtransmission4488,D0503100000019109,
D0503100000019110_to_LQHtransmission3556_heat,#823740,LQ heat distribution secondary,transmission,100000,1,20,LQHtransmission3556,D0503100000019110,
D0503100000019111_to_LQHtransmission3533_heat,#823740,LQ heat distribution secondary,transmission,100000,1,20,LQHtransmission3533,D0503100000019111,
D0503100000019112_to_LQHtransmission4348_heat,#823740,LQ heat distribution secondary,transmission,100000,1,20,LQHtransmission4348,D0503100000019112,
D0503100000019113_to_LQHtransmission2718_heat,#823740,LQ heat distribution secondary,transmission,100000,1,20,LQHtransmission2718,D0503100000019113,
D0503100000019114_to_LQHtransmission2926_heat,#823740,LQ heat distribution secondary,transmission,100000,1,20,LQHtransmission2926,D0503100000019114,
D0503100000019115_to_LQHtransmission3118_heat,#823740,LQ heat distribution secondary,transmission,100000,1,20,LQHtransmission3118,D0503100000019115,
D0503100000019116_to_LQHtransmission902_heat,#823740,LQ heat distribution secondary,transmission,100000,1,20,LQHtransmission902,D0503100000019116,
D0503100000019117_to_LQHtransmission4409_heat,#823740,LQ heat distribution secondary,transmission,100000,1,20,LQHtransmission4409,D0503100000019117,
D0503100000019194_to_LQHtransmission3529_heat,#823740,LQ heat distribution secondary,transmission,100000,1,20,LQHtransmission3529,D0503100000019194,
D0503100000019195_to_LQHtransmission3754_heat,#823740,LQ heat distribution secondary,transmission,100000,1,20,LQHtransmission3754,D0503100000019195,
D0503100000019196_to_LQHtransmission3124_heat,#823740,LQ heat distribution secondary,transmission,100000,1,20,LQHtransmission3124,D0503100000019196,
D0503100000019197_to_LQHtransmission4484_heat,#823740,LQ heat distribution secondary,transmission,100000,1,20,LQHtransmission4484,D0503100000019197,
D0503100000019198_to_LQHtransmission1025_heat,#823740,LQ heat distribution secondary,transmission,100000,1,20,LQHtransmission1025,D0503100000019198,
D0503100000019223_to_LQHtransmission3660_heat,#823740,LQ heat distribution secondary,transmission,100000,1,20,LQHtransmission3660,D0503100000019223,
D0503100000019224_to_LQHtransmission2267_heat,#823740,LQ heat distribution secondary,transmission,100000,1,20,LQHtransmission2267,D0503100000019224,
D0503100000019225_to_LQHtransmission391_heat,#823740,LQ heat distribution secondary,transmission,100000,1,20,LQHtransmission391,D0503100000019225,
D0503100000019226_to_LQHtransmission4559_heat,#823740,LQ heat distribution secondary,transmission,100000,1,20,LQHtransmission4559,D0503100000019226,
D0503100000019427_to_LQHtransmission3846_heat,#823740,LQ heat distribution secondary,transmission,100000,1,20,LQHtransmission3846,D0503100000019427,
D0503100000019429_to_LQHtransmission2865_heat,#823740,LQ heat distribution secondary,transmission,100000,1,20,LQHtransmission2865,D0503100000019429,
D0503100000019430_to_LQHtransmission3582_heat,#823740,LQ heat distribution secondary,transmission,100000,1,20,LQHtransmission3582,D0503100000019430,
D0503100000019431_to_LQHtransmission2278_heat,#823740,LQ heat distribution secondary,transmission,100000,1,20,LQHtransmission2278,D0503100000019431,
D0503100000019432_to_LQHtransmission2254_heat,#823740,LQ heat distribution secondary,transmission,100000,1,20,LQHtransmission2254,D0503100000019432,
D0503100000019433_to_LQHtransmission1499_heat,#823740,LQ heat distribution secondary,transmission,100000,1,20,LQHtransmission1499,D0503100000019433,
D0503100000019435_to_LQHtransmission1195_heat,#823740,LQ heat distribution secondary,transmission,100000,1,20,LQHtransmission1195,D0503100000019435,
D0503100000019436_to_LQHtransmission2040_heat,#823740,LQ heat distribution secondary,transmission,100000,1,20,LQHtransmission2040,D0503100000019436,
D0503100000019437_to_LQHtransmission2354_heat,#823740,LQ heat distribution secondary,transmission,100000,1,20,LQHtransmission2354,D0503100000019437,
D0503100000019438_to_LQHtransmission1977_heat,#823740,LQ heat distribution secondary,transmission,100000,1,20,LQHtransmission1977,D0503100000019438,
D0503100000019439_to_LQHtransmission3150_heat,#823740,LQ heat distribution secondary,transmission,100000,1,20,LQHtransmission3150,D0503100000019439,
D0503100000019440_to_LQHtransmission3012_heat,#823740,LQ heat distribution secondary,transmission,100000,1,20,LQHtransmission3012,D0503100000019440,
D0503100000019441_to_LQHtransmission903_heat,#823740,LQ heat distribution secondary,transmission,100000,1,20,LQHtransmission903,D0503100000019441,
D0503100000019442_to_LQHtransmission526_heat,#823740,LQ heat distribution secondary,transmission,100000,1,20,LQHtransmission526,D0503100000019442,
D0503100000019443_to_LQHtransmission4331_heat,#823740,LQ heat distribution secondary,transmission,100000,1,20,LQHtransmission4331,D0503100000019443,
D0503100000019444_to_LQHtransmission880_heat,#823740,LQ heat distribution secondary,transmission,100000,1,20,LQHtransmission880,D0503100000019444,
D0503100000019513_to_LQHtransmission1408_heat,#823740,LQ heat distribution secondary,transmission,100000,1,20,LQHtransmission1408,D0503100000019513,
D0503100000019514_to_LQHtransmission2289_heat,#823740,LQ heat distribution secondary,transmission,100000,1,20,LQHtransmission2289,D0503100000019514,
D0503100000019515_to_LQHtransmission3378_heat,#823740,LQ heat distribution secondary,transmission,100000,1,20,LQHtransmission3378,D0503100000019515,
D0503100000019516_to_LQHtransmission2948_heat,#823740,LQ heat distribution secondary,transmission,100000,1,20,LQHtransmission2948,D0503100000019516,
D0503100000019517_to_LQHtransmission1005_heat,#823740,LQ heat distribution secondary,transmission,100000,1,20,LQHtransmission1005,D0503100000019517,
D0503100000019518_to_LQHtransmission4159_heat,#823740,LQ heat distribution secondary,transmission,100000,1,20,LQHtransmission4159,D0503100000019518,
D0503100000019519_to_LQHtransmission608_heat,#823740,LQ heat distribution secondary,transmission,100000,1,20,LQHtransmission608,D0503100000019519,
D0503100000019520_to_LQHtransmission2263_heat,#823740,LQ heat distribution secondary,transmission,100000,1,20,LQHtransmission2263,D0503100000019520,
D0503100000019534_to_LQHtransmission3957_heat,#823740,LQ heat distribution secondary,transmission,100000,1,20,LQHtransmission3957,D0503100000019534,
D0503100000019535_to_LQHtransmission4533_heat,#823740,LQ heat distribution secondary,transmission,100000,1,20,LQHtransmission4533,D0503100000019535,
D0503100000019536_to_LQHtransmission3536_heat,#823740,LQ heat distribution secondary,transmission,100000,1,20,LQHtransmission3536,D0503100000019536,
D0503100000019537_to_LQHtransmission2887_heat,#823740,LQ heat distribution secondary,transmission,100000,1,20,LQHtransmission2887,D0503100000019537,
D0503100000019538_to_LQHtransmission4607_heat,#823740,LQ heat distribution secondary,transmission,100000,1,20,LQHtransmission4607,D0503100000019538,
D0503100000019539_to_LQHtransmission1376_heat,#823740,LQ heat distribution secondary,transmission,100000,1,20,LQHtransmission1376,D0503100000019539,
D0503100000019619_to_LQHtransmission4634_heat,#823740,LQ heat distribution secondary,transmission,100000,1,20,LQHtransmission4634,D0503100000019619,
D0503100000019620_to_LQHtransmission4634_heat,#823740,LQ heat distribution secondary,transmission,100000,1,20,LQHtransmission4634,D0503100000019620,
D0503100000019621_to_LQHtransmission1399_heat,#823740,LQ heat distribution secondary,transmission,100000,1,20,LQHtransmission1399,D0503100000019621,
D0503100000019622_to_LQHtransmission2670_heat,#823740,LQ heat distribution secondary,transmission,100000,1,20,LQHtransmission2670,D0503100000019622,
D0503100000019623_to_LQHtransmission3862_heat,#823740,LQ heat distribution secondary,transmission,100000,1,20,LQHtransmission3862,D0503100000019623,
D0503100000019624_to_LQHtransmission4713_heat,#823740,LQ heat distribution secondary,transmission,100000,1,20,LQHtransmission4713,D0503100000019624,
D0503100000019625_to_LQHtransmission2256_heat,#823740,LQ heat distribution secondary,transmission,100000,1,20,LQHtransmission2256,D0503100000019625,
D0503100000019626_to_LQHtransmission2999_heat,#823740,LQ heat distribution secondary,transmission,100000,1,20,LQHtransmission2999,D0503100000019626,
D0503100000019627_to_LQHtransmission3491_heat,#823740,LQ heat distribution secondary,transmission,100000,1,20,LQHtransmission3491,D0503100000019627,
D0503100000019628_to_LQHtransmission1989_heat,#823740,LQ heat distribution secondary,transmission,100000,1,20,LQHtransmission1989,D0503100000019628,
D0503100000019629_to_LQHtransmission2870_heat,#823740,LQ heat distribution secondary,transmission,100000,1,20,LQHtransmission2870,D0503100000019629,
D0503100000019630_to_LQHtransmission2239_heat,#823740,LQ heat distribution secondary,transmission,100000,1,20,LQHtransmission2239,D0503100000019630,
D0503100000019631_to_LQHtransmission1466_heat,#823740,LQ heat distribution secondary,transmission,100000,1,20,LQHtransmission1466,D0503100000019631,
D0503100000019632_to_LQHtransmission2410_heat,#823740,LQ heat distribution secondary,transmission,100000,1,20,LQHtransmission2410,D0503100000019632,
D0503100000019939_to_LQHtransmission2457_heat,#823740,LQ heat distribution secondary,transmission,100000,1,20,LQHtransmission2457,D0503100000019939,
D0503100000019940_to_LQHtransmission3592_heat,#823740,LQ heat distribution secondary,transmission,100000,1,20,LQHtransmission3592,D0503100000019940,
D0503100000019941_to_LQHtransmission1390_heat,#823740,LQ heat distribution secondary,transmission,100000,1,20,LQHtransmission1390,D0503100000019941,
D0503100000019942_to_LQHtransmission732_heat,#823740,LQ heat distribution secondary,transmission,100000,1,20,LQHtransmission732,D0503100000019942,
D0503100000019943_to_LQHtransmission4520_heat,#823740,LQ heat distribution secondary,transmission,100000,1,20,LQHtransmission4520,D0503100000019943,
D0503100000019944_to_LQHtransmission2500_heat,#823740,LQ heat distribution secondary,transmission,100000,1,20,LQHtransmission2500,D0503100000019944,
D0503100000019945_to_LQHtransmission1383_heat,#823740,LQ heat distribution secondary,transmission,100000,1,20,LQHtransmission1383,D0503100000019945,
D0503100000019946_to_LQHtransmission1412_heat,#823740,LQ heat distribution secondary,transmission,100000,1,20,LQHtransmission1412,D0503100000019946,
D0503100000019947_to_LQHtransmission645_heat,#823740,LQ heat distribution secondary,transmission,100000,1,20,LQHtransmission645,D0503100000019947,
D0503100000019950_to_LQHtransmission1562_heat,#823740,LQ heat distribution secondary,transmission,100000,1,20,LQHtransmission1562,D0503100000019950,
D0503100000019951_to_LQHtransmission505_heat,#823740,LQ heat distribution secondary,transmission,100000,1,20,LQHtransmission505,D0503100000019951,
D0503100000019952_to_LQHtransmission312_heat,#823740,LQ heat distribution secondary,transmission,100000,1,20,LQHtransmission312,D0503100000019952,
D0503100000019953_to_LQHtransmission3040_heat,#823740,LQ heat distribution secondary,transmission,100000,1,20,LQHtransmission3040,D0503100000019953,
D0503100000020024_to_LQHtransmission3651_heat,#823740,LQ heat distribution secondary,transmission,100000,1,20,LQHtransmission3651,D0503100000020024,
D0503100000020025_to_LQHtransmission308_heat,#823740,LQ heat distribution secondary,transmission,100000,1,20,LQHtransmission308,D0503100000020025,
D0503100000020026_to_LQHtransmission1734_heat,#823740,LQ heat distribution secondary,transmission,100000,1,20,LQHtransmission1734,D0503100000020026,
D0503100000020027_to_LQHtransmission1786_heat,#823740,LQ heat distribution secondary,transmission,100000,1,20,LQHtransmission1786,D0503100000020027,
D0503100000020028_to_LQHtransmission4690_heat,#823740,LQ heat distribution secondary,transmission,100000,1,20,LQHtransmission4690,D0503100000020028,
D0503100000020030_to_LQHtransmission2050_heat,#823740,LQ heat distribution secondary,transmission,100000,1,20,LQHtransmission2050,D0503100000020030,
D0503100000020032_to_LQHtransmission768_heat,#823740,LQ heat distribution secondary,transmission,100000,1,20,LQHtransmission768,D0503100000020032,
D0503100000020033_to_LQHtransmission3094_heat,#823740,LQ heat distribution secondary,transmission,100000,1,20,LQHtransmission3094,D0503100000020033,
D0503100000020034_to_LQHtransmission2891_heat,#823740,LQ heat distribution secondary,transmission,100000,1,20,LQHtransmission2891,D0503100000020034,
D0503100000020035_to_LQHtransmission1182_heat,#823740,LQ heat distribution secondary,transmission,100000,1,20,LQHtransmission1182,D0503100000020035,
D0503100000020036_to_LQHtransmission1001_heat,#823740,LQ heat distribution secondary,transmission,100000,1,20,LQHtransmission1001,D0503100000020036,
D0503100000020037_to_LQHtransmission1174_heat,#823740,LQ heat distribution secondary,transmission,100000,1,20,LQHtransmission1174,D0503100000020037,
D0503100000020038_to_LQHtransmission3598_heat,#823740,LQ heat distribution secondary,transmission,100000,1,20,LQHtransmission3598,D0503100000020038,
D0503100000020039_to_LQHtransmission910_heat,#823740,LQ heat distribution secondary,transmission,100000,1,20,LQHtransmission910,D0503100000020039,
D0503100000020040_to_LQHtransmission4326_heat,#823740,LQ heat distribution secondary,transmission,100000,1,20,LQHtransmission4326,D0503100000020040,
D0503100000020041_to_LQHtransmission670_heat,#823740,LQ heat distribution secondary,transmission,100000,1,20,LQHtransmission670,D0503100000020041,
D0503100000020042_to_LQHtransmission2809_heat,#823740,LQ heat distribution secondary,transmission,100000,1,20,LQHtransmission2809,D0503100000020042,
D0503100000020043_to_LQHtransmission3134_heat,#823740,LQ heat distribution secondary,transmission,100000,1,20,LQHtransmission3134,D0503100000020043,
D0503100000020044_to_LQHtransmission2214_heat,#823740,LQ heat distribution secondary,transmission,100000,1,20,LQHtransmission2214,D0503100000020044,
D0503100000020045_to_LQHtransmission3819_heat,#823740,LQ heat distribution secondary,transmission,100000,1,20,LQHtransmission3819,D0503100000020045,
D0503100000020046_to_LQHtransmission4521_heat,#823740,LQ heat distribution secondary,transmission,100000,1,20,LQHtransmission4521,D0503100000020046,
D0503100000020047_to_LQHtransmission4538_heat,#823740,LQ heat distribution secondary,transmission,100000,1,20,LQHtransmission4538,D0503100000020047,
D0503100000020048_to_LQHtransmission763_heat,#823740,LQ heat distribution secondary,transmission,100000,1,20,LQHtransmission763,D0503100000020048,
D0503100000020049_to_LQHtransmission4407_heat,#823740,LQ heat distribution secondary,transmission,100000,1,20,LQHtransmission4407,D0503100000020049,
D0503100000020050_to_LQHtransmission1589_heat,#823740,LQ heat distribution secondary,transmission,100000,1,20,LQHtransmission1589,D0503100000020050,
D0503100000020051_to_LQHtransmission2596_heat,#823740,LQ heat distribution secondary,transmission,100000,1,20,LQHtransmission2596,D0503100000020051,
D0503100000020052_to_LQHtransmission257_heat,#823740,LQ heat distribution secondary,transmission,100000,1,20,LQHtransmission257,D0503100000020052,
D0503100000020053_to_LQHtransmission1660_heat,#823740,LQ heat distribution secondary,transmission,100000,1,20,LQHtransmission1660,D0503100000020053,
D0503100000020054_to_LQHtransmission1364_heat,#823740,LQ heat distribution secondary,transmission,100000,1,20,LQHtransmission1364,D0503100000020054,
D0503100000020055_to_LQHtransmission1069_heat,#823740,LQ heat distribution secondary,transmission,100000,1,20,LQHtransmission1069,D0503100000020055,
D0503100000020056_to_LQHtransmission1138_heat,#823740,LQ heat distribution secondary,transmission,100000,1,20,LQHtransmission1138,D0503100000020056,
D0503100000020131_to_LQHtransmission4068_heat,#823740,LQ heat distribution secondary,transmission,100000,1,20,LQHtransmission4068,D0503100000020131,
D0503100000020132_to_LQHtransmission4632_heat,#823740,LQ heat distribution secondary,transmission,100000,1,20,LQHtransmission4632,D0503100000020132,
D0503100000020133_to_LQHtransmission723_heat,#823740,LQ heat distribution secondary,transmission,100000,1,20,LQHtransmission723,D0503100000020133,
D0503100000020145_to_LQHtransmission3084_heat,#823740,LQ heat distribution secondary,transmission,100000,1,20,LQHtransmission3084,D0503100000020145,
D0503100000020146_to_LQHtransmission4651_heat,#823740,LQ heat distribution secondary,transmission,100000,1,20,LQHtransmission4651,D0503100000020146,
D0503100000020147_to_LQHtransmission1364_heat,#823740,LQ heat distribution secondary,transmission,100000,1,20,LQHtransmission1364,D0503100000020147,
D0503100000020148_to_LQHtransmission2980_heat,#823740,LQ heat distribution secondary,transmission,100000,1,20,LQHtransmission2980,D0503100000020148,
D0503100000020149_to_LQHtransmission2834_heat,#823740,LQ heat distribution secondary,transmission,100000,1,20,LQHtransmission2834,D0503100000020149,
D0503100000020157_to_LQHtransmission3641_heat,#823740,LQ heat distribution secondary,transmission,100000,1,20,LQHtransmission3641,D0503100000020157,
D0503100000020158_to_LQHtransmission2733_heat,#823740,LQ heat distribution secondary,transmission,100000,1,20,LQHtransmission2733,D0503100000020158,
D0503100000020159_to_LQHtransmission3087_heat,#823740,LQ heat distribution secondary,transmission,100000,1,20,LQHtransmission3087,D0503100000020159,
D0503100000020165_to_LQHtransmission3058_heat,#823740,LQ heat distribution secondary,transmission,100000,1,20,LQHtransmission3058,D0503100000020165,
D0503100000028572_to_LQHtransmission3643_heat,#823740,LQ heat distribution secondary,transmission,100000,1,20,LQHtransmission3643,D0503100000028572,
D0503100000028573_to_LQHtransmission490_heat,#823740,LQ heat distribution secondary,transmission,100000,1,20,LQHtransmission490,D0503100000028573,
D0503100000028575_to_LQHtransmission4399_heat,#823740,LQ heat distribution secondary,transmission,100000,1,20,LQHtransmission4399,D0503100000028575,
D0503100000030019_to_LQHtransmission3996_heat,#823740,LQ heat distribution secondary,transmission,100000,1,20,LQHtransmission3996,D0503100000030019,
D0503100000030020_to_LQHtransmission3974_heat,#823740,LQ heat distribution secondary,transmission,100000,1,20,LQHtransmission3974,D0503100000030020,
D0503100000030021_to_LQHtransmission496_heat,#823740,LQ heat distribution secondary,transmission,100000,1,20,LQHtransmission496,D0503100000030021,
D0503100000030022_to_LQHtransmission1180_heat,#823740,LQ heat distribution secondary,transmission,100000,1,20,LQHtransmission1180,D0503100000030022,
D0503100000030024_to_LQHtransmission935_heat,#823740,LQ heat distribution secondary,transmission,100000,1,20,LQHtransmission935,D0503100000030024,
D0503100000030026_to_LQHtransmission1582_heat,#823740,LQ heat distribution secondary,transmission,100000,1,20,LQHtransmission1582,D0503100000030026,
D0503100000030027_to_LQHtransmission1602_heat,#823740,LQ heat distribution secondary,transmission,100000,1,20,LQHtransmission1602,D0503100000030027,
D0503100000030105_to_LQHtransmission1522_heat,#823740,LQ heat distribution secondary,transmission,100000,1,20,LQHtransmission1522,D0503100000030105,
D0503100000030106_to_LQHtransmission3152_heat,#823740,LQ heat distribution secondary,transmission,100000,1,20,LQHtransmission3152,D0503100000030106,
D0503100000030108_to_LQHtransmission3885_heat,#823740,LQ heat distribution secondary,transmission,100000,1,20,LQHtransmission3885,D0503100000030108,
D0503100000030111_to_LQHtransmission832_heat,#823740,LQ heat distribution secondary,transmission,100000,1,20,LQHtransmission832,D0503100000030111,
D0503100000030112_to_LQHtransmission799_heat,#823740,LQ heat distribution secondary,transmission,100000,1,20,LQHtransmission799,D0503100000030112,
D0503100000030113_to_LQHtransmission691_heat,#823740,LQ heat distribution secondary,transmission,100000,1,20,LQHtransmission691,D0503100000030113,
D0503100000030115_to_LQHtransmission4711_heat,#823740,LQ heat distribution secondary,transmission,100000,1,20,LQHtransmission4711,D0503100000030115,
D0503100000030235_to_LQHtransmission2751_heat,#823740,LQ heat distribution secondary,transmission,100000,1,20,LQHtransmission2751,D0503100000030235,
D0503100000030237_to_LQHtransmission1624_heat,#823740,LQ heat distribution secondary,transmission,100000,1,20,LQHtransmission1624,D0503100000030237,
D0503100000030238_to_LQHtransmission2403_heat,#823740,LQ heat distribution secondary,transmission,100000,1,20,LQHtransmission2403,D0503100000030238,
D0503100000030304_to_LQHtransmission2582_heat,#823740,LQ heat distribution secondary,transmission,100000,1,20,LQHtransmission2582,D0503100000030304,
D0503100000030305_to_LQHtransmission1747_heat,#823740,LQ heat distribution secondary,transmission,100000,1,20,LQHtransmission1747,D0503100000030305,
D0503100000031368_to_LQHtransmission2303_heat,#823740,LQ heat distribution secondary,transmission,100000,1,20,LQHtransmission2303,D0503100000031368,
D0503100000031429_to_LQHtransmission3989_heat,#823740,LQ heat distribution secondary,transmission,100000,1,20,LQHtransmission3989,D0503100000031429,
D0503100000031431_to_LQHtransmission1107_heat,#823740,LQ heat distribution secondary,transmission,100000,1,20,LQHtransmission1107,D0503100000031431,
D0503100000031432_to_LQHtransmission225_heat,#823740,LQ heat distribution secondary,transmission,100000,1,20,LQHtransmission225,D0503100000031432,
D0503100000031433_to_LQHtransmission1230_heat,#823740,LQ heat distribution secondary,transmission,100000,1,20,LQHtransmission1230,D0503100000031433,
D0503100000031434_to_LQHtransmission3112_heat,#823740,LQ heat distribution secondary,transmission,100000,1,20,LQHtransmission3112,D0503100000031434,
D0503100000031435_to_LQHtransmission4387_heat,#823740,LQ heat distribution secondary,transmission,100000,1,20,LQHtransmission4387,D0503100000031435,
D0503100000031436_to_LQHtransmission4168_heat,#823740,LQ heat distribution secondary,transmission,100000,1,20,LQHtransmission4168,D0503100000031436,
D0503100000031438_to_LQHtransmission1200_heat,#823740,LQ heat distribution secondary,transmission,100000,1,20,LQHtransmission1200,D0503100000031438,
D0503100000031439_to_LQHtransmission3960_heat,#823740,LQ heat distribution secondary,transmission,100000,1,20,LQHtransmission3960,D0503100000031439,
D0503100000031440_to_LQHtransmission3648_heat,#823740,LQ heat distribution secondary,transmission,100000,1,20,LQHtransmission3648,D0503100000031440,
D0503100000031441_to_LQHtransmission4487_heat,#823740,LQ heat distribution secondary,transmission,100000,1,20,LQHtransmission4487,D0503100000031441,
D0503100000031455_to_LQHtransmission423_heat,#823740,LQ heat distribution secondary,transmission,100000,1,20,LQHtransmission423,D0503100000031455,
D0503100000031457_to_LQHtransmission3824_heat,#823740,LQ heat distribution secondary,transmission,100000,1,20,LQHtransmission3824,D0503100000031457,
D0503100000031822_to_LQHtransmission1861_heat,#823740,LQ heat distribution secondary,transmission,100000,1,20,LQHtransmission1861,D0503100000031822,
D0503100000031824_to_LQHtransmission3841_heat,#823740,LQ heat distribution secondary,transmission,100000,1,20,LQHtransmission3841,D0503100000031824,
D0503100000032612_to_LQHtransmission1459_heat,#823740,LQ heat distribution secondary,transmission,100000,1,20,LQHtransmission1459,D0503100000032612,
D0503100000032613_to_LQHtransmission4412_heat,#823740,LQ heat distribution secondary,transmission,100000,1,20,LQHtransmission4412,D0503100000032613,
D0503100000032617_to_LQHtransmission4573_heat,#823740,LQ heat distribution secondary,transmission,100000,1,20,LQHtransmission4573,D0503100000032617,
D0503100000032618_to_LQHtransmission3294_heat,#823740,LQ heat distribution secondary,transmission,100000,1,20,LQHtransmission3294,D0503100000032618,
