name,capacity_kw,distance_m,flow_rate_m^3/s,diameter_mm,final_diameter_mm
Air-to-air heat pump,969.1466280302027,,,,
Geothermal heat supply,9256.052101854697,,,,
HQ to LQ heat conversion substation,8098.884118644648,,,,
Heat transmission main_DN425,9194.002183258863,172.14734518840646,0.08777090389745931,424.5555279602476,425.0
Heat transmission main_DN425,9182.674887945466,163.60029736688804,0.08766276742668704,424.2939145796481,425.0
Heat transmission main_DN425,9171.909988378726,36.50527946716264,0.08755999988905705,424.04514062004534,425.0
Heat transmission main_DN425,9169.507940989786,94.31119024231013,0.08753706864906717,423.9896100259795,425.0
Heat transmission main_DN425,9163.302264671842,38.41377995191949,0.08747782591572165,423.8461133617522,425.0
Heat transmission main_DN425,9160.774637951006,29.431914093287112,0.08745369582769458,423.78765197850396,425.0
Heat transmission main_DN425,9158.838018003667,76.23875212890633,0.08743520780910423,423.74285451143254,425.0
Heat transmission main_DN425,9153.821508113586,17.305208010490652,0.08738731749989104,423.6267916783866,425.0
Heat transmission main_DN430,9256.052101854697,69.33570375591154,0.08836326588882766,425.9857721984255,430.0
Heat transmission main_DN430,9251.489812547557,154.82801488885883,0.08831971181429649,425.88077549711636,430.0
Heat transmission main_DN430,9241.30212916787,237.0817192109121,0.08822245469372669,425.6462222688088,430.0
Heat transmission main_DN430,9225.702152043792,481.7624435399594,0.08807352889779277,425.2868099352613,430.0
LQ heat distribution main_DN100,484.44319687267324,2.911252329420819,0.0046247560560637065,97.45488861547388,100.0
LQ heat distribution main_DN100,484.2918117515434,4.530754320260414,0.004623310852043374,97.43966043912346,100.0
LQ heat distribution main_DN100,484.05621252688985,4.5203729768627765,0.004621061694767445,97.41595623787718,100.0
LQ heat distribution main_DN100,483.821153132093,0.8586929122191809,0.004618817690998501,97.3923006006788,100.0
LQ heat distribution main_DN100,483.7765011006576,4.910568848981611,0.00461839141862203,97.38780631143398,100.0
LQ heat distribution main_DN100,481.3097197330451,4.0212931377642915,0.004594842193155562,97.139198278381,100.0
LQ heat distribution main_DN100,481.1006124898813,4.024848404771125,0.004592845942624165,97.11809469806909,100.0
LQ heat distribution main_DN100,480.8913203728332,4.0212949965128,0.004590847927186952,97.09696786701193,100.0
LQ heat distribution main_DN100,480.68221303301453,4.02485026156867,0.004588851675732836,97.0758550963582,100.0
LQ heat distribution main_DN100,480.472920819413,4.474050367079293,0.004586853659373871,97.05471906085066,100.0
LQ heat distribution main_DN100,480.24027020032486,4.47405150634615,0.004584632651077087,97.03121869952517,100.0
LQ heat distribution main_DN100,480.00761952199485,0.8634439893612428,0.004582411642214748,97.00771263919219,100.0
LQ heat distribution main_DN100,479.9627204345481,0.5219697622729212,0.004581983011308335,97.00317556576537,100.0
LQ heat distribution main_DN100,478.7891701248905,0.42139895842021086,0.004570779667063394,96.8845124143617,100.0
LQ heat distribution main_DN100,478.7672573790527,0.48068714114729005,0.004570570476172341,96.88229533206317,100.0
LQ heat distribution main_DN100,461.8098726444375,3.803770175821894,0.00440868613503043,95.15109823791441,100.0
LQ heat distribution main_DN100,461.61207659529475,0.958313768486022,0.004406797867258184,95.13071915110262,100.0
LQ heat distribution main_DN100,461.56224427933347,0.6071961839100467,0.004406322141091489,95.12558419878933,100.0
LQ heat distribution main_DN100,461.53067007777014,0.351130494611895,0.004406020716732889,95.12233050356855,100.0
LQ heat distribution main_DN100,461.51241129205033,0.6498775227908116,0.004405846408515993,95.12044890009071,100.0
LQ heat distribution main_DN100,461.4786176608652,4.023387923130847,0.00440552379628511,95.11696630229319,100.0
LQ heat distribution main_DN100,461.2694014888624,4.023388765030029,0.004403526505860261,95.09540272079522,100.0
LQ heat distribution main_DN100,461.06018527308083,4.0233896053377896,0.004401529215017478,95.07383424397376,100.0
LQ heat distribution main_DN100,460.8509690136033,5.014344329424621,0.0043995319237575495,95.05226086850494,100.0
LQ heat distribution main_DN100,460.5902231084732,5.017517308249514,0.004397042702706188,95.02536714778896,100.0
LQ heat distribution main_DN110,600.3279405330644,0.7793829740326629,0.00573105432489799,108.48669458692218,110.0
LQ heat distribution main_DN110,600.2874126184147,0.32608969138044125,0.005730667423564818,108.48303257703554,110.0
LQ heat distribution main_DN110,600.2704559544629,1.169074560989807,0.005730505546104658,108.48150037489387,110.0
LQ heat distribution main_DN110,600.2096640772914,0.9931528200189353,0.005729925194055289,108.47600705021019,110.0
LQ heat distribution main_DN110,600.1580201306505,0.6691097728775656,0.005729432173084969,108.47134013965653,110.0
LQ heat distribution main_DN110,600.1232264224608,1.2876151732802192,0.0057291000135795776,108.46819582205084,110.0
LQ heat distribution main_DN110,600.0562704334502,0.9741477031198289,0.005728460815593797,108.46214473321471,110.0
LQ heat distribution main_DN110,600.0056147528879,1.7809092110516913,0.0057279772291445145,108.45756654614671,110.0
LQ heat distribution main_DN110,599.9130074739132,3.917545016327064,0.005727093150108957,108.4491963347176,110.0
LQ heat distribution main_DN110,599.7092951330642,3.9175459939785955,0.005725148402224957,108.43078173528976,110.0
LQ heat distribution main_DN110,599.5055827413773,3.917546971628533,0.005723203653855631,108.41236400341657,110.0
LQ heat distribution main_DN110,599.3018702988527,4.1738553895927,0.00572125890500098,108.39394313750135,110.0
LQ heat distribution main_DN110,599.0848298185939,4.563868187372758,0.005719186919509249,108.37431362770523,110.0
LQ heat distribution main_DN110,598.8475086728505,0.6352910475458907,0.0057169213238458284,108.352845829964,110.0
LQ heat distribution main_DN110,567.708559543432,0.7219369192326993,0.005419652119746368,105.4981684412855,110.0
LQ heat distribution main_DN110,567.6710188236319,1.0932029134517791,0.0054192937357864625,105.49468025831747,110.0
LQ heat distribution main_DN110,567.6141722721325,4.2000599309463995,0.005418751047943985,105.48939800969288,110.0
LQ heat distribution main_DN110,567.3957691557232,4.187171325963808,0.005416666053992584,105.46910127376954,110.0
LQ heat distribution main_DN110,567.1780362467731,3.1221342163807537,0.005414587458203084,105.44886293312537,110.0
LQ heat distribution main_DN110,567.0156852675213,0.5724617750947096,0.0054130375681863616,105.4337698315403,110.0
LQ heat distribution main_DN115,630.0990490204897,2.776523752118216,0.006015265384443816,111.1441505110515,115.0
LQ heat distribution main_DN115,629.9546697853796,0.4552502289458985,0.006013887062390259,111.1314161426974,115.0
LQ heat distribution main_DN115,629.9309967734744,1.1258809887452124,0.006013661067049874,111.12932802415504,115.0
LQ heat distribution main_DN115,629.8724509620596,3.451883221057071,0.0060131021571557,111.12416372211868,115.0
LQ heat distribution main_DN115,629.6929530345647,3.4451312969488392,0.0060113885731223355,111.10832878734537,115.0
LQ heat distribution main_DN115,629.5138062071234,3.4451308739157436,0.006009678340879459,111.0925225754244,115.0
LQ heat distribution main_DN115,629.3346594016798,3.911681550297249,0.006007968108846585,111.0767141162214,115.0
LQ heat distribution main_DN115,629.1312519610643,3.908357885623172,0.006006026271704671,111.058762096793,115.0
LQ heat distribution main_DN115,628.9280173510119,4.528631783377815,0.0060040860844965335,111.04082243216428,115.0
LQ heat distribution main_DN115,628.6925284982763,4.528632872979156,0.0060018379808904655,111.02003203696623,115.0
LQ heat distribution main_DN115,628.4570395888813,4.52863396346487,0.005999589876743498,110.99923774267901,115.0
LQ heat distribution main_DN115,628.2215506227811,4.5352091518117525,0.0059973417720551895,110.97843954710683,115.0
LQ heat distribution main_DN115,627.985719746887,4.5318745454409095,0.00599509040331157,110.95760724737265,115.0
LQ heat distribution main_DN115,627.750062270524,4.528637241260371,0.005992840689933404,110.93678635733146,115.0
LQ heat distribution main_DN115,627.5145731339785,2.402193057799569,0.005990592583617933,110.91597643624523,115.0
LQ heat distribution main_DN115,627.3896590949729,4.013729857967454,0.005989400086825517,110.90493633234455,115.0
LQ heat distribution main_DN115,627.1809451423586,4.01373075588918,0.0059874075908578385,110.88648740453289,115.0
LQ heat distribution main_DN120,725.5338948943862,2.2057806136851807,0.0069263378987530905,119.26446157587908,120.0
LQ heat distribution main_DN120,725.4191943024746,0.6729139641248553,0.006925242905035557,119.25503386675595,120.0
LQ heat distribution main_DN120,725.3842027763401,2.5241860494507895,0.006924908857053366,119.25215762224127,120.0
LQ heat distribution main_DN120,725.2529451017687,0.7451202272286693,0.006923655800494212,119.24136784422444,120.0
LQ heat distribution main_DN120,725.2141988499528,0.5580908565181646,0.0069232859078754445,119.23818259843846,120.0
LQ heat distribution main_DN120,725.1851781254139,4.129261445426043,0.006923008860385813,119.23579681153838,120.0
LQ heat distribution main_DN120,724.9704565302518,1.9726397633904658,0.006920959012221974,119.21814311651039,120.0
LQ heat distribution main_DN120,724.8678792625554,4.220408816067057,0.006919979754296472,119.2097086321262,120.0
LQ heat distribution main_DN120,724.64841800412,4.214093777557515,0.006917884658750549,119.19166127900161,120.0
LQ heat distribution main_DN120,724.429285127687,1.1413538734309345,0.006915792698116343,119.17363820339182,120.0
LQ heat distribution main_DN125,767.101353720566,1.9068102481344547,0.007323163281341918,122.63334468898798,125.0
LQ heat distribution main_DN125,767.002199587663,0.5450086993966882,0.007322216702507522,122.62541875074258,125.0
LQ heat distribution main_DN125,766.9738591352943,0.4675816626729067,0.007321946149262953,122.62315324749882,125.0
LQ heat distribution main_DN125,766.9495448888354,3.731698664974648,0.00732171403235165,122.6212095611763,125.0
LQ heat distribution main_DN125,766.7554965582567,3.725175380862296,0.00731986154232226,122.60569618977227,125.0
LQ heat distribution main_DN125,766.5617874384519,4.7551867406446515,0.00731801229058188,122.59020797886464,125.0
LQ heat distribution main_DN125,766.3145177279384,4.745244645848671,0.007315651720553111,122.5704344324707,125.0
LQ heat distribution main_DN125,766.0677650063543,4.74173085586277,0.007313296085979516,122.55069904793983,125.0
LQ heat distribution main_DN125,765.8211950018494,4.745057418941026,0.007310942195721713,122.53097510205725,125.0
LQ heat distribution main_DN125,765.5744520160645,2.2058275430562184,0.007308586654091308,122.5112341399937,125.0
LQ heat distribution main_DN125,765.4597489838255,2.5878294548239418,0.0073074916370770935,122.50205610616823,125.0
LQ heat distribution main_DN125,765.3251818521746,1.2286721614543858,0.007306206986655605,122.49128775753972,125.0
LQ heat distribution main_DN125,765.261290899779,1.6563685726999537,0.007305597049162569,122.48617473593669,125.0
LQ heat distribution main_DN125,765.1751597339986,0.9944058237985156,0.007304774794596645,122.47928155186035,125.0
LQ heat distribution main_DN125,765.1234506311611,0.9972884636188242,0.007304281151610129,122.47514302182164,125.0
LQ heat distribution main_DN125,765.0715916310529,0.607846791090835,0.007303786077623417,122.4709923543205,125.0
LQ heat distribution main_DN160,1295.9972085748968,3.2934827162837004,0.01237228838734985,159.39850058813067,160.0
LQ heat distribution main_DN160,1295.82594747365,3.283072712427885,0.012370653436502626,159.38796828741133,160.0
LQ heat distribution main_DN160,1295.6552276926038,4.194707881769659,0.012369023653390012,159.37746858435187,160.0
LQ heat distribution main_DN160,1295.4371028827518,4.19470903917247,0.01236694131630312,159.36405234423043,160.0
LQ heat distribution main_DN160,1295.2189780127148,3.0418768859238408,0.012364858978641669,159.3506349708505,160.0
LQ heat distribution main_DN160,1295.0608004146468,3.050011809764074,0.012363348929972762,159.34090438833056,160.0
LQ heat distribution main_DN160,1294.9021998005392,4.291188078735761,0.012361834842964574,159.3311471865632,160.0
LQ heat distribution main_DN160,1294.679058020445,0.7200538273427961,0.0123597046111737,159.3174183630211,160.0
LQ heat distribution main_DN160,1294.641615221423,3.962116774363475,0.012359347162018358,159.31511457461502,160.0
LQ heat distribution main_DN160,1294.4355851491562,0.35596614553095624,0.012357380287820107,159.30243731699284,160.0
LQ heat distribution main_DN160,1294.4170749095886,0.34807093179197407,0.01235720357908915,159.3012983121424,160.0
LQ heat distribution main_DN160,1294.3989752211353,3.380374586476344,0.012357030789700576,159.3001845621754,160.0
LQ heat distribution main_DN160,1294.2231957426386,3.3699023572989337,0.012355352703987004,159.28936770638913,160.0
LQ heat distribution main_DN160,1294.047960820059,3.8803536218664547,0.012353679816897938,159.2785836294946,160.0
LQ heat distribution main_DN160,1293.846182431722,3.870050864636129,0.012351753531567752,159.26616514508973,160.0
LQ heat distribution main_DN160,1293.644939786761,3.870051242266563,0.012349832360732801,159.25377866856962,160.0
LQ heat distribution main_DN160,1293.443697122163,3.8700516220170873,0.012347911189710388,159.2413912273676,160.0
LQ heat distribution main_DN165,1380.6241548971266,3.793763877365555,0.013180182862979728,164.5204665569219,165.0
LQ heat distribution main_DN165,1380.4268791755035,2.757121831828152,0.01317829956253464,164.50871207141427,165.0
LQ heat distribution main_DN165,1380.2835088402485,2.7595425920643044,0.013176930871983279,164.50016895986371,165.0
LQ heat distribution main_DN165,1380.1400126254612,1.6146685070599547,0.013175560979718006,164.49161790315526,165.0
LQ heat distribution main_DN165,1380.0560498630941,3.664704568537117,0.01317475942590066,164.48661428737682,165.0
LQ heat distribution main_DN165,1379.8654852255302,3.675112072480284,0.01317294019308382,164.47525735220327,165.0
LQ heat distribution main_DN170,1456.6922478178221,3.6261942883704736,0.013906369907568708,168.99198344238943,170.0
LQ heat distribution main_DN170,1456.5036857148268,3.7913430231222125,0.013904569792026986,168.98104547141037,170.0
LQ heat distribution main_DN170,1456.3065358776244,3.8041753630929787,0.013902687693342476,168.96960859234193,170.0
LQ heat distribution main_DN170,1456.1087187587434,3.7937635617651044,0.013900799224427145,168.9581322254246,170.0
LQ heat distribution main_DN175,1534.6198969447255,4.023092301307821,0.014650309278708596,173.45331767743764,175.0
LQ heat distribution main_DN175,1534.4106961450575,4.025537337144066,0.014648312135036349,173.44149461637394,175.0
LQ heat distribution main_DN175,1534.201368203526,0.45136884815637357,0.014646313777599293,173.42966356310293,175.0
LQ heat distribution main_DN175,1534.177897023422,1.0495107827746435,0.014646089709054148,173.4283369398441,175.0
LQ heat distribution main_DN175,1534.1233224627179,1.1088333003855129,0.014645568710861269,173.4252522716666,175.0
LQ heat distribution main_DN175,1534.0656631310978,1.7638529451452045,0.014645018263781364,173.42199318618603,175.0
LQ heat distribution main_DN175,1533.9739427779502,0.3609676610918171,0.01464414265181814,173.41680873919526,175.0
LQ heat distribution main_DN175,1533.9551724595735,3.626193999050341,0.014643963460234593,173.4157477372516,175.0
LQ heat distribution main_DN180,1605.6960891642577,3.3680707887073384,0.015328840946675491,177.42461583345676,180.0
LQ heat distribution main_DN180,1605.520949483245,3.3680710428286553,0.015327168968813795,177.41493936409853,180.0
LQ heat distribution main_DN180,1605.345809789018,3.3680712973020275,0.015325496990825947,177.4052623662126,180.0
LQ heat distribution main_DN180,1605.1706700815582,4.786363676972701,0.015323825012711774,177.39558483971152,180.0
LQ heat distribution main_DN185,1681.5956848465075,3.77610374206176,0.016053419425742316,181.5695389805362,185.0
LQ heat distribution main_DN185,1681.3993274519203,3.7761040502900567,0.016051544892142437,181.5589378703034,185.0
LQ heat distribution main_DN185,1681.2029700413052,3.7761043585164336,0.01604967035838955,181.54833614017699,185.0
LQ heat distribution main_DN185,1681.0066126146623,2.7467036609277815,0.01604779582448365,181.53773379004838,185.0
LQ heat distribution main_DN185,1680.863784024294,3.156455725506023,0.016046432305721184,181.5300213488207,185.0
LQ heat distribution main_DN190,1763.3216736409202,3.6213717243609977,0.0168336197960947,185.92935879081065,190.0
LQ heat distribution main_DN190,1763.1333623112534,3.6237751447322837,0.01683182207457044,185.91943050032032,190.0
LQ heat distribution main_DN190,1762.9449260037275,3.3375608771796474,0.01683002315994012,185.90949508991667,190.0
LQ heat distribution main_DN190,1762.771372838114,0.2501433802661515,0.01682836632781016,185.90034393180608,190.0
LQ heat distribution main_DN190,1762.7583653823403,1.7822242343769883,0.01682824215162139,185.89965805302452,190.0
LQ heat distribution main_DN195,1925.7709926451948,4.81450082696307,0.018384448617137897,194.30524285046988,195.0
LQ heat distribution main_DN195,1925.5206386021928,2.764422254066732,0.018382058602407568,194.2926124067664,195.0
LQ heat distribution main_DN195,1925.3768886449814,2.2280503254542814,0.01838068628778025,194.28535980311975,195.0
LQ heat distribution main_DN195,1925.2610300280578,1.1761228655664413,0.01837958023893134,194.27951420170928,195.0
LQ heat distribution main_DN195,1844.0616204589196,3.4267436959919326,0.017604406877889448,190.13843428194087,195.0
LQ heat distribution main_DN195,1843.8834297867281,3.4365391032357144,0.017602705773620317,190.12924757322386,195.0
LQ heat distribution main_DN195,1843.70472975336,3.089830505612829,0.017600999806714653,190.12003415832584,195.0
LQ heat distribution main_DN195,1843.544058567068,3.077001226933339,0.01759946595290757,190.1117498933704,195.0
LQ heat distribution main_DN200,2005.0556551148784,3.6288475756338494,0.01914134276959311,198.26470800738167,200.0
LQ heat distribution main_DN200,2004.8669550409454,3.2668923951929694,0.0191395413369064,198.25537823011354,200.0
LQ heat distribution main_DN200,2004.6970766363954,2.8328941477291867,0.019137919586027643,198.2469786650626,200.0
LQ heat distribution main_DN200,2004.5497661407135,2.2745281969348965,0.019136513280579602,198.23969467249609,200.0
LQ heat distribution main_DN200,2004.4314906744728,4.806582666260583,0.019135384159183512,198.23384616761402,200.0
LQ heat distribution main_DN205,2087.051887748918,3.6607440408777436,0.01992412303340256,202.27807967401662,205.0
LQ heat distribution main_DN205,2086.8615290587923,3.6607443222723806,0.019922305766671047,202.26885463544255,205.0
LQ heat distribution main_DN205,2086.671170354034,2.853430191657253,0.019920488499799847,202.25962917540642,205.0
LQ heat distribution main_DN205,2086.5227919840677,2.6717228332891736,0.019919071999847902,202.252437939903,205.0
LQ heat distribution main_DN205,2086.3838623967367,3.6310505709412313,0.019917745703071473,202.24570441281222,205.0
LQ heat distribution main_DN205,2055.7212932487955,2.9885752890570707,0.019625024279224777,200.75405020899882,205.0
LQ heat distribution main_DN205,2055.5658873337647,2.9866724616318447,0.019623540690537133,200.7464618854703,205.0
LQ heat distribution main_DN205,2055.41058036576,2.986672343669062,0.019622058046451167,200.73887810685167,205.0
LQ heat distribution main_DN205,2055.255273403889,2.988574925986316,0.019620575402423762,200.73129404201177,205.0
LQ heat distribution main_DN205,2055.0998675077376,1.1869988413895696,0.01961909181391635,200.72370485911244,205.0
LQ heat distribution main_DN205,2055.038143567985,0.7841729931629249,0.019618502563894847,200.7206905163326,205.0
LQ heat distribution main_DN205,2054.9973665723405,3.7919508028794935,0.01961811328470015,200.71869911112427,205.0
LQ heat distribution main_DN205,2054.8001851305908,0.6123168416551069,0.019616230884301582,200.7090691834745,205.0
LQ heat distribution main_DN205,2054.768344654825,0.49341730686947344,0.019615926917945822,200.7075141181556,205.0
LQ heat distribution main_DN205,2054.7426869548676,2.5432755540594036,0.019615681975702792,200.70626100627413,205.0
LQ heat distribution main_DN205,2054.6104366260565,0.8007993738653882,0.01961441944273085,200.69980182861116,205.0
LQ heat distribution main_DN205,2054.5687950586157,4.5452475856226515,0.019614021909867455,200.69776798887918,205.0
LQ heat distribution main_DN205,2054.3324421841635,4.352033365342933,0.01961176555784404,200.68622375176955,205.0
LQ heat distribution main_DN205,2054.1061364491657,4.404393948648727,0.019609605121233085,200.67516962701404,205.0
LQ heat distribution main_DN205,2053.877107963836,1.4999612238661162,0.01960741869177886,200.66398188687765,205.0
LQ heat distribution main_DN205,2053.7991099801948,0.036099400602126575,0.019606674080956513,200.66017164562396,205.0
LQ heat distribution main_DN205,2053.7972328113633,4.914052523312943,0.019606656160490343,200.66007994407823,205.0
LQ heat distribution main_DN205,2053.541702080151,4.914051317307951,0.019604216726302158,200.64759662510218,205.0
LQ heat distribution main_DN205,2053.286171411651,4.927970857789712,0.01960177729271266,200.63511253249027,205.0
LQ heat distribution main_DN205,2053.029916927046,4.937541440632432,0.019599330949184212,200.62259229729247,205.0
LQ heat distribution main_DN205,2052.773164772133,3.7417689541392765,0.01959687985462657,200.6100469629447,205.0
LQ heat distribution main_DN205,2052.5785927865177,3.7448275425139674,0.01959502236550375,200.60053933179887,205.0
LQ heat distribution main_DN205,2052.383861754307,3.7580306156010215,0.019593163358036344,200.59102347775038,205.0
LQ heat distribution main_DN205,2052.1884441622956,3.7580298969400485,0.019591297796298764,200.5814736199862,205.0
LQ heat distribution main_DN205,2051.993026607655,0.4998279034099172,0.019589432234917947,200.57192330934978,205.0
LQ heat distribution main_DN205,2051.9670355566777,0.6577691826669667,0.01958918411032628,200.57065305854402,205.0
LQ heat distribution main_DN205,2051.9328315591792,3.996726551159351,0.019588857580517226,200.56898140724914,205.0
LQ heat distribution main_DN205,2051.725001778519,3.9948196617502223,0.019586873525331925,200.55882384694294,205.0
LQ heat distribution main_DN205,2051.517271156108,3.9967261177784867,0.019584890416764755,200.54867061883817,205.0
LQ heat distribution main_DN205,2051.309441397984,3.996725902149152,0.019582906361794595,200.53851203086327,205.0
LQ heat distribution main_DN205,2051.1016116510723,3.996725685456713,0.019580922306931477,200.5283529288115,205.0
LQ heat distribution main_DN205,2050.8937819154285,3.996725468765586,0.019578938252175927,200.51819331260734,205.0
LQ heat distribution main_DN205,2050.685952191053,4.005511729974485,0.01957695419752795,200.5080331821727,205.0
LQ heat distribution main_DN205,2050.4776655810942,3.994818378929523,0.019574965781203765,200.49785019950465,205.0
LQ heat distribution main_DN205,2050.2699350253897,4.007412869330409,0.01957298267327341,200.48769388679432,205.0
LQ heat distribution main_DN205,2050.0615495561847,3.833724991550768,0.019570993313185535,200.47750503724876,205.0
LQ heat distribution main_DN205,2049.862195856624,3.823036918767935,0.019569090175242235,200.46775730456156,205.0
LQ heat distribution main_DN205,2049.663397936848,3.833724595792151,0.019567192343072536,200.45803627563131,205.0
LQ heat distribution main_DN205,2049.464044257867,3.8337243982773255,0.0195652892053257,200.44828759719118,205.0
LQ heat distribution main_DN205,2049.2646905891565,0.35030839162166294,0.01956338606767691,200.43853844510934,205.0
LQ heat distribution main_DN205,2049.2464745527923,0.4202931997327569,0.019563212167568424,200.43764758805318,205.0
LQ heat distribution main_DN205,2049.224619306406,2.8746267261754648,0.01956300352559815,200.43657874984672,205.0
LQ heat distribution main_DN205,2049.075138716645,3.5024413774505567,0.01956157650326153,200.42926819830404,205.0
LQ heat distribution main_DN205,2048.8930117650175,3.509055624948413,0.019559837821145752,200.4203606716564,205.0
LQ heat distribution main_DN205,2048.71054087252,3.941485425319232,0.019558095855584916,200.4114359264043,205.0
LQ heat distribution main_DN205,2048.5055836304036,3.941486226667926,0.019556139223201943,200.40141088827556,205.0
LQ heat distribution main_DN205,2048.300626346617,3.251908236725768,0.019554182590421163,200.39138534658298,205.0
LQ heat distribution main_DN205,2048.131527118307,3.251908800746154,0.019552568277979066,200.38311343385996,205.0
LQ heat distribution main_DN205,2047.9624278606684,2.800296156384174,0.019550953965256978,200.3748411782194,205.0
LQ heat distribution main_DN205,2047.8168124605365,3.7673282707482696,0.01954956384210536,200.36771746809956,205.0
LQ heat distribution main_DN205,2047.6209113904576,3.764189322896588,0.01954769366482537,200.35813331271564,205.0
LQ heat distribution main_DN205,2047.4251735456671,4.377968476355837,0.019545825045782023,200.34855668496698,205.0
LQ heat distribution main_DN205,2047.1975191848967,4.377969464419195,0.01954365173446202,200.3374179407726,205.0
LQ heat distribution main_DN205,2046.9698647727469,4.407459908833901,0.019541478422651522,200.3262785747164,205.0
LQ heat distribution main_DN205,2046.7406768574874,3.0949269367087955,0.019539290471193196,200.31506354704092,205.0
LQ heat distribution main_DN205,2046.5797406567785,3.0980260534000337,0.019537754087415548,200.30718795747975,205.0
LQ heat distribution main_DN205,2046.4186433020018,0.39744778456050245,0.01953621616517424,200.29930417154105,205.0
LQ heat distribution main_DN205,2046.3979760172047,2.4318617170343493,0.019536018864126058,200.29829273303858,205.0
LQ heat distribution main_DN205,2046.2715192079188,0.07219822810713598,0.019534811639216408,200.29210393823553,205.0
LQ heat distribution main_DN205,2046.2677649000573,0.3938029819853447,0.019534775798568566,200.2919201995287,205.0
LQ heat distribution main_DN205,2046.247287144994,4.817575493920121,0.019534580306873453,200.29091799951982,205.0
LQ heat distribution main_DN205,2045.9967732193102,4.8144533243017,0.019532188765816805,200.27865721357819,205.0
LQ heat distribution main_DN205,2045.7464216464464,4.003963822489305,0.019529798774667744,200.2664036236897,205.0
LQ heat distribution main_DN205,2045.538215527677,4.000886880007717,0.019527811126755865,200.2562122942188,205.0
LQ heat distribution main_DN205,2045.3301694099166,4.007491005607063,0.01952582500629992,200.24602827844038,205.0
LQ heat distribution main_DN205,2045.121779877625,3.797170630006116,0.01952383560742363,200.23582693301603,205.0
LQ heat distribution main_DN205,2044.9243270048646,3.800283809260608,0.01952195061579823,200.22616049309966,205.0
LQ heat distribution main_DN205,2044.726712246783,3.7971721198647193,0.01952006407872824,200.21648566070786,205.0
LQ heat distribution main_DN210,2171.1564033180152,3.4652741541857064,0.020727030103274608,206.31355080511585,210.0
LQ heat distribution main_DN210,2170.9762090619975,3.4757444600323457,0.02072530987171358,206.30498917221567,210.0
LQ heat distribution main_DN210,2170.795470350076,2.0476245188770426,0.020723584442482824,206.29640131345752,210.0
LQ heat distribution main_DN210,2170.688993875094,2.616123998697315,0.020722567960621423,206.29134188172574,210.0
LQ heat distribution main_DN210,2170.552955427162,3.6502955878673813,0.020721269264221118,206.28487757620925,210.0
LQ heat distribution main_DN215,2261.5149704797514,2.297007180905628,0.021589641722957055,210.5629382513775,215.0
LQ heat distribution main_DN215,2261.3955261063443,2.697167229401359,0.021588501442542665,210.5573776226291,215.0
LQ heat distribution main_DN215,2261.2552734104156,2.900527863313055,0.021587162514657907,210.5508480930936,215.0
LQ heat distribution main_DN215,2261.104445961523,2.898339274771673,0.02158572263447755,210.5438260250364,215.0
LQ heat distribution main_DN215,2260.953732319235,3.772367212280388,0.02158428384075642,210.53680902152595,215.0
LQ heat distribution main_DN215,2260.7575692241962,3.761900248783498,0.02158241116204483,210.52767560863796,215.0
LQ heat distribution main_DN235,2745.360046909732,4.176875683975422,0.026208687798660923,231.99672453497385,235.0
LQ heat distribution main_DN235,2745.142849374165,3.7015098807646942,0.02620661431383451,231.9875472116659,235.0
LQ heat distribution main_DN235,2744.950370860365,1.5433333352488268,0.02620477681012282,231.97941404638073,235.0
LQ heat distribution main_DN235,2744.870117526932,1.3725378130210792,0.026204010668514865,231.9760228635126,235.0
LQ heat distribution main_DN235,2744.798745560655,0.5060537306133717,0.026203329313228208,231.97300692982554,235.0
LQ heat distribution main_DN235,2744.772430766663,0.16302605625761057,0.026203078098011104,231.97189494729318,235.0
LQ heat distribution main_DN235,2744.7639534117375,4.659822488672091,0.026202997168608473,231.97153671912412,235.0
LQ heat distribution main_DN235,2744.5216426423267,4.66201449687093,0.026200683939306222,231.9612971424055,235.0
LQ heat distribution main_DN235,2744.2792178884893,4.659823264994359,0.026198369621847153,231.95105229657963,235.0
LQ heat distribution main_DN235,2744.0369070787096,4.670372643270514,0.02619605639215952,231.94081181382154,235.0
LQ heat distribution main_DN235,2743.7940477012594,4.659824045531417,0.026193737925549014,231.93054769393785,235.0
LQ heat distribution main_DN235,2743.5517368508918,4.659824434577441,0.026191424695473906,231.92030630407984,235.0
LQ heat distribution main_DN235,2743.309425980294,4.659824826094407,0.02618911146520567,231.9100644610963,235.0
LQ heat distribution main_DN235,2743.0671150893368,4.662016856543015,0.026186798234743073,231.8998221649217,235.0
LQ heat distribution main_DN240,2894.936097786298,4.014632761182913,0.02763662145858041,238.23287375043066,240.0
LQ heat distribution main_DN240,2894.7273368827164,4.0041188996513215,0.027634628514393474,238.2242838187458,240.0
LQ heat distribution main_DN240,2894.5191226999345,1.9583001841214374,0.027632640789498182,238.21571607457156,240.0
LQ heat distribution main_DN240,2894.4172910903603,0.702857194250793,0.027631668650027308,238.21152572340745,240.0
LQ heat distribution main_DN240,2894.3807425162595,1.526476200139506,0.02763131973762539,238.21002173863118,240.0
LQ heat distribution main_DN240,2821.1386667720253,4.337880154776657,0.026932111377298572,235.17676683579103,240.0
LQ heat distribution main_DN240,2820.913097003977,4.337880485457752,0.026929957966625076,235.16736463415205,240.0
LQ heat distribution main_DN240,2820.687527218733,1.219436666294908,0.026927804555787426,235.15796205587284,240.0
LQ heat distribution main_DN240,2820.624116512086,3.1279742179640637,0.02692719920297934,235.15531879670115,240.0
LQ heat distribution main_DN240,2820.4614618527517,4.164171296367493,0.02692564641386875,235.1485384427572,240.0
LQ heat distribution main_DN245,3056.6620411482036,4.738038991413214,0.029180544545567576,244.7968982130163,245.0
LQ heat distribution main_DN245,3056.41566312065,4.727484262460961,0.0291781924880253,244.78703225604707,245.0
LQ heat distribution main_DN245,3056.1698339390023,4.740215094906673,0.029175845670062074,244.77718788072448,245.0
LQ heat distribution main_DN245,3055.923342754067,4.738040179754099,0.029173492532258396,244.7673165975529,245.0
LQ heat distribution main_DN245,2973.234308609894,4.729665626685055,0.0283840984115503,241.43307541014462,245.0
LQ heat distribution main_DN245,2972.9883659973066,0.36415792984977696,0.028381750510714145,241.4230896668171,245.0
LQ heat distribution main_DN245,2972.969429784954,1.8185987500744702,0.028381569735417222,241.42232080303265,245.0
LQ heat distribution main_DN245,2972.8748626499505,4.01239270217119,0.02838066694653891,241.4184810732102,245.0
LQ heat distribution main_DN245,2972.6662182294376,4.00411828928979,0.02837867511436217,241.41000922269012,245.0
LQ heat distribution main_DN250,3139.1721878145436,4.4907124896353725,0.029968230909924044,248.0788658428096,250.0
LQ heat distribution main_DN250,3138.9386707650824,4.488500743610893,0.029966001630215584,248.0696386136713,250.0
LQ heat distribution main_DN250,3138.7052687264145,2.9238031927052988,0.02996377344846219,248.06041558611105,250.0
LQ heat distribution main_DN250,3138.5532309603936,4.729663622318573,0.029962322013941705,248.05440753423522,250.0
LQ heat distribution main_DN255,3302.4272892435147,3.996743769843033,0.03152675216461589,254.44787657204438,255.0
LQ heat distribution main_DN255,3302.219458567483,4.0074319765693165,0.031524768100882894,254.4398698997394,255.0
LQ heat distribution main_DN255,3302.0110721047013,3.470824903595649,0.0315227787313098,254.43184156278969,255.0
LQ heat distribution main_DN255,3301.830589209714,3.4678946759415776,0.031521055744245484,254.42488803933932,255.0
LQ heat distribution main_DN255,3301.6502586865654,0.4827761744717975,0.03151933421180492,254.41794019656155,255.0
LQ heat distribution main_DN255,3301.625154325493,0.42346434884015755,0.03151909455203335,254.416972951173,255.0
LQ heat distribution main_DN255,3301.603134179353,4.488498901681471,0.03151888433584108,254.41612453440788,255.0
LQ heat distribution main_DN255,3213.150945778882,4.490711374662519,0.030674472036075245,250.98499765666472,255.0
LQ heat distribution main_DN255,3212.9174287874,4.488499638170595,0.030672242756920286,250.9758772749195,255.0
LQ heat distribution main_DN255,3212.684026806215,4.4907121185681085,0.030670014575715658,250.9667610538875,255.0
LQ heat distribution main_DN260,3384.636702695947,3.797862321457941,0.03231156756750307,257.59547424936125,260.0
LQ heat distribution main_DN260,3384.439213855231,3.799768924207818,0.03230968223250817,257.58795897103823,260.0
LQ heat distribution main_DN260,3384.2416258711723,3.7997691211445397,0.032307795951037444,257.5804397004613,260.0
LQ heat distribution main_DN260,3384.0440378768726,3.7997693166659365,0.03230590966946895,257.5729202099862,260.0
LQ heat distribution main_DN265,3543.7018430884646,3.440806921156634,0.03383008919416195,263.5789878670906,265.0
LQ heat distribution main_DN265,3543.5229211285646,3.4428015650507247,0.03382838110862591,263.5723337146702,265.0
LQ heat distribution main_DN265,3543.343895447182,2.644359581572006,0.03382667203290866,263.5656755366808,265.0
LQ heat distribution main_DN265,3543.2063887489403,2.6337340322761866,0.03382535931979895,263.5605613848371,265.0
LQ heat distribution main_DN265,3543.0694345792617,0.8171805057982797,0.033824051881424934,263.55546768400666,265.0
LQ heat distribution main_DN265,3543.0269411929603,4.1475410913738076,0.03382364621663924,263.5538872185252,265.0
LQ heat distribution main_DN265,3463.8837229773476,4.149582719141144,0.03306810236732551,260.5936634396277,265.0
LQ heat distribution main_DN265,3463.667944675952,1.1369165975349573,0.033066042431274006,260.5855466351566,265.0
LQ heat distribution main_DN265,3463.6088250128805,3.1001576055492794,0.033065478043082394,260.58332272170657,265.0
LQ heat distribution main_DN265,3463.447616817392,0.08056681385950945,0.03306393906269586,260.57725843180475,265.0
LQ heat distribution main_DN265,3463.443427343071,3.426195783965165,0.03306389906771428,260.57710083131764,265.0
LQ heat distribution main_DN265,3463.265265162305,4.092744007930074,0.03306219823543966,260.5703986023704,265.0
LQ heat distribution main_DN270,3710.185753670559,0.8451567325482211,0.0354194344025829,269.6994280781478,270.0
LQ heat distribution main_DN270,3710.1418055204663,0.41536452790044415,0.03541901484983739,269.69783074221476,270.0
LQ heat distribution main_DN270,3710.1202065650155,0.6696038824606771,0.03541880865455862,269.69704570484765,270.0
LQ heat distribution main_DN270,3710.0853871631275,2.5424199898466715,0.03541847624976733,269.6957801512628,270.0
LQ heat distribution main_DN270,3709.9531813236554,2.5531348165546395,0.03541721414151461,269.69097491486804,270.0
LQ heat distribution main_DN270,3709.8204183131948,2.5675675583618367,0.03541594671420711,269.6861493410258,270.0
LQ heat distribution main_DN270,3709.68690480016,1.1888089658278622,0.03541467212219723,269.6812964013785,270.0
LQ heat distribution main_DN270,3709.6250867339368,3.442348829904162,0.03541408197359367,269.67904941313924,270.0
LQ heat distribution main_DN270,3709.446084594782,3.452960316071331,0.035412373122623214,269.67254286490976,270.0
LQ heat distribution main_DN270,3709.2665306583463,1.5179174529208128,0.035410659003898295,269.66601610168476,270.0
LQ heat distribution main_DN270,3709.1875989507944,2.06417158165308,0.03540990547924386,269.66314689396137,270.0
LQ heat distribution main_DN270,3619.9081980833325,1.6343603635980042,0.03455759616308671,266.39801052073085,270.0
LQ heat distribution main_DN270,3619.8232113444255,2.123425119587554,0.034556784833837,266.3948833100651,270.0
LQ heat distribution main_DN270,3619.712793238207,3.3259054226891016,0.034555730723037775,266.39082026041837,270.0
LQ heat distribution main_DN270,3619.5398461562268,0.08056678485325267,0.034554079676909086,266.38445621056275,270.0
LQ heat distribution main_DN270,3619.5356566834143,2.1871853821848526,0.0345540396819419,266.3843020458336,270.0
LQ heat distribution main_DN270,3619.4219230435406,3.4408067455526052,0.034552953919270074,266.38011682745855,270.0
LQ heat distribution main_DN295,4341.983981566188,1.2092359551497718,0.041450921065071006,291.76037413002234,295.0
LQ heat distribution main_DN295,4341.921101296521,0.5986619100589536,0.04145032077610043,291.75826149700674,295.0
LQ heat distribution main_DN295,4341.889970877198,2.508658381967247,0.04145002358832647,291.75721558056915,295.0
LQ heat distribution main_DN295,4341.759520641335,2.516418474803057,0.041448778240012744,291.75283268697683,295.0
LQ heat distribution main_DN295,4341.628666880645,3.7784776864192127,0.04144752903943336,291.74843616952575,295.0
LQ heat distribution main_DN295,4341.432186040951,3.7865017548180537,0.041445653327359916,291.74183454250164,295.0
LQ heat distribution main_DN295,4341.2352879497,3.7760739829211305,0.04144377363197804,291.7352187462362,295.0
LQ heat distribution main_DN295,4341.038932102589,0.5106918035911507,0.0414418991131512,291.7286210200168,295.0
LQ heat distribution main_DN295,4341.012376128802,3.1595545534470135,0.041441645595501696,291.72772870488427,295.0
LQ heat distribution main_DN295,4340.848079292023,3.157157280366795,0.041440077129279454,291.72220805758,295.0
LQ heat distribution main_DN295,4340.683907113444,4.703757478089765,0.041438509853111635,291.7166914946412,295.0
LQ heat distribution main_DN295,4340.439311724583,2.4646560838392118,0.04143617481359983,291.7084723332926,295.0
LQ heat distribution main_DN295,4340.311149608223,0.5066714841143481,0.04143495130890905,291.704165597445,295.0
LQ heat distribution main_DN310,4770.128749575402,3.467934224777583,0.04553822195298713,305.80687819927147,310.0
LQ heat distribution main_DN310,4769.948416995714,4.475878984275118,0.04553650040091374,305.8010976986458,310.0
LQ heat distribution main_DN310,4769.715671288532,4.248989698033559,0.045534278484854716,305.7936369511955,310.0
LQ heat distribution main_DN310,4769.494723824234,4.248990145977477,0.045532169201186,305.7865542322451,310.0
LQ heat distribution main_DN310,4769.273776336643,1.6088410419379688,0.045530059917294925,305.77947134849217,310.0
LQ heat distribution main_DN310,4769.190116602463,0.5053490510397415,0.04552926125634809,305.77678943687675,310.0
LQ heat distribution main_DN310,4769.163838451808,0.023289350683624414,0.04552901039094805,305.7759470234469,310.0
LQ heat distribution main_DN310,4769.1626274055725,0.9669842407026721,0.04552899882964747,305.7759082002018,310.0
LQ heat distribution main_DN310,4769.112344225056,1.6527911204971375,0.045528518799284545,305.7742962373774,310.0
LQ heat distribution main_DN310,4769.026399086791,0.4719094691983904,0.04552769832063762,305.77154101474156,310.0
LQ heat distribution main_DN310,4769.001859794393,2.650565630871567,0.0455274640553164,305.770754331436,310.0
LQ heat distribution main_DN310,4768.864030381587,0.84831082871859,0.045526148261399405,305.7663357435145,310.0
LQ heat distribution main_DN310,4768.8199182184935,2.606635473531872,0.045525727142897314,305.7649215654654,310.0
LQ heat distribution main_DN315,4936.983002757118,0.45949303374440975,0.04713110265161927,311.10931509735457,315.0
LQ heat distribution main_DN315,4936.959109119363,4.022436143229015,0.047130874550065524,311.1085622547514,315.0
LQ heat distribution main_DN315,4936.749942439916,4.022436429929413,0.0471288777321233,311.1019717369102,315.0
LQ heat distribution main_DN315,4936.54077574556,4.020272312365195,0.04712688091403876,311.09538107897987,315.0
LQ heat distribution main_DN315,4936.331721585317,4.358902815538414,0.04712488517026555,311.08879382738456,315.0
LQ heat distribution main_DN315,4936.105058638908,0.7945042581734285,0.0471227213235218,311.0816515691215,315.0
LQ heat distribution main_DN315,4936.063744417484,0.7039495922272663,0.04712232691568003,311.0803497205006,315.0
LQ heat distribution main_DN315,4936.027139038688,0.5017435572214186,0.04712197746098986,311.07919624723337,315.0
LQ heat distribution main_DN315,4936.001048373712,4.021262845184747,0.04712172838542923,311.07837410084045,315.0
LQ heat distribution main_DN315,4935.791942705763,4.0212634350772785,0.047119732149935686,311.07178486600293,315.0
LQ heat distribution main_DN315,4935.5828370071395,2.369609598421975,0.047117735914149306,311.0651954906204,315.0
LQ heat distribution main_DN315,4935.459617308022,2.491994423747325,0.04711655959243935,311.0613125045282,315.0
LQ heat distribution main_DN315,4935.330033597987,0.44457092168135254,0.04711532251644856,311.05722891894214,315.0
LQ heat distribution main_DN315,4935.306915910059,2.5425586858357785,0.04711510182253039,311.05650040308626,315.0
LQ heat distribution main_DN315,4935.174702858395,2.5425587986782103,0.0471138396454262,311.0523338937593,315.0
LQ heat distribution main_DN315,4935.042489800864,0.5038547919512344,0.047112577468266005,311.04816732843676,315.0
LQ heat distribution main_DN315,4935.016289351683,3.342873674531784,0.047112327344646134,311.0473416402553,315.0
LQ heat distribution main_DN315,4934.842459920607,3.3345072409505727,0.04711066787513706,311.04186347611136,315.0
LQ heat distribution main_DN315,4934.669065544078,2.5128900371132765,0.04710901255889335,311.03639892641246,315.0
LQ heat distribution main_DN315,4934.538395262148,2.5255872564835236,0.047107765109901174,311.03228076950455,315.0
LQ heat distribution main_DN315,4934.407064724811,4.3909379887306645,0.04710651135775476,311.02814174928807,315.0
LQ heat distribution main_DN315,4934.1787359493965,4.390938451268417,0.0471043316081088,311.0209455963008,315.0
LQ heat distribution main_DN315,4933.9504071499305,4.390938911331099,0.04710215185823323,311.0137492760527,315.0
LQ heat distribution main_DN315,4933.722078326541,4.390939371747407,0.04709997210812927,311.0065527885364,315.0
LQ heat distribution main_DN315,4933.49374947921,4.3909398353462885,0.04709779235779676,310.9993561337396,315.0
LQ heat distribution main_DN315,4933.265420607772,4.393469783586199,0.047095612607234105,310.99215931164554,315.0
LQ heat distribution main_DN315,4933.036960179026,1.5883470643670645,0.047093431600754423,310.98495817623194,315.0
LQ heat distribution main_DN315,4932.954366131679,1.6759680264543901,0.04709264311342892,310.98235474815294,315.0
LQ heat distribution main_DN315,4932.867215794304,4.795775141462044,0.04709181112930123,310.979607678666,315.0
LQ heat distribution main_DN315,4932.617835486948,4.7828653814712085,0.047089430410376595,310.9717468173316,315.0
LQ heat distribution main_DN315,4932.369126487111,4.795776336870101,0.04708705610011562,310.9639069187578,315.0
LQ heat distribution main_DN315,4932.119746117594,4.476001923096062,0.04708467538059756,310.95604565855405,315.0
LQ heat distribution main_DN315,4931.886994017594,4.47600240507851,0.04708245340350925,310.9487083948366,315.0
LQ heat distribution main_DN315,4931.654241892529,4.473477855065939,0.04708023142618166,310.9413709571921,315.0
LQ heat distribution main_DN315,4931.421621044065,4.486349892320195,0.04707801070209132,310.9340374849984,315.0
LQ heat distribution main_DN315,4931.188330849664,4.476003850650255,0.04707578358806362,310.92668273767293,315.0
LQ heat distribution main_DN315,4930.95557864943,4.476004331572886,0.047073561610018425,310.9193447778713,315.0
LQ heat distribution main_DN315,4930.7228264241885,3.2796450886371553,0.047071339631734495,310.9120066440951,315.0
LQ heat distribution main_DN315,4930.552284879579,0.6703664046336338,0.04706971155016305,310.90662975776297,315.0
LQ heat distribution main_DN315,4930.517425826538,0.32231561822788307,0.047069378766840454,310.90553069935856,315.0
LQ heat distribution main_DN315,4930.50066541439,1.4954505440385357,0.04706921876290587,310.905002265037,315.0
LQ heat distribution main_DN315,4930.4229019860995,0.28877067051500016,0.04706847639127541,310.9025504720225,315.0
LQ heat distribution main_DN315,4930.407885911232,4.055763130760701,0.047068333039725366,310.9020770299241,315.0
LQ heat distribution main_DN315,4930.196986228433,1.3871734362110897,0.04706631967759841,310.89542749380615,315.0
LQ heat distribution main_DN315,4930.12485320975,0.6007380606125764,0.047065631056894985,310.89315315185087,315.0
LQ heat distribution main_DN315,4930.093614830598,4.656472613366949,0.04706533283847827,310.8921682058437,315.0
LQ heat distribution main_DN330,5414.161099076817,3.5772286782230216,0.05168650213915815,325.7975287847988,330.0
LQ heat distribution main_DN330,5413.975083185549,3.58036008069712,0.05168472633112696,325.7919319769894,330.0
LQ heat distribution main_DN330,5413.788904461353,0.5447463799287712,0.0516829489686048,325.7863301736204,330.0
LQ heat distribution main_DN330,5413.760577649597,0.6020149552308379,0.051682678545580875,325.78547785925406,330.0
LQ heat distribution main_DN350,6181.434416786135,3.3069997837011704,0.059011307081490556,348.1182820922758,350.0
LQ heat distribution main_DN40,81.24377599630928,4.568958402252326,0.0007755969068860075,39.909588398826855,40.0
LQ heat distribution main_DN40,81.00619015939216,3.576266533145396,0.0007733287843378726,39.85119072371999,40.0
LQ heat distribution main_DN40,80.8202242996686,3.5866199917884223,0.0007715534539347838,39.80542126367533,40.0
LQ heat distribution main_DN40,80.6337200600956,3.83675465527438,0.000769772983867261,39.75946638200241,40.0
LQ heat distribution main_DN40,80.43420881802133,3.828920354061079,0.0007678683419381512,39.71024768417479,40.0
LQ heat distribution main_DN405,8237.414542883847,4.977554786839582,0.07863880231870021,401.86266483909793,405.0
LQ heat distribution main_DN50,120.02530341348766,0.7865184776173777,0.0011458262855702879,48.508584843554736,50.0
LQ heat distribution main_DN50,119.98440445265156,1.0470601912059887,0.0011454358420300865,48.50031942079259,50.0
LQ heat distribution main_DN50,119.92995732270884,3.9252604430049276,0.0011449160603599889,48.48931381197318,50.0
LQ heat distribution main_DN50,119.72584377967259,3.938098207959516,0.0011429674823835092,48.4480332986945,50.0
LQ heat distribution main_DN50,119.52106267285869,2.640895178670394,0.001141012531483138,48.406582399016266,50.0
LQ heat distribution main_DN50,119.38373612356783,2.651305502116295,0.0011397015381724852,48.37876546313075,50.0
LQ heat distribution main_DN50,114.22822159583465,1.0374358154705596,0.0010904842157120254,47.32263364828478,50.0
LQ heat distribution main_DN50,114.17427493343018,0.24619137254112902,0.0010899692117749898,47.31145777776915,50.0
LQ heat distribution main_DN50,114.16147298205804,1.3688453759661012,0.0010898469974420816,47.30880527149628,50.0
LQ heat distribution main_DN50,114.09029302250781,0.9161517398588666,0.0010891674751552058,47.2940543935384,50.0
LQ heat distribution main_DN50,114.04265313203514,1.2605433526938472,0.0010887126790647746,47.28417923780933,50.0
LQ heat distribution main_DN50,113.97710487769506,1.024438181144084,0.001088086920073461,47.27058852937947,50.0
LQ heat distribution main_DN50,113.92383409227557,1.1327285797697861,0.0010875783684226785,47.25954054003621,50.0
LQ heat distribution main_DN50,113.86493220612753,3.647290602937954,0.001087016059247041,47.24732169223497,50.0
LQ heat distribution main_DN50,113.67527309477477,3.647291368083601,0.0010852054710718355,47.207956545269134,50.0
LQ heat distribution main_DN50,113.48561394363442,3.6508714782806275,0.0010833948825167963,47.16855853733999,50.0
LQ heat distribution main_DN50,113.29576862676383,0.7320618792716034,0.0010815825167232824,47.12908887345862,50.0
LQ heat distribution main_DN50,109.17083279752784,0.8096935941726587,0.0010422036543916739,46.263183063421415,50.0
LQ heat distribution main_DN50,109.12872873063085,1.0055635354318468,0.0010418017062590057,46.25426101002065,50.0
LQ heat distribution main_DN50,109.0764394267884,3.942270082623889,0.0010413025243607484,46.24317825974277,50.0
LQ heat distribution main_DN50,108.87144138249195,3.9422704592593765,0.001039345502458157,46.19970315454773,50.0
LQ heat distribution main_DN50,108.66644331861046,4.780238671695321,0.0010373884803685962,46.156187095451735,50.0
LQ heat distribution main_DN55,154.22667530898764,1.200860253692599,0.001472331029202746,54.987243232049536,55.0
LQ heat distribution main_DN55,154.1642305757956,2.744629367347611,0.0014717348980982875,54.97611023135581,55.0
LQ heat distribution main_DN55,154.02150984869354,3.293355058284369,0.0014703724090567403,54.95065670303161,55.0
LQ heat distribution main_DN55,153.85025538566276,1.3554742914279219,0.0014687375215815062,54.92009875519585,55.0
LQ heat distribution main_DN55,153.77977072250852,1.4252091714137276,0.001468064636969055,54.90751681921202,55.0
LQ heat distribution main_DN55,153.705659845595,2.1221369801374865,0.0014673571345641527,54.89428447209963,55.0
LQ heat distribution main_DN55,153.59530872262783,2.2471089257459185,0.0014663036632231775,54.87457558959663,55.0
LQ heat distribution main_DN55,153.47845905848905,3.356681907940245,0.0014651881533029982,54.85369833832278,55.0
LQ heat distribution main_DN55,153.30391159927615,1.3490717727176775,0.001463521829110035,54.82249755120307,55.0
LQ heat distribution main_DN55,153.23375986709482,2.8359228605025706,0.0014628521228362275,54.80995275311017,55.0
LQ heat distribution main_DN55,153.08629187834867,3.685107795425881,0.0014614443138744504,54.78357260331548,55.0
LQ heat distribution main_DN55,152.89466627298654,1.4996870462636667,0.001459614952486745,54.749274226929984,55.0
LQ heat distribution main_DN55,152.81668254658084,0.39815320535266496,0.0014588704777716548,54.735310047913416,55.0
LQ heat distribution main_DN55,152.7959785799025,2.611619228597207,0.0014586728265384488,54.73160208749143,55.0
LQ heat distribution main_DN55,152.66017438001546,2.6116196545051378,0.001457376366396329,54.70727411175875,55.0
LQ heat distribution main_DN55,152.5243701579812,0.41742069533877146,0.00145607990604278,54.68293530874626,55.0
LQ heat distribution main_DN55,152.50266428182357,4.3123713454781125,0.0014558726900412752,54.67904418219326,55.0
LQ heat distribution main_DN55,152.2784209718587,0.5423897713599982,0.0014537319424521118,54.63882875189157,55.0
LQ heat distribution main_DN55,152.25021670374798,4.818680964723477,0.0014534626892959235,54.633768548585984,55.0
LQ heat distribution main_DN55,151.99964529358235,0.04684039971498508,0.0014510705994614066,54.588792265694345,55.0
LQ heat distribution main_DN55,151.99720959279716,0.47668631470144024,0.0014510473469479443,54.58835488803932,55.0
LQ heat distribution main_DN55,151.97242190443268,0.5231248575001344,0.0014508107103048465,54.58390357507098,55.0
LQ heat distribution main_DN55,151.94521941184266,0.36851124415546177,0.001450551020638116,54.57901819960583,55.0
LQ heat distribution main_DN55,151.92605682714657,3.022598975632022,0.0014503680842687023,54.575576472251186,55.0
LQ heat distribution main_DN55,151.7688816804137,1.0991341378743984,0.0014488676055409422,54.54733857764273,55.0
LQ heat distribution main_DN55,151.71172670524422,3.017822092979886,0.0014483219733197538,54.53706655967847,55.0
LQ heat distribution main_DN55,151.55479995640925,2.5539888158754773,0.001446823865932308,54.50885338523991,55.0
LQ heat distribution main_DN55,151.42199253798373,2.1622302887057345,0.0014455560146824221,54.48496510615038,55.0
LQ heat distribution main_DN55,151.30955656297104,3.242187749454972,0.001444482640219294,54.46473288063689,55.0
LQ heat distribution main_DN55,151.1409627999994,1.0526583717575426,0.001442873153221951,54.43438128311604,55.0
LQ heat distribution main_DN55,151.086224564668,4.35818439083788,0.001442350592502797,54.42452322826353,55.0
LQ heat distribution main_DN55,150.85959897634442,0.32854015089195066,0.0014401871023994694,54.38369019311073,55.0
LQ heat distribution main_DN55,150.84251488849804,2.0773881822717954,0.0014400240084820816,54.3806107667689,55.0
LQ heat distribution main_DN55,150.7344907030199,0.9381318248050114,0.0014389927513414787,54.36113524526126,55.0
LQ heat distribution main_DN55,150.68570784813005,0.027477782220654265,0.0014385270438962295,54.35233796882028,55.0
LQ heat distribution main_DN55,150.68427900345458,1.073594172341678,0.001438513403374268,54.35208027605725,55.0
LQ heat distribution main_DN55,150.6284521064928,4.53431066122832,0.0014379804497039886,54.34201091413725,55.0
LQ heat distribution main_DN55,150.39266795210892,2.0950056403849002,0.0014357295269891066,54.299462501148334,55.0
LQ heat distribution main_DN55,150.2837276588089,0.6037251596133715,0.0014346895241891067,54.27979242321967,55.0
LQ heat distribution main_DN55,150.252333950509,0.908488533817371,0.0014343898229165538,54.27412270435568,55.0
LQ heat distribution main_DN55,150.2050925467505,0.1443878964514956,0.0014339388309952317,54.26558976763952,55.0
LQ heat distribution main_DN55,150.19758437613504,0.38164227502210235,0.001433867153948783,54.2642334873987,55.0
LQ heat distribution main_DN60,157.9973839792228,3.6234507801941005,0.0015083282480116735,55.65537929844827,60.0
LQ heat distribution main_DN60,157.8089645386527,2.1029274002181633,0.0015065294944024124,55.62218354715376,60.0
LQ heat distribution main_DN60,157.69961231384136,0.11857942696871568,0.0015054855590820176,55.60290877531252,60.0
LQ heat distribution main_DN60,157.693446183639,3.951866593565251,0.001505426693877222,55.60182171453406,60.0
LQ heat distribution main_DN60,157.4879491207736,2.0436421980554664,0.001503464908074211,55.565581350121214,60.0
LQ heat distribution main_DN60,157.38167972647472,2.8103010607540204,0.0015024504031167037,55.54683097216945,60.0
LQ heat distribution main_DN60,157.2355440713155,2.8167001295437504,0.001501055313329981,55.52103617267966,60.0
LQ heat distribution main_DN60,157.08907566457924,1.171214624795255,0.0014996570469172242,55.495170607606596,60.0
LQ heat distribution main_DN60,157.0281725040899,2.6028040006072968,0.0014990756324972782,55.48441187432171,60.0
LQ heat distribution main_DN60,156.8928266960583,1.836144339090353,0.0014977835484110578,55.46049514236807,60.0
LQ heat distribution main_DN60,156.7973471904256,2.198255001645238,0.0014968720495506023,55.44361691200203,60.0
LQ heat distribution main_DN60,156.68303793034005,0.986960845528512,0.001495780791697757,55.423403322773275,60.0
LQ heat distribution main_DN60,156.63171596637255,0.21389697098007907,0.0014952908445477094,55.41432553455222,60.0
LQ heat distribution main_DN60,156.6205933238816,4.544725905444343,0.0014951846618031655,55.412357974309316,60.0
LQ heat distribution main_DN60,156.3842675767985,1.0230112506706055,0.001492928568752253,55.37053617339653,60.0
LQ heat distribution main_DN60,156.33107099176362,2.5539741019467868,0.001492420725458364,55.36111779002638,60.0
LQ heat distribution main_DN60,156.1982643384624,2.556327883651294,0.0014911528815127674,55.33759755542517,60.0
LQ heat distribution main_DN60,156.06533528851253,0.16104149983386773,0.0014898838691027449,55.31404562928348,60.0
LQ heat distribution main_DN60,156.05696113052116,2.60687074701587,0.0014898039248737104,55.31256158809565,60.0
LQ heat distribution main_DN60,155.92140385167633,2.609208541776239,0.0014885098219730437,55.28853302423767,60.0
LQ heat distribution main_DN60,155.78572500750397,0.5824064738439567,0.0014872145585441907,55.26447245050622,60.0
LQ heat distribution main_DN60,155.7768397683538,1.8721215351052491,0.0014871297352587473,55.26289642338307,60.0
LQ heat distribution main_DN60,155.75543987086408,4.432556264801103,0.0014869254402946452,55.259100413210085,60.0
LQ heat distribution main_DN60,155.67948944852833,3.0971459888262483,0.0014862003765969292,55.24562587974144,60.0
LQ heat distribution main_DN60,155.52494694509443,3.31018545781835,0.0014847250305020949,55.21819799803888,60.0
LQ heat distribution main_DN60,155.51843785710938,2.4881655998736063,0.001484662891237321,55.21704247965765,60.0
LQ heat distribution main_DN60,155.38905324591596,2.227696959397401,0.001483427715951465,55.194068605263425,60.0
LQ heat distribution main_DN60,155.35281730128787,1.1055292058505073,0.0014830817880791204,55.18763274062684,60.0
LQ heat distribution main_DN60,155.29532978258365,1.0927353494803222,0.0014825329812179822,55.17742084463429,60.0
LQ heat distribution main_DN60,155.2732130040273,4.568957903702725,0.001482321842520547,55.173491588511034,60.0
LQ heat distribution main_DN60,155.23850754441068,4.46220180034713,0.0014819905254836341,55.167325269299766,60.0
LQ heat distribution main_DN60,155.00647305079264,1.115991638689736,0.001479775399052913,55.12608064042716,60.0
LQ heat distribution main_DN60,154.94844148558076,4.2779487067986635,0.0014792213984303653,55.115760580389534,60.0
LQ heat distribution main_DN60,154.72598815282723,2.0396165093323457,0.0014770977389291383,55.07618261427023,60.0
LQ heat distribution main_DN60,154.61992809434196,3.3566772667695606,0.0014760852324042192,55.0573028365879,60.0
LQ heat distribution main_DN60,154.44538087646995,1.1648148656532382,0.0014744189105152263,55.0262175397434,60.0
LQ heat distribution main_DN60,154.38481050345598,3.0410614320835343,0.001473840673064019,55.0154263935565,60.0
LQ heat distribution main_DN65,209.355896932061,1.20104342845184,0.0019986243143872173,64.0655852477782,65.0
LQ heat distribution main_DN65,209.2934426737815,2.7827435663259075,0.001998028092351136,64.05602863362397,65.0
LQ heat distribution main_DN65,209.14874000833254,0.1610247268189138,0.0019966466826571126,64.03388106739848,65.0
LQ heat distribution main_DN65,209.14036672253795,2.9468196848309285,0.001996566746754539,64.03259925390718,65.0
LQ heat distribution main_DN65,208.98713209892674,2.940256908981058,0.0019951038863859354,64.0091369990025,65.0
LQ heat distribution main_DN65,208.83423873965972,1.6112382839837496,0.0019936442839108325,63.98571842178846,65.0
LQ heat distribution main_DN65,208.75045434889256,2.7532098991823686,0.0019928444329249885,63.972881584578815,65.0
LQ heat distribution main_DN65,208.6072874341351,2.2414656603334318,0.0019914776843354184,63.95094062403724,65.0
LQ heat distribution main_DN65,208.58244975531375,3.9886031638535613,0.001991240570456456,63.94713337399791,65.0
LQ heat distribution main_DN65,208.49073121979774,0.9188399410986079,0.0019903649758453244,63.93307231006039,65.0
LQ heat distribution main_DN65,208.4429515428606,4.978427635256878,0.0019899088452779057,63.92574614128129,65.0
LQ heat distribution main_DN65,208.37504239079337,3.999219790613237,0.0019892605478834687,63.91533202840488,65.0
LQ heat distribution main_DN65,208.18407330582724,0.7744675734377148,0.0019874374539935774,63.88603713256802,65.0
LQ heat distribution main_DN65,208.16708296168147,3.988602658545216,0.001987275255004119,63.883430141824114,65.0
LQ heat distribution main_DN65,208.14380099200847,2.7664701263228877,0.001987052992763804,63.87985759411112,65.0
LQ heat distribution main_DN65,207.9999445454397,2.763313735113234,0.001985679661531644,63.85777882539906,65.0
LQ heat distribution main_DN65,207.95967562343714,0.8976583635086265,0.0019852952326819776,63.851597072820525,65.0
LQ heat distribution main_DN65,207.91299738853468,0.725133074845085,0.001984849617074317,63.84443066638833,65.0
LQ heat distribution main_DN65,207.87529046864273,1.231518796631022,0.0019844896464786895,63.83864101874061,65.0
LQ heat distribution main_DN65,207.8562522312138,0.6891303901218955,0.0019843078971953586,63.83571762406755,65.0
LQ heat distribution main_DN65,207.82041745092747,3.1210453570223406,0.0019839657990542003,63.830214692369935,65.0
LQ heat distribution main_DN65,207.81125149121792,0.8257651427898066,0.001983878295858882,63.828807054866004,65.0
LQ heat distribution main_DN65,207.76831170379285,0.3154359648313234,0.0019834683694872827,63.82221227959926,65.0
LQ heat distribution main_DN65,207.75190903362162,0.6288120940927627,0.001983311780750564,63.81969294604127,65.0
LQ heat distribution main_DN65,207.7192108047288,0.19899926706078777,0.0019829996258207997,63.81467043372265,65.0
LQ heat distribution main_DN65,207.70886284284163,0.30276137482025833,0.001982900838595147,63.81308088406247,65.0
LQ heat distribution main_DN65,207.69311925135096,0.7918374356828042,0.0019827505417790068,63.810662436189475,65.0
LQ heat distribution main_DN65,207.6581230923623,2.809144579462843,0.001982416449569091,63.8052861816127,65.0
LQ heat distribution main_DN65,207.65194370469547,2.760801081182872,0.001982357457801389,63.80433683148408,65.0
LQ heat distribution main_DN65,207.51204757423022,2.1627045440786263,0.001981021933882866,63.78284056338745,65.0
LQ heat distribution main_DN65,207.50838204847395,0.0360963211212703,0.001980986940796887,63.78227722578826,65.0
LQ heat distribution main_DN65,207.50650503977565,0.26683468653765924,0.0019809690218594335,63.7819887551282,65.0
LQ heat distribution main_DN65,207.4926296360757,1.6788706271292113,0.0019808365597716055,63.77985625417962,65.0
LQ heat distribution main_DN65,207.40532836346497,0.9315733760906094,0.001980003134734749,63.76643734760659,65.0
LQ heat distribution main_DN65,207.39958693793812,0.2331871420140536,0.0019799483239898628,63.765554745438784,65.0
LQ heat distribution main_DN65,207.38746120655338,1.3684829305006023,0.0019798325652176933,63.763690674006334,65.0
LQ heat distribution main_DN65,207.35688654790826,2.085410805420967,0.001979540683034924,63.75899023328345,65.0
LQ heat distribution main_DN65,207.31630009416736,3.4982674740516613,0.001979153222856013,63.75275007895384,65.0
LQ heat distribution main_DN65,207.24844518602637,0.5928742373404167,0.0019785054433033543,63.74231604403331,65.0
LQ heat distribution main_DN65,207.21761572568468,0.7306417885281293,0.0019782111286461546,63.7375748400887,65.0
LQ heat distribution main_DN65,207.1796223526812,1.8571739251834312,0.0019778484234146175,63.73173142649341,65.0
LQ heat distribution main_DN65,207.13439018551668,3.5016869392322394,0.0019774166127495625,63.72477398141368,65.0
LQ heat distribution main_DN65,207.08304930857167,0.5103818228682712,0.00197692648504603,63.716875996598866,65.0
LQ heat distribution main_DN65,207.05650945378252,1.867842566886748,0.00197667312127716,63.712792874328144,65.0
LQ heat distribution main_DN65,206.9593816403044,1.3807484895599595,0.001975745886780949,63.697847654392305,65.0
LQ heat distribution main_DN65,206.9523024646766,4.479902201711114,0.0019756783051520436,63.696758232634224,65.0
LQ heat distribution main_DN65,206.71934755018762,4.47990332811879,0.0019734543918872327,63.66089815580203,65.0
LQ heat distribution main_DN65,206.48639257712546,4.489896022857606,0.00197123047806325,63.62501785863657,65.0
LQ heat distribution main_DN65,206.25291798393687,0.9391195788416056,0.0019690016036652686,63.58903721495644,65.0
LQ heat distribution main_DN65,206.2040837658371,1.1013020062176135,0.0019685354058791133,63.58150882511629,65.0
LQ heat distribution main_DN65,206.1468160615138,4.709876570270844,0.0019679886974846186,63.5726791748354,65.0
LQ heat distribution main_DN65,205.9019024798597,4.707937623295889,0.0019656506203327897,63.53490405891601,65.0
LQ heat distribution main_DN65,205.6570897234483,0.6035329493991547,0.0019633135057131102,63.4971220351955,65.0
LQ heat distribution main_DN65,205.62570601007954,1.5274345380195036,0.0019630138998575613,63.4922769517811,65.0
LQ heat distribution main_DN65,205.54627941410251,0.5550480776664971,0.0019622556507312887,63.48001325526706,65.0
LQ heat distribution main_DN65,205.51741691406386,1.355531295604565,0.0019619801137380796,63.47555621470864,65.0
LQ heat distribution main_DN65,205.4469292866924,0.6581739460052204,0.0019613072008276126,63.46466997176518,65.0
LQ heat distribution main_DN65,205.41270424150014,0.8187223308488703,0.00196098047008592,63.45938351731736,65.0
LQ heat distribution main_DN65,205.370130680296,0.9615834720340465,0.0019605740399073605,63.45280692323596,65.0
LQ heat distribution main_DN65,205.32012833975023,1.0906266965677147,0.001960096690594274,63.44508189039777,65.0
LQ heat distribution main_DN65,205.2634157515287,0.6374943823373137,0.0019595552816375054,63.43631902985302,65.0
LQ heat distribution main_DN65,205.23026604364716,1.2536417923807661,0.0019592388166457964,63.431196391832934,65.0
LQ heat distribution main_DN65,205.16507667044337,0.7413237492791745,0.001958616483727383,63.421121444238906,65.0
LQ heat distribution main_DN65,205.12652783548086,2.0881029485653224,0.0019582484757563806,63.41516301009868,65.0
LQ heat distribution main_DN65,205.01794648215545,1.344848798949533,0.001957211899590983,63.39837674712269,65.0
LQ heat distribution main_DN65,204.94801434461007,0.013075981451944598,0.001956544289686015,63.38756315197144,65.0
LQ heat distribution main_DN65,204.94733439357458,1.0673389707825516,0.0019565377985066787,63.38745800219703,65.0
LQ heat distribution main_DN65,204.8918327670939,1.4952489270498837,0.0019560079500438557,63.37887446720202,65.0
LQ heat distribution main_DN65,204.8140798228873,0.8597049151246643,0.0019552656785001175,63.366847726981675,65.0
LQ heat distribution main_DN65,204.7693751673008,2.5519097839221456,0.001954838903745115,63.359931826227665,65.0
LQ heat distribution main_DN65,204.63667585853685,0.05730453227867565,0.0019535720845683707,63.33939852688075,65.0
LQ heat distribution main_DN65,204.63369602285835,0.5443499309613602,0.0019535436374497218,63.33893736397852,65.0
LQ heat distribution main_DN65,204.60538982644835,0.10384103776179768,0.0019532734112310103,63.33455649601477,65.0
LQ heat distribution main_DN65,204.59999009248475,1.276929661787283,0.0019532218624580882,63.33372076042526,65.0
LQ heat distribution main_DN70,248.30093191633233,0.9430621501947699,0.0023704146244995926,69.77042581406899,70.0
LQ heat distribution main_DN70,248.2518926845222,2.733854480973773,0.002369946469541978,69.76353567271805,70.0
LQ heat distribution main_DN70,248.10973225151156,2.740311342945458,0.0023685893293700386,69.74355791029426,70.0
LQ heat distribution main_DN70,247.9672360616784,4.6087133745329165,0.0023672289838823713,69.72352721957739,70.0
LQ heat distribution main_DN70,247.72758296620268,4.608714703718645,0.0023649411261689995,69.68982619793361,70.0
LQ heat distribution main_DN70,247.4879298016093,4.608716034319221,0.002362653267795793,69.65610886133528,70.0
LQ heat distribution main_DN70,247.24827656782472,4.002820034643433,0.00236036540876205,69.62237518606865,70.0
LQ heat distribution main_DN70,247.04012992602327,3.992543661648691,0.0023583783286493867,69.59306312161945,70.0
LQ heat distribution main_DN70,246.83251765561755,3.9184493411636834,0.0023563963499342966,69.56381400585971,70.0
LQ heat distribution main_DN70,246.62875828987703,4.142927063047125,0.0023544511531253176,69.53509573736103,70.0
LQ heat distribution main_DN70,246.4133260825986,0.994263507369849,0.002352394521074927,69.50471936925058,70.0
LQ heat distribution main_DN70,246.36162438021535,4.229810540929521,0.0023519009487371393,69.49742735122753,70.0
LQ heat distribution main_DN70,246.141674232087,4.229811656464745,0.002349801185986511,69.4663969851798,70.0
LQ heat distribution main_DN70,245.92172402595085,4.2298127741216,0.0023477014226821083,69.43535274360467,70.0
LQ heat distribution main_DN70,245.70177376169653,4.229813889303175,0.0023456016588228787,69.40429460786717,70.0
LQ heat distribution main_DN70,245.48182343945277,4.174527106450465,0.0023435018944100504,69.37322255932439,70.0
LQ heat distribution main_DN70,245.26474802991734,4.164122792795025,0.0023414295754646047,69.34254299390302,70.0
LQ heat distribution main_DN70,245.048213644692,4.164123875190386,0.0023393624214290407,69.31192636320827,70.0
LQ heat distribution main_DN70,244.8316792031821,1.9082076110923978,0.0023372952668561536,69.28129619452042,70.0
LQ heat distribution main_DN70,244.73245240740528,1.6837811450685467,0.0023363479943427712,69.26725540998501,70.0
LQ heat distribution main_DN70,244.6448957878617,1.3125120330809124,0.002335512131626365,69.25486361394506,70.0
LQ heat distribution main_DN70,244.57664516214152,2.7822418588830504,0.002334860574340253,69.24520263682257,70.0
LQ heat distribution main_DN70,244.4319685854796,0.49787791182052804,0.0023334794137038627,69.22471899491167,70.0
LQ heat distribution main_DN70,244.40607893406494,2.0061015035228604,0.0023332322571271115,69.22105283922542,70.0
LQ heat distribution main_DN70,244.30176165588173,0.4538204586333972,0.002332236388122976,69.20627881533068,70.0
LQ heat distribution main_DN70,244.2781629920328,0.10586694332202645,0.0023320111025492392,69.20293619688097,70.0
LQ heat distribution main_DN70,244.27265791098006,3.867842748850867,0.002331958548076182,69.20215640978377,70.0
LQ heat distribution main_DN70,244.07153008803982,3.8757390678414576,0.002330038473394175,69.17366090523153,70.0
LQ heat distribution main_DN70,243.86999165651207,3.867843445661612,0.002328114478821118,69.1450954469207,70.0
LQ heat distribution main_DN70,243.66886379733768,3.543040418905755,0.0023261944037932,69.11657641203874,70.0
LQ heat distribution main_DN70,243.48462569555457,2.7951054173383727,0.0023244355674993276,69.09044193884522,70.0
LQ heat distribution main_DN70,243.339280213853,2.1015124462922214,0.0023230480211346347,69.06981746903243,70.0
LQ heat distribution main_DN70,243.2300015666458,2.2022807204896013,0.0023220047882257355,69.05430681288978,70.0
LQ heat distribution main_DN70,243.11548296918033,4.812072398853443,0.0023209115319253494,69.03804867583155,70.0
LQ heat distribution main_DN70,242.86525520443996,3.1901084962282527,0.0023185227227154174,69.00251065942254,70.0
LQ heat distribution main_DN70,242.51521656232939,1.7822319298372238,0.0023151810650341707,68.95276650305718,70.0
LQ heat distribution main_DN70,242.42254050197786,3.6727007159333325,0.0023142963293744903,68.93959025486096,70.0
LQ heat distribution main_DN70,242.23156006474932,3.680716191305734,0.0023124731271097787,68.91242960562987,70.0
LQ heat distribution main_DN70,242.04016282280142,0.09809292415919482,0.0023106459458024,68.88519893549864,70.0
LQ heat distribution main_DN70,242.03506199074513,1.8231833946027223,0.002310597250508307,68.88447307728137,70.0
LQ heat distribution main_DN70,225.19539374772924,1.8055927765482536,0.0021498366944890618,66.44494560920342,70.0
LQ heat distribution main_DN70,225.10150292334873,1.2901307099532866,0.002148940362036742,66.43109270348118,70.0
LQ heat distribution main_DN70,225.03441612643115,3.706472191515332,0.0021482999152881255,66.42119276663136,70.0
LQ heat distribution main_DN70,224.84167957247234,1.680722962761522,0.0021464599481858934,66.39274259819692,70.0
LQ heat distribution main_DN70,224.75428197840876,0.013737998048514397,0.002145625603612494,66.37983767335848,70.0
LQ heat distribution main_DN70,224.75356760251023,0.7977520826441274,0.002145618783794847,66.37973217994262,70.0
LQ heat distribution main_DN70,224.71208449421275,0.13140853909330322,0.002145222763667902,66.37360599311353,70.0
LQ heat distribution main_DN70,224.70525125017988,1.175326374955377,0.0021451575298346527,66.37259681175122,70.0
LQ heat distribution main_DN70,224.6441342786822,4.710755518104739,0.002144574074259496,66.36356994666667,70.0
LQ heat distribution main_DN70,224.39917499174075,1.589000385546748,0.002142235560780341,66.32737757764983,70.0
LQ heat distribution main_DN70,224.31654697169233,0.5941709931887361,0.002141446749133101,66.31516495591609,70.0
LQ heat distribution main_DN70,224.2856500800465,0.4136737731467393,0.002141151790740301,66.31059774263521,70.0
LQ heat distribution main_DN70,224.26413904384287,0.6107676903535467,0.0021409464347860894,66.3074177713101,70.0
LQ heat distribution main_DN70,224.2323791239445,0.4923827055919652,0.0021406432374600905,66.30272243113997,70.0
LQ heat distribution main_DN80,325.6183307639283,4.940232280520898,0.003108528217316738,79.89813123306907,80.0
LQ heat distribution main_DN80,325.3614386853412,4.940232864732119,0.003106075786972231,79.86660775153656,80.0
LQ heat distribution main_DN80,325.1045465763752,4.940233444702148,0.0031036233563377104,79.83507181899003,80.0
LQ heat distribution main_DN80,324.8476544372507,4.94023402785281,0.003101170925415281,79.80352342069578,80.0
LQ heat distribution main_DN85,368.4672153240362,4.304355736647041,0.003517586781136384,84.99269979828169,85.0
LQ heat distribution main_DN85,368.24338882573056,0.4174146020307401,0.003515450012656139,84.96688134354244,85.0
LQ heat distribution main_DN85,368.221683266425,0.8116491301811787,0.0035152427996794746,84.9643771833654,85.0
LQ heat distribution main_DN85,368.17947751165553,2.6320667770749013,0.003514839880779528,84.95950771397608,85.0
LQ heat distribution main_DN85,342.5562031069028,0.47586964764930567,0.0032702262826434635,81.94984130054038,85.0
LQ heat distribution main_DN85,342.531457885225,1.6742089317488722,0.0032699900514102623,81.94688134302959,85.0
LQ heat distribution main_DN85,342.44439902077403,1.303156399003723,0.003269158940532449,81.93646674366771,85.0
LQ heat distribution main_DN85,342.3766348880258,1.7233360919771679,0.0032685120275706523,81.92835940079345,85.0
LQ heat distribution main_DN85,342.287021411243,3.5845606991289722,0.0032676565289856134,81.917636756689,85.0
LQ heat distribution main_DN85,342.1006242548883,3.5780464810625374,0.003265877081192251,81.89532902527729,85.0
LQ heat distribution main_DN85,341.91456583787306,3.8999809024169894,0.003264100867187332,81.87305577211166,85.0
LQ heat distribution main_DN85,341.7117668309474,1.7860842989432846,0.003262164838481598,81.84877158121444,85.0
LQ heat distribution main_DN85,341.61889044740235,1.3392587975150976,0.0032612781904286623,81.8376476819975,85.0
LQ heat distribution main_DN85,341.5492489899316,0.2757822330571951,0.0032606133555124735,81.82930566153264,85.0
LQ heat distribution main_DN90,404.9794747965699,4.912995150348225,0.0038661525040245334,89.10430870162794,90.0
LQ heat distribution main_DN90,404.7239990487518,4.920983907936452,0.0038637135947374875,89.07619915221024,90.0
LQ heat distribution main_DN90,404.4681078855391,0.3455543630136323,0.0038612707196710176,89.04803500044541,90.0
LQ heat distribution main_DN90,404.4501390586624,0.35596663489072256,0.0038610991795576363,89.04605696254187,90.0
LQ heat distribution main_DN90,404.4316287936481,4.929883478360953,0.0038609224705837527,89.0440192762946,90.0
LQ heat distribution main_DN90,369.57142885018516,1.4868338605367557,0.0035281281990471136,85.11995655015374,90.0
LQ heat distribution main_DN90,369.49411348943727,4.841104340963866,0.0035273901049110955,85.11105241976813,90.0
LQ heat distribution main_DN90,369.2423760637071,0.6480866567509811,0.0035249868836630754,85.08205427468803,90.0
LQ heat distribution main_DN90,369.2086755575561,0.6649350432852723,0.003524665160453996,85.07817149483037,90.0
LQ heat distribution main_DN90,369.17409893530527,2.7806316689716204,0.0035243350733680694,85.07418758969904,90.0
LQ heat distribution main_DN90,369.02950608851876,0.5527580231305531,0.0035229547120622317,85.0575256357256,90.0
LQ heat distribution main_DN90,369.00076267131595,1.658274183619312,0.003522680311898004,85.05421303942389,90.0
LQ heat distribution main_DN90,368.91453241376774,4.297897103650984,0.003521857111348618,85.04427447565189,90.0
LQ heat distribution main_DN90,368.69104176437787,4.304354621955265,0.0035197235490632734,85.01851040577968,90.0
LQ heat distribution main_DN95,460.3293122084442,3.9641261947925868,0.004394551906524527,94.99844878850978,95.0
LQ heat distribution main_DN95,460.123177646315,3.964127021520941,0.00439258403480969,94.97717634738693,95.0
LQ heat distribution main_DN95,459.91704304119594,4.1223379375406575,0.004390616162684448,94.95589913627981,95.0
LQ heat distribution main_DN95,459.7026814684438,4.122338802365999,0.004388569751488724,94.93376767960478,95.0
LQ heat distribution main_DN95,459.48831985072076,4.132015282907867,0.004386523339863683,94.911631057681,95.0
LQ heat distribution main_DN95,459.27345505600954,4.079253654078164,0.0043844721246397095,94.88943729143047,95.0
LQ heat distribution main_DN95,459.0613338659975,4.08898160784108,0.004382447101346038,94.86752182388906,95.0
LQ heat distribution main_DN95,458.8487068223898,4.295767312064959,0.004380417248901096,94.84554901166427,95.0
LQ heat distribution main_DN95,458.6253269221624,4.2891797800745435,0.004378284743886992,94.82245951817926,95.0
LQ heat distribution main_DN95,458.4022895735985,4.29264111752334,0.004376155509055834,94.79939982150191,95.0
LQ heat distribution main_DN95,458.1790722354873,3.478664149900268,0.004374024555947373,94.77631589844599,95.0
LQ heat distribution main_DN95,457.9981816996925,3.4755492936206624,0.0043722976773240335,94.75760505799455,95.0
LQ heat distribution main_DN95,457.81745313642426,3.475549914776721,0.004370572344977797,94.738907281144,95.0
LQ heat distribution main_DN95,457.6367245408559,0.5746251594929532,0.004368847012323206,94.72020581000805,95.0
LQ heat distribution main_DN95,457.60684403256226,0.5810364134908231,0.004368561756874102,94.71711347285003,95.0
LQ heat distribution main_DN95,457.57663013906074,1.6559306207255327,0.004368273318749983,94.71398653096108,95.0
LQ heat distribution main_DN95,457.49052174678303,0.6416073905767449,0.004367451281592201,94.70507430479394,95.0
LQ heat distribution main_DN95,457.45715816247304,4.273264982958407,0.004367132774820745,94.70162094544527,95.0
LQ heat distribution main_DN95,457.2349483833592,4.269753919879287,0.00436501144041393,94.67861749910904,95.0
LQ heat distribution main_DN95,457.0129211795255,0.41075870080913873,0.004362891848969218,94.6556273697374,95.0
LQ heat distribution main_DN95,456.9915617270834,4.511439733921387,0.004362687940115355,94.65341537976818,95.0
LQ heat distribution main_DN95,456.75696686091953,4.508544634501892,0.0043604483709872984,94.62911727708551,95.0
LQ heat distribution main_DN95,456.52252253992543,3.350644045181928,0.004358210239044634,94.6048285324131,95.0
LQ heat distribution main_DN95,456.34828904957595,3.3572342602492133,0.004356546912167789,94.58677367017066,95.0
LQ heat distribution main_DN95,456.17371286804297,0.4003991623084656,0.004354880313776066,94.56867983954376,95.0
LQ heat distribution main_DN95,456.1528921116029,4.49285080952252,0.004354681547604801,94.56652165521395,95.0
LQ heat distribution main_DN95,455.91926386950774,4.502568118439512,0.004352451206391482,94.54230144284365,95.0
LQ heat distribution main_DN95,455.6851303273489,4.492852902547643,0.004350216041311207,94.51802261950417,95.0
LQ heat distribution main_DN95,455.4515019764164,4.502570213042926,0.004347985699058868,94.49378996479517,95.0
LQ heat distribution main_DN95,455.21736832533816,4.499449348372022,0.004345750532938789,94.46949866262156,95.0
LQ heat distribution main_DN95,454.98339695922283,4.49598253316805,0.0043435169160785,94.44521795624193,95.0
LQ heat distribution main_DN95,454.7496058674981,4.499451443686966,0.004341285020214779,94.42094972142849,95.0
LQ heat distribution main_DN95,454.51563439242636,4.502574403487111,0.004339051402314333,94.3966565159775,95.0
LQ heat distribution main_DN95,454.28150052344506,4.492859181798836,0.004336816234114034,94.37234018916614,95.0
LQ heat distribution main_DN95,454.0478718459915,4.157818208841709,0.004334585888744549,94.34807008300709,95.0
LQ heat distribution main_DN95,453.8316652991317,4.147129931183198,0.004332521864430851,94.32560428081256,95.0
LQ heat distribution main_DN95,453.61601454271016,3.0387902182470192,0.00433046314599246,94.30319089883952,95.0
LQ heat distribution main_DN95,453.45799745136134,0.5979957015702326,0.0043289546296072685,94.28676421480012,95.0
LQ heat distribution main_DN95,453.4269016748797,0.8039365949167125,0.00432865777255255,94.28353131293562,95.0
LQ heat distribution main_DN95,453.385096971944,1.2175357088969743,0.004328258682309728,94.27918487268624,95.0
LQ heat distribution main_DN95,453.32178511508135,2.5247245778555203,0.004327654273175001,94.27260194936844,95.0
LQ heat distribution main_DN95,453.1904994370329,2.5247246450614518,0.00432640094927955,94.25894990450911,95.0
LQ heat distribution main_DN95,453.0592137554897,4.453155356761474,0.004325147625350737,94.24529588169874,95.0
LQ heat distribution main_DN95,452.8276496769381,4.440685956289315,0.004322936989755973,94.22120784446815,95.0
LQ heat distribution main_DN95,452.59673400721107,4.453155763565349,0.004320732544221585,94.19718112287285,95.0
LQ heat distribution main_DN95,452.3651699075057,4.442369852963747,0.004318521908424875,94.17308077641997,95.0
LQ heat distribution main_DN95,452.13416667515156,4.451476753041041,0.004316316626970421,94.14903265616351,95.0
LQ heat distribution main_DN95,451.90268988399345,4.442370260170084,0.0043141068246681956,94.12492907403738,95.0
LQ heat distribution main_DN95,451.6716866304646,1.1012412049417304,0.004311901543011595,94.10086864607923,95.0
LQ heat distribution main_DN95,451.6144220878076,0.8171234067120198,0.004311354864800073,94.09490323561096,95.0
LQ heat distribution main_DN95,451.5719316706586,1.194463837876459,0.00431094922835951,94.09047664343342,95.0
LQ heat distribution main_DN95,451.50981955108904,3.7770004880577144,0.004310356272564096,94.08400551502571,95.0
LQ heat distribution main_DN95,451.31341552571,3.780259767700321,0.004308481293801528,94.0635403041375,95.0
LQ heat distribution main_DN95,451.1168420177896,3.7769989566242868,0.004306604697067204,94.04305297393488,95.0
LQ heat distribution main_DN95,450.92043807204516,3.7868229535246103,0.00430472971906487,94.02257885750772,95.0
LQ heat distribution main_DN95,426.7003916076819,4.262800772048365,0.004073512091720114,91.4626371904423,95.0
LQ heat distribution main_DN95,426.4787259675354,4.18082838861561,0.004071395951957379,91.43887724301177,95.0
LQ heat distribution main_DN95,426.2613228913274,4.180829310372673,0.00406932050492914,91.41556819376785,95.0
LQ heat distribution main_DN95,426.043919767188,4.174251913162116,0.004067245057443322,91.39225319454911,95.0
LQ heat distribution main_DN95,425.82685866770356,1.0797960803699598,0.0040651728751093415,91.36896893978434,95.0
LQ heat distribution main_DN95,425.7707092715243,2.0017872944747817,0.004064636842687583,91.36294479938248,95.0
LQ heat distribution main_DN95,425.6666163322116,1.1682882165874824,0.004063643115343309,91.35177585492367,95.0
LQ heat distribution main_DN95,425.60586534494905,4.997975040701765,0.0040630631536510645,91.34525677592411,95.0
LQ heat distribution main_DN95,425.3459706428326,1.082945030671117,0.004060582058642793,91.31736268945932,95.0
LQ heat distribution main_DN95,425.2896575012377,4.26617585481445,0.004060044463018975,91.31131756602367,95.0
LQ heat distribution main_DN95,425.0678163567873,4.266176813067887,0.004057926647797493,91.28749938810269,95.0
LQ heat distribution main_DN95,424.8459751625078,4.266177772736367,0.004055808832100313,91.26367498871373,95.0
LQ heat distribution main_DN95,424.62413391832547,4.266178730283036,0.004053691015926735,91.23984436297533,95.0
LQ heat distribution main_DN95,424.40229262435076,4.995790675871203,0.004051573199277811,91.21600750601932,95.0
LQ heat distribution main_DN95,424.14251150920546,3.143774329418367,0.004049093188632033,91.18808609295917,95.0
LQ heat distribution main_DN95,423.9790352440757,1.079961460734156,0.004047532556029363,91.17051119299958,95.0
LQ heat distribution main_DN95,423.9228772481175,0.5468213599392049,0.0040469964415094754,91.16447301383849,95.0
LQ heat distribution main_DN95,423.89444253740066,0.05932709276151708,0.004046724988423873,91.16141552505094,95.0
LQ heat distribution main_DN95,423.8913575285771,1.3231156053375361,0.004046695537265652,91.16108379826387,95.0
LQ heat distribution main_DN95,423.82255551709954,0.7633577455722768,0.004046038716153695,91.15368529821359,95.0
LQ heat distribution main_DN95,423.7828609143298,1.0819472485767396,0.004045659770065201,91.14941653761183,95.0
LQ heat distribution main_DN95,423.72659965740377,0.3154362656559566,0.004045122669760418,91.14336585525699,95.0
LQ heat distribution main_DN95,423.71019697158965,1.8039153023877075,0.004044966080874364,91.14160173369407,95.0
LQ heat distribution main_DN95,423.61639337586547,0.592874811268582,0.004044070581153847,91.13151242824834,95.0
LQ heat distribution main_DN95,423.5855638856795,2.2697017446582683,0.004043776266211737,91.12819623318224,95.0
LQ heat distribution main_DN95,423.46753939495727,1.6621794771188965,0.004042649540763315,91.11549973314885,95.0
LQ heat distribution main_DN95,423.38110606214707,0.05932708026532733,0.004041824401547944,91.10620053370518,95.0
LQ heat distribution main_DN95,423.37802105397327,1.8378450261503123,0.0040417949503959265,91.105868605944,95.0
LQ heat distribution main_DN95,423.28245311261344,0.4764302040829664,0.004040882607280319,91.09558548864528,95.0
LQ heat distribution main_DN95,423.25767874200113,0.7346348564036586,0.004040646097775667,91.09291957513636,95.0
LQ heat distribution main_DN95,423.21947772946817,0.533669772243371,0.004040281410305185,91.0888086984072,95.0
LQ heat distribution main_DN95,423.19172690131154,4.107544054642069,0.0040400164859313754,91.08582226766757,95.0
LQ heat distribution main_DN95,422.97813461047014,0.1630254684309657,0.004037977418715705,91.06283306008967,95.0
LQ heat distribution main_DN95,422.9696572861117,0.9295715336770615,0.004037896489604885,91.06192051523492,95.0
LQ heat distribution main_DN95,422.9213195663605,0.0593270690365742,0.004037435031659767,91.05671700798035,95.0
LQ heat distribution main_DN95,422.9182345587706,4.6305480635679235,0.004037405580513323,91.05638489989975,95.0
LQ heat distribution main_DN95,422.67744605946507,0.16302545247587757,0.004035106883622578,91.03045973261467,95.0
LQ heat distribution main_DN95,422.66896873593635,1.1285253946236524,0.004035025954519679,91.02954686331601,95.0
LQ heat distribution main_DN95,422.61028541541594,4.433593376828967,0.004034465731889412,91.02322737702626,95.0
LQ heat distribution main_DN95,422.37973855982085,0.4890763140623486,0.0040322648072536596,90.99839601067126,95.0
LQ heat distribution main_DN95,422.3543065914896,0.40656397735065947,0.004032022019966488,90.99565641055375,95.0
LQ heat distribution main_DN95,422.33316526466734,0.19899937662150888,0.004031820193457445,90.99337894711114,95.0
LQ heat distribution main_DN95,422.322817297083,2.6849054855960657,0.004031721406177404,90.99226418466651,95.0
LQ heat distribution main_DN95,422.183202211832,2.676257192964952,0.004030388565268086,90.97722244134255,95.0
LQ heat distribution main_DN95,422.0440368377978,0.4424975745592643,0.004029060017544609,90.96222667332626,95.0
LQ heat distribution main_DN95,422.02102696392075,1.9902288993841641,0.004028840352877525,90.95974700567379,95.0
LQ heat distribution main_DN95,421.91753506115276,3.81743244170267,0.004027852363352294,90.94859332625433,95.0
LQ heat distribution main_DN95,421.7190285741842,0.6394525195550639,0.004025957313357367,90.92719576834031,95.0
LQ heat distribution main_DN95,421.6857770431674,3.7582032271785826,0.004025639876307087,90.92361100233956,95.0
LQ heat distribution main_DN95,421.4903504753541,1.6282414650714412,0.004023774228881662,90.90253968646299,95.0
LQ heat distribution main_DN95,421.4056819191704,2.12795895127136,0.004022965937175851,90.89340902268923,95.0
LQ heat distribution main_DN95,421.29502805370424,1.0014765169686026,0.004021909575691688,90.88147471826818,95.0
LQ heat distribution main_DN95,421.24295127482185,0.9478187630832431,0.0040214124226713305,90.87585756115203,95.0
LQ heat distribution main_DN95,421.1936646991415,1.0539818792228035,0.004020941906435718,90.870541043881,95.0
LQ heat distribution main_DN95,421.1388576414219,4.663500691414535,0.004020418688700925,90.86462866979919,95.0
LQ heat distribution main_DN95,420.89635560546833,4.6618139791042275,0.0040181036334650914,90.83846386689092,95.0
LQ heat distribution main_DN95,420.6539412785549,4.6634994025315955,0.004015789415547063,90.81230099286348,95.0
LQ heat distribution main_DN95,420.41143930962323,4.6618126903968955,0.004013474360951057,90.78612111621655,95.0
LQ heat distribution main_DN95,420.1690250497226,4.656710214578815,0.00401116014367277,90.75994316086864,95.0
LQ heat distribution main_DN95,419.9268761185645,4.66181140107123,0.004008848459365771,90.73378631766965,95.0
LQ heat distribution main_DN95,419.68446192570883,1.3030843165965842,0.004006534242727531,90.70759326589318,95.0
LQ heat distribution main_DN95,419.6167015412458,1.004173598974147,0.004005887365548886,90.70027034824562,95.0
LQ heat distribution main_DN95,419.56448451409915,0.18050166747207613,0.004005388873642952,90.69462680997539,95.0
LQ heat distribution main_DN95,419.5550984273906,2.8089944699444183,0.004005299268996569,90.69361233851313,95.0
LQ heat distribution main_DN95,419.4090307149535,2.8024287486442985,0.004003904827827718,90.67782351631129,95.0
LQ heat distribution main_DN95,419.263304420024,0.05298019038989679,0.004002513646014548,90.66206885878228,95.0
LQ heat distribution main_DN95,419.26054945012373,2.5989929218335748,0.004002487345585907,90.66177098906834,95.0
LQ heat distribution main_DN95,419.1254018181884,2.5956922169083705,0.004001197153395593,90.64715750916842,95.0
LQ heat distribution main_DN95,418.9904258229091,0.5447581734521145,0.003999908599741375,90.63256023652522,95.0
LQ heat distribution main_DN95,418.96209839788963,2.3561456519005146,0.003999638170862908,90.62949640702922,95.0
LQ heat distribution main_DN95,418.8395788239908,3.5079579843892548,0.003998468532925926,90.61624377721192,95.0
LQ heat distribution main_DN95,418.65716500880256,0.20681201347885725,0.0039967271122558715,90.59650894825833,95.0
LQ heat distribution main_DN95,418.64641078410165,4.817291860462362,0.003996624446626269,90.59534534525253,95.0
LQ heat distribution main_DN95,418.3959116073576,0.9451463720476548,0.0039942330463709555,90.56823720024852,95.0
LQ heat distribution main_DN95,418.34676399601113,0.44974720456094125,0.003993763856763829,90.5629176654206,95.0
LQ heat distribution main_DN95,418.32337714137395,4.549032671807841,0.003993540593235073,90.56038625897209,95.0
LQ heat distribution main_DN95,418.0868274424399,0.7089520494086339,0.003991282362218997,90.534778006462,95.0
LQ heat distribution main_DN95,418.04996193587067,1.7428030096659546,0.003990930424208789,90.53078639059137,95.0
LQ heat distribution main_DN95,417.95933617936805,0.4036440767947459,0.0039900652618555426,90.52097313088366,95.0
LQ heat distribution secondary_DN100,476.74627011480686,42.468402042286954,0.004551277041668801,96.67759780286346,100.0
LQ heat distribution secondary_DN115,626.9722311430523,17.81963936821466,0.005985415094444414,110.86803540261043,115.0
LQ heat distribution secondary_DN125,765.0399835979161,15.675322951695076,0.007303484330290369,122.46846245567444,125.0
LQ heat distribution secondary_DN180,1582.7193866521127,27.923395425858164,0.015109492951332818,176.15061337158073,180.0
LQ heat distribution secondary_DN40,81.41916062889129,34.70190501998488,0.0007772712231875064,39.95264249702599,40.0
LQ heat distribution secondary_DN40,81.13939265216946,36.01491436322593,0.0007746004071806154,39.88394190952606,40.0
LQ heat distribution secondary_DN40,81.13825118012869,35.95019140949339,0.0007745895100728276,39.883661364138696,40.0
LQ heat distribution secondary_DN40,81.07000487564522,11.329336597513292,0.0007739379940395726,39.866884535352725,40.0
LQ heat distribution secondary_DN40,80.23510495961015,31.150394668824966,0.0007659675891132235,39.66106859386311,40.0
LQ heat distribution secondary_DN40,80.06238086234738,11.398220462854077,0.0007643186717169201,39.61835591208334,40.0
LQ heat distribution secondary_DN40,78.9275460788613,33.686845198545,0.0007534849267671722,39.33657095773153,40.0
LQ heat distribution secondary_DN40,78.55694408884501,35.871335551335555,0.0007499469602753701,39.2441104329277,40.0
LQ heat distribution secondary_DN40,78.54167672394068,33.13837838708266,0.00074980120977509,39.24029674544806,40.0
LQ heat distribution secondary_DN40,78.4157397779453,34.134190223793226,0.0007485989477608143,39.20882437370529,40.0
LQ heat distribution secondary_DN40,78.4105557306324,36.12251251174268,0.0007485494580489967,39.207528308905694,40.0
LQ heat distribution secondary_DN40,77.52190629209645,11.467653328684792,0.0007400659311894649,38.98472011057,40.0
LQ heat distribution secondary_DN40,77.0743625538006,8.494480118414744,0.0007357934372677861,38.872025372885474,40.0
LQ heat distribution secondary_DN40,76.87488091284786,30.352818617484303,0.0007338890779269485,38.82168905488138,40.0
LQ heat distribution secondary_DN40,75.54115800430725,33.114961410601396,0.0007211566396592578,38.4834516501216,40.0
LQ heat distribution secondary_DN40,75.28728815640511,8.555954348802347,0.0007187330611589987,38.41873189743206,40.0
LQ heat distribution secondary_DN40,75.00355916230998,8.478035425927098,0.0007160244311437708,38.346270810163126,40.0
LQ heat distribution secondary_DN40,74.88487803560882,10.117086453424058,0.0007148914370941177,38.31592038146387,40.0
LQ heat distribution secondary_DN40,73.7918511967255,29.798378811761697,0.000704456813333895,38.035261065838675,40.0
LQ heat distribution secondary_DN40,73.30285806498601,35.717537070783095,0.0006997886211454512,37.90902831861326,40.0
LQ heat distribution secondary_DN40,73.27832196150624,11.656485368324145,0.0006995543862673626,37.90268328846114,40.0
LQ heat distribution secondary_DN40,73.16269898182689,11.489897015397347,0.0006984505869386816,37.872768907646005,40.0
LQ heat distribution secondary_DN40,70.30188222563015,11.169852092235692,0.0006711396871181876,37.12493270722826,40.0
LQ heat distribution secondary_DN45,89.40554709324448,34.58715842184568,0.0008535135760691597,41.866285554854386,45.0
LQ heat distribution secondary_DN45,89.17206394521611,32.795549573702466,0.0008512846200020631,41.81158278344907,45.0
LQ heat distribution secondary_DN45,88.21878645758386,11.433409718803647,0.0008421841189268148,41.58749277253614,45.0
LQ heat distribution secondary_DN45,86.92252979428228,31.96179297474136,0.0008298093536446996,41.28082589453328,45.0
LQ heat distribution secondary_DN45,83.942872475003,34.69414589078925,0.0008013639377088592,40.56711394983279,45.0
LQ heat distribution secondary_DN45,83.67717082286434,7.55559523966078,0.0007988274064235259,40.50286017930453,45.0
LQ heat distribution secondary_DN45,83.31125230767488,33.24106239041936,0.0007953341509085907,40.41420407071809,45.0
LQ heat distribution secondary_DN45,82.54272038254317,33.025860408648164,0.0007879973306209371,40.22736515415453,45.0
LQ heat distribution secondary_DN45,82.4426560548259,11.531163836159967,0.0007870420625759036,40.20297448154574,45.0
LQ heat distribution secondary_DN45,82.07554570547298,33.19152369657621,0.0007835374291691931,40.11336434845831,45.0
LQ heat distribution secondary_DN45,81.64524730382928,11.614015357449766,0.0007794295685329764,40.00807476949338,45.0
LQ heat distribution secondary_DN50,124.04199419320409,18.929199048786355,0.0011841717822740248,49.31358415465984,50.0
LQ heat distribution secondary_DN50,119.74167812291532,19.12010978568113,0.001143118645564824,48.45123694045439,50.0
LQ heat distribution secondary_DN50,119.24586823745778,9.50783458036311,0.0011383853769685707,48.35082277554316,50.0
LQ heat distribution secondary_DN50,116.33951456608338,0.018180428409751495,0.0011106397571941135,47.75796604409276,50.0
LQ heat distribution secondary_DN50,113.2577014090417,18.171309256152927,0.001081219106530231,47.121170554726234,50.0
LQ heat distribution secondary_DN50,109.97855362741905,0.01817535939519388,0.0010499145931018525,46.43401107732047,50.0
LQ heat distribution secondary_DN50,108.4178709076823,9.971892852077676,0.0010350154740590195,46.10336617380618,50.0
LQ heat distribution secondary_DN55,137.37937490000712,18.488822733736228,0.001311497612410569,51.89708523959651,55.0
LQ heat distribution secondary_DN60,159.72272867930076,15.437880726965703,0.001524799319134136,55.95843490436903,60.0
LQ heat distribution secondary_DN65,206.88758271884728,1.8349211651556043,0.0019750604555498546,63.68679757912964,65.0
LQ heat distribution secondary_DN65,204.5335897500718,1.9539827236619458,0.0019525879689744324,63.323442846924245,65.0
LQ heat distribution secondary_DN95,450.72352327846187,3.205486253446683,0.004302849864233526,94.00204701100287,95.0
LV electricity distribution main,97.59822290202632,1.321949187601053,,,
LV electricity distribution main,97.5787915686101,0.1083067067929649,,,
LV electricity distribution main,97.57719962008282,0.27851578829090884,,,
LV electricity distribution main,97.57310619306885,3.392205146887471,,,
LV electricity distribution main,97.5233008582403,2.986884006608747,,,
LV electricity distribution main,97.47948596188034,2.989952833822452,,,
LV electricity distribution main,68.91507585048187,2.174866175285028,,,
LV electricity distribution main,68.89913773082246,1.4608733423023712,,,
LV electricity distribution main,68.88843530624538,3.2752201802156566,,,
LV electricity distribution main,68.86445759454283,4.801196477871972,,,
LV electricity distribution main,68.82934412760012,4.811125280072149,,,
LV electricity distribution main,68.79419397540575,0.11243412007540193,,,
LV electricity distribution main,68.79337254968416,2.2489178121948363,,,
LV electricity distribution main,68.77695015891194,2.9154683527173426,,,
LV electricity distribution main,68.7556735513168,0.1524292516130023,,,
LV electricity distribution main,68.75456118375138,4.837640134023577,,,
LV electricity distribution main,68.71929423308998,4.848261505299981,,,
LV electricity distribution main,68.68398616207186,4.8376394023116145,,,
LV electricity distribution main,68.64879154400124,4.84826077469948,,,
LV electricity distribution main,68.61355585275774,4.837638666355778,,,
LV electricity distribution main,68.57843334504312,4.848260042330161,,,
LV electricity distribution main,68.5432698112904,4.835594353617997,,,
LV electricity distribution main,68.50823398397658,4.8482593092537885,,,
LV electricity distribution main,68.47314237118702,4.8376372004568164,,,
LV electricity distribution main,68.43816340588857,4.837636833524678,,,
LV electricity distribution main,68.40322015333915,4.848258212102156,,,
LV electricity distribution main,68.36823599246108,1.244017469587563,,,
LV electricity distribution main,68.35926174217799,3.7038060952714047,,,
LV electricity distribution main,68.3325636245929,0.09943774366569444,,,
LV electricity distribution main,68.33184686329093,1.423758173878511,,,
LV electricity distribution main,68.32158729477213,3.664542722539037,,,
LV electricity distribution main,68.29520107739931,3.6618178742763976,,,
LV electricity distribution main,68.26885481903169,1.3846735696834283,,,
LV electricity distribution main,68.25889519641733,4.342454701679911,,,
LV electricity distribution main,68.22768952032216,4.331821368767616,,,
LV electricity distribution main,68.21108370735803,2.096289763245644,,,
LV electricity distribution main,68.19658863074748,4.34245412851343,,,
LV electricity distribution main,68.19603336035345,4.222002176382965,,,
LV electricity distribution main,68.16574834227825,4.222002441704186,,,
LV electricity distribution main,68.16543987571606,3.043544132539299,,,
LV electricity distribution main,68.14362227422045,0.902729769058042,,,
LV electricity distribution main,68.13715229787904,1.1606193446580912,,,
LV electricity distribution main,68.13549020280794,4.222002708793463,,,
LV electricity distribution main,68.12883602533502,1.3813581273206181,,,
LV electricity distribution main,68.11894095165125,3.82428942950432,,,
LV electricity distribution main,68.10525890616803,4.220007671514085,,,
LV electricity distribution main,68.09156845572598,3.8218395335292685,,,
LV electricity distribution main,68.07506867855014,3.9236729358243387,,,
LV electricity distribution main,68.06423545202037,3.824288767385595,,,
LV electricity distribution main,68.04702157543521,3.910861092697458,,,
LV electricity distribution main,68.03690689058018,4.3187205783145135,,,
LV electricity distribution main,68.01908899980037,3.910861413852987,,,
LV electricity distribution main,68.00607306069254,4.3121786006221985,,,
LV electricity distribution main,67.99117933981502,3.9108617335917533,,,
LV electricity distribution main,67.97531378159873,4.315352967614276,,,
LV electricity distribution main,67.94455970640328,4.318723658917588,,,
LV electricity distribution main,67.91380946212325,4.312181674166152,,,
LV electricity distribution main,67.88313352894775,4.318725718175749,,,
LV electricity distribution main,67.85243882013502,4.364474170294155,,,
LV electricity distribution main,67.8214472910212,4.37103708521516,,,
LV electricity distribution main,67.7904375359702,4.3611986853907965,,,
LV electricity distribution main,67.759525788346,4.371039137455582,,,
LV electricity distribution main,67.7285725913846,4.364478276358726,,,
LV electricity distribution main,67.69769403003258,4.3644793044160775,,,
LV electricity distribution main,67.66684359826256,0.11340222190429662,,,
LV electricity distribution main,41.80463731464454,4.164489414877262,,,
LV electricity distribution main,41.79340797272027,4.161108456685594,,,
LV electricity distribution main,41.7821937679043,4.157909731071071,,,
LV electricity distribution main,41.770994190101256,4.1676867461059555,,,
LV electricity distribution main,41.75977430717982,4.157911557486063,,,
LV electricity distribution main,41.74858673694673,3.8892994224491937,,,
LV electricity distribution main,41.73812715647986,3.8893001961139424,,,
LV electricity distribution main,41.727672812997056,3.882702552785379,,,
LV electricity distribution main,41.71724142120666,3.8862287477536293,,,
LV electricity distribution main,41.706805778777934,0.16449305623898444,,,
LV electricity distribution main,41.70636407694592,4.95596875400297,,,
LV electricity distribution main,41.693064642647414,0.16454401462622228,,,
LV electricity distribution main,41.69262309507728,3.764781390511686,,,
LV electricity distribution main,41.68252534123571,3.7647821119968903,,,
LV electricity distribution main,41.67243247494011,3.767856306720515,,,
LV electricity distribution main,41.66233626105976,2.59575310412945,,,
LV electricity distribution main,41.6553830947294,2.5957530016962758,,,
LV electricity distribution main,41.6484322489667,0.224257566328002,,,
LV electricity distribution main,41.64783175469607,0.14050877979834836,,,
LV electricity distribution main,41.64745552126858,2.652969573384416,,,
LV electricity distribution main,41.64035421783417,2.6423317907811557,,,
LV electricity distribution main,37.7734399089872,0.147138076904232,,,
LV electricity distribution main,37.773115817467975,2.163665592281316,,,
LV electricity distribution main,37.768351253497364,2.4680407965495834,,,
LV electricity distribution main,37.762917994650365,3.0089911470688273,,,
LV electricity distribution main,37.7562961856585,3.0089907475120254,,,
LV electricity distribution main,37.74967669923163,4.694812007616856,,,
LV electricity distribution main,37.739354217900704,4.684731871038295,,,
LV electricity distribution main,37.72905951852368,4.6912399967321905,,,
LV electricity distribution main,37.71875614730876,4.688313904766874,,,
LV electricity distribution main,37.70846482081736,4.691242536343913,,,
LV electricity distribution main,36.33445266071681,4.6912438009477695,,,
LV electricity distribution main,36.32489671332147,4.688317699618476,,,
LV electricity distribution main,33.886714868770085,4.691246341265952,,,
LV electricity distribution main,33.87840276296081,4.68474072996371,,,
LV electricity distribution main,33.40517239566264,2.1870519309256116,,,
LV electricity distribution main,33.4014056564444,0.08893508066709375,,,
LV electricity distribution main,33.40125248578618,0.08893508082034803,,,
LV electricity distribution main,33.401099316532495,0.20234330261134134,,,
LV electricity distribution main,33.400750836206626,0.5002895654020392,,,
LV electricity distribution main,33.39988927037045,3.65786208189479,,,
LV electricity distribution main,33.39359231552927,4.084881165286609,,,
LV electricity distribution main,33.38656321380693,4.082436791520627,,,
LV electricity distribution main,32.535825779383075,4.694823411397427,,,
LV electricity distribution main,31.255681782391935,4.212553820208532,,,
LV electricity distribution main,30.638562621075373,4.311981851037554,,,
LV electricity distribution main,30.632316454316623,4.308709819236157,,,
LV electricity distribution main,30.626077569418413,4.315270090245762,,,
LV electricity distribution main,30.619831733752996,4.305420593875798,,,
LV electricity distribution main,30.6136026891956,4.308712827944813,,,
LV electricity distribution main,30.60737141893547,4.311986874801728,,,
LV electricity distribution main,30.601137953519366,4.3087148301043845,,,
LV electricity distribution main,30.59491175259161,4.965616176963547,,,
LV electricity distribution main,30.587739676499183,4.959024090976072,,,
LV electricity distribution main,30.5805804741367,4.9656187238181255,,,
LV electricity distribution main,30.57341511031637,4.959026632182357,,,
LV electricity distribution main,30.566262606614966,4.965621271203017,,,
LV electricity distribution main,30.559103945648193,4.959029174803165,,,
LV electricity distribution main,30.55195813120935,4.177414872248356,,,
LV electricity distribution main,30.18985265831775,4.780296700853214,,,
LV electricity distribution main,30.183129700853726,4.778149802205701,,,
LV electricity distribution main,30.17641275333919,3.0082936578209916,,,
LV electricity distribution main,30.17218498947652,3.0167538699677414,,,
LV electricity distribution main,30.16794652694455,4.313129061345973,,,
LV electricity distribution main,30.161889123466917,4.319650625697706,,,
LV electricity distribution main,30.15582500018612,4.630405602169618,,,
LV electricity distribution main,30.149327425770846,4.628199337664523,,,
LV electricity distribution main,30.142835743726586,4.628199725445581,,,
LV electricity distribution main,30.136346855783692,4.617662031413306,,,
LV electricity distribution main,30.129875522175073,4.087309259416502,,,
LV electricity distribution main,30.124149618185267,4.100158652195013,,,
LV electricity distribution main,30.118407902892628,4.152805849357641,,,
LV electricity distribution main,30.112594707027025,4.152806938432273,,,
LV electricity distribution main,30.106783753014717,4.14641197631459,,,
LV electricity distribution main,30.10098398254834,1.8622819963807418,,,
LV electricity distribution main,30.098379576800877,4.468189146061095,,,
LV electricity distribution main,29.931713250382032,4.216182867459727,,,
LV electricity distribution main,29.284587942715177,4.177415133158489,,,
LV electricity distribution main,29.224581765545356,4.564113447350343,,,
LV electricity distribution main,29.21856654973777,4.567759151941442,,,
LV electricity distribution main,29.212549008501618,4.564111007030261,,,
LV electricity distribution main,29.20653874720704,3.505359932948195,,,
LV electricity distribution main,28.585446672106617,4.212555891367761,,,
LV electricity distribution main,28.58013475620078,4.222676370746632,,,
LV electricity distribution main,28.578603192859585,4.468189647914208,,,
LV electricity distribution main,27.981938495769707,4.179430853861952,,,
LV electricity distribution main,27.97688847762668,4.188056431126263,,,
LV electricity distribution main,27.971829867004818,1.0460022842500647,,,
LV electricity distribution main,27.970566550616784,4.762340092085938,,,
LV electricity distribution main,27.964817166226947,4.706051258436365,,,
LV electricity distribution main,27.959138044460182,3.711606808950867,,,
LV electricity distribution main,27.954660422998625,3.7215325779894504,,,
LV electricity distribution main,27.863861397235354,0.10180007370490712,,,
LV electricity distribution main,27.86373938486568,0.21932541186351961,,,
LV electricity distribution main,27.788032782526823,2.1742098492162287,,,
LV electricity distribution main,27.785441510340043,1.0984617361442044,,,
LV electricity distribution main,27.784132462297674,0.14188102879129713,,,
LV electricity distribution main,27.783963383288008,0.14188102745474865,,,
LV electricity distribution main,27.783794306337757,2.806275748068735,,,
LV electricity distribution main,27.44439821779126,4.4681901479988015,,,
LV electricity distribution main,27.05212179469329,4.216185976124791,,,
LV electricity distribution main,27.047360264950125,4.721913441920038,,,
LV electricity distribution main,27.042029696027107,4.72191301705717,,,
LV electricity distribution main,26.188082493461902,3.4988317285902264,,,
LV electricity distribution main,26.184379230161213,3.508835693944397,,,
LV electricity distribution main,26.18066643151043,3.501703239062089,,,
LV electricity distribution main,26.17696222832244,3.499005943236153,,,
LV electricity distribution main,26.173261924763537,3.5054650870992963,,,
LV electricity distribution main,26.169555840238704,2.7789637904046893,,,
LV electricity distribution main,26.16661849452923,2.7789636339400206,,,
LV electricity distribution main,26.16368180826622,4.634357701029612,,,
LV electricity distribution main,26.158786255897212,4.634357318593541,,,
LV electricity distribution main,26.153892535456148,4.634356936512553,,,
LV electricity distribution main,26.151305196259994,4.481085714816689,,,
LV electricity distribution main,26.14657597242718,4.468191152033061,,,
LV electricity distribution main,26.137831266132725,3.474747929389475,,,
LV electricity distribution main,26.13416758541494,3.485402842366824,,,
LV electricity distribution main,26.130493703593363,3.485403020644599,,,
LV electricity distribution main,24.782446589509107,4.634356554076694,,,
LV electricity distribution main,24.778054200340637,4.6343561730553375,,,
LV electricity distribution main,24.67484135464275,4.0068610271829,,,
LV electricity distribution main,24.671076419948438,3.993990227592805,,,
LV electricity distribution main,24.667324720233214,0.13416530998749754,,,
LV electricity distribution main,24.667198695184727,2.475669282219805,,,
LV electricity distribution main,24.664873671456366,4.112126762885819,,,
LV electricity distribution main,24.661012978278922,4.1016810654799585,,,
LV electricity distribution main,24.65716329428684,4.114495048926265,,,
LV electricity distribution main,24.653302792709905,4.112125698830574,,,
LV electricity distribution main,24.64944572140014,2.13721051179167,,,
LV electricity distribution main,24.647441397258138,2.5006753491550002,,,
LV electricity distribution main,24.64509665378816,3.4647874727592725,,,
LV electricity distribution main,24.64184877250086,3.4688414417225086,,,
LV electricity distribution main,24.63859794892109,3.464788990202809,,,
LV electricity distribution main,24.63535177863905,4.421620271898382,,,
LV electricity distribution main,24.611620817675192,4.748850455828715,,,
LV electricity distribution main,24.60718177603313,4.75880913305458,,,
LV electricity distribution main,24.20775319157295,2.750337526571589,,,
LV electricity distribution main,24.205265579423266,2.7571998379790266,,,
LV electricity distribution main,24.20277227421673,2.9311712609904923,,,
LV electricity distribution main,24.20012222900413,2.937941821431445,,,
LV electricity distribution main,24.197466645502708,4.83160398536051,,,
LV electricity distribution main,24.193100970747917,4.823299531561314,,,
LV electricity distribution main,24.188744369082553,4.833824281512815,,,
LV electricity distribution main,23.48749159348244,4.400617200100169,,,
LV electricity distribution main,23.48374509744212,4.400617580429509,,,
LV electricity distribution main,23.45107480304785,4.417265475545302,,,
LV electricity distribution main,23.447325788660457,4.4216228588330235,,,
LV electricity distribution main,23.319145341987483,4.748847936775669,,,
LV electricity distribution main,22.984893110116143,4.831602695696223,,,
LV electricity distribution main,22.21147169381653,4.411113228040245,,,
LV electricity distribution main,21.92250654468867,0.049356447158636386,,,
LV electricity distribution main,21.922469926249683,4.37542117402374,,,
LV electricity distribution main,21.919224683326004,4.385750439700241,,,
LV electricity distribution main,21.915972744333352,4.3857499697027915,,,
LV electricity distribution main,21.912721770390494,4.375419763936452,,,
LV electricity distribution main,21.909479413535088,0.12316255183540334,,,
LV electricity distribution main,21.909388146036466,4.858552870963153,,,
LV electricity distribution main,21.905788981480658,4.856109044672527,,,
LV electricity distribution main,21.90219280831092,4.858551809022185,,,
LV electricity distribution main,21.898596007792882,4.858551278227808,,,
LV electricity distribution main,21.895000388717154,4.856107465356132,,,
LV electricity distribution main,21.891407757490168,4.858550216285466,,,
LV electricity distribution main,21.887814498960672,3.00858236679093,,,
LV electricity distribution main,21.88558988125394,3.0010063069408153,,,
LV electricity distribution main,21.883371315332184,4.330630323544614,,,
LV electricity distribution main,21.880170729370363,4.327703075385892,,,
LV electricity distribution main,21.876973241557174,4.340694685550492,,,
LV electricity distribution main,21.873767094950217,4.327701888371999,,,
LV electricity distribution main,21.870571479073327,4.330627933250663,,,
LV electricity distribution main,21.85316653024652,4.748846683776348,,,
LV electricity distribution main,21.57330742806782,4.82329822628107,,,
LV electricity distribution main,21.53352920168821,4.251322140471915,,,
LV electricity distribution main,21.53048685511473,4.251321862531494,,,
LV electricity distribution main,21.52744536822866,4.516114068894352,,,
LV electricity distribution main,21.524215412772673,4.5181347211691865,,,
LV electricity distribution main,20.977481425464966,4.860344999860763,,,
LV electricity distribution main,20.974180664479146,4.853948981790091,,,
LV electricity distribution main,20.863248819568515,4.402906964144173,,,
LV electricity distribution main,20.86029109854429,4.40061871998034,,,
LV electricity distribution main,20.64420040743194,4.842693838415843,,,
LV electricity distribution main,20.641015285263723,4.8348000972306675,,,
LV electricity distribution main,20.504938048082263,4.831601837798913,,,
LV electricity distribution main,20.459411047735852,4.75538305775057,,,
LV electricity distribution main,20.138476231292053,4.516113449170374,,,
LV electricity distribution main,19.516272149068122,4.8603479832775935,,,
LV electricity distribution main,19.383465721380393,4.845171988309163,,,
LV electricity distribution main,19.198117472990397,4.823297356316967,,,
LV electricity distribution main,19.19537391489883,4.8338221134653745,,,
LV electricity distribution main,19.135843128901538,4.7488441749506745,,,
LV electricity distribution main,19.13315940231088,4.463248291229674,,,
LV electricity distribution main,18.8696394725616,4.516113140191012,,,
LV electricity distribution main,18.272736537086242,4.310914826012948,,,
LV electricity distribution main,18.27051502851811,4.318655047341886,,,
LV electricity distribution main,18.109148094003157,4.845171445054211,,,
LV electricity distribution main,18.070692156362487,4.853951960268399,,,
LV electricity distribution main,17.932302487657232,4.941143732086294,,,
LV electricity distribution main,17.92985027695327,4.941143314325759,,,
LV electricity distribution main,17.914697683535145,4.82107050484408,,,
LV electricity distribution main,17.721523615507504,4.463247250279957,,,
LV electricity distribution main,17.601785450802748,4.516112830859552,,,
LV electricity distribution main,17.59962597356313,4.51611252258917,,,
LV electricity distribution main,16.890189347989168,4.310915756737784,,,
LV electricity distribution main,16.759017490698117,4.842691683374384,,,
LV electricity distribution main,16.600047099176155,4.928431408816918,,,
LV electricity distribution main,16.599993094459766,4.833821246384265,,,
LV electricity distribution main,16.57134189106041,4.860350966340882,,,
LV electricity distribution main,16.5692819633566,4.853954938038924,,,
LV electricity distribution main,16.471095848329124,4.4698321187783,,,
LV electricity distribution main,16.46922424215914,4.460095735788873,,,
LV electricity distribution main,16.278697128558026,4.516112212548687,,,
LV electricity distribution main,15.468166091839155,4.8338208096759,,,
LV electricity distribution main,15.432826675899497,4.310916221761503,,,
LV electricity distribution main,15.431241971308502,4.321228721550493,,,
LV electricity distribution main,15.429653802770408,2.7120866461977116,,,
LV electricity distribution main,15.428657166269709,1.3151252442422467,,,
LV electricity distribution main,15.428173914852291,1.4772949253185867,,,
LV electricity distribution main,15.427631111315876,3.9482886715316017,,,
LV electricity distribution main,15.426180661541423,1.8831082015137819,,,
LV electricity distribution main,15.425488941875614,2.780181273989887,,,
LV electricity distribution main,15.424467836734184,2.7801817728558835,,,
LV electricity distribution main,15.351410963214347,4.8347979177157,,,
LV electricity distribution main,15.169467710878676,4.941142478773845,,,
LV electricity distribution main,15.101465352119403,4.463244136070062,,,
LV electricity distribution main,15.09989435484606,4.463243094943758,,,
LV electricity distribution main,15.098323684748022,4.463242053994872,,,
LV electricity distribution main,15.09675334172304,4.463241012868836,,,
LV electricity distribution main,15.095183325669026,4.945963636323589,,,
LV electricity distribution main,15.093443905186914,4.945964004483637,,,
LV electricity distribution main,15.091704885373536,3.5724041683001304,,,
LV electricity distribution main,15.090449023478975,3.5701387649866603,,,
LV electricity distribution main,15.089194166699311,3.582907212987761,,,
LV electricity distribution main,15.087935032144323,4.997314132299882,,,
LV electricity distribution main,15.086179243857,4.995440071988442,,,
LV electricity distribution main,15.084424522279749,5.0080181190827435,,,
LV electricity distribution main,15.082665792659848,4.9954407167676305,,,
LV electricity distribution main,15.08091188798749,4.997315436720727,,,
LV electricity distribution main,15.079157733243443,1.4495017868341324,,,
LV electricity distribution main,15.078648964306693,3.945454532180151,,,
LV electricity distribution main,15.077264380927137,3.948983968119051,,,
LV electricity distribution main,15.075878813654384,3.945456310717068,,,
LV electricity distribution main,14.999382916182663,4.86035394905061,,,
LV electricity distribution main,14.87011072358556,4.518132845753755,,,
LV electricity distribution main,14.868568759359844,4.516111597421094,,,
LV electricity distribution main,14.86702780440678,4.516111286675009,,,
LV electricity distribution main,14.865487168914328,4.068601316887703,,,
LV electricity distribution main,14.864099457018925,4.072887223090676,,,
LV electricity distribution main,14.186691766206865,4.821069213339491,,,
LV electricity distribution main,13.945576584979872,4.845169815610396,,,
LV electricity distribution main,13.861237857702069,3.2647150484119862,,,
LV electricity distribution main,13.860269656514259,3.2775638169308396,,,
LV electricity distribution main,13.619686739577995,4.853957916163056,,,
LV electricity distribution main,13.506013234146224,4.930569758961781,,,
LV electricity distribution main,13.504625075375806,4.941141643928093,,,
LV electricity distribution main,13.503234226716465,4.930568921236279,,,
LV electricity distribution main,13.501846639321483,4.310591946802799,,,
LV electricity distribution main,13.500633747143983,4.302262870034879,,,
LV electricity distribution main,13.499423415600821,4.302262529282585,,,
LV electricity distribution main,13.498213301136706,1.2977855383169867,,,
LV electricity distribution main,13.49784828758729,2.9302463041247133,,,
LV electricity distribution main,13.497024230777605,1.9579969661446877,,,
LV electricity distribution main,13.496473639145481,2.0351271364686023,,,
LV electricity distribution main,13.495901406922638,4.62841205039033,,,
LV electricity distribution main,13.327348953383149,4.068599945748724,,,
LV electricity distribution main,13.326233537564516,4.068599255240452,,,
LV electricity distribution main,13.325118308618356,4.075301008131197,,,
LV electricity distribution main,13.32400142993068,3.4280625850794557,,,
LV electricity distribution main,13.323062066141532,3.4348470870230963,,,
LV electricity distribution main,13.32212097621517,3.380025424948242,,,
LV electricity distribution main,13.32119503522238,4.394001266489674,,,
LV electricity distribution main,13.31544770961229,4.846560491876209,,,
LV electricity distribution main,13.175965135695485,2.19316925576001,,,
LV electricity distribution main,13.175377409228407,1.2747435366650526,,,
LV electricity distribution main,13.17503582060464,2.9167052806376805,,,
LV electricity distribution main,13.174254333879261,0.13712101497652726,,,
LV electricity distribution main,13.174217594598122,0.14438675258028733,,,
LV electricity distribution main,13.17417890881139,0.14713824254376184,,,
LV electricity distribution main,13.17413948604924,0.13416424683520636,,,
LV electricity distribution main,13.174103539607056,0.5006676809581032,,,
LV electricity distribution main,13.17396939913541,4.439130973181434,,,
LV electricity distribution main,13.172780267797815,4.449563652473934,,,
LV electricity distribution main,13.17158855746001,4.449564073668061,,,
LV electricity distribution main,13.170397062602627,4.4391322474631405,,,
LV electricity distribution main,13.169208575683006,2.653975489906911,,,
LV electricity distribution main,13.168498104660287,2.6564591015988452,,,
LV electricity distribution main,13.167787045569352,4.77351603506099,,,
LV electricity distribution main,13.1665095580266,4.7839183458320855,,,
LV electricity distribution main,13.165229535538124,4.786359361554045,,,
LV electricity distribution main,13.163949109012748,4.7839193646011,,,
LV electricity distribution main,13.162669583998818,4.783919876990178,,,
LV electricity distribution main,13.161390307549192,4.783920386196581,,,
LV electricity distribution main,13.160111279592302,4.775964940309107,,,
LV electricity distribution main,13.158834626332306,4.783921404285491,,,
LV electricity distribution main,13.157556094730674,4.783921915613509,,,
LV electricity distribution main,13.156277811404237,4.7863629592309564,,,
LV electricity distribution main,13.15499912441398,4.783922934381795,,,
LV electricity distribution main,13.153721337548692,4.7735216582268105,,,
LV electricity distribution main,13.15244657598343,4.786364500301864,,,
LV electricity distribution main,13.151168633133075,4.783924465568147,,,
LV electricity distribution main,13.149891589814134,4.783924974068184,,,
LV electricity distribution main,13.14861479433779,4.786366044171004,,,
LV electricity distribution main,13.147337595516387,4.773524213602931,,,
LV electricity distribution main,13.146064070179774,4.783926504191913,,,
LV electricity distribution main,13.144788017385046,4.78392701375193,,,
LV electricity distribution main,13.143512212144362,4.786368098332931,,,
LV electricity distribution main,13.142236003771755,0.11046902631442719,,,
LV electricity distribution main,13.142206549107705,4.259845171791254,,,
LV electricity distribution main,13.141070931012417,4.259845590291932,,,
LV electricity distribution main,13.13993550903769,4.272703402824045,,,
LV electricity distribution main,13.138796857300596,4.2598464322165475,,,
LV electricity distribution main,13.13766182800515,2.432704820742408,,,
LV electricity distribution main,13.13701370163461,1.3055677031372115,,,
LV electricity distribution main,13.136665887940154,1.1945372223593718,,,
LV electricity distribution main,13.136347669072643,1.3013635215797652,,,
LV electricity distribution main,13.136001010498903,4.90350250878189,,,
LV electricity distribution main,13.134695070084264,4.909923153830434,,,
LV electricity distribution main,13.133387679978183,4.903505500719862,,,
LV electricity distribution main,13.132082258282267,4.903506996688079,,,
LV electricity distribution main,13.130777095660035,4.903508491596471,,,
LV electricity distribution main,13.129472192034656,4.909929145814678,,,
LV electricity distribution main,13.128165839765309,4.903511483179395,,,
LV electricity distribution main,13.126861454241235,4.903512977380161,,,
LV electricity distribution main,13.125557327482944,4.909933639714608,,,
LV electricity distribution main,13.12425175286531,4.903515969317455,,,
LV electricity distribution main,13.122948143745688,2.546865696336345,,,
LV electricity distribution main,13.122271124479335,2.5434853963954156,,,
LV electricity distribution main,12.852055703868523,4.833819943653162,,,
LV electricity distribution main,12.850823367264649,4.82329431394729,,,
LV electricity distribution main,12.665084948205617,4.842690066290271,,,
LV electricity distribution main,12.319668375273967,4.853959404342229,,,
LV electricity distribution main,12.117752327513108,4.838276330430481,,,
LV electricity distribution main,12.116655765545925,4.8360382985599175,,,
LV electricity distribution main,11.969545939505972,4.634927626562458,,,
LV electricity distribution main,11.968520993707365,4.638466724411815,,,
LV electricity distribution main,11.757434097524282,4.397351147276444,,,
LV electricity distribution main,11.591337177174054,4.958424190485568,,,
LV electricity distribution main,11.59030889887686,4.968787147815463,,,
LV electricity distribution main,11.58927865468694,4.958423031835408,,,
LV electricity distribution main,11.240660523361159,4.831597968072637,,,
LV electricity distribution main,11.239718246319475,4.823293445047676,,,
LV electricity distribution main,11.238777746273417,4.833818209487393,,,
LV electricity distribution main,11.237835352053523,4.831596678055366,,,
LV electricity distribution main,11.236893548818433,4.823292138705007,,,
LV electricity distribution main,11.235953521649478,4.115407656467612,,,
LV electricity distribution main,11.235151570889382,3.5973843679289255,,,
LV electricity distribution main,11.234450652433381,4.975775623178633,,,
LV electricity distribution main,11.009813203681857,4.845168729451385,,,
LV electricity distribution main,11.008906690220254,4.791757852832306,,,
LV electricity distribution main,11.008010315727793,4.802274385603425,,,
LV electricity distribution main,11.007112120544527,4.8022739515656365,,,
LV electricity distribution main,11.006214072000391,4.791756548146369,,,
LV electricity distribution main,11.005318136142817,4.802273084172865,,,
LV electricity distribution main,10.994721169570283,4.3087218444924575,,,
LV electricity distribution main,10.993917217136955,4.311982841544221,,,
LV electricity distribution main,10.993112773981052,4.308723837507676,,,
LV electricity distribution main,10.992309056358778,4.308724827132022,,,
LV electricity distribution main,10.991505456060295,4.311985823469544,,,
LV electricity distribution main,10.990701365229,4.308726821385216,,,
LV electricity distribution main,10.9898979995871,4.308727811362715,,,
LV electricity distribution main,10.98909475119187,4.965616085279745,,,
LV electricity distribution main,10.988169199271562,4.95902399840838,,,
LV electricity distribution main,10.987245031539755,4.965618632664972,,,
LV electricity distribution main,10.98631979067615,4.959026541736316,,,
LV electricity distribution main,10.985395933509905,4.965621179342663,,,
LV electricity distribution main,10.984471003546359,4.959029084710846,,,
LV electricity distribution main,10.983547456789225,4.842167307945022,,,
LV electricity distribution main,10.857183022703765,4.860358423115439,,,
LV electricity distribution main,10.773131260188878,4.846561801887704,,,
LV electricity distribution main,10.750247976715183,4.628415727513234,,,
LV electricity distribution main,10.404393018389346,4.97128770695021,,,
LV electricity distribution main,10.30896221393255,4.3940033166286305,,,
LV electricity distribution main,10.308241427648035,4.39735320324646,,,
LV electricity distribution main,10.013401650058823,1.4187805923151164,,,
LV electricity distribution main,9.605939281033267,4.973021488617773,,,
LV electricity distribution main,9.60523098806046,4.975772680273317,,,
LV electricity distribution main,9.465861774332236,4.802272648015624,,,
LV electricity distribution main,9.465197598369848,1.755424799007075,,,
LV electricity distribution main,9.464954827658326,1.520035282493988,,,
LV electricity distribution main,9.464744620045735,1.067200315545645,,,
LV electricity distribution main,9.46459704015911,3.6167149611000218,,,
LV electricity distribution main,9.46409694849641,0.7793757117653,,,
LV electricity distribution main,9.463989184842442,4.389400881900129,,,
LV electricity distribution main,9.463382343736486,4.385180928627077,,,
LV electricity distribution main,9.460168515552853,4.853962382820207,,,
LV electricity distribution main,9.405701098284233,4.2722156381015255,,,
LV electricity distribution main,9.295367758150837,4.63846918081167,,,
LV electricity distribution main,9.140350768137191,4.958421877075923,,,
LV electricity distribution main,9.139711349330373,4.9584212961459215,,,
LV electricity distribution main,8.993979662920895,4.394005365884209,,,
LV electricity distribution main,8.60490398198136,4.718411664109476,,,
LV electricity distribution main,8.476654590449057,4.840154545948941,,,
LV electricity distribution main,8.47611776862432,4.842166595731342,,,
LV electricity distribution main,8.262816989457239,4.9692953417915495,,,
LV electricity distribution main,8.262293301007567,4.975769746002852,,,
LV electricity distribution main,8.26176899680214,4.969292412284486,,,
LV electricity distribution main,8.186241723393325,4.860361407946309,,,
LV electricity distribution main,8.080200292312544,4.385179684116397,,,
LV electricity distribution main,7.902287368898147,4.274297134775652,,,
LV electricity distribution main,7.901875364330533,4.272216225320811,,,
LV electricity distribution main,7.7970840906176315,4.634932545209292,,,
LV electricity distribution main,7.638045458075473,4.397355258862027,,,
LV electricity distribution main,7.196364087169253,4.712010704658237,,,
LV electricity distribution main,7.150823596176797,4.840153841505011,,,
LV electricity distribution main,6.9294028954419105,4.853965359883227,,,
LV electricity distribution main,6.929043129396449,4.864425500382137,,,
LV electricity distribution main,6.868972015811977,4.385178437838001,,,
LV electricity distribution main,6.868652636083106,4.3851771912055195,,,
LV electricity distribution main,6.5647285317317365,4.96878426066791,,,
LV electricity distribution main,6.564397997137762,4.960927065289952,,,
LV electricity distribution main,6.531384346196793,4.272216519813127,,,
LV electricity distribution main,6.403165453950265,4.6284194051662295,,,
LV electricity distribution main,6.402872526961152,4.638472861625018,,,
LV electricity distribution main,6.353748916100475,4.394007416376697,,,
LV electricity distribution main,6.35347509909254,0.8959780451437659,,,
LV electricity distribution main,6.353419266297463,1.5132175754418713,,,
LV electricity distribution main,5.940969972898604,4.41171758981192,,,
LV electricity distribution main,5.940729611763166,4.411717127015208,,,
LV electricity distribution main,5.9404892701009295,4.398848606994307,,,
LV electricity distribution main,5.940249648822683,4.411716205991619,,,
LV electricity distribution main,5.940009346042799,4.858552866803623,,,
LV electricity distribution main,5.939744727992763,4.8457089197431324,,,
LV electricity distribution main,5.939480832930874,4.858551806953162,,,
LV electricity distribution main,5.939216262023207,4.856107988078872,,,
LV electricity distribution main,5.93895184773798,4.858550743951845,,,
LV electricity distribution main,5.938687324010694,4.845706808796058,,,
LV electricity distribution main,5.9384235230093205,4.690605887009748,,,
LV electricity distribution main,5.938168187684064,4.690604488392924,,,
LV electricity distribution main,5.732433708393569,4.842165885284246,,,
LV electricity distribution main,5.732188091915641,4.840153138118647,,,
LV electricity distribution main,5.721695769069924,4.712009303204001,,,
LV electricity distribution main,5.721457648734873,4.707973102056191,,,
LV electricity distribution main,5.5156798757053105,4.050828161517183,,,
LV electricity distribution main,5.515489641355802,4.061363124527982,,,
LV electricity distribution main,5.515298925454955,4.057198958709772,,,
LV electricity distribution main,5.515108418259003,4.054994636255223,,,
LV electricity distribution main,5.514918027713649,0.14188107621376886,,,
LV electricity distribution main,5.514911366114155,2.6428886880032527,,,
LV electricity distribution main,5.514787282803149,2.653244206016223,,,
LV electricity distribution main,5.5146627189291,0.1418809598253851,,,
LV electricity distribution main,5.514656057951842,4.383726024614415,,,
LV electricity distribution main,5.514450267688457,4.383724807560061,,,
LV electricity distribution main,5.514244492840277,4.38372359050453,,,
LV electricity distribution main,5.5140387334055685,4.387801398697767,,,
LV electricity distribution main,5.513832797953421,0.13712232731254995,,,
LV electricity distribution main,5.51382636231972,4.277452419512602,,,
LV electricity distribution main,5.513625621032022,4.279708192998026,,,
LV electricity distribution main,5.513424788511993,4.279707025313077,,,
LV electricity distribution main,5.513223970676507,4.2838261260982895,,,
LV electricity distribution main,5.5130229742156756,4.279704681482806,,,
LV electricity distribution main,5.512822185758923,1.0984612877453503,,,
LV electricity distribution main,5.512770650842484,4.875703695832352,,,
LV electricity distribution main,5.512541923498829,4.865422408081485,,,
LV electricity distribution main,5.512313697366296,4.875704918778625,,,
LV electricity distribution main,5.512085007880553,4.868056144389875,,,
LV electricity distribution main,5.511856696066647,4.875706142079732,,,
LV electricity distribution main,5.511628044439643,4.865424860787321,,,
LV electricity distribution main,5.5113998938541755,4.875707365378213,,,
LV electricity distribution main,5.511171280066271,4.865426087317423,,,
LV electricity distribution main,5.510943167235154,3.879366837276725,,,
LV electricity distribution main,5.510761297255253,3.8706909092282236,,,
LV electricity distribution main,5.5105798459644095,3.868709513322737,,,
LV electricity distribution main,5.510398499494349,4.8507775999891996,,,
LV electricity distribution main,5.3440429402815335,4.853968346819747,,,
LV electricity distribution main,5.320658630156732,1.4954601005125137,,,
LV electricity distribution main,5.32059327619439,3.215926592239796,,,
LV electricity distribution main,5.3204527425601,3.228662375508448,,,
LV electricity distribution main,5.282818003011922,4.272216813952644,,,
LV electricity distribution main,5.282633954931345,4.274298324401637,,,
LV electricity distribution main,5.061513189086791,4.968783106311489,,,
LV electricity distribution main,5.047594102183914,4.630247490106475,,,
LV electricity distribution main,4.867285631415095,4.6284218612277295,,,
LV electricity distribution main,4.3891678295647285,4.712006509817212,,,
LV electricity distribution main,4.327875514461928,4.164334463708777,,,
LV electricity distribution main,4.327755108517331,4.15776497705674,,,
LV electricity distribution main,4.3276348991985465,4.1675904371675365,,,
LV electricity distribution main,4.327514412515293,4.164337247124548,,,
LV electricity distribution main,4.327394026581293,4.157767755711105,,,
LV electricity distribution main,4.327273837239885,3.8543598704847915,,,
LV electricity distribution main,4.327162424302115,3.8580479136397132,,,
LV electricity distribution main,4.327050910506694,3.8543613298690262,,,
LV electricity distribution main,4.326939509005401,3.8609844803053184,,,
LV electricity distribution main,4.32682792183274,3.859819623555361,,,
LV electricity distribution main,4.326716374077598,3.8532189323311403,,,
LV electricity distribution main,4.326605022812304,3.8598180998414087,,,
LV electricity distribution main,4.326493486593491,3.8532174123222163,,,
LV electricity distribution main,4.3263821468438755,4.184055026483887,,,
LV electricity distribution main,4.242383582291314,3.101237130932158,,,
LV electricity distribution main,4.242297420608689,4.254800710663566,,,
LV electricity distribution main,4.242179216052303,0.1405054303822069,,,
LV electricity distribution main,4.242175312614132,1.1819592956102503,,,
LV electricity distribution main,4.242142476633379,4.220836056228581,,,
LV electricity distribution main,4.242025224177562,4.210160749167787,,,
LV electricity distribution main,4.241908274724465,4.2101609968326645,,,
LV electricity distribution main,4.24179133171264,4.210161244852478,,,
LV electricity distribution main,4.241674395141544,4.5263621709667285,,,
LV electricity distribution main,4.241548683590925,4.529411908216308,,,
LV electricity distribution main,4.241422894800552,4.529412951296408,,,
LV electricity distribution main,4.241297113441751,4.529413995260324,,,
LV electricity distribution main,4.241171339513841,4.5263663419043425,,,
LV electricity distribution main,4.241045657663132,4.529416074196332,,,
LV electricity distribution main,4.2409198985902545,4.310566353096558,,,
LV electricity distribution main,4.2408002226265795,4.300996942027094,,,
LV electricity distribution main,4.240680819066374,4.310568180984471,,,
LV electricity distribution main,4.240561156544531,4.307624183081102,,,
LV electricity distribution main,4.240441582492565,0.14034915139006923,,,
LV electricity distribution main,4.240437686589587,4.912764318859774,,,
LV electricity distribution main,4.240301323654751,4.912765576146991,,,
LV electricity distribution main,4.240164969454848,4.915928481245261,,,
LV electricity distribution main,4.240028536248542,4.91276810077193,,,
LV electricity distribution main,4.239892199521352,4.912769359473583,,,
LV electricity distribution main,4.239755871526538,4.912770616407788,,,
LV electricity distribution main,4.23961955226331,4.912771873695581,,,
LV electricity distribution main,4.23948324173082,4.597335032068619,,,
LV electricity distribution main,4.239355691033421,4.595380075469527,,,
LV electricity distribution main,4.239228202243494,4.5953803723941675,,,
LV electricity distribution main,4.239100721112843,1.3436742952033216,,,
LV electricity distribution main,4.239063446699813,4.993027266548657,,,
LV electricity distribution main,4.238924945874155,4.9914068240649465,,,
LV electricity distribution main,4.238786499041726,4.99302773787305,,,
LV electricity distribution main,4.238648016298963,4.99302797548218,,,
LV electricity distribution main,4.238509542597733,4.993028211322486,,,
LV electricity distribution main,4.2383710779372,4.934200901661605,,,
LV electricity distribution main,4.238234253486529,2.2614682797012167,,,
LV electricity distribution main,4.238171545257794,4.691489357944227,,,
LV electricity distribution main,4.238041462987252,4.6898250340657555,,,
LV electricity distribution main,4.237911434843099,4.679029068143747,,,
LV electricity distribution main,4.237781713965199,4.691490023222266,,,
LV electricity distribution main,4.237651655604577,4.689825690161766,,,
LV electricity distribution main,4.237521651359911,4.689825911209026,,,
LV electricity distribution main,4.237391655085387,4.691490686704264,,,
LV electricity distribution main,4.2372616206465095,3.5520616256413517,,,
LV electricity distribution main,4.237163172432841,3.5646050889945053,,,
LV electricity distribution main,4.2370643811739885,4.672451879811541,,,
LV electricity distribution main,4.236934894406519,4.672452086778865,,,
LV electricity distribution main,4.236805415547311,4.672452294101767,,,
LV electricity distribution main,4.236675944595628,4.8699443050827576,,,
LV electricity distribution main,4.236541009850041,4.866598860071124,,,
LV electricity distribution main,4.236406176381808,4.86659756773335,,,
LV electricity distribution main,4.236271351531471,4.873150005668733,,,
LV electricity distribution main,4.197463182412106,4.903489126877726,,,
LV electricity distribution main,4.1973298215540575,4.899534710891567,,,
LV electricity distribution main,4.0349439376827565,4.8443561505293875,,,
LV electricity distribution main,4.034822189682607,4.850774677153751,,,
LV electricity distribution main,4.0058782475247625,2.9347129336625453,,,
LV electricity distribution main,4.005805549547981,0.9993537090084048,,,
LV electricity distribution main,3.845896131077971,0.10179707068845785,,,
LV electricity distribution main,3.8458938066995865,4.893099720032018,,,
LV electricity distribution main,3.77317394415261,4.640107094365349,,,
LV electricity distribution main,3.7730719688146817,4.636811949079788,,,
LV electricity distribution main,3.736759715446,4.958418983797211,,,
LV electricity distribution main,3.6937039866946253,4.85076443912698,,,
LV electricity distribution main,3.693601825183542,4.844345929435376,,,
LV electricity distribution main,3.438672894874729,4.634937454864801,,,
LV electricity distribution main,3.12828278981043,4.840152786075049,,,
LV electricity distribution main,3.1282096712301426,4.842164820321191,,,
LV electricity distribution main,3.128136525675503,4.829512505659672,,,
LV electricity distribution main,3.105609570500731,0.1471395089331634,,,
LV electricity distribution main,3.105607379717677,3.179061627605999,,,
LV electricity distribution main,3.105560047617006,3.1790613792189686,,,
LV electricity distribution main,3.105512716962763,2.520283641582436,,,
LV electricity distribution main,3.105475195261572,1.6476924304274423,,,
LV electricity distribution main,3.105450664988348,0.2729705809920677,,,
LV electricity distribution main,2.95438674179458,4.6906030887145285,,,
LV electricity distribution main,2.9543235411124025,4.690601690806142,,,
LV electricity distribution main,2.954260343152969,4.69698913342183,,,
LV electricity distribution main,2.954197061844605,4.690598893218635,,,
LV electricity distribution main,2.9541338693338375,4.607570079434301,,,
LV electricity distribution main,2.954071798009274,4.605044385364117,,,
LV electricity distribution main,2.9540097633153466,4.615396177067667,,,
LV electricity distribution main,2.9539475917891833,4.607568549642439,,,
LV electricity distribution main,2.940586811328796,1.0216333153068555,,,
LV electricity distribution main,2.9405731737899945,4.392297967008034,,,
LV electricity distribution main,2.9405145443928413,4.395861016809746,,,
LV electricity distribution main,2.940455869776925,4.398805872412645,,,
LV electricity distribution main,2.9353993629985555,4.899533223379414,,,
LV electricity distribution main,2.827869835832795,4.718404655427462,,,
LV electricity distribution main,2.8278115888955333,4.7120037083237944,,,
LV electricity distribution main,2.8277534233684634,4.712002307577252,,,
LV electricity distribution main,2.8276952602514336,4.7120009064771695,,,
LV electricity distribution main,2.8276370995442988,4.711999504669144,,,
LV electricity distribution main,2.8172623934966343,4.215267002841002,,,
LV electricity distribution main,2.817210747016024,4.21526732520154,,,
LV electricity distribution main,2.640860156686992,4.850773216443848,,,
LV electricity distribution main,2.620658172124214,4.968781950895552,,,
LV electricity distribution main,2.6061795848124265,4.9034772092013155,,,
LV electricity distribution main,2.5845992151626405,0.2542431466000428,,,
LV electricity distribution main,2.429543310183038,4.63025097027089,,,
LV electricity distribution main,2.4142965800936413,4.850767361962171,,,
LV electricity distribution main,1.748241723613676,4.638476544029266,,,
LV electricity distribution main,1.7482198387208594,4.628425539235329,,,
LV electricity distribution main,1.748198001795436,4.63847900166776,,,
LV electricity distribution main,1.651974577596408,4.897066764514207,,,
LV electricity distribution main,1.643176025053226,4.177480811645675,,,
LV electricity distribution main,1.643158612983021,4.184053165695679,,,
LV electricity distribution main,1.6431411738888981,4.184052236362475,,,
LV electricity distribution main,1.6431237351688104,4.177478027523648,,,
LV electricity distribution main,1.6431063242183688,4.371041117229355,,,
LV electricity distribution main,1.6430881069369772,4.361200664646582,,,
LV electricity distribution main,1.64306993106998,4.371039066226124,,,
LV electricity distribution main,1.6430517146041066,4.364476148131782,,,
LV electricity distribution main,1.6430335258921431,4.3644751190135285,,,
LV electricity distribution main,1.6430153375871626,4.371035974996114,,,
LV electricity distribution main,1.6429971223446767,4.308807848231723,,,
LV electricity distribution main,1.6429791668154228,4.318724618906237,,,
LV electricity distribution main,1.6429611703555693,4.31218057665936,,,
LV electricity distribution main,1.6429432015582965,4.318722559470394,,,
LV electricity distribution main,1.6429252058949018,4.312178521104776,,,
LV electricity distribution main,1.6429072378928515,4.318720499681661,,,
LV electricity distribution main,1.6428892430258641,4.393784084888477,,,
LV electricity distribution main,1.6428709357985058,4.396279369704049,,,
LV electricity distribution main,1.6428526185827077,4.404154201657279,,,
LV electricity distribution main,1.642834268966125,4.90912931396626,,,
LV electricity distribution main,1.6428138159134904,4.906595796668984,,,
LV electricity distribution main,1.642793373925065,4.9194697150626014,,,
LV electricity distribution main,1.6427728788123765,4.909127565481675,,,
LV electricity distribution main,1.6427524272955758,4.916940958567709,,,
LV electricity distribution main,1.6427319437388643,4.909126400661858,,,
LV electricity distribution main,1.6427114932461238,4.919467387992356,,,
LV electricity distribution main,1.6426910001861017,4.909125234427325,,,
LV electricity distribution main,1.6426705507176123,4.906591747499211,,,
LV electricity distribution main,1.6426501123112307,4.919465646653118,,,
LV electricity distribution main,1.6426296207898858,4.90912348629749,,,
LV electricity distribution main,1.642609172856825,4.916936919821182,,,
LV electricity distribution main,1.5622090088801717,0.11849372382177575,,,
LV electricity distribution main,1.5622085624532813,0.17494359416960703,,,
LV electricity distribution main,1.56220790335121,3.383622639561963,,,
LV electricity distribution main,1.5302578962702433,0.17740505955416935,,,
LV electricity distribution main,1.5302572549545512,4.869035895575385,,,
LV electricity distribution main,1.5302396538934482,4.869037384121586,,,
LV electricity distribution main,1.5302220532318531,4.869038873374331,,,
LV electricity distribution main,1.5104534091558315,4.395858797719521,,,
LV electricity distribution main,1.5104379271770176,3.294156525863767,,,
LV electricity distribution main,1.510426325512717,3.2963255198968264,,,
LV electricity distribution main,1.5104147163879107,1.136052612010995,,,
LV electricity distribution main,1.4232399201432149,4.605042867226341,,,
LV electricity distribution main,1.40403017639925,4.204725183004711,,,
LV electricity distribution main,1.3562228178720155,4.416857048061836,,,
LV electricity distribution main,1.3353240074215482,4.960924732101286,,,
LV electricity distribution main,1.2944091960265751,4.899525768539863,,,
LV electricity distribution main,1.294191702055383,0.44347050257293674,,,
LV electricity distribution main,1.2932149733944256,4.844351774393212,,,
LV electricity distribution main,1.162542893435193,4.640110579459348,,,
LV electricity distribution main,1.1239973292200003,4.85076882196469,,,
LV electricity distribution secondary,5.569045511711596,13.795364617689623,,,
LV electricity distribution secondary,1.8123410026239142,8.355774490579204,,,
LV electricity distribution secondary,1.7590470286785,21.629518754126067,,,
LV electricity distribution secondary,1.7492237832356687,7.650883438688747,,,
LV electricity distribution secondary,1.748176117985637,14.914186565070542,,,
LV electricity distribution secondary,1.6903465691482344,14.954413627289373,,,
LV electricity distribution secondary,1.6616996083735107,14.28940205925707,,,
LV electricity distribution secondary,1.6540728040238357,11.334699408954052,,,
LV electricity distribution secondary,1.6519539471384985,17.050635573817296,,,
LV electricity distribution secondary,1.6501249707166865,17.107501265192884,,,
LV electricity distribution secondary,1.6425886928892277,0.033395294560972656,,,
LV electricity distribution secondary,1.6275420529154105,11.16298194788292,,,
LV electricity distribution secondary,1.622384636038845,6.1554283614696566,,,
LV electricity distribution secondary,1.610961875218666,5.8923914529930554,,,
LV electricity distribution secondary,1.6089334259758952,11.77170205061534,,,
LV electricity distribution secondary,1.5878713663988708,10.68088766105683,,,
LV electricity distribution secondary,1.5846396853005709,12.524664942089906,,,
LV electricity distribution secondary,1.5678423409363058,17.010788399261454,,,
LV electricity distribution secondary,1.5625574406032972,13.520254604674555,,,
LV electricity distribution secondary,1.5621951557207214,9.677884281531147,,,
LV electricity distribution secondary,1.5611578674829603,16.933064351904964,,,
LV electricity distribution secondary,1.5401922082500585,16.560029865376148,,,
LV electricity distribution secondary,1.5385586061161343,6.62242679431921,,,
LV electricity distribution secondary,1.5353615895095072,13.04497841923706,,,
LV electricity distribution secondary,1.5352933592019027,14.912297872049047,,,
LV electricity distribution secondary,1.5346058315087474,5.361063314764654,,,
LV electricity distribution secondary,1.5306456081696087,16.32772192436226,,,
LV electricity distribution secondary,1.53020445296975,11.248764805311056,,,
LV electricity distribution secondary,1.5250543124184488,12.00650120778703,,,
LV electricity distribution secondary,1.5226902670835976,14.593389045409037,,,
LV electricity distribution secondary,1.5152000366229301,11.347266148391311,,,
LV electricity distribution secondary,1.5135302042120309,20.160124654223864,,,
LV electricity distribution secondary,1.5104107154157345,9.466162964968536,,,
LV electricity distribution secondary,1.5028303398884248,15.923901551136419,,,
LV electricity distribution secondary,1.5025548293123314,17.106145703349377,,,
LV electricity distribution secondary,1.4976650432106735,12.52711587563167,,,
LV electricity distribution secondary,1.4969039950806498,11.86042636025278,,,
LV electricity distribution secondary,1.480165266476619,13.454448762146393,,,
LV electricity distribution secondary,1.4752271994826973,16.43396987115115,,,
LV electricity distribution secondary,1.4742916454998267,11.888778244579756,,,
LV electricity distribution secondary,1.461993685879704,11.282428697100581,,,
LV electricity distribution secondary,1.4613482726959919,16.618063888554275,,,
LV electricity distribution secondary,1.4594148972870893,9.824204067454684,,,
LV electricity distribution secondary,1.4554645771693837,13.540172527971876,,,
LV electricity distribution secondary,1.454613133852712,14.089460891432822,,,
LV electricity distribution secondary,1.454054599741536,11.840320701185721,,,
LV electricity distribution secondary,1.453682046432618,4.354344138611344,,,
LV electricity distribution secondary,1.447766698670774,16.043609075564888,,,
LV electricity distribution secondary,1.4475336220690926,11.60550515831591,,,
LV electricity distribution secondary,1.4427229883448183,11.864726123535583,,,
LV electricity distribution secondary,1.4299437490427793,15.022954035699051,,,
LV electricity distribution secondary,1.4284833720351093,13.92260917373669,,,
LV electricity distribution secondary,1.4284434769180996,14.882872290738533,,,
LV electricity distribution secondary,1.4250053189845961,17.908524048242835,,,
LV electricity distribution secondary,1.424770721909119,4.918596857091629,,,
LV electricity distribution secondary,1.423225520289072,17.228095786219534,,,
LV electricity distribution secondary,1.4180078539204908,16.74417492114576,,,
LV electricity distribution secondary,1.4159493393202522,17.368573936845202,,,
LV electricity distribution secondary,1.4131289260257442,13.802608921822584,,,
LV electricity distribution secondary,1.4098917980338028,17.111616512747943,,,
LV electricity distribution secondary,1.4091141245714818,14.503141672076016,,,
LV electricity distribution secondary,1.4082780660052878,16.893631395980012,,,
LV electricity distribution secondary,1.4080006196477577,13.14997372573555,,,
LV electricity distribution secondary,1.407646515980241,17.805132193429984,,,
LV electricity distribution secondary,1.4067393389438987,13.532322868041781,,,
LV electricity distribution secondary,1.4055073358107224,12.55723256780802,,,
LV electricity distribution secondary,1.404075837678777,13.192045053090503,,,
LV electricity distribution secondary,1.4040173808316725,13.876456187482866,,,
LV electricity distribution secondary,1.3961301883954798,13.591090446001937,,,
LV electricity distribution secondary,1.3938401310517803,12.317811349543678,,,
LV electricity distribution secondary,1.3934836896363976,15.205866885983141,,,
LV electricity distribution secondary,1.3914570340196648,15.111647356753958,,,
LV electricity distribution secondary,1.3902555896504067,12.061876229507716,,,
LV electricity distribution secondary,1.3825758713982912,12.038258833502015,,,
LV electricity distribution secondary,1.3825087507278047,16.56427408048113,,,
LV electricity distribution secondary,1.378100725257974,13.75149314364027,,,
LV electricity distribution secondary,1.378008481792295,16.981016611744415,,,
LV electricity distribution secondary,1.3725642573776526,11.329609528687918,,,
LV electricity distribution secondary,1.3700792570639588,17.15258703180988,,,
LV electricity distribution secondary,1.3681640439598286,15.302919140429164,,,
LV electricity distribution secondary,1.3665619522204804,18.463947697869262,,,
LV electricity distribution secondary,1.3665540564055283,16.81782398081722,,,
LV electricity distribution secondary,1.3658917841011522,14.88833897977615,,,
LV electricity distribution secondary,1.3637200255284634,16.9658547410212,,,
LV electricity distribution secondary,1.3562102765194834,14.22497436604514,,,
LV electricity distribution secondary,1.3553855637061327,12.043452165597772,,,
LV electricity distribution secondary,1.3487827700395423,16.83414456921396,,,
LV electricity distribution secondary,1.3476783544949607,14.791225207327862,,,
LV electricity distribution secondary,1.3475929603217847,12.190151080033942,,,
LV electricity distribution secondary,1.3448643499076978,17.084164069941714,,,
LV electricity distribution secondary,1.3434267612149187,15.03602559625473,,,
LV electricity distribution secondary,1.3424286488744988,20.288614473926355,,,
LV electricity distribution secondary,1.3417054183420491,11.804992650678699,,,
LV electricity distribution secondary,1.34043762740581,14.541182665558276,,,
LV electricity distribution secondary,1.3356504352437926,8.73190233602611,,,
LV electricity distribution secondary,1.3353103520336822,20.055347541445844,,,
LV electricity distribution secondary,1.3346876086525434,10.237652090146703,,,
LV electricity distribution secondary,1.3344117804685063,14.8628609965981,,,
LV electricity distribution secondary,1.3342804696016635,15.143159002620385,,,
LV electricity distribution secondary,1.3340364004408407,15.370229186812201,,,
LV electricity distribution secondary,1.3331384793170964,11.81855803321148,,,
LV electricity distribution secondary,1.3320519225881933,11.779522195853437,,,
LV electricity distribution secondary,1.3273516378138064,11.783976090311493,,,
LV electricity distribution secondary,1.3254717510960394,11.837058272519815,,,
LV electricity distribution secondary,1.3247571955095567,16.741809109522286,,,
LV electricity distribution secondary,1.324556977495439,17.079841872142815,,,
LV electricity distribution secondary,1.3204959393997222,14.766080821738777,,,
LV electricity distribution secondary,1.3187698976868005,13.570064741288878,,,
LV electricity distribution secondary,1.3176180909288817,11.82929640830659,,,
LV electricity distribution secondary,1.3144334123391468,7.660917720574044,,,
LV electricity distribution secondary,1.3135405298674256,11.518928504887857,,,
LV electricity distribution secondary,1.3123166478435453,14.860876617352499,,,
LV electricity distribution secondary,1.3117189758181222,16.953249088227555,,,
LV electricity distribution secondary,1.305730870888991,14.575606590204202,,,
LV electricity distribution secondary,1.3036854691716022,14.664183446927357,,,
LV electricity distribution secondary,1.2986286722216824,14.88379571876104,,,
LV electricity distribution secondary,1.2971210546602403,13.811936016449383,,,
LV electricity distribution secondary,1.294396523427584,14.816979789580689,,,
LV electricity distribution secondary,1.294190555386147,12.300790203554389,,,
LV electricity distribution secondary,1.293202466609219,12.569014757589782,,,
LV electricity distribution secondary,1.290404891233597,14.793590111689701,,,
LV electricity distribution secondary,1.2902556040189392,14.9840177062273,,,
LV electricity distribution secondary,1.287899622887355,20.2168029670054,,,
LV electricity distribution secondary,1.285281486590388,19.27579003469185,,,
LV electricity distribution secondary,1.2839005485560242,14.824124246502153,,,
LV electricity distribution secondary,1.2835896909875943,11.271258490918061,,,
LV electricity distribution secondary,1.2833596155426374,15.127247953216807,,,
LV electricity distribution secondary,1.2796892980547747,11.663146277715109,,,
LV electricity distribution secondary,1.2792032243945146,14.955980777743946,,,
LV electricity distribution secondary,1.2790372887808115,12.033957902939335,,,
LV electricity distribution secondary,1.2779274740524535,14.645771311565529,,,
LV electricity distribution secondary,1.2742380543660141,14.679085446485354,,,
LV electricity distribution secondary,1.2732562755254089,12.452156320789303,,,
LV electricity distribution secondary,1.2727839810243338,16.435653099558447,,,
LV electricity distribution secondary,1.2724754134637517,12.44788169304115,,,
LV electricity distribution secondary,1.272315368746221,16.362707030184666,,,
LV electricity distribution secondary,1.2715081656117828,13.680862871276535,,,
LV electricity distribution secondary,1.2685281021849608,17.059528203876972,,,
LV electricity distribution secondary,1.266958226147118,17.90967502794203,,,
LV electricity distribution secondary,1.2660101017922136,16.175993228311327,,,
LV electricity distribution secondary,1.2657629050015424,15.946662385045999,,,
LV electricity distribution secondary,1.265372290533533,13.280876680625173,,,
LV electricity distribution secondary,1.2632116156473852,14.29640034022915,,,
LV electricity distribution secondary,1.2617972137063986,15.254431102969264,,,
LV electricity distribution secondary,1.261353027999843,13.90612312982513,,,
LV electricity distribution secondary,1.256336067257674,12.523889999770047,,,
LV electricity distribution secondary,1.2549207644103442,13.622888098678924,,,
LV electricity distribution secondary,1.2543706129784413,13.730702535577976,,,
LV electricity distribution secondary,1.2482850214449672,16.95330591525031,,,
LV electricity distribution secondary,1.2482644310969182,14.390799113365228,,,
LV electricity distribution secondary,1.2453596369602353,11.43244822575137,,,
LV electricity distribution secondary,1.2444786658563773,18.593062307425427,,,
LV electricity distribution secondary,1.2403070878783475,13.877893896992504,,,
LV electricity distribution secondary,1.2396025020274462,16.971676206318072,,,
LV electricity distribution secondary,1.2231742299209596,15.563179468901225,,,
LV electricity distribution secondary,1.217247464351026,11.86957201587641,,,
LV electricity distribution secondary,1.2107863387420557,12.869740026815121,,,
LV electricity distribution secondary,1.200329946367942,12.244766019022489,,,
LV electricity distribution secondary,1.1994867263843088,17.478359268280272,,,
LV electricity distribution secondary,1.1963691008326394,20.236169133500194,,,
LV electricity distribution secondary,1.192403455493782,12.65927100646967,,,
LV electricity distribution secondary,1.1838577234026226,14.239602040538552,,,
LV electricity distribution secondary,1.180519480334454,15.484182725044134,,,
LV electricity distribution secondary,1.1801357401097106,13.828695232112985,,,
LV electricity distribution secondary,1.1786544897672138,16.488067467372105,,,
LV electricity distribution secondary,1.1625332125283878,17.51695499167474,,,
LV electricity distribution secondary,1.1484793976472951,11.211123122423494,,,
LV electricity distribution secondary,1.1297712265943072,12.574359414934303,,,
LV electricity distribution secondary,1.1285735359621871,20.163123235975743,,,
LV electricity distribution secondary,1.1239878687917577,16.22521795813397,,,
LV electricity distribution secondary,1.1159946659677253,16.794944504699266,,,
LV electricity distribution secondary,1.0942250952588797,14.882671618472129,,,
LV electricity distribution secondary,1.064905083451823,15.382162338623415,,,
Low-voltage electricity supply,245.12485264868437,,,,
