techs,color,name,base_tech,flow_cap_max,flow_out_eff_per_distance,lifetime,link_to,link_from
transmission2559_to_transmission1381_heat,#823740,LQ heat distribution,transmission,10000,0.99,20,transmission1381,transmission2559
transmission2559_to_transmission1381_electricity,#3186cc,LV electricity distribution,transmission,10000,0.99,20,transmission1381,transmission2559
transmission1381_to_transmission2455_heat,#823740,LQ heat distribution,transmission,10000,0.99,20,transmission2455,transmission1381
transmission1381_to_transmission2455_electricity,#3186cc,LV electricity distribution,transmission,10000,0.99,20,transmission2455,transmission1381
transmission2455_to_transmission1018_heat,#823740,LQ heat distribution,transmission,10000,0.99,20,transmission1018,transmission2455
transmission2455_to_transmission1018_electricity,#3186cc,LV electricity distribution,transmission,10000,0.99,20,transmission1018,transmission2455
transmission1018_to_transmission3192_heat,#823740,LQ heat distribution,transmission,10000,0.99,20,transmission3192,transmission1018
transmission1018_to_transmission3192_electricity,#3186cc,LV electricity distribution,transmission,10000,0.99,20,transmission3192,transmission1018
transmission3192_to_transmission3223_heat,#823740,LQ heat distribution,transmission,10000,0.99,20,transmission3223,transmission3192
transmission3192_to_transmission3223_electricity,#3186cc,LV electricity distribution,transmission,10000,0.99,20,transmission3223,transmission3192
transmission3223_to_transmission2502_heat,#823740,LQ heat distribution,transmission,10000,0.99,20,transmission2502,transmission3223
transmission3223_to_transmission2502_electricity,#3186cc,LV electricity distribution,transmission,10000,0.99,20,transmission2502,transmission3223
transmission2502_to_transmission2790_heat,#823740,LQ heat distribution,transmission,10000,0.99,20,transmission2790,transmission2502
transmission2502_to_transmission2790_electricity,#3186cc,LV electricity distribution,transmission,10000,0.99,20,transmission2790,transmission2502
transmission2790_to_transmission2891_heat,#823740,LQ heat distribution,transmission,10000,0.99,20,transmission2891,transmission2790
transmission2790_to_transmission2891_electricity,#3186cc,LV electricity distribution,transmission,10000,0.99,20,transmission2891,transmission2790
transmission2891_to_transmission2390_heat,#823740,LQ heat distribution,transmission,10000,0.99,20,transmission2390,transmission2891
transmission2891_to_transmission2390_electricity,#3186cc,LV electricity distribution,transmission,10000,0.99,20,transmission2390,transmission2891
transmission2390_to_transmission2842_heat,#823740,LQ heat distribution,transmission,10000,0.99,20,transmission2842,transmission2390
transmission2390_to_transmission2842_electricity,#3186cc,LV electricity distribution,transmission,10000,0.99,20,transmission2842,transmission2390
transmission2842_to_transmission2762_heat,#823740,LQ heat distribution,transmission,10000,0.99,20,transmission2762,transmission2842
transmission2842_to_transmission2762_electricity,#3186cc,LV electricity distribution,transmission,10000,0.99,20,transmission2762,transmission2842
transmission2762_to_transmission951_heat,#823740,LQ heat distribution,transmission,10000,0.99,20,transmission951,transmission2762
transmission2762_to_transmission951_electricity,#3186cc,LV electricity distribution,transmission,10000,0.99,20,transmission951,transmission2762
transmission951_to_transmission3426_heat,#823740,LQ heat distribution,transmission,10000,0.99,20,transmission3426,transmission951
transmission951_to_transmission3426_electricity,#3186cc,LV electricity distribution,transmission,10000,0.99,20,transmission3426,transmission951
transmission3426_to_transmission2252_heat,#823740,LQ heat distribution,transmission,10000,0.99,20,transmission2252,transmission3426
transmission3426_to_transmission2252_electricity,#3186cc,LV electricity distribution,transmission,10000,0.99,20,transmission2252,transmission3426
transmission2252_to_transmission851_heat,#823740,LQ heat distribution,transmission,10000,0.99,20,transmission851,transmission2252
transmission2252_to_transmission851_electricity,#3186cc,LV electricity distribution,transmission,10000,0.99,20,transmission851,transmission2252
transmission851_to_transmission3263_heat,#823740,LQ heat distribution,transmission,10000,0.99,20,transmission3263,transmission851
transmission851_to_transmission3263_electricity,#3186cc,LV electricity distribution,transmission,10000,0.99,20,transmission3263,transmission851
transmission3263_to_transmission811_heat,#823740,LQ heat distribution,transmission,10000,0.99,20,transmission811,transmission3263
transmission3263_to_transmission811_electricity,#3186cc,LV electricity distribution,transmission,10000,0.99,20,transmission811,transmission3263
transmission811_to_transmission1898_heat,#823740,LQ heat distribution,transmission,10000,0.99,20,transmission1898,transmission811
transmission811_to_transmission1898_electricity,#3186cc,LV electricity distribution,transmission,10000,0.99,20,transmission1898,transmission811
transmission1898_to_transmission3314_heat,#823740,LQ heat distribution,transmission,10000,0.99,20,transmission3314,transmission1898
transmission1898_to_transmission3314_electricity,#3186cc,LV electricity distribution,transmission,10000,0.99,20,transmission3314,transmission1898
transmission3314_to_transmission2497_heat,#823740,LQ heat distribution,transmission,10000,0.99,20,transmission2497,transmission3314
transmission3314_to_transmission2497_electricity,#3186cc,LV electricity distribution,transmission,10000,0.99,20,transmission2497,transmission3314
transmission2497_to_transmission2396_heat,#823740,LQ heat distribution,transmission,10000,0.99,20,transmission2396,transmission2497
transmission2497_to_transmission2396_electricity,#3186cc,LV electricity distribution,transmission,10000,0.99,20,transmission2396,transmission2497
transmission2396_to_transmission3240_heat,#823740,LQ heat distribution,transmission,10000,0.99,20,transmission3240,transmission2396
transmission2396_to_transmission3240_electricity,#3186cc,LV electricity distribution,transmission,10000,0.99,20,transmission3240,transmission2396
transmission3240_to_transmission2491_heat,#823740,LQ heat distribution,transmission,10000,0.99,20,transmission2491,transmission3240
transmission3240_to_transmission2491_electricity,#3186cc,LV electricity distribution,transmission,10000,0.99,20,transmission2491,transmission3240
transmission2491_to_transmission2473_heat,#823740,LQ heat distribution,transmission,10000,0.99,20,transmission2473,transmission2491
transmission2491_to_transmission2473_electricity,#3186cc,LV electricity distribution,transmission,10000,0.99,20,transmission2473,transmission2491
transmission2473_to_transmission3158_heat,#823740,LQ heat distribution,transmission,10000,0.99,20,transmission3158,transmission2473
transmission2473_to_transmission3158_electricity,#3186cc,LV electricity distribution,transmission,10000,0.99,20,transmission3158,transmission2473
transmission3158_to_transmission3431_heat,#823740,LQ heat distribution,transmission,10000,0.99,20,transmission3431,transmission3158
transmission3158_to_transmission3431_electricity,#3186cc,LV electricity distribution,transmission,10000,0.99,20,transmission3431,transmission3158
transmission3431_to_transmission3417_heat,#823740,LQ heat distribution,transmission,10000,0.99,20,transmission3417,transmission3431
transmission3431_to_transmission3417_electricity,#3186cc,LV electricity distribution,transmission,10000,0.99,20,transmission3417,transmission3431
transmission3417_to_transmission1786_heat,#823740,LQ heat distribution,transmission,10000,0.99,20,transmission1786,transmission3417
transmission3417_to_transmission1786_electricity,#3186cc,LV electricity distribution,transmission,10000,0.99,20,transmission1786,transmission3417
transmission1786_to_transmission1095_heat,#823740,LQ heat distribution,transmission,10000,0.99,20,transmission1095,transmission1786
transmission1786_to_transmission1095_electricity,#3186cc,LV electricity distribution,transmission,10000,0.99,20,transmission1095,transmission1786
transmission1095_to_transmission1458_heat,#823740,LQ heat distribution,transmission,10000,0.99,20,transmission1458,transmission1095
transmission1095_to_transmission1458_electricity,#3186cc,LV electricity distribution,transmission,10000,0.99,20,transmission1458,transmission1095
transmission1458_to_transmission1039_heat,#823740,LQ heat distribution,transmission,10000,0.99,20,transmission1039,transmission1458
transmission1458_to_transmission1039_electricity,#3186cc,LV electricity distribution,transmission,10000,0.99,20,transmission1039,transmission1458
transmission1039_to_transmission1467_heat,#823740,LQ heat distribution,transmission,10000,0.99,20,transmission1467,transmission1039
transmission1039_to_transmission1467_electricity,#3186cc,LV electricity distribution,transmission,10000,0.99,20,transmission1467,transmission1039
transmission1467_to_transmission1486_heat,#823740,LQ heat distribution,transmission,10000,0.99,20,transmission1486,transmission1467
transmission1467_to_transmission1486_electricity,#3186cc,LV electricity distribution,transmission,10000,0.99,20,transmission1486,transmission1467
transmission1486_to_transmission1072_heat,#823740,LQ heat distribution,transmission,10000,0.99,20,transmission1072,transmission1486
transmission1486_to_transmission1072_electricity,#3186cc,LV electricity distribution,transmission,10000,0.99,20,transmission1072,transmission1486
transmission1072_to_transmission1052_heat,#823740,LQ heat distribution,transmission,10000,0.99,20,transmission1052,transmission1072
transmission1072_to_transmission1052_electricity,#3186cc,LV electricity distribution,transmission,10000,0.99,20,transmission1052,transmission1072
transmission1052_to_transmission1484_heat,#823740,LQ heat distribution,transmission,10000,0.99,20,transmission1484,transmission1052
transmission1052_to_transmission1484_electricity,#3186cc,LV electricity distribution,transmission,10000,0.99,20,transmission1484,transmission1052
transmission1484_to_transmission1071_heat,#823740,LQ heat distribution,transmission,10000,0.99,20,transmission1071,transmission1484
transmission1484_to_transmission1071_electricity,#3186cc,LV electricity distribution,transmission,10000,0.99,20,transmission1071,transmission1484
transmission1071_to_transmission3049_heat,#823740,LQ heat distribution,transmission,10000,0.99,20,transmission3049,transmission1071
transmission1071_to_transmission3049_electricity,#3186cc,LV electricity distribution,transmission,10000,0.99,20,transmission3049,transmission1071
transmission3049_to_transmission1520_heat,#823740,LQ heat distribution,transmission,10000,0.99,20,transmission1520,transmission3049
transmission3049_to_transmission1520_electricity,#3186cc,LV electricity distribution,transmission,10000,0.99,20,transmission1520,transmission3049
transmission1520_to_transmission3068_heat,#823740,LQ heat distribution,transmission,10000,0.99,20,transmission3068,transmission1520
transmission1520_to_transmission3068_electricity,#3186cc,LV electricity distribution,transmission,10000,0.99,20,transmission3068,transmission1520
transmission3068_to_transmission3170_heat,#823740,LQ heat distribution,transmission,10000,0.99,20,transmission3170,transmission3068
transmission3068_to_transmission3170_electricity,#3186cc,LV electricity distribution,transmission,10000,0.99,20,transmission3170,transmission3068
transmission3170_to_transmission2242_heat,#823740,LQ heat distribution,transmission,10000,0.99,20,transmission2242,transmission3170
transmission3170_to_transmission2242_electricity,#3186cc,LV electricity distribution,transmission,10000,0.99,20,transmission2242,transmission3170
transmission2242_to_transmission922_heat,#823740,LQ heat distribution,transmission,10000,0.99,20,transmission922,transmission2242
transmission2242_to_transmission922_electricity,#3186cc,LV electricity distribution,transmission,10000,0.99,20,transmission922,transmission2242
transmission922_to_transmission1397_heat,#823740,LQ heat distribution,transmission,10000,0.99,20,transmission1397,transmission922
transmission922_to_transmission1397_electricity,#3186cc,LV electricity distribution,transmission,10000,0.99,20,transmission1397,transmission922
transmission1397_to_transmission520_heat,#823740,LQ heat distribution,transmission,10000,0.99,20,transmission520,transmission1397
transmission1397_to_transmission520_electricity,#3186cc,LV electricity distribution,transmission,10000,0.99,20,transmission520,transmission1397
transmission520_to_transmission3357_heat,#823740,LQ heat distribution,transmission,10000,0.99,20,transmission3357,transmission520
transmission520_to_transmission3357_electricity,#3186cc,LV electricity distribution,transmission,10000,0.99,20,transmission3357,transmission520
transmission3357_to_transmission1584_heat,#823740,LQ heat distribution,transmission,10000,0.99,20,transmission1584,transmission3357
transmission3357_to_transmission1584_electricity,#3186cc,LV electricity distribution,transmission,10000,0.99,20,transmission1584,transmission3357
transmission1584_to_transmission2950_heat,#823740,LQ heat distribution,transmission,10000,0.99,20,transmission2950,transmission1584
transmission1584_to_transmission2950_electricity,#3186cc,LV electricity distribution,transmission,10000,0.99,20,transmission2950,transmission1584
transmission2950_to_transmission2128_heat,#823740,LQ heat distribution,transmission,10000,0.99,20,transmission2128,transmission2950
transmission2950_to_transmission2128_electricity,#3186cc,LV electricity distribution,transmission,10000,0.99,20,transmission2128,transmission2950
transmission2128_to_transmission585_heat,#823740,LQ heat distribution,transmission,10000,0.99,20,transmission585,transmission2128
transmission2128_to_transmission585_electricity,#3186cc,LV electricity distribution,transmission,10000,0.99,20,transmission585,transmission2128
transmission585_to_transmission3413_heat,#823740,LQ heat distribution,transmission,10000,0.99,20,transmission3413,transmission585
transmission585_to_transmission3413_electricity,#3186cc,LV electricity distribution,transmission,10000,0.99,20,transmission3413,transmission585
transmission3413_to_transmission1657_heat,#823740,LQ heat distribution,transmission,10000,0.99,20,transmission1657,transmission3413
transmission3413_to_transmission1657_electricity,#3186cc,LV electricity distribution,transmission,10000,0.99,20,transmission1657,transmission3413
transmission1657_to_transmission3031_heat,#823740,LQ heat distribution,transmission,10000,0.99,20,transmission3031,transmission1657
transmission1657_to_transmission3031_electricity,#3186cc,LV electricity distribution,transmission,10000,0.99,20,transmission3031,transmission1657
transmission2181_to_transmission2637_heat,#823740,LQ heat distribution,transmission,10000,0.99,20,transmission2637,transmission2181
transmission2181_to_transmission2637_electricity,#3186cc,LV electricity distribution,transmission,10000,0.99,20,transmission2637,transmission2181
transmission2637_to_transmission588_heat,#823740,LQ heat distribution,transmission,10000,0.99,20,transmission588,transmission2637
transmission2637_to_transmission588_electricity,#3186cc,LV electricity distribution,transmission,10000,0.99,20,transmission588,transmission2637
transmission588_to_transmission1988_heat,#823740,LQ heat distribution,transmission,10000,0.99,20,transmission1988,transmission588
transmission588_to_transmission1988_electricity,#3186cc,LV electricity distribution,transmission,10000,0.99,20,transmission1988,transmission588
transmission1988_to_transmission2481_heat,#823740,LQ heat distribution,transmission,10000,0.99,20,transmission2481,transmission1988
transmission1988_to_transmission2481_electricity,#3186cc,LV electricity distribution,transmission,10000,0.99,20,transmission2481,transmission1988
transmission2481_to_transmission1906_heat,#823740,LQ heat distribution,transmission,10000,0.99,20,transmission1906,transmission2481
transmission2481_to_transmission1906_electricity,#3186cc,LV electricity distribution,transmission,10000,0.99,20,transmission1906,transmission2481
transmission1906_to_transmission531_heat,#823740,LQ heat distribution,transmission,10000,0.99,20,transmission531,transmission1906
transmission1906_to_transmission531_electricity,#3186cc,LV electricity distribution,transmission,10000,0.99,20,transmission531,transmission1906
transmission531_to_transmission1876_heat,#823740,LQ heat distribution,transmission,10000,0.99,20,transmission1876,transmission531
transmission531_to_transmission1876_electricity,#3186cc,LV electricity distribution,transmission,10000,0.99,20,transmission1876,transmission531
transmission1876_to_transmission1505_heat,#823740,LQ heat distribution,transmission,10000,0.99,20,transmission1505,transmission1876
transmission1876_to_transmission1505_electricity,#3186cc,LV electricity distribution,transmission,10000,0.99,20,transmission1505,transmission1876
transmission1505_to_transmission3099_heat,#823740,LQ heat distribution,transmission,10000,0.99,20,transmission3099,transmission1505
transmission1505_to_transmission3099_electricity,#3186cc,LV electricity distribution,transmission,10000,0.99,20,transmission3099,transmission1505
transmission3099_to_transmission1472_heat,#823740,LQ heat distribution,transmission,10000,0.99,20,transmission1472,transmission3099
transmission3099_to_transmission1472_electricity,#3186cc,LV electricity distribution,transmission,10000,0.99,20,transmission1472,transmission3099
transmission1472_to_transmission2546_heat,#823740,LQ heat distribution,transmission,10000,0.99,20,transmission2546,transmission1472
transmission1472_to_transmission2546_electricity,#3186cc,LV electricity distribution,transmission,10000,0.99,20,transmission2546,transmission1472
transmission2546_to_transmission875_heat,#823740,LQ heat distribution,transmission,10000,0.99,20,transmission875,transmission2546
transmission2546_to_transmission875_electricity,#3186cc,LV electricity distribution,transmission,10000,0.99,20,transmission875,transmission2546
transmission875_to_transmission2512_heat,#823740,LQ heat distribution,transmission,10000,0.99,20,transmission2512,transmission875
transmission875_to_transmission2512_electricity,#3186cc,LV electricity distribution,transmission,10000,0.99,20,transmission2512,transmission875
transmission2512_to_transmission1900_heat,#823740,LQ heat distribution,transmission,10000,0.99,20,transmission1900,transmission2512
transmission2512_to_transmission1900_electricity,#3186cc,LV electricity distribution,transmission,10000,0.99,20,transmission1900,transmission2512
transmission1900_to_transmission1899_heat,#823740,LQ heat distribution,transmission,10000,0.99,20,transmission1899,transmission1900
transmission1900_to_transmission1899_electricity,#3186cc,LV electricity distribution,transmission,10000,0.99,20,transmission1899,transmission1900
transmission1899_to_transmission2289_heat,#823740,LQ heat distribution,transmission,10000,0.99,20,transmission2289,transmission1899
transmission1899_to_transmission2289_electricity,#3186cc,LV electricity distribution,transmission,10000,0.99,20,transmission2289,transmission1899
transmission2289_to_transmission2702_heat,#823740,LQ heat distribution,transmission,10000,0.99,20,transmission2702,transmission2289
transmission2289_to_transmission2702_electricity,#3186cc,LV electricity distribution,transmission,10000,0.99,20,transmission2702,transmission2289
transmission2702_to_transmission3358_heat,#823740,LQ heat distribution,transmission,10000,0.99,20,transmission3358,transmission2702
transmission2702_to_transmission3358_electricity,#3186cc,LV electricity distribution,transmission,10000,0.99,20,transmission3358,transmission2702
transmission3358_to_transmission1116_heat,#823740,LQ heat distribution,transmission,10000,0.99,20,transmission1116,transmission3358
transmission3358_to_transmission1116_electricity,#3186cc,LV electricity distribution,transmission,10000,0.99,20,transmission1116,transmission3358
transmission1116_to_transmission3325_heat,#823740,LQ heat distribution,transmission,10000,0.99,20,transmission3325,transmission1116
transmission1116_to_transmission3325_electricity,#3186cc,LV electricity distribution,transmission,10000,0.99,20,transmission3325,transmission1116
transmission3325_to_transmission1234_heat,#823740,LQ heat distribution,transmission,10000,0.99,20,transmission1234,transmission3325
transmission3325_to_transmission1234_electricity,#3186cc,LV electricity distribution,transmission,10000,0.99,20,transmission1234,transmission3325
transmission1234_to_transmission1886_heat,#823740,LQ heat distribution,transmission,10000,0.99,20,transmission1886,transmission1234
transmission1234_to_transmission1886_electricity,#3186cc,LV electricity distribution,transmission,10000,0.99,20,transmission1886,transmission1234
transmission1886_to_transmission1487_heat,#823740,LQ heat distribution,transmission,10000,0.99,20,transmission1487,transmission1886
transmission1886_to_transmission1487_electricity,#3186cc,LV electricity distribution,transmission,10000,0.99,20,transmission1487,transmission1886
transmission1487_to_transmission2231_heat,#823740,LQ heat distribution,transmission,10000,0.99,20,transmission2231,transmission1487
transmission1487_to_transmission2231_electricity,#3186cc,LV electricity distribution,transmission,10000,0.99,20,transmission2231,transmission1487
transmission2231_to_transmission1147_heat,#823740,LQ heat distribution,transmission,10000,0.99,20,transmission1147,transmission2231
transmission2231_to_transmission1147_electricity,#3186cc,LV electricity distribution,transmission,10000,0.99,20,transmission1147,transmission2231
transmission1147_to_transmission2254_heat,#823740,LQ heat distribution,transmission,10000,0.99,20,transmission2254,transmission1147
transmission1147_to_transmission2254_electricity,#3186cc,LV electricity distribution,transmission,10000,0.99,20,transmission2254,transmission1147
transmission2254_to_transmission3022_heat,#823740,LQ heat distribution,transmission,10000,0.99,20,transmission3022,transmission2254
transmission2254_to_transmission3022_electricity,#3186cc,LV electricity distribution,transmission,10000,0.99,20,transmission3022,transmission2254
transmission3022_to_transmission1172_heat,#823740,LQ heat distribution,transmission,10000,0.99,20,transmission1172,transmission3022
transmission3022_to_transmission1172_electricity,#3186cc,LV electricity distribution,transmission,10000,0.99,20,transmission1172,transmission3022
transmission1172_to_transmission1230_heat,#823740,LQ heat distribution,transmission,10000,0.99,20,transmission1230,transmission1172
transmission1172_to_transmission1230_electricity,#3186cc,LV electricity distribution,transmission,10000,0.99,20,transmission1230,transmission1172
transmission1230_to_transmission1332_heat,#823740,LQ heat distribution,transmission,10000,0.99,20,transmission1332,transmission1230
transmission1230_to_transmission1332_electricity,#3186cc,LV electricity distribution,transmission,10000,0.99,20,transmission1332,transmission1230
transmission1332_to_transmission995_heat,#823740,LQ heat distribution,transmission,10000,0.99,20,transmission995,transmission1332
transmission1332_to_transmission995_electricity,#3186cc,LV electricity distribution,transmission,10000,0.99,20,transmission995,transmission1332
transmission995_to_transmission2432_heat,#823740,LQ heat distribution,transmission,10000,0.99,20,transmission2432,transmission995
transmission995_to_transmission2432_electricity,#3186cc,LV electricity distribution,transmission,10000,0.99,20,transmission2432,transmission995
transmission2432_to_transmission2535_heat,#823740,LQ heat distribution,transmission,10000,0.99,20,transmission2535,transmission2432
transmission2432_to_transmission2535_electricity,#3186cc,LV electricity distribution,transmission,10000,0.99,20,transmission2535,transmission2432
transmission2535_to_transmission2313_heat,#823740,LQ heat distribution,transmission,10000,0.99,20,transmission2313,transmission2535
transmission2535_to_transmission2313_electricity,#3186cc,LV electricity distribution,transmission,10000,0.99,20,transmission2313,transmission2535
transmission2313_to_transmission2140_heat,#823740,LQ heat distribution,transmission,10000,0.99,20,transmission2140,transmission2313
transmission2313_to_transmission2140_electricity,#3186cc,LV electricity distribution,transmission,10000,0.99,20,transmission2140,transmission2313
transmission2140_to_transmission2469_heat,#823740,LQ heat distribution,transmission,10000,0.99,20,transmission2469,transmission2140
transmission2140_to_transmission2469_electricity,#3186cc,LV electricity distribution,transmission,10000,0.99,20,transmission2469,transmission2140
transmission2469_to_transmission2570_heat,#823740,LQ heat distribution,transmission,10000,0.99,20,transmission2570,transmission2469
transmission2469_to_transmission2570_electricity,#3186cc,LV electricity distribution,transmission,10000,0.99,20,transmission2570,transmission2469
transmission2570_to_transmission3298_heat,#823740,LQ heat distribution,transmission,10000,0.99,20,transmission3298,transmission2570
transmission2570_to_transmission3298_electricity,#3186cc,LV electricity distribution,transmission,10000,0.99,20,transmission3298,transmission2570
transmission3298_to_transmission3347_heat,#823740,LQ heat distribution,transmission,10000,0.99,20,transmission3347,transmission3298
transmission3298_to_transmission3347_electricity,#3186cc,LV electricity distribution,transmission,10000,0.99,20,transmission3347,transmission3298
transmission3347_to_transmission1068_heat,#823740,LQ heat distribution,transmission,10000,0.99,20,transmission1068,transmission3347
transmission3347_to_transmission1068_electricity,#3186cc,LV electricity distribution,transmission,10000,0.99,20,transmission1068,transmission3347
transmission1068_to_transmission2740_heat,#823740,LQ heat distribution,transmission,10000,0.99,20,transmission2740,transmission1068
transmission1068_to_transmission2740_electricity,#3186cc,LV electricity distribution,transmission,10000,0.99,20,transmission2740,transmission1068
transmission2740_to_transmission1398_heat,#823740,LQ heat distribution,transmission,10000,0.99,20,transmission1398,transmission2740
transmission2740_to_transmission1398_electricity,#3186cc,LV electricity distribution,transmission,10000,0.99,20,transmission1398,transmission2740
transmission1398_to_transmission2105_heat,#823740,LQ heat distribution,transmission,10000,0.99,20,transmission2105,transmission1398
transmission1398_to_transmission2105_electricity,#3186cc,LV electricity distribution,transmission,10000,0.99,20,transmission2105,transmission1398
transmission2105_to_transmission754_heat,#823740,LQ heat distribution,transmission,10000,0.99,20,transmission754,transmission2105
transmission2105_to_transmission754_electricity,#3186cc,LV electricity distribution,transmission,10000,0.99,20,transmission754,transmission2105
transmission754_to_transmission818_heat,#823740,LQ heat distribution,transmission,10000,0.99,20,transmission818,transmission754
transmission754_to_transmission818_electricity,#3186cc,LV electricity distribution,transmission,10000,0.99,20,transmission818,transmission754
transmission2874_to_transmission918_heat,#823740,LQ heat distribution,transmission,10000,0.99,20,transmission918,transmission2874
transmission2874_to_transmission918_electricity,#3186cc,LV electricity distribution,transmission,10000,0.99,20,transmission918,transmission2874
transmission918_to_transmission1609_heat,#823740,LQ heat distribution,transmission,10000,0.99,20,transmission1609,transmission918
transmission918_to_transmission1609_electricity,#3186cc,LV electricity distribution,transmission,10000,0.99,20,transmission1609,transmission918
transmission1609_to_transmission1985_heat,#823740,LQ heat distribution,transmission,10000,0.99,20,transmission1985,transmission1609
transmission1609_to_transmission1985_electricity,#3186cc,LV electricity distribution,transmission,10000,0.99,20,transmission1985,transmission1609
transmission1985_to_transmission1079_heat,#823740,LQ heat distribution,transmission,10000,0.99,20,transmission1079,transmission1985
transmission1985_to_transmission1079_electricity,#3186cc,LV electricity distribution,transmission,10000,0.99,20,transmission1079,transmission1985
transmission1079_to_transmission787_heat,#823740,LQ heat distribution,transmission,10000,0.99,20,transmission787,transmission1079
transmission1079_to_transmission787_electricity,#3186cc,LV electricity distribution,transmission,10000,0.99,20,transmission787,transmission1079
transmission787_to_transmission829_heat,#823740,LQ heat distribution,transmission,10000,0.99,20,transmission829,transmission787
transmission787_to_transmission829_electricity,#3186cc,LV electricity distribution,transmission,10000,0.99,20,transmission829,transmission787
transmission829_to_transmission930_heat,#823740,LQ heat distribution,transmission,10000,0.99,20,transmission930,transmission829
transmission829_to_transmission930_electricity,#3186cc,LV electricity distribution,transmission,10000,0.99,20,transmission930,transmission829
transmission930_to_transmission2496_heat,#823740,LQ heat distribution,transmission,10000,0.99,20,transmission2496,transmission930
transmission930_to_transmission2496_electricity,#3186cc,LV electricity distribution,transmission,10000,0.99,20,transmission2496,transmission930
transmission2496_to_transmission1270_heat,#823740,LQ heat distribution,transmission,10000,0.99,20,transmission1270,transmission2496
transmission2496_to_transmission1270_electricity,#3186cc,LV electricity distribution,transmission,10000,0.99,20,transmission1270,transmission2496
transmission1270_to_transmission1323_heat,#823740,LQ heat distribution,transmission,10000,0.99,20,transmission1323,transmission1270
transmission1270_to_transmission1323_electricity,#3186cc,LV electricity distribution,transmission,10000,0.99,20,transmission1323,transmission1270
transmission1323_to_transmission764_heat,#823740,LQ heat distribution,transmission,10000,0.99,20,transmission764,transmission1323
transmission1323_to_transmission764_electricity,#3186cc,LV electricity distribution,transmission,10000,0.99,20,transmission764,transmission1323
transmission764_to_transmission818_heat,#823740,LQ heat distribution,transmission,10000,0.99,20,transmission818,transmission764
transmission764_to_transmission818_electricity,#3186cc,LV electricity distribution,transmission,10000,0.99,20,transmission818,transmission764
transmission818_to_transmission2294_heat,#823740,LQ heat distribution,transmission,10000,0.99,20,transmission2294,transmission818
transmission818_to_transmission2294_electricity,#3186cc,LV electricity distribution,transmission,10000,0.99,20,transmission2294,transmission818
transmission2294_to_transmission2398_heat,#823740,LQ heat distribution,transmission,10000,0.99,20,transmission2398,transmission2294
transmission2294_to_transmission2398_electricity,#3186cc,LV electricity distribution,transmission,10000,0.99,20,transmission2398,transmission2294
transmission2398_to_transmission966_heat,#823740,LQ heat distribution,transmission,10000,0.99,20,transmission966,transmission2398
transmission2398_to_transmission966_electricity,#3186cc,LV electricity distribution,transmission,10000,0.99,20,transmission966,transmission2398
transmission966_to_transmission1889_heat,#823740,LQ heat distribution,transmission,10000,0.99,20,transmission1889,transmission966
transmission966_to_transmission1889_electricity,#3186cc,LV electricity distribution,transmission,10000,0.99,20,transmission1889,transmission966
transmission1889_to_transmission3367_heat,#823740,LQ heat distribution,transmission,10000,0.99,20,transmission3367,transmission1889
transmission1889_to_transmission3367_electricity,#3186cc,LV electricity distribution,transmission,10000,0.99,20,transmission3367,transmission1889
transmission3367_to_transmission2533_heat,#823740,LQ heat distribution,transmission,10000,0.99,20,transmission2533,transmission3367
transmission3367_to_transmission2533_electricity,#3186cc,LV electricity distribution,transmission,10000,0.99,20,transmission2533,transmission3367
transmission2533_to_transmission1088_heat,#823740,LQ heat distribution,transmission,10000,0.99,20,transmission1088,transmission2533
transmission2533_to_transmission1088_electricity,#3186cc,LV electricity distribution,transmission,10000,0.99,20,transmission1088,transmission2533
transmission1088_to_transmission1901_heat,#823740,LQ heat distribution,transmission,10000,0.99,20,transmission1901,transmission1088
transmission1088_to_transmission1901_electricity,#3186cc,LV electricity distribution,transmission,10000,0.99,20,transmission1901,transmission1088
transmission1901_to_transmission3340_heat,#823740,LQ heat distribution,transmission,10000,0.99,20,transmission3340,transmission1901
transmission1901_to_transmission3340_electricity,#3186cc,LV electricity distribution,transmission,10000,0.99,20,transmission3340,transmission1901
transmission3340_to_transmission1994_heat,#823740,LQ heat distribution,transmission,10000,0.99,20,transmission1994,transmission3340
transmission3340_to_transmission1994_electricity,#3186cc,LV electricity distribution,transmission,10000,0.99,20,transmission1994,transmission3340
transmission1994_to_transmission1393_heat,#823740,LQ heat distribution,transmission,10000,0.99,20,transmission1393,transmission1994
transmission1994_to_transmission1393_electricity,#3186cc,LV electricity distribution,transmission,10000,0.99,20,transmission1393,transmission1994
transmission1393_to_transmission2346_heat,#823740,LQ heat distribution,transmission,10000,0.99,20,transmission2346,transmission1393
transmission1393_to_transmission2346_electricity,#3186cc,LV electricity distribution,transmission,10000,0.99,20,transmission2346,transmission1393
transmission2346_to_transmission668_heat,#823740,LQ heat distribution,transmission,10000,0.99,20,transmission668,transmission2346
transmission2346_to_transmission668_electricity,#3186cc,LV electricity distribution,transmission,10000,0.99,20,transmission668,transmission2346
transmission668_to_transmission2869_heat,#823740,LQ heat distribution,transmission,10000,0.99,20,transmission2869,transmission668
transmission668_to_transmission2869_electricity,#3186cc,LV electricity distribution,transmission,10000,0.99,20,transmission2869,transmission668
transmission2869_to_transmission1809_heat,#823740,LQ heat distribution,transmission,10000,0.99,20,transmission1809,transmission2869
transmission2869_to_transmission1809_electricity,#3186cc,LV electricity distribution,transmission,10000,0.99,20,transmission1809,transmission2869
transmission1809_to_transmission1977_heat,#823740,LQ heat distribution,transmission,10000,0.99,20,transmission1977,transmission1809
transmission1809_to_transmission1977_electricity,#3186cc,LV electricity distribution,transmission,10000,0.99,20,transmission1977,transmission1809
transmission1977_to_transmission1882_heat,#823740,LQ heat distribution,transmission,10000,0.99,20,transmission1882,transmission1977
transmission1977_to_transmission1882_electricity,#3186cc,LV electricity distribution,transmission,10000,0.99,20,transmission1882,transmission1977
transmission1882_to_transmission3344_heat,#823740,LQ heat distribution,transmission,10000,0.99,20,transmission3344,transmission1882
transmission1882_to_transmission3344_electricity,#3186cc,LV electricity distribution,transmission,10000,0.99,20,transmission3344,transmission1882
transmission3344_to_transmission883_heat,#823740,LQ heat distribution,transmission,10000,0.99,20,transmission883,transmission3344
transmission3344_to_transmission883_electricity,#3186cc,LV electricity distribution,transmission,10000,0.99,20,transmission883,transmission3344
transmission883_to_transmission1694_heat,#823740,LQ heat distribution,transmission,10000,0.99,20,transmission1694,transmission883
transmission883_to_transmission1694_electricity,#3186cc,LV electricity distribution,transmission,10000,0.99,20,transmission1694,transmission883
transmission1694_to_transmission3162_heat,#823740,LQ heat distribution,transmission,10000,0.99,20,transmission3162,transmission1694
transmission1694_to_transmission3162_electricity,#3186cc,LV electricity distribution,transmission,10000,0.99,20,transmission3162,transmission1694
transmission3162_to_transmission2805_heat,#823740,LQ heat distribution,transmission,10000,0.99,20,transmission2805,transmission3162
transmission3162_to_transmission2805_electricity,#3186cc,LV electricity distribution,transmission,10000,0.99,20,transmission2805,transmission3162
transmission2805_to_transmission1010_heat,#823740,LQ heat distribution,transmission,10000,0.99,20,transmission1010,transmission2805
transmission2805_to_transmission1010_electricity,#3186cc,LV electricity distribution,transmission,10000,0.99,20,transmission1010,transmission2805
transmission1010_to_transmission1902_heat,#823740,LQ heat distribution,transmission,10000,0.99,20,transmission1902,transmission1010
transmission1010_to_transmission1902_electricity,#3186cc,LV electricity distribution,transmission,10000,0.99,20,transmission1902,transmission1010
transmission1902_to_transmission1736_heat,#823740,LQ heat distribution,transmission,10000,0.99,20,transmission1736,transmission1902
transmission1902_to_transmission1736_electricity,#3186cc,LV electricity distribution,transmission,10000,0.99,20,transmission1736,transmission1902
transmission1736_to_transmission3331_heat,#823740,LQ heat distribution,transmission,10000,0.99,20,transmission3331,transmission1736
transmission1736_to_transmission3331_electricity,#3186cc,LV electricity distribution,transmission,10000,0.99,20,transmission3331,transmission1736
transmission3331_to_transmission626_heat,#823740,LQ heat distribution,transmission,10000,0.99,20,transmission626,transmission3331
transmission3331_to_transmission626_electricity,#3186cc,LV electricity distribution,transmission,10000,0.99,20,transmission626,transmission3331
transmission626_to_transmission2306_heat,#823740,LQ heat distribution,transmission,10000,0.99,20,transmission2306,transmission626
transmission626_to_transmission2306_electricity,#3186cc,LV electricity distribution,transmission,10000,0.99,20,transmission2306,transmission626
transmission2306_to_transmission1865_heat,#823740,LQ heat distribution,transmission,10000,0.99,20,transmission1865,transmission2306
transmission2306_to_transmission1865_electricity,#3186cc,LV electricity distribution,transmission,10000,0.99,20,transmission1865,transmission2306
transmission1865_to_transmission2438_heat,#823740,LQ heat distribution,transmission,10000,0.99,20,transmission2438,transmission1865
transmission1865_to_transmission2438_electricity,#3186cc,LV electricity distribution,transmission,10000,0.99,20,transmission2438,transmission1865
transmission2438_to_transmission3058_heat,#823740,LQ heat distribution,transmission,10000,0.99,20,transmission3058,transmission2438
transmission2438_to_transmission3058_electricity,#3186cc,LV electricity distribution,transmission,10000,0.99,20,transmission3058,transmission2438
transmission3058_to_transmission1416_heat,#823740,LQ heat distribution,transmission,10000,0.99,20,transmission1416,transmission3058
transmission3058_to_transmission1416_electricity,#3186cc,LV electricity distribution,transmission,10000,0.99,20,transmission1416,transmission3058
transmission1416_to_transmission1645_heat,#823740,LQ heat distribution,transmission,10000,0.99,20,transmission1645,transmission1416
transmission1416_to_transmission1645_electricity,#3186cc,LV electricity distribution,transmission,10000,0.99,20,transmission1645,transmission1416
transmission1645_to_transmission3243_heat,#823740,LQ heat distribution,transmission,10000,0.99,20,transmission3243,transmission1645
transmission1645_to_transmission3243_electricity,#3186cc,LV electricity distribution,transmission,10000,0.99,20,transmission3243,transmission1645
transmission3243_to_transmission1329_heat,#823740,LQ heat distribution,transmission,10000,0.99,20,transmission1329,transmission3243
transmission3243_to_transmission1329_electricity,#3186cc,LV electricity distribution,transmission,10000,0.99,20,transmission1329,transmission3243
transmission1329_to_transmission2234_heat,#823740,LQ heat distribution,transmission,10000,0.99,20,transmission2234,transmission1329
transmission1329_to_transmission2234_electricity,#3186cc,LV electricity distribution,transmission,10000,0.99,20,transmission2234,transmission1329
transmission2234_to_transmission1942_heat,#823740,LQ heat distribution,transmission,10000,0.99,20,transmission1942,transmission2234
transmission2234_to_transmission1942_electricity,#3186cc,LV electricity distribution,transmission,10000,0.99,20,transmission1942,transmission2234
transmission1942_to_transmission1349_heat,#823740,LQ heat distribution,transmission,10000,0.99,20,transmission1349,transmission1942
transmission1942_to_transmission1349_electricity,#3186cc,LV electricity distribution,transmission,10000,0.99,20,transmission1349,transmission1942
transmission1349_to_transmission1051_heat,#823740,LQ heat distribution,transmission,10000,0.99,20,transmission1051,transmission1349
transmission1349_to_transmission1051_electricity,#3186cc,LV electricity distribution,transmission,10000,0.99,20,transmission1051,transmission1349
transmission1051_to_transmission1959_heat,#823740,LQ heat distribution,transmission,10000,0.99,20,transmission1959,transmission1051
transmission1051_to_transmission1959_electricity,#3186cc,LV electricity distribution,transmission,10000,0.99,20,transmission1959,transmission1051
transmission1959_to_transmission998_heat,#823740,LQ heat distribution,transmission,10000,0.99,20,transmission998,transmission1959
transmission1959_to_transmission998_electricity,#3186cc,LV electricity distribution,transmission,10000,0.99,20,transmission998,transmission1959
transmission998_to_transmission2682_heat,#823740,LQ heat distribution,transmission,10000,0.99,20,transmission2682,transmission998
transmission998_to_transmission2682_electricity,#3186cc,LV electricity distribution,transmission,10000,0.99,20,transmission2682,transmission998
transmission2682_to_transmission3015_heat,#823740,LQ heat distribution,transmission,10000,0.99,20,transmission3015,transmission2682
transmission2682_to_transmission3015_electricity,#3186cc,LV electricity distribution,transmission,10000,0.99,20,transmission3015,transmission2682
transmission3015_to_transmission3273_heat,#823740,LQ heat distribution,transmission,10000,0.99,20,transmission3273,transmission3015
transmission3015_to_transmission3273_electricity,#3186cc,LV electricity distribution,transmission,10000,0.99,20,transmission3273,transmission3015
transmission3273_to_transmission1432_heat,#823740,LQ heat distribution,transmission,10000,0.99,20,transmission1432,transmission3273
transmission3273_to_transmission1432_electricity,#3186cc,LV electricity distribution,transmission,10000,0.99,20,transmission1432,transmission3273
transmission1432_to_transmission821_heat,#823740,LQ heat distribution,transmission,10000,0.99,20,transmission821,transmission1432
transmission1432_to_transmission821_electricity,#3186cc,LV electricity distribution,transmission,10000,0.99,20,transmission821,transmission1432
transmission821_to_transmission1078_heat,#823740,LQ heat distribution,transmission,10000,0.99,20,transmission1078,transmission821
transmission821_to_transmission1078_electricity,#3186cc,LV electricity distribution,transmission,10000,0.99,20,transmission1078,transmission821
transmission1078_to_transmission3368_heat,#823740,LQ heat distribution,transmission,10000,0.99,20,transmission3368,transmission1078
transmission1078_to_transmission3368_electricity,#3186cc,LV electricity distribution,transmission,10000,0.99,20,transmission3368,transmission1078
transmission3368_to_transmission2796_heat,#823740,LQ heat distribution,transmission,10000,0.99,20,transmission2796,transmission3368
transmission3368_to_transmission2796_electricity,#3186cc,LV electricity distribution,transmission,10000,0.99,20,transmission2796,transmission3368
transmission2796_to_transmission2526_heat,#823740,LQ heat distribution,transmission,10000,0.99,20,transmission2526,transmission2796
transmission2796_to_transmission2526_electricity,#3186cc,LV electricity distribution,transmission,10000,0.99,20,transmission2526,transmission2796
transmission2106_to_transmission2586_heat,#823740,LQ heat distribution,transmission,10000,0.99,20,transmission2586,transmission2106
transmission2106_to_transmission2586_electricity,#3186cc,LV electricity distribution,transmission,10000,0.99,20,transmission2586,transmission2106
transmission2586_to_transmission1499_heat,#823740,LQ heat distribution,transmission,10000,0.99,20,transmission1499,transmission2586
transmission2586_to_transmission1499_electricity,#3186cc,LV electricity distribution,transmission,10000,0.99,20,transmission1499,transmission2586
transmission1499_to_transmission2353_heat,#823740,LQ heat distribution,transmission,10000,0.99,20,transmission2353,transmission1499
transmission1499_to_transmission2353_electricity,#3186cc,LV electricity distribution,transmission,10000,0.99,20,transmission2353,transmission1499
transmission2353_to_transmission2988_heat,#823740,LQ heat distribution,transmission,10000,0.99,20,transmission2988,transmission2353
transmission2353_to_transmission2988_electricity,#3186cc,LV electricity distribution,transmission,10000,0.99,20,transmission2988,transmission2353
transmission2988_to_transmission2021_heat,#823740,LQ heat distribution,transmission,10000,0.99,20,transmission2021,transmission2988
transmission2988_to_transmission2021_electricity,#3186cc,LV electricity distribution,transmission,10000,0.99,20,transmission2021,transmission2988
transmission2021_to_transmission2366_heat,#823740,LQ heat distribution,transmission,10000,0.99,20,transmission2366,transmission2021
transmission2021_to_transmission2366_electricity,#3186cc,LV electricity distribution,transmission,10000,0.99,20,transmission2366,transmission2021
transmission2366_to_transmission3012_heat,#823740,LQ heat distribution,transmission,10000,0.99,20,transmission3012,transmission2366
transmission2366_to_transmission3012_electricity,#3186cc,LV electricity distribution,transmission,10000,0.99,20,transmission3012,transmission2366
transmission3012_to_transmission743_heat,#823740,LQ heat distribution,transmission,10000,0.99,20,transmission743,transmission3012
transmission3012_to_transmission743_electricity,#3186cc,LV electricity distribution,transmission,10000,0.99,20,transmission743,transmission3012
transmission743_to_transmission3111_heat,#823740,LQ heat distribution,transmission,10000,0.99,20,transmission3111,transmission743
transmission743_to_transmission3111_electricity,#3186cc,LV electricity distribution,transmission,10000,0.99,20,transmission3111,transmission743
transmission3111_to_transmission2748_heat,#823740,LQ heat distribution,transmission,10000,0.99,20,transmission2748,transmission3111
transmission3111_to_transmission2748_electricity,#3186cc,LV electricity distribution,transmission,10000,0.99,20,transmission2748,transmission3111
transmission2748_to_transmission833_heat,#823740,LQ heat distribution,transmission,10000,0.99,20,transmission833,transmission2748
transmission2748_to_transmission833_electricity,#3186cc,LV electricity distribution,transmission,10000,0.99,20,transmission833,transmission2748
transmission833_to_transmission2767_heat,#823740,LQ heat distribution,transmission,10000,0.99,20,transmission2767,transmission833
transmission833_to_transmission2767_electricity,#3186cc,LV electricity distribution,transmission,10000,0.99,20,transmission2767,transmission833
transmission2767_to_transmission3070_heat,#823740,LQ heat distribution,transmission,10000,0.99,20,transmission3070,transmission2767
transmission2767_to_transmission3070_electricity,#3186cc,LV electricity distribution,transmission,10000,0.99,20,transmission3070,transmission2767
transmission3070_to_transmission1801_heat,#823740,LQ heat distribution,transmission,10000,0.99,20,transmission1801,transmission3070
transmission3070_to_transmission1801_electricity,#3186cc,LV electricity distribution,transmission,10000,0.99,20,transmission1801,transmission3070
transmission1801_to_transmission747_heat,#823740,LQ heat distribution,transmission,10000,0.99,20,transmission747,transmission1801
transmission1801_to_transmission747_electricity,#3186cc,LV electricity distribution,transmission,10000,0.99,20,transmission747,transmission1801
transmission747_to_transmission2451_heat,#823740,LQ heat distribution,transmission,10000,0.99,20,transmission2451,transmission747
transmission747_to_transmission2451_electricity,#3186cc,LV electricity distribution,transmission,10000,0.99,20,transmission2451,transmission747
transmission2451_to_transmission1454_heat,#823740,LQ heat distribution,transmission,10000,0.99,20,transmission1454,transmission2451
transmission2451_to_transmission1454_electricity,#3186cc,LV electricity distribution,transmission,10000,0.99,20,transmission1454,transmission2451
transmission1454_to_transmission1761_heat,#823740,LQ heat distribution,transmission,10000,0.99,20,transmission1761,transmission1454
transmission1454_to_transmission1761_electricity,#3186cc,LV electricity distribution,transmission,10000,0.99,20,transmission1761,transmission1454
transmission1761_to_transmission3333_heat,#823740,LQ heat distribution,transmission,10000,0.99,20,transmission3333,transmission1761
transmission1761_to_transmission3333_electricity,#3186cc,LV electricity distribution,transmission,10000,0.99,20,transmission3333,transmission1761
transmission3333_to_transmission2327_heat,#823740,LQ heat distribution,transmission,10000,0.99,20,transmission2327,transmission3333
transmission3333_to_transmission2327_electricity,#3186cc,LV electricity distribution,transmission,10000,0.99,20,transmission2327,transmission3333
transmission2327_to_transmission2420_heat,#823740,LQ heat distribution,transmission,10000,0.99,20,transmission2420,transmission2327
transmission2327_to_transmission2420_electricity,#3186cc,LV electricity distribution,transmission,10000,0.99,20,transmission2420,transmission2327
transmission2420_to_transmission2998_heat,#823740,LQ heat distribution,transmission,10000,0.99,20,transmission2998,transmission2420
transmission2420_to_transmission2998_electricity,#3186cc,LV electricity distribution,transmission,10000,0.99,20,transmission2998,transmission2420
transmission2998_to_transmission2418_heat,#823740,LQ heat distribution,transmission,10000,0.99,20,transmission2418,transmission2998
transmission2998_to_transmission2418_electricity,#3186cc,LV electricity distribution,transmission,10000,0.99,20,transmission2418,transmission2998
transmission2418_to_transmission1910_heat,#823740,LQ heat distribution,transmission,10000,0.99,20,transmission1910,transmission2418
transmission2418_to_transmission1910_electricity,#3186cc,LV electricity distribution,transmission,10000,0.99,20,transmission1910,transmission2418
transmission1910_to_transmission2141_heat,#823740,LQ heat distribution,transmission,10000,0.99,20,transmission2141,transmission1910
transmission1910_to_transmission2141_electricity,#3186cc,LV electricity distribution,transmission,10000,0.99,20,transmission2141,transmission1910
transmission2141_to_transmission2906_heat,#823740,LQ heat distribution,transmission,10000,0.99,20,transmission2906,transmission2141
transmission2141_to_transmission2906_electricity,#3186cc,LV electricity distribution,transmission,10000,0.99,20,transmission2906,transmission2141
transmission2906_to_transmission3029_heat,#823740,LQ heat distribution,transmission,10000,0.99,20,transmission3029,transmission2906
transmission2906_to_transmission3029_electricity,#3186cc,LV electricity distribution,transmission,10000,0.99,20,transmission3029,transmission2906
transmission3029_to_transmission3145_heat,#823740,LQ heat distribution,transmission,10000,0.99,20,transmission3145,transmission3029
transmission3029_to_transmission3145_electricity,#3186cc,LV electricity distribution,transmission,10000,0.99,20,transmission3145,transmission3029
transmission3145_to_transmission2566_heat,#823740,LQ heat distribution,transmission,10000,0.99,20,transmission2566,transmission3145
transmission3145_to_transmission2566_electricity,#3186cc,LV electricity distribution,transmission,10000,0.99,20,transmission2566,transmission3145
transmission2566_to_transmission3352_heat,#823740,LQ heat distribution,transmission,10000,0.99,20,transmission3352,transmission2566
transmission2566_to_transmission3352_electricity,#3186cc,LV electricity distribution,transmission,10000,0.99,20,transmission3352,transmission2566
transmission3352_to_transmission2011_heat,#823740,LQ heat distribution,transmission,10000,0.99,20,transmission2011,transmission3352
transmission3352_to_transmission2011_electricity,#3186cc,LV electricity distribution,transmission,10000,0.99,20,transmission2011,transmission3352
transmission2011_to_transmission3040_heat,#823740,LQ heat distribution,transmission,10000,0.99,20,transmission3040,transmission2011
transmission2011_to_transmission3040_electricity,#3186cc,LV electricity distribution,transmission,10000,0.99,20,transmission3040,transmission2011
transmission3040_to_transmission1544_heat,#823740,LQ heat distribution,transmission,10000,0.99,20,transmission1544,transmission3040
transmission3040_to_transmission1544_electricity,#3186cc,LV electricity distribution,transmission,10000,0.99,20,transmission1544,transmission3040
transmission1544_to_transmission2283_heat,#823740,LQ heat distribution,transmission,10000,0.99,20,transmission2283,transmission1544
transmission1544_to_transmission2283_electricity,#3186cc,LV electricity distribution,transmission,10000,0.99,20,transmission2283,transmission1544
transmission2283_to_transmission3350_heat,#823740,LQ heat distribution,transmission,10000,0.99,20,transmission3350,transmission2283
transmission2283_to_transmission3350_electricity,#3186cc,LV electricity distribution,transmission,10000,0.99,20,transmission3350,transmission2283
transmission3350_to_transmission551_heat,#823740,LQ heat distribution,transmission,10000,0.99,20,transmission551,transmission3350
transmission3350_to_transmission551_electricity,#3186cc,LV electricity distribution,transmission,10000,0.99,20,transmission551,transmission3350
transmission551_to_transmission2765_heat,#823740,LQ heat distribution,transmission,10000,0.99,20,transmission2765,transmission551
transmission551_to_transmission2765_electricity,#3186cc,LV electricity distribution,transmission,10000,0.99,20,transmission2765,transmission551
transmission2765_to_transmission2213_heat,#823740,LQ heat distribution,transmission,10000,0.99,20,transmission2213,transmission2765
transmission2765_to_transmission2213_electricity,#3186cc,LV electricity distribution,transmission,10000,0.99,20,transmission2213,transmission2765
transmission2213_to_transmission2319_heat,#823740,LQ heat distribution,transmission,10000,0.99,20,transmission2319,transmission2213
transmission2213_to_transmission2319_electricity,#3186cc,LV electricity distribution,transmission,10000,0.99,20,transmission2319,transmission2213
transmission2319_to_transmission1978_heat,#823740,LQ heat distribution,transmission,10000,0.99,20,transmission1978,transmission2319
transmission2319_to_transmission1978_electricity,#3186cc,LV electricity distribution,transmission,10000,0.99,20,transmission1978,transmission2319
transmission1978_to_transmission3064_heat,#823740,LQ heat distribution,transmission,10000,0.99,20,transmission3064,transmission1978
transmission1978_to_transmission3064_electricity,#3186cc,LV electricity distribution,transmission,10000,0.99,20,transmission3064,transmission1978
transmission2737_to_transmission3021_heat,#823740,LQ heat distribution,transmission,10000,0.99,20,transmission3021,transmission2737
transmission2737_to_transmission3021_electricity,#3186cc,LV electricity distribution,transmission,10000,0.99,20,transmission3021,transmission2737
transmission3021_to_transmission545_heat,#823740,LQ heat distribution,transmission,10000,0.99,20,transmission545,transmission3021
transmission3021_to_transmission545_electricity,#3186cc,LV electricity distribution,transmission,10000,0.99,20,transmission545,transmission3021
transmission545_to_transmission573_heat,#823740,LQ heat distribution,transmission,10000,0.99,20,transmission573,transmission545
transmission545_to_transmission573_electricity,#3186cc,LV electricity distribution,transmission,10000,0.99,20,transmission573,transmission545
transmission573_to_transmission1656_heat,#823740,LQ heat distribution,transmission,10000,0.99,20,transmission1656,transmission573
transmission573_to_transmission1656_electricity,#3186cc,LV electricity distribution,transmission,10000,0.99,20,transmission1656,transmission573
transmission1656_to_transmission3319_heat,#823740,LQ heat distribution,transmission,10000,0.99,20,transmission3319,transmission1656
transmission1656_to_transmission3319_electricity,#3186cc,LV electricity distribution,transmission,10000,0.99,20,transmission3319,transmission1656
transmission3319_to_transmission1366_heat,#823740,LQ heat distribution,transmission,10000,0.99,20,transmission1366,transmission3319
transmission3319_to_transmission1366_electricity,#3186cc,LV electricity distribution,transmission,10000,0.99,20,transmission1366,transmission3319
transmission1366_to_transmission3425_heat,#823740,LQ heat distribution,transmission,10000,0.99,20,transmission3425,transmission1366
transmission1366_to_transmission3425_electricity,#3186cc,LV electricity distribution,transmission,10000,0.99,20,transmission3425,transmission1366
transmission3425_to_transmission901_heat,#823740,LQ heat distribution,transmission,10000,0.99,20,transmission901,transmission3425
transmission3425_to_transmission901_electricity,#3186cc,LV electricity distribution,transmission,10000,0.99,20,transmission901,transmission3425
transmission901_to_transmission1274_heat,#823740,LQ heat distribution,transmission,10000,0.99,20,transmission1274,transmission901
transmission901_to_transmission1274_electricity,#3186cc,LV electricity distribution,transmission,10000,0.99,20,transmission1274,transmission901
transmission1274_to_transmission687_heat,#823740,LQ heat distribution,transmission,10000,0.99,20,transmission687,transmission1274
transmission1274_to_transmission687_electricity,#3186cc,LV electricity distribution,transmission,10000,0.99,20,transmission687,transmission1274
transmission687_to_transmission1379_heat,#823740,LQ heat distribution,transmission,10000,0.99,20,transmission1379,transmission687
transmission687_to_transmission1379_electricity,#3186cc,LV electricity distribution,transmission,10000,0.99,20,transmission1379,transmission687
transmission1379_to_transmission1790_heat,#823740,LQ heat distribution,transmission,10000,0.99,20,transmission1790,transmission1379
transmission1379_to_transmission1790_electricity,#3186cc,LV electricity distribution,transmission,10000,0.99,20,transmission1790,transmission1379
transmission1790_to_transmission529_heat,#823740,LQ heat distribution,transmission,10000,0.99,20,transmission529,transmission1790
transmission1790_to_transmission529_electricity,#3186cc,LV electricity distribution,transmission,10000,0.99,20,transmission529,transmission1790
transmission529_to_transmission1615_heat,#823740,LQ heat distribution,transmission,10000,0.99,20,transmission1615,transmission529
transmission529_to_transmission1615_electricity,#3186cc,LV electricity distribution,transmission,10000,0.99,20,transmission1615,transmission529
transmission1615_to_transmission633_heat,#823740,LQ heat distribution,transmission,10000,0.99,20,transmission633,transmission1615
transmission1615_to_transmission633_electricity,#3186cc,LV electricity distribution,transmission,10000,0.99,20,transmission633,transmission1615
transmission633_to_transmission1292_heat,#823740,LQ heat distribution,transmission,10000,0.99,20,transmission1292,transmission633
transmission633_to_transmission1292_electricity,#3186cc,LV electricity distribution,transmission,10000,0.99,20,transmission1292,transmission633
transmission1292_to_transmission1937_heat,#823740,LQ heat distribution,transmission,10000,0.99,20,transmission1937,transmission1292
transmission1292_to_transmission1937_electricity,#3186cc,LV electricity distribution,transmission,10000,0.99,20,transmission1937,transmission1292
transmission1937_to_transmission2596_heat,#823740,LQ heat distribution,transmission,10000,0.99,20,transmission2596,transmission1937
transmission1937_to_transmission2596_electricity,#3186cc,LV electricity distribution,transmission,10000,0.99,20,transmission2596,transmission1937
transmission2596_to_transmission598_heat,#823740,LQ heat distribution,transmission,10000,0.99,20,transmission598,transmission2596
transmission2596_to_transmission598_electricity,#3186cc,LV electricity distribution,transmission,10000,0.99,20,transmission598,transmission2596
transmission598_to_transmission3149_heat,#823740,LQ heat distribution,transmission,10000,0.99,20,transmission3149,transmission598
transmission598_to_transmission3149_electricity,#3186cc,LV electricity distribution,transmission,10000,0.99,20,transmission3149,transmission598
transmission3149_to_transmission2761_heat,#823740,LQ heat distribution,transmission,10000,0.99,20,transmission2761,transmission3149
transmission3149_to_transmission2761_electricity,#3186cc,LV electricity distribution,transmission,10000,0.99,20,transmission2761,transmission3149
transmission2761_to_transmission739_heat,#823740,LQ heat distribution,transmission,10000,0.99,20,transmission739,transmission2761
transmission2761_to_transmission739_electricity,#3186cc,LV electricity distribution,transmission,10000,0.99,20,transmission739,transmission2761
transmission739_to_transmission2256_heat,#823740,LQ heat distribution,transmission,10000,0.99,20,transmission2256,transmission739
transmission739_to_transmission2256_electricity,#3186cc,LV electricity distribution,transmission,10000,0.99,20,transmission2256,transmission739
transmission2256_to_transmission843_heat,#823740,LQ heat distribution,transmission,10000,0.99,20,transmission843,transmission2256
transmission2256_to_transmission843_electricity,#3186cc,LV electricity distribution,transmission,10000,0.99,20,transmission843,transmission2256
transmission843_to_transmission1732_heat,#823740,LQ heat distribution,transmission,10000,0.99,20,transmission1732,transmission843
transmission843_to_transmission1732_electricity,#3186cc,LV electricity distribution,transmission,10000,0.99,20,transmission1732,transmission843
transmission1732_to_transmission1939_heat,#823740,LQ heat distribution,transmission,10000,0.99,20,transmission1939,transmission1732
transmission1732_to_transmission1939_electricity,#3186cc,LV electricity distribution,transmission,10000,0.99,20,transmission1939,transmission1732
transmission1939_to_transmission2541_heat,#823740,LQ heat distribution,transmission,10000,0.99,20,transmission2541,transmission1939
transmission1939_to_transmission2541_electricity,#3186cc,LV electricity distribution,transmission,10000,0.99,20,transmission2541,transmission1939
transmission2541_to_transmission2968_heat,#823740,LQ heat distribution,transmission,10000,0.99,20,transmission2968,transmission2541
transmission2541_to_transmission2968_electricity,#3186cc,LV electricity distribution,transmission,10000,0.99,20,transmission2968,transmission2541
transmission1197_to_transmission1708_heat,#823740,LQ heat distribution,transmission,10000,0.99,20,transmission1708,transmission1197
transmission1197_to_transmission1708_electricity,#3186cc,LV electricity distribution,transmission,10000,0.99,20,transmission1708,transmission1197
transmission1708_to_transmission1128_heat,#823740,LQ heat distribution,transmission,10000,0.99,20,transmission1128,transmission1708
transmission1708_to_transmission1128_electricity,#3186cc,LV electricity distribution,transmission,10000,0.99,20,transmission1128,transmission1708
transmission1128_to_transmission1759_heat,#823740,LQ heat distribution,transmission,10000,0.99,20,transmission1759,transmission1128
transmission1128_to_transmission1759_electricity,#3186cc,LV electricity distribution,transmission,10000,0.99,20,transmission1759,transmission1128
transmission1759_to_transmission2068_heat,#823740,LQ heat distribution,transmission,10000,0.99,20,transmission2068,transmission1759
transmission1759_to_transmission2068_electricity,#3186cc,LV electricity distribution,transmission,10000,0.99,20,transmission2068,transmission1759
transmission2068_to_transmission2735_heat,#823740,LQ heat distribution,transmission,10000,0.99,20,transmission2735,transmission2068
transmission2068_to_transmission2735_electricity,#3186cc,LV electricity distribution,transmission,10000,0.99,20,transmission2735,transmission2068
transmission2735_to_transmission2684_heat,#823740,LQ heat distribution,transmission,10000,0.99,20,transmission2684,transmission2735
transmission2735_to_transmission2684_electricity,#3186cc,LV electricity distribution,transmission,10000,0.99,20,transmission2684,transmission2735
transmission2684_to_transmission3381_heat,#823740,LQ heat distribution,transmission,10000,0.99,20,transmission3381,transmission2684
transmission2684_to_transmission3381_electricity,#3186cc,LV electricity distribution,transmission,10000,0.99,20,transmission3381,transmission2684
transmission3381_to_transmission1826_heat,#823740,LQ heat distribution,transmission,10000,0.99,20,transmission1826,transmission3381
transmission3381_to_transmission1826_electricity,#3186cc,LV electricity distribution,transmission,10000,0.99,20,transmission1826,transmission3381
transmission1826_to_transmission1086_heat,#823740,LQ heat distribution,transmission,10000,0.99,20,transmission1086,transmission1826
transmission1826_to_transmission1086_electricity,#3186cc,LV electricity distribution,transmission,10000,0.99,20,transmission1086,transmission1826
transmission1086_to_transmission2457_heat,#823740,LQ heat distribution,transmission,10000,0.99,20,transmission2457,transmission1086
transmission1086_to_transmission2457_electricity,#3186cc,LV electricity distribution,transmission,10000,0.99,20,transmission2457,transmission1086
transmission2457_to_transmission2082_heat,#823740,LQ heat distribution,transmission,10000,0.99,20,transmission2082,transmission2457
transmission2457_to_transmission2082_electricity,#3186cc,LV electricity distribution,transmission,10000,0.99,20,transmission2082,transmission2457
transmission1240_to_transmission1167_heat,#823740,LQ heat distribution,transmission,10000,0.99,20,transmission1167,transmission1240
transmission1240_to_transmission1167_electricity,#3186cc,LV electricity distribution,transmission,10000,0.99,20,transmission1167,transmission1240
transmission1167_to_transmission911_heat,#823740,LQ heat distribution,transmission,10000,0.99,20,transmission911,transmission1167
transmission1167_to_transmission911_electricity,#3186cc,LV electricity distribution,transmission,10000,0.99,20,transmission911,transmission1167
transmission911_to_transmission1465_heat,#823740,LQ heat distribution,transmission,10000,0.99,20,transmission1465,transmission911
transmission911_to_transmission1465_electricity,#3186cc,LV electricity distribution,transmission,10000,0.99,20,transmission1465,transmission911
transmission1465_to_transmission3260_heat,#823740,LQ heat distribution,transmission,10000,0.99,20,transmission3260,transmission1465
transmission1465_to_transmission3260_electricity,#3186cc,LV electricity distribution,transmission,10000,0.99,20,transmission3260,transmission1465
transmission3260_to_transmission2787_heat,#823740,LQ heat distribution,transmission,10000,0.99,20,transmission2787,transmission3260
transmission3260_to_transmission2787_electricity,#3186cc,LV electricity distribution,transmission,10000,0.99,20,transmission2787,transmission3260
transmission2787_to_transmission2665_heat,#823740,LQ heat distribution,transmission,10000,0.99,20,transmission2665,transmission2787
transmission2787_to_transmission2665_electricity,#3186cc,LV electricity distribution,transmission,10000,0.99,20,transmission2665,transmission2787
transmission2665_to_transmission3374_heat,#823740,LQ heat distribution,transmission,10000,0.99,20,transmission3374,transmission2665
transmission2665_to_transmission3374_electricity,#3186cc,LV electricity distribution,transmission,10000,0.99,20,transmission3374,transmission2665
transmission3374_to_transmission3242_heat,#823740,LQ heat distribution,transmission,10000,0.99,20,transmission3242,transmission3374
transmission3374_to_transmission3242_electricity,#3186cc,LV electricity distribution,transmission,10000,0.99,20,transmission3242,transmission3374
transmission3242_to_transmission1731_heat,#823740,LQ heat distribution,transmission,10000,0.99,20,transmission1731,transmission3242
transmission3242_to_transmission1731_electricity,#3186cc,LV electricity distribution,transmission,10000,0.99,20,transmission1731,transmission3242
transmission1731_to_transmission1188_heat,#823740,LQ heat distribution,transmission,10000,0.99,20,transmission1188,transmission1731
transmission1731_to_transmission1188_electricity,#3186cc,LV electricity distribution,transmission,10000,0.99,20,transmission1188,transmission1731
transmission1188_to_transmission2798_heat,#823740,LQ heat distribution,transmission,10000,0.99,20,transmission2798,transmission1188
transmission1188_to_transmission2798_electricity,#3186cc,LV electricity distribution,transmission,10000,0.99,20,transmission2798,transmission1188
transmission2798_to_transmission3354_heat,#823740,LQ heat distribution,transmission,10000,0.99,20,transmission3354,transmission2798
transmission2798_to_transmission3354_electricity,#3186cc,LV electricity distribution,transmission,10000,0.99,20,transmission3354,transmission2798
transmission3354_to_transmission1926_heat,#823740,LQ heat distribution,transmission,10000,0.99,20,transmission1926,transmission3354
transmission3354_to_transmission1926_electricity,#3186cc,LV electricity distribution,transmission,10000,0.99,20,transmission1926,transmission3354
transmission1926_to_transmission3262_heat,#823740,LQ heat distribution,transmission,10000,0.99,20,transmission3262,transmission1926
transmission1926_to_transmission3262_electricity,#3186cc,LV electricity distribution,transmission,10000,0.99,20,transmission3262,transmission1926
transmission3262_to_transmission2651_heat,#823740,LQ heat distribution,transmission,10000,0.99,20,transmission2651,transmission3262
transmission3262_to_transmission2651_electricity,#3186cc,LV electricity distribution,transmission,10000,0.99,20,transmission2651,transmission3262
transmission2651_to_transmission2384_heat,#823740,LQ heat distribution,transmission,10000,0.99,20,transmission2384,transmission2651
transmission2651_to_transmission2384_electricity,#3186cc,LV electricity distribution,transmission,10000,0.99,20,transmission2384,transmission2651
transmission2384_to_transmission3326_heat,#823740,LQ heat distribution,transmission,10000,0.99,20,transmission3326,transmission2384
transmission2384_to_transmission3326_electricity,#3186cc,LV electricity distribution,transmission,10000,0.99,20,transmission3326,transmission2384
transmission3326_to_transmission1802_heat,#823740,LQ heat distribution,transmission,10000,0.99,20,transmission1802,transmission3326
transmission3326_to_transmission1802_electricity,#3186cc,LV electricity distribution,transmission,10000,0.99,20,transmission1802,transmission3326
transmission1802_to_transmission2163_heat,#823740,LQ heat distribution,transmission,10000,0.99,20,transmission2163,transmission1802
transmission1802_to_transmission2163_electricity,#3186cc,LV electricity distribution,transmission,10000,0.99,20,transmission2163,transmission1802
transmission2163_to_transmission1661_heat,#823740,LQ heat distribution,transmission,10000,0.99,20,transmission1661,transmission2163
transmission2163_to_transmission1661_electricity,#3186cc,LV electricity distribution,transmission,10000,0.99,20,transmission1661,transmission2163
transmission1661_to_transmission1403_heat,#823740,LQ heat distribution,transmission,10000,0.99,20,transmission1403,transmission1661
transmission1661_to_transmission1403_electricity,#3186cc,LV electricity distribution,transmission,10000,0.99,20,transmission1403,transmission1661
transmission1403_to_transmission591_heat,#823740,LQ heat distribution,transmission,10000,0.99,20,transmission591,transmission1403
transmission1403_to_transmission591_electricity,#3186cc,LV electricity distribution,transmission,10000,0.99,20,transmission591,transmission1403
transmission591_to_transmission2316_heat,#823740,LQ heat distribution,transmission,10000,0.99,20,transmission2316,transmission591
transmission591_to_transmission2316_electricity,#3186cc,LV electricity distribution,transmission,10000,0.99,20,transmission2316,transmission591
transmission2316_to_transmission872_heat,#823740,LQ heat distribution,transmission,10000,0.99,20,transmission872,transmission2316
transmission2316_to_transmission872_electricity,#3186cc,LV electricity distribution,transmission,10000,0.99,20,transmission872,transmission2316
transmission872_to_transmission2144_heat,#823740,LQ heat distribution,transmission,10000,0.99,20,transmission2144,transmission872
transmission872_to_transmission2144_electricity,#3186cc,LV electricity distribution,transmission,10000,0.99,20,transmission2144,transmission872
transmission2144_to_transmission1020_heat,#823740,LQ heat distribution,transmission,10000,0.99,20,transmission1020,transmission2144
transmission2144_to_transmission1020_electricity,#3186cc,LV electricity distribution,transmission,10000,0.99,20,transmission1020,transmission2144
transmission1020_to_transmission2696_heat,#823740,LQ heat distribution,transmission,10000,0.99,20,transmission2696,transmission1020
transmission1020_to_transmission2696_electricity,#3186cc,LV electricity distribution,transmission,10000,0.99,20,transmission2696,transmission1020
transmission2696_to_transmission1033_heat,#823740,LQ heat distribution,transmission,10000,0.99,20,transmission1033,transmission2696
transmission2696_to_transmission1033_electricity,#3186cc,LV electricity distribution,transmission,10000,0.99,20,transmission1033,transmission2696
transmission1033_to_transmission896_heat,#823740,LQ heat distribution,transmission,10000,0.99,20,transmission896,transmission1033
transmission1033_to_transmission896_electricity,#3186cc,LV electricity distribution,transmission,10000,0.99,20,transmission896,transmission1033
transmission896_to_transmission2185_heat,#823740,LQ heat distribution,transmission,10000,0.99,20,transmission2185,transmission896
transmission896_to_transmission2185_electricity,#3186cc,LV electricity distribution,transmission,10000,0.99,20,transmission2185,transmission896
transmission2185_to_transmission2190_heat,#823740,LQ heat distribution,transmission,10000,0.99,20,transmission2190,transmission2185
transmission2185_to_transmission2190_electricity,#3186cc,LV electricity distribution,transmission,10000,0.99,20,transmission2190,transmission2185
transmission2190_to_transmission1859_heat,#823740,LQ heat distribution,transmission,10000,0.99,20,transmission1859,transmission2190
transmission2190_to_transmission1859_electricity,#3186cc,LV electricity distribution,transmission,10000,0.99,20,transmission1859,transmission2190
transmission1859_to_transmission1217_heat,#823740,LQ heat distribution,transmission,10000,0.99,20,transmission1217,transmission1859
transmission1859_to_transmission1217_electricity,#3186cc,LV electricity distribution,transmission,10000,0.99,20,transmission1217,transmission1859
transmission1217_to_transmission1821_heat,#823740,LQ heat distribution,transmission,10000,0.99,20,transmission1821,transmission1217
transmission1217_to_transmission1821_electricity,#3186cc,LV electricity distribution,transmission,10000,0.99,20,transmission1821,transmission1217
transmission1821_to_transmission1477_heat,#823740,LQ heat distribution,transmission,10000,0.99,20,transmission1477,transmission1821
transmission1821_to_transmission1477_electricity,#3186cc,LV electricity distribution,transmission,10000,0.99,20,transmission1477,transmission1821
transmission1477_to_transmission1147_heat,#823740,LQ heat distribution,transmission,10000,0.99,20,transmission1147,transmission1477
transmission1477_to_transmission1147_electricity,#3186cc,LV electricity distribution,transmission,10000,0.99,20,transmission1147,transmission1477
transmission2523_to_transmission1787_heat,#823740,LQ heat distribution,transmission,10000,0.99,20,transmission1787,transmission2523
transmission2523_to_transmission1787_electricity,#3186cc,LV electricity distribution,transmission,10000,0.99,20,transmission1787,transmission2523
transmission1787_to_transmission604_heat,#823740,LQ heat distribution,transmission,10000,0.99,20,transmission604,transmission1787
transmission1787_to_transmission604_electricity,#3186cc,LV electricity distribution,transmission,10000,0.99,20,transmission604,transmission1787
transmission604_to_transmission3408_heat,#823740,LQ heat distribution,transmission,10000,0.99,20,transmission3408,transmission604
transmission604_to_transmission3408_electricity,#3186cc,LV electricity distribution,transmission,10000,0.99,20,transmission3408,transmission604
transmission3408_to_transmission1471_heat,#823740,LQ heat distribution,transmission,10000,0.99,20,transmission1471,transmission3408
transmission3408_to_transmission1471_electricity,#3186cc,LV electricity distribution,transmission,10000,0.99,20,transmission1471,transmission3408
transmission1471_to_transmission947_heat,#823740,LQ heat distribution,transmission,10000,0.99,20,transmission947,transmission1471
transmission1471_to_transmission947_electricity,#3186cc,LV electricity distribution,transmission,10000,0.99,20,transmission947,transmission1471
transmission947_to_transmission1132_heat,#823740,LQ heat distribution,transmission,10000,0.99,20,transmission1132,transmission947
transmission947_to_transmission1132_electricity,#3186cc,LV electricity distribution,transmission,10000,0.99,20,transmission1132,transmission947
transmission1132_to_transmission3221_heat,#823740,LQ heat distribution,transmission,10000,0.99,20,transmission3221,transmission1132
transmission1132_to_transmission3221_electricity,#3186cc,LV electricity distribution,transmission,10000,0.99,20,transmission3221,transmission1132
transmission3221_to_transmission2889_heat,#823740,LQ heat distribution,transmission,10000,0.99,20,transmission2889,transmission3221
transmission3221_to_transmission2889_electricity,#3186cc,LV electricity distribution,transmission,10000,0.99,20,transmission2889,transmission3221
transmission2889_to_transmission858_heat,#823740,LQ heat distribution,transmission,10000,0.99,20,transmission858,transmission2889
transmission2889_to_transmission858_electricity,#3186cc,LV electricity distribution,transmission,10000,0.99,20,transmission858,transmission2889
transmission858_to_transmission2978_heat,#823740,LQ heat distribution,transmission,10000,0.99,20,transmission2978,transmission858
transmission858_to_transmission2978_electricity,#3186cc,LV electricity distribution,transmission,10000,0.99,20,transmission2978,transmission858
transmission2978_to_transmission2015_heat,#823740,LQ heat distribution,transmission,10000,0.99,20,transmission2015,transmission2978
transmission2978_to_transmission2015_electricity,#3186cc,LV electricity distribution,transmission,10000,0.99,20,transmission2015,transmission2978
transmission2015_to_transmission3282_heat,#823740,LQ heat distribution,transmission,10000,0.99,20,transmission3282,transmission2015
transmission2015_to_transmission3282_electricity,#3186cc,LV electricity distribution,transmission,10000,0.99,20,transmission3282,transmission2015
transmission1099_to_transmission2810_heat,#823740,LQ heat distribution,transmission,10000,0.99,20,transmission2810,transmission1099
transmission1099_to_transmission2810_electricity,#3186cc,LV electricity distribution,transmission,10000,0.99,20,transmission2810,transmission1099
transmission2810_to_transmission670_heat,#823740,LQ heat distribution,transmission,10000,0.99,20,transmission670,transmission2810
transmission2810_to_transmission670_electricity,#3186cc,LV electricity distribution,transmission,10000,0.99,20,transmission670,transmission2810
transmission670_to_transmission3230_heat,#823740,LQ heat distribution,transmission,10000,0.99,20,transmission3230,transmission670
transmission670_to_transmission3230_electricity,#3186cc,LV electricity distribution,transmission,10000,0.99,20,transmission3230,transmission670
transmission3230_to_transmission2370_heat,#823740,LQ heat distribution,transmission,10000,0.99,20,transmission2370,transmission3230
transmission3230_to_transmission2370_electricity,#3186cc,LV electricity distribution,transmission,10000,0.99,20,transmission2370,transmission3230
transmission2370_to_transmission3154_heat,#823740,LQ heat distribution,transmission,10000,0.99,20,transmission3154,transmission2370
transmission2370_to_transmission3154_electricity,#3186cc,LV electricity distribution,transmission,10000,0.99,20,transmission3154,transmission2370
transmission3154_to_transmission2807_heat,#823740,LQ heat distribution,transmission,10000,0.99,20,transmission2807,transmission3154
transmission3154_to_transmission2807_electricity,#3186cc,LV electricity distribution,transmission,10000,0.99,20,transmission2807,transmission3154
transmission2807_to_transmission1651_heat,#823740,LQ heat distribution,transmission,10000,0.99,20,transmission1651,transmission2807
transmission2807_to_transmission1651_electricity,#3186cc,LV electricity distribution,transmission,10000,0.99,20,transmission1651,transmission2807
transmission924_to_transmission3346_heat,#823740,LQ heat distribution,transmission,10000,0.99,20,transmission3346,transmission924
transmission924_to_transmission3346_electricity,#3186cc,LV electricity distribution,transmission,10000,0.99,20,transmission3346,transmission924
transmission3346_to_transmission2758_heat,#823740,LQ heat distribution,transmission,10000,0.99,20,transmission2758,transmission3346
transmission3346_to_transmission2758_electricity,#3186cc,LV electricity distribution,transmission,10000,0.99,20,transmission2758,transmission3346
transmission2758_to_transmission3222_heat,#823740,LQ heat distribution,transmission,10000,0.99,20,transmission3222,transmission2758
transmission2758_to_transmission3222_electricity,#3186cc,LV electricity distribution,transmission,10000,0.99,20,transmission3222,transmission2758
transmission3222_to_transmission781_heat,#823740,LQ heat distribution,transmission,10000,0.99,20,transmission781,transmission3222
transmission3222_to_transmission781_electricity,#3186cc,LV electricity distribution,transmission,10000,0.99,20,transmission781,transmission3222
transmission781_to_transmission1197_heat,#823740,LQ heat distribution,transmission,10000,0.99,20,transmission1197,transmission781
transmission781_to_transmission1197_electricity,#3186cc,LV electricity distribution,transmission,10000,0.99,20,transmission1197,transmission781
transmission2481_to_transmission2622_heat,#823740,LQ heat distribution,transmission,10000,0.99,20,transmission2622,transmission2481
transmission2481_to_transmission2622_electricity,#3186cc,LV electricity distribution,transmission,10000,0.99,20,transmission2622,transmission2481
transmission2622_to_transmission1389_heat,#823740,LQ heat distribution,transmission,10000,0.99,20,transmission1389,transmission2622
transmission2622_to_transmission1389_electricity,#3186cc,LV electricity distribution,transmission,10000,0.99,20,transmission1389,transmission2622
transmission1389_to_transmission830_heat,#823740,LQ heat distribution,transmission,10000,0.99,20,transmission830,transmission1389
transmission1389_to_transmission830_electricity,#3186cc,LV electricity distribution,transmission,10000,0.99,20,transmission830,transmission1389
transmission830_to_transmission1930_heat,#823740,LQ heat distribution,transmission,10000,0.99,20,transmission1930,transmission830
transmission830_to_transmission1930_electricity,#3186cc,LV electricity distribution,transmission,10000,0.99,20,transmission1930,transmission830
transmission1930_to_transmission1084_heat,#823740,LQ heat distribution,transmission,10000,0.99,20,transmission1084,transmission1930
transmission1930_to_transmission1084_electricity,#3186cc,LV electricity distribution,transmission,10000,0.99,20,transmission1084,transmission1930
transmission1084_to_transmission1148_heat,#823740,LQ heat distribution,transmission,10000,0.99,20,transmission1148,transmission1084
transmission1084_to_transmission1148_electricity,#3186cc,LV electricity distribution,transmission,10000,0.99,20,transmission1148,transmission1084
transmission1148_to_transmission2100_heat,#823740,LQ heat distribution,transmission,10000,0.99,20,transmission2100,transmission1148
transmission1148_to_transmission2100_electricity,#3186cc,LV electricity distribution,transmission,10000,0.99,20,transmission2100,transmission1148
transmission2100_to_transmission2801_heat,#823740,LQ heat distribution,transmission,10000,0.99,20,transmission2801,transmission2100
transmission2100_to_transmission2801_electricity,#3186cc,LV electricity distribution,transmission,10000,0.99,20,transmission2801,transmission2100
transmission2801_to_transmission3124_heat,#823740,LQ heat distribution,transmission,10000,0.99,20,transmission3124,transmission2801
transmission2801_to_transmission3124_electricity,#3186cc,LV electricity distribution,transmission,10000,0.99,20,transmission3124,transmission2801
transmission3124_to_transmission1359_heat,#823740,LQ heat distribution,transmission,10000,0.99,20,transmission1359,transmission3124
transmission3124_to_transmission1359_electricity,#3186cc,LV electricity distribution,transmission,10000,0.99,20,transmission1359,transmission3124
transmission1359_to_transmission3067_heat,#823740,LQ heat distribution,transmission,10000,0.99,20,transmission3067,transmission1359
transmission1359_to_transmission3067_electricity,#3186cc,LV electricity distribution,transmission,10000,0.99,20,transmission3067,transmission1359
transmission3067_to_transmission1711_heat,#823740,LQ heat distribution,transmission,10000,0.99,20,transmission1711,transmission3067
transmission3067_to_transmission1711_electricity,#3186cc,LV electricity distribution,transmission,10000,0.99,20,transmission1711,transmission3067
transmission1711_to_transmission1240_heat,#823740,LQ heat distribution,transmission,10000,0.99,20,transmission1240,transmission1711
transmission1711_to_transmission1240_electricity,#3186cc,LV electricity distribution,transmission,10000,0.99,20,transmission1240,transmission1711
transmission1240_to_transmission671_heat,#823740,LQ heat distribution,transmission,10000,0.99,20,transmission671,transmission1240
transmission1240_to_transmission671_electricity,#3186cc,LV electricity distribution,transmission,10000,0.99,20,transmission671,transmission1240
transmission671_to_transmission2392_heat,#823740,LQ heat distribution,transmission,10000,0.99,20,transmission2392,transmission671
transmission671_to_transmission2392_electricity,#3186cc,LV electricity distribution,transmission,10000,0.99,20,transmission2392,transmission671
transmission2392_to_transmission814_heat,#823740,LQ heat distribution,transmission,10000,0.99,20,transmission814,transmission2392
transmission2392_to_transmission814_electricity,#3186cc,LV electricity distribution,transmission,10000,0.99,20,transmission814,transmission2392
transmission814_to_transmission3112_heat,#823740,LQ heat distribution,transmission,10000,0.99,20,transmission3112,transmission814
transmission814_to_transmission3112_electricity,#3186cc,LV electricity distribution,transmission,10000,0.99,20,transmission3112,transmission814
transmission3112_to_transmission2907_heat,#823740,LQ heat distribution,transmission,10000,0.99,20,transmission2907,transmission3112
transmission3112_to_transmission2907_electricity,#3186cc,LV electricity distribution,transmission,10000,0.99,20,transmission2907,transmission3112
transmission2907_to_transmission2078_heat,#823740,LQ heat distribution,transmission,10000,0.99,20,transmission2078,transmission2907
transmission2907_to_transmission2078_electricity,#3186cc,LV electricity distribution,transmission,10000,0.99,20,transmission2078,transmission2907
transmission2078_to_transmission3079_heat,#823740,LQ heat distribution,transmission,10000,0.99,20,transmission3079,transmission2078
transmission2078_to_transmission3079_electricity,#3186cc,LV electricity distribution,transmission,10000,0.99,20,transmission3079,transmission2078
transmission3079_to_transmission784_heat,#823740,LQ heat distribution,transmission,10000,0.99,20,transmission784,transmission3079
transmission3079_to_transmission784_electricity,#3186cc,LV electricity distribution,transmission,10000,0.99,20,transmission784,transmission3079
transmission784_to_transmission2814_heat,#823740,LQ heat distribution,transmission,10000,0.99,20,transmission2814,transmission784
transmission784_to_transmission2814_electricity,#3186cc,LV electricity distribution,transmission,10000,0.99,20,transmission2814,transmission784
transmission2814_to_transmission2573_heat,#823740,LQ heat distribution,transmission,10000,0.99,20,transmission2573,transmission2814
transmission2814_to_transmission2573_electricity,#3186cc,LV electricity distribution,transmission,10000,0.99,20,transmission2573,transmission2814
transmission2573_to_transmission3299_heat,#823740,LQ heat distribution,transmission,10000,0.99,20,transmission3299,transmission2573
transmission2573_to_transmission3299_electricity,#3186cc,LV electricity distribution,transmission,10000,0.99,20,transmission3299,transmission2573
transmission3299_to_transmission2735_heat,#823740,LQ heat distribution,transmission,10000,0.99,20,transmission2735,transmission3299
transmission3299_to_transmission2735_electricity,#3186cc,LV electricity distribution,transmission,10000,0.99,20,transmission2735,transmission3299
transmission1337_to_transmission773_heat,#823740,LQ heat distribution,transmission,10000,0.99,20,transmission773,transmission1337
transmission1337_to_transmission773_electricity,#3186cc,LV electricity distribution,transmission,10000,0.99,20,transmission773,transmission1337
transmission773_to_transmission1670_heat,#823740,LQ heat distribution,transmission,10000,0.99,20,transmission1670,transmission773
transmission773_to_transmission1670_electricity,#3186cc,LV electricity distribution,transmission,10000,0.99,20,transmission1670,transmission773
transmission1670_to_transmission2243_heat,#823740,LQ heat distribution,transmission,10000,0.99,20,transmission2243,transmission1670
transmission1670_to_transmission2243_electricity,#3186cc,LV electricity distribution,transmission,10000,0.99,20,transmission2243,transmission1670
transmission2243_to_transmission3101_heat,#823740,LQ heat distribution,transmission,10000,0.99,20,transmission3101,transmission2243
transmission2243_to_transmission3101_electricity,#3186cc,LV electricity distribution,transmission,10000,0.99,20,transmission3101,transmission2243
transmission3101_to_transmission2878_heat,#823740,LQ heat distribution,transmission,10000,0.99,20,transmission2878,transmission3101
transmission3101_to_transmission2878_electricity,#3186cc,LV electricity distribution,transmission,10000,0.99,20,transmission2878,transmission3101
transmission2878_to_transmission831_heat,#823740,LQ heat distribution,transmission,10000,0.99,20,transmission831,transmission2878
transmission2878_to_transmission831_electricity,#3186cc,LV electricity distribution,transmission,10000,0.99,20,transmission831,transmission2878
transmission831_to_transmission3382_heat,#823740,LQ heat distribution,transmission,10000,0.99,20,transmission3382,transmission831
transmission831_to_transmission3382_electricity,#3186cc,LV electricity distribution,transmission,10000,0.99,20,transmission3382,transmission831
transmission3382_to_transmission1360_heat,#823740,LQ heat distribution,transmission,10000,0.99,20,transmission1360,transmission3382
transmission3382_to_transmission1360_electricity,#3186cc,LV electricity distribution,transmission,10000,0.99,20,transmission1360,transmission3382
transmission1360_to_transmission1972_heat,#823740,LQ heat distribution,transmission,10000,0.99,20,transmission1972,transmission1360
transmission1360_to_transmission1972_electricity,#3186cc,LV electricity distribution,transmission,10000,0.99,20,transmission1972,transmission1360
transmission1972_to_transmission1327_heat,#823740,LQ heat distribution,transmission,10000,0.99,20,transmission1327,transmission1972
transmission1972_to_transmission1327_electricity,#3186cc,LV electricity distribution,transmission,10000,0.99,20,transmission1327,transmission1972
transmission1327_to_transmission1195_heat,#823740,LQ heat distribution,transmission,10000,0.99,20,transmission1195,transmission1327
transmission1327_to_transmission1195_electricity,#3186cc,LV electricity distribution,transmission,10000,0.99,20,transmission1195,transmission1327
transmission1195_to_transmission2713_heat,#823740,LQ heat distribution,transmission,10000,0.99,20,transmission2713,transmission1195
transmission1195_to_transmission2713_electricity,#3186cc,LV electricity distribution,transmission,10000,0.99,20,transmission2713,transmission1195
transmission2713_to_transmission1158_heat,#823740,LQ heat distribution,transmission,10000,0.99,20,transmission1158,transmission2713
transmission2713_to_transmission1158_electricity,#3186cc,LV electricity distribution,transmission,10000,0.99,20,transmission1158,transmission2713
transmission1158_to_transmission2683_heat,#823740,LQ heat distribution,transmission,10000,0.99,20,transmission2683,transmission1158
transmission1158_to_transmission2683_electricity,#3186cc,LV electricity distribution,transmission,10000,0.99,20,transmission2683,transmission1158
transmission2683_to_transmission2630_heat,#823740,LQ heat distribution,transmission,10000,0.99,20,transmission2630,transmission2683
transmission2683_to_transmission2630_electricity,#3186cc,LV electricity distribution,transmission,10000,0.99,20,transmission2630,transmission2683
transmission2630_to_transmission946_heat,#823740,LQ heat distribution,transmission,10000,0.99,20,transmission946,transmission2630
transmission2630_to_transmission946_electricity,#3186cc,LV electricity distribution,transmission,10000,0.99,20,transmission946,transmission2630
transmission946_to_transmission3267_heat,#823740,LQ heat distribution,transmission,10000,0.99,20,transmission3267,transmission946
transmission946_to_transmission3267_electricity,#3186cc,LV electricity distribution,transmission,10000,0.99,20,transmission3267,transmission946
transmission3267_to_transmission906_heat,#823740,LQ heat distribution,transmission,10000,0.99,20,transmission906,transmission3267
transmission3267_to_transmission906_electricity,#3186cc,LV electricity distribution,transmission,10000,0.99,20,transmission906,transmission3267
transmission906_to_transmission3278_heat,#823740,LQ heat distribution,transmission,10000,0.99,20,transmission3278,transmission906
transmission906_to_transmission3278_electricity,#3186cc,LV electricity distribution,transmission,10000,0.99,20,transmission3278,transmission906
transmission3278_to_transmission1527_heat,#823740,LQ heat distribution,transmission,10000,0.99,20,transmission1527,transmission3278
transmission3278_to_transmission1527_electricity,#3186cc,LV electricity distribution,transmission,10000,0.99,20,transmission1527,transmission3278
transmission1527_to_transmission1249_heat,#823740,LQ heat distribution,transmission,10000,0.99,20,transmission1249,transmission1527
transmission1527_to_transmission1249_electricity,#3186cc,LV electricity distribution,transmission,10000,0.99,20,transmission1249,transmission1527
transmission1249_to_transmission1436_heat,#823740,LQ heat distribution,transmission,10000,0.99,20,transmission1436,transmission1249
transmission1249_to_transmission1436_electricity,#3186cc,LV electricity distribution,transmission,10000,0.99,20,transmission1436,transmission1249
transmission1436_to_transmission1569_heat,#823740,LQ heat distribution,transmission,10000,0.99,20,transmission1569,transmission1436
transmission1436_to_transmission1569_electricity,#3186cc,LV electricity distribution,transmission,10000,0.99,20,transmission1569,transmission1436
transmission1569_to_transmission1733_heat,#823740,LQ heat distribution,transmission,10000,0.99,20,transmission1733,transmission1569
transmission1569_to_transmission1733_electricity,#3186cc,LV electricity distribution,transmission,10000,0.99,20,transmission1733,transmission1569
transmission1733_to_transmission2797_heat,#823740,LQ heat distribution,transmission,10000,0.99,20,transmission2797,transmission1733
transmission1733_to_transmission2797_electricity,#3186cc,LV electricity distribution,transmission,10000,0.99,20,transmission2797,transmission1733
transmission2797_to_transmission1098_heat,#823740,LQ heat distribution,transmission,10000,0.99,20,transmission1098,transmission2797
transmission2797_to_transmission1098_electricity,#3186cc,LV electricity distribution,transmission,10000,0.99,20,transmission1098,transmission2797
transmission1098_to_transmission3211_heat,#823740,LQ heat distribution,transmission,10000,0.99,20,transmission3211,transmission1098
transmission1098_to_transmission3211_electricity,#3186cc,LV electricity distribution,transmission,10000,0.99,20,transmission3211,transmission1098
transmission3211_to_transmission1682_heat,#823740,LQ heat distribution,transmission,10000,0.99,20,transmission1682,transmission3211
transmission3211_to_transmission1682_electricity,#3186cc,LV electricity distribution,transmission,10000,0.99,20,transmission1682,transmission3211
transmission1682_to_transmission2340_heat,#823740,LQ heat distribution,transmission,10000,0.99,20,transmission2340,transmission1682
transmission1682_to_transmission2340_electricity,#3186cc,LV electricity distribution,transmission,10000,0.99,20,transmission2340,transmission1682
transmission802_to_transmission702_heat,#823740,LQ heat distribution,transmission,10000,0.99,20,transmission702,transmission802
transmission802_to_transmission702_electricity,#3186cc,LV electricity distribution,transmission,10000,0.99,20,transmission702,transmission802
transmission702_to_transmission1887_heat,#823740,LQ heat distribution,transmission,10000,0.99,20,transmission1887,transmission702
transmission702_to_transmission1887_electricity,#3186cc,LV electricity distribution,transmission,10000,0.99,20,transmission1887,transmission702
transmission1887_to_transmission1516_heat,#823740,LQ heat distribution,transmission,10000,0.99,20,transmission1516,transmission1887
transmission1887_to_transmission1516_electricity,#3186cc,LV electricity distribution,transmission,10000,0.99,20,transmission1516,transmission1887
transmission1516_to_transmission2364_heat,#823740,LQ heat distribution,transmission,10000,0.99,20,transmission2364,transmission1516
transmission1516_to_transmission2364_electricity,#3186cc,LV electricity distribution,transmission,10000,0.99,20,transmission2364,transmission1516
transmission2364_to_transmission2559_heat,#823740,LQ heat distribution,transmission,10000,0.99,20,transmission2559,transmission2364
transmission2364_to_transmission2559_electricity,#3186cc,LV electricity distribution,transmission,10000,0.99,20,transmission2559,transmission2364
transmission2559_to_transmission808_heat,#823740,LQ heat distribution,transmission,10000,0.99,20,transmission808,transmission2559
transmission2559_to_transmission808_electricity,#3186cc,LV electricity distribution,transmission,10000,0.99,20,transmission808,transmission2559
transmission808_to_transmission1660_heat,#823740,LQ heat distribution,transmission,10000,0.99,20,transmission1660,transmission808
transmission808_to_transmission1660_electricity,#3186cc,LV electricity distribution,transmission,10000,0.99,20,transmission1660,transmission808
transmission1660_to_transmission666_heat,#823740,LQ heat distribution,transmission,10000,0.99,20,transmission666,transmission1660
transmission1660_to_transmission666_electricity,#3186cc,LV electricity distribution,transmission,10000,0.99,20,transmission666,transmission1660
transmission666_to_transmission1491_heat,#823740,LQ heat distribution,transmission,10000,0.99,20,transmission1491,transmission666
transmission666_to_transmission1491_electricity,#3186cc,LV electricity distribution,transmission,10000,0.99,20,transmission1491,transmission666
transmission1491_to_transmission1344_heat,#823740,LQ heat distribution,transmission,10000,0.99,20,transmission1344,transmission1491
transmission1491_to_transmission1344_electricity,#3186cc,LV electricity distribution,transmission,10000,0.99,20,transmission1344,transmission1491
transmission1344_to_transmission1815_heat,#823740,LQ heat distribution,transmission,10000,0.99,20,transmission1815,transmission1344
transmission1344_to_transmission1815_electricity,#3186cc,LV electricity distribution,transmission,10000,0.99,20,transmission1815,transmission1344
transmission1815_to_transmission1247_heat,#823740,LQ heat distribution,transmission,10000,0.99,20,transmission1247,transmission1815
transmission1815_to_transmission1247_electricity,#3186cc,LV electricity distribution,transmission,10000,0.99,20,transmission1247,transmission1815
transmission1247_to_transmission729_heat,#823740,LQ heat distribution,transmission,10000,0.99,20,transmission729,transmission1247
transmission1247_to_transmission729_electricity,#3186cc,LV electricity distribution,transmission,10000,0.99,20,transmission729,transmission1247
transmission729_to_transmission1448_heat,#823740,LQ heat distribution,transmission,10000,0.99,20,transmission1448,transmission729
transmission729_to_transmission1448_electricity,#3186cc,LV electricity distribution,transmission,10000,0.99,20,transmission1448,transmission729
transmission1448_to_transmission1290_heat,#823740,LQ heat distribution,transmission,10000,0.99,20,transmission1290,transmission1448
transmission1448_to_transmission1290_electricity,#3186cc,LV electricity distribution,transmission,10000,0.99,20,transmission1290,transmission1448
transmission1290_to_transmission1769_heat,#823740,LQ heat distribution,transmission,10000,0.99,20,transmission1769,transmission1290
transmission1290_to_transmission1769_electricity,#3186cc,LV electricity distribution,transmission,10000,0.99,20,transmission1769,transmission1290
transmission1769_to_transmission1267_heat,#823740,LQ heat distribution,transmission,10000,0.99,20,transmission1267,transmission1769
transmission1769_to_transmission1267_electricity,#3186cc,LV electricity distribution,transmission,10000,0.99,20,transmission1267,transmission1769
transmission2687_to_transmission2446_heat,#823740,LQ heat distribution,transmission,10000,0.99,20,transmission2446,transmission2687
transmission2687_to_transmission2446_electricity,#3186cc,LV electricity distribution,transmission,10000,0.99,20,transmission2446,transmission2687
transmission2446_to_transmission2845_heat,#823740,LQ heat distribution,transmission,10000,0.99,20,transmission2845,transmission2446
transmission2446_to_transmission2845_electricity,#3186cc,LV electricity distribution,transmission,10000,0.99,20,transmission2845,transmission2446
transmission2845_to_transmission3295_heat,#823740,LQ heat distribution,transmission,10000,0.99,20,transmission3295,transmission2845
transmission2845_to_transmission3295_electricity,#3186cc,LV electricity distribution,transmission,10000,0.99,20,transmission3295,transmission2845
transmission3295_to_transmission1480_heat,#823740,LQ heat distribution,transmission,10000,0.99,20,transmission1480,transmission3295
transmission3295_to_transmission1480_electricity,#3186cc,LV electricity distribution,transmission,10000,0.99,20,transmission1480,transmission3295
transmission1480_to_transmission1222_heat,#823740,LQ heat distribution,transmission,10000,0.99,20,transmission1222,transmission1480
transmission1480_to_transmission1222_electricity,#3186cc,LV electricity distribution,transmission,10000,0.99,20,transmission1222,transmission1480
transmission1222_to_transmission941_heat,#823740,LQ heat distribution,transmission,10000,0.99,20,transmission941,transmission1222
transmission1222_to_transmission941_electricity,#3186cc,LV electricity distribution,transmission,10000,0.99,20,transmission941,transmission1222
transmission941_to_transmission645_heat,#823740,LQ heat distribution,transmission,10000,0.99,20,transmission645,transmission941
transmission941_to_transmission645_electricity,#3186cc,LV electricity distribution,transmission,10000,0.99,20,transmission645,transmission941
transmission645_to_transmission1041_heat,#823740,LQ heat distribution,transmission,10000,0.99,20,transmission1041,transmission645
transmission645_to_transmission1041_electricity,#3186cc,LV electricity distribution,transmission,10000,0.99,20,transmission1041,transmission645
transmission1041_to_transmission2792_heat,#823740,LQ heat distribution,transmission,10000,0.99,20,transmission2792,transmission1041
transmission1041_to_transmission2792_electricity,#3186cc,LV electricity distribution,transmission,10000,0.99,20,transmission2792,transmission1041
transmission2792_to_transmission1223_heat,#823740,LQ heat distribution,transmission,10000,0.99,20,transmission1223,transmission2792
transmission2792_to_transmission1223_electricity,#3186cc,LV electricity distribution,transmission,10000,0.99,20,transmission1223,transmission2792
transmission1223_to_transmission1698_heat,#823740,LQ heat distribution,transmission,10000,0.99,20,transmission1698,transmission1223
transmission1223_to_transmission1698_electricity,#3186cc,LV electricity distribution,transmission,10000,0.99,20,transmission1698,transmission1223
transmission1698_to_transmission1023_heat,#823740,LQ heat distribution,transmission,10000,0.99,20,transmission1023,transmission1698
transmission1698_to_transmission1023_electricity,#3186cc,LV electricity distribution,transmission,10000,0.99,20,transmission1023,transmission1698
transmission1023_to_transmission1755_heat,#823740,LQ heat distribution,transmission,10000,0.99,20,transmission1755,transmission1023
transmission1023_to_transmission1755_electricity,#3186cc,LV electricity distribution,transmission,10000,0.99,20,transmission1755,transmission1023
transmission1755_to_transmission3038_heat,#823740,LQ heat distribution,transmission,10000,0.99,20,transmission3038,transmission1755
transmission1755_to_transmission3038_electricity,#3186cc,LV electricity distribution,transmission,10000,0.99,20,transmission3038,transmission1755
transmission3038_to_transmission652_heat,#823740,LQ heat distribution,transmission,10000,0.99,20,transmission652,transmission3038
transmission3038_to_transmission652_electricity,#3186cc,LV electricity distribution,transmission,10000,0.99,20,transmission652,transmission3038
transmission652_to_transmission1421_heat,#823740,LQ heat distribution,transmission,10000,0.99,20,transmission1421,transmission652
transmission652_to_transmission1421_electricity,#3186cc,LV electricity distribution,transmission,10000,0.99,20,transmission1421,transmission652
transmission1421_to_transmission3304_heat,#823740,LQ heat distribution,transmission,10000,0.99,20,transmission3304,transmission1421
transmission1421_to_transmission3304_electricity,#3186cc,LV electricity distribution,transmission,10000,0.99,20,transmission3304,transmission1421
transmission3304_to_transmission742_heat,#823740,LQ heat distribution,transmission,10000,0.99,20,transmission742,transmission3304
transmission3304_to_transmission742_electricity,#3186cc,LV electricity distribution,transmission,10000,0.99,20,transmission742,transmission3304
transmission742_to_transmission669_heat,#823740,LQ heat distribution,transmission,10000,0.99,20,transmission669,transmission742
transmission742_to_transmission669_electricity,#3186cc,LV electricity distribution,transmission,10000,0.99,20,transmission669,transmission742
transmission669_to_transmission2400_heat,#823740,LQ heat distribution,transmission,10000,0.99,20,transmission2400,transmission669
transmission669_to_transmission2400_electricity,#3186cc,LV electricity distribution,transmission,10000,0.99,20,transmission2400,transmission669
transmission2084_to_transmission2913_heat,#823740,LQ heat distribution,transmission,10000,0.99,20,transmission2913,transmission2084
transmission2084_to_transmission2913_electricity,#3186cc,LV electricity distribution,transmission,10000,0.99,20,transmission2913,transmission2084
transmission2913_to_transmission1676_heat,#823740,LQ heat distribution,transmission,10000,0.99,20,transmission1676,transmission2913
transmission2913_to_transmission1676_electricity,#3186cc,LV electricity distribution,transmission,10000,0.99,20,transmission1676,transmission2913
transmission1676_to_transmission1831_heat,#823740,LQ heat distribution,transmission,10000,0.99,20,transmission1831,transmission1676
transmission1676_to_transmission1831_electricity,#3186cc,LV electricity distribution,transmission,10000,0.99,20,transmission1831,transmission1676
transmission1831_to_transmission508_heat,#823740,LQ heat distribution,transmission,10000,0.99,20,transmission508,transmission1831
transmission1831_to_transmission508_electricity,#3186cc,LV electricity distribution,transmission,10000,0.99,20,transmission508,transmission1831
transmission508_to_transmission1279_heat,#823740,LQ heat distribution,transmission,10000,0.99,20,transmission1279,transmission508
transmission508_to_transmission1279_electricity,#3186cc,LV electricity distribution,transmission,10000,0.99,20,transmission1279,transmission508
transmission1279_to_transmission2776_heat,#823740,LQ heat distribution,transmission,10000,0.99,20,transmission2776,transmission1279
transmission1279_to_transmission2776_electricity,#3186cc,LV electricity distribution,transmission,10000,0.99,20,transmission2776,transmission1279
transmission2776_to_transmission1627_heat,#823740,LQ heat distribution,transmission,10000,0.99,20,transmission1627,transmission2776
transmission2776_to_transmission1627_electricity,#3186cc,LV electricity distribution,transmission,10000,0.99,20,transmission1627,transmission2776
transmission1627_to_transmission2054_heat,#823740,LQ heat distribution,transmission,10000,0.99,20,transmission2054,transmission1627
transmission1627_to_transmission2054_electricity,#3186cc,LV electricity distribution,transmission,10000,0.99,20,transmission2054,transmission1627
transmission2054_to_transmission2431_heat,#823740,LQ heat distribution,transmission,10000,0.99,20,transmission2431,transmission2054
transmission2054_to_transmission2431_electricity,#3186cc,LV electricity distribution,transmission,10000,0.99,20,transmission2431,transmission2054
transmission2431_to_transmission2925_heat,#823740,LQ heat distribution,transmission,10000,0.99,20,transmission2925,transmission2431
transmission2431_to_transmission2925_electricity,#3186cc,LV electricity distribution,transmission,10000,0.99,20,transmission2925,transmission2431
transmission2925_to_transmission711_heat,#823740,LQ heat distribution,transmission,10000,0.99,20,transmission711,transmission2925
transmission2925_to_transmission711_electricity,#3186cc,LV electricity distribution,transmission,10000,0.99,20,transmission711,transmission2925
transmission711_to_transmission3176_heat,#823740,LQ heat distribution,transmission,10000,0.99,20,transmission3176,transmission711
transmission711_to_transmission3176_electricity,#3186cc,LV electricity distribution,transmission,10000,0.99,20,transmission3176,transmission711
transmission3176_to_transmission2628_heat,#823740,LQ heat distribution,transmission,10000,0.99,20,transmission2628,transmission3176
transmission3176_to_transmission2628_electricity,#3186cc,LV electricity distribution,transmission,10000,0.99,20,transmission2628,transmission3176
transmission2628_to_transmission1550_heat,#823740,LQ heat distribution,transmission,10000,0.99,20,transmission1550,transmission2628
transmission2628_to_transmission1550_electricity,#3186cc,LV electricity distribution,transmission,10000,0.99,20,transmission1550,transmission2628
transmission1550_to_transmission948_heat,#823740,LQ heat distribution,transmission,10000,0.99,20,transmission948,transmission1550
transmission1550_to_transmission948_electricity,#3186cc,LV electricity distribution,transmission,10000,0.99,20,transmission948,transmission1550
transmission948_to_transmission3407_heat,#823740,LQ heat distribution,transmission,10000,0.99,20,transmission3407,transmission948
transmission948_to_transmission3407_electricity,#3186cc,LV electricity distribution,transmission,10000,0.99,20,transmission3407,transmission948
transmission3407_to_transmission1218_heat,#823740,LQ heat distribution,transmission,10000,0.99,20,transmission1218,transmission3407
transmission3407_to_transmission1218_electricity,#3186cc,LV electricity distribution,transmission,10000,0.99,20,transmission1218,transmission3407
transmission1592_to_transmission3160_heat,#823740,LQ heat distribution,transmission,10000,0.99,20,transmission3160,transmission1592
transmission1592_to_transmission3160_electricity,#3186cc,LV electricity distribution,transmission,10000,0.99,20,transmission3160,transmission1592
transmission3160_to_transmission2813_heat,#823740,LQ heat distribution,transmission,10000,0.99,20,transmission2813,transmission3160
transmission3160_to_transmission2813_electricity,#3186cc,LV electricity distribution,transmission,10000,0.99,20,transmission2813,transmission3160
transmission2813_to_transmission1263_heat,#823740,LQ heat distribution,transmission,10000,0.99,20,transmission1263,transmission2813
transmission2813_to_transmission1263_electricity,#3186cc,LV electricity distribution,transmission,10000,0.99,20,transmission1263,transmission2813
transmission1263_to_transmission934_heat,#823740,LQ heat distribution,transmission,10000,0.99,20,transmission934,transmission1263
transmission1263_to_transmission934_electricity,#3186cc,LV electricity distribution,transmission,10000,0.99,20,transmission934,transmission1263
transmission934_to_transmission2575_heat,#823740,LQ heat distribution,transmission,10000,0.99,20,transmission2575,transmission934
transmission934_to_transmission2575_electricity,#3186cc,LV electricity distribution,transmission,10000,0.99,20,transmission2575,transmission934
transmission1338_to_transmission1689_heat,#823740,LQ heat distribution,transmission,10000,0.99,20,transmission1689,transmission1338
transmission1338_to_transmission1689_electricity,#3186cc,LV electricity distribution,transmission,10000,0.99,20,transmission1689,transmission1338
transmission1689_to_transmission3095_heat,#823740,LQ heat distribution,transmission,10000,0.99,20,transmission3095,transmission1689
transmission1689_to_transmission3095_electricity,#3186cc,LV electricity distribution,transmission,10000,0.99,20,transmission3095,transmission1689
transmission3095_to_transmission891_heat,#823740,LQ heat distribution,transmission,10000,0.99,20,transmission891,transmission3095
transmission3095_to_transmission891_electricity,#3186cc,LV electricity distribution,transmission,10000,0.99,20,transmission891,transmission3095
transmission891_to_transmission1617_heat,#823740,LQ heat distribution,transmission,10000,0.99,20,transmission1617,transmission891
transmission891_to_transmission1617_electricity,#3186cc,LV electricity distribution,transmission,10000,0.99,20,transmission1617,transmission891
transmission1617_to_transmission3302_heat,#823740,LQ heat distribution,transmission,10000,0.99,20,transmission3302,transmission1617
transmission1617_to_transmission3302_electricity,#3186cc,LV electricity distribution,transmission,10000,0.99,20,transmission3302,transmission1617
transmission3302_to_transmission3338_heat,#823740,LQ heat distribution,transmission,10000,0.99,20,transmission3338,transmission3302
transmission3302_to_transmission3338_electricity,#3186cc,LV electricity distribution,transmission,10000,0.99,20,transmission3338,transmission3302
transmission3338_to_transmission1479_heat,#823740,LQ heat distribution,transmission,10000,0.99,20,transmission1479,transmission3338
transmission3338_to_transmission1479_electricity,#3186cc,LV electricity distribution,transmission,10000,0.99,20,transmission1479,transmission3338
transmission1479_to_transmission3174_heat,#823740,LQ heat distribution,transmission,10000,0.99,20,transmission3174,transmission1479
transmission1479_to_transmission3174_electricity,#3186cc,LV electricity distribution,transmission,10000,0.99,20,transmission3174,transmission1479
transmission3174_to_transmission1378_heat,#823740,LQ heat distribution,transmission,10000,0.99,20,transmission1378,transmission3174
transmission3174_to_transmission1378_electricity,#3186cc,LV electricity distribution,transmission,10000,0.99,20,transmission1378,transmission3174
transmission1378_to_transmission961_heat,#823740,LQ heat distribution,transmission,10000,0.99,20,transmission961,transmission1378
transmission1378_to_transmission961_electricity,#3186cc,LV electricity distribution,transmission,10000,0.99,20,transmission961,transmission1378
transmission961_to_transmission949_heat,#823740,LQ heat distribution,transmission,10000,0.99,20,transmission949,transmission961
transmission961_to_transmission949_electricity,#3186cc,LV electricity distribution,transmission,10000,0.99,20,transmission949,transmission961
transmission949_to_transmission842_heat,#823740,LQ heat distribution,transmission,10000,0.99,20,transmission842,transmission949
transmission949_to_transmission842_electricity,#3186cc,LV electricity distribution,transmission,10000,0.99,20,transmission842,transmission949
transmission842_to_transmission1057_heat,#823740,LQ heat distribution,transmission,10000,0.99,20,transmission1057,transmission842
transmission842_to_transmission1057_electricity,#3186cc,LV electricity distribution,transmission,10000,0.99,20,transmission1057,transmission842
transmission1057_to_transmission2614_heat,#823740,LQ heat distribution,transmission,10000,0.99,20,transmission2614,transmission1057
transmission1057_to_transmission2614_electricity,#3186cc,LV electricity distribution,transmission,10000,0.99,20,transmission2614,transmission1057
transmission2614_to_transmission1742_heat,#823740,LQ heat distribution,transmission,10000,0.99,20,transmission1742,transmission2614
transmission2614_to_transmission1742_electricity,#3186cc,LV electricity distribution,transmission,10000,0.99,20,transmission1742,transmission2614
transmission1742_to_transmission3190_heat,#823740,LQ heat distribution,transmission,10000,0.99,20,transmission3190,transmission1742
transmission1742_to_transmission3190_electricity,#3186cc,LV electricity distribution,transmission,10000,0.99,20,transmission3190,transmission1742
transmission3190_to_transmission2122_heat,#823740,LQ heat distribution,transmission,10000,0.99,20,transmission2122,transmission3190
transmission3190_to_transmission2122_electricity,#3186cc,LV electricity distribution,transmission,10000,0.99,20,transmission2122,transmission3190
transmission2122_to_transmission2171_heat,#823740,LQ heat distribution,transmission,10000,0.99,20,transmission2171,transmission2122
transmission2122_to_transmission2171_electricity,#3186cc,LV electricity distribution,transmission,10000,0.99,20,transmission2171,transmission2122
transmission2171_to_transmission1763_heat,#823740,LQ heat distribution,transmission,10000,0.99,20,transmission1763,transmission2171
transmission2171_to_transmission1763_electricity,#3186cc,LV electricity distribution,transmission,10000,0.99,20,transmission1763,transmission2171
transmission1763_to_transmission2944_heat,#823740,LQ heat distribution,transmission,10000,0.99,20,transmission2944,transmission1763
transmission1763_to_transmission2944_electricity,#3186cc,LV electricity distribution,transmission,10000,0.99,20,transmission2944,transmission1763
transmission2944_to_transmission1376_heat,#823740,LQ heat distribution,transmission,10000,0.99,20,transmission1376,transmission2944
transmission2944_to_transmission1376_electricity,#3186cc,LV electricity distribution,transmission,10000,0.99,20,transmission1376,transmission2944
transmission1376_to_transmission926_heat,#823740,LQ heat distribution,transmission,10000,0.99,20,transmission926,transmission1376
transmission1376_to_transmission926_electricity,#3186cc,LV electricity distribution,transmission,10000,0.99,20,transmission926,transmission1376
transmission926_to_transmission2339_heat,#823740,LQ heat distribution,transmission,10000,0.99,20,transmission2339,transmission926
transmission926_to_transmission2339_electricity,#3186cc,LV electricity distribution,transmission,10000,0.99,20,transmission2339,transmission926
transmission2339_to_transmission900_heat,#823740,LQ heat distribution,transmission,10000,0.99,20,transmission900,transmission2339
transmission2339_to_transmission900_electricity,#3186cc,LV electricity distribution,transmission,10000,0.99,20,transmission900,transmission2339
transmission900_to_transmission1201_heat,#823740,LQ heat distribution,transmission,10000,0.99,20,transmission1201,transmission900
transmission900_to_transmission1201_electricity,#3186cc,LV electricity distribution,transmission,10000,0.99,20,transmission1201,transmission900
transmission1201_to_transmission2267_heat,#823740,LQ heat distribution,transmission,10000,0.99,20,transmission2267,transmission1201
transmission1201_to_transmission2267_electricity,#3186cc,LV electricity distribution,transmission,10000,0.99,20,transmission2267,transmission1201
transmission2267_to_transmission1520_heat,#823740,LQ heat distribution,transmission,10000,0.99,20,transmission1520,transmission2267
transmission2267_to_transmission1520_electricity,#3186cc,LV electricity distribution,transmission,10000,0.99,20,transmission1520,transmission2267
transmission3064_to_transmission1203_heat,#823740,LQ heat distribution,transmission,10000,0.99,20,transmission1203,transmission3064
transmission3064_to_transmission1203_electricity,#3186cc,LV electricity distribution,transmission,10000,0.99,20,transmission1203,transmission3064
transmission1203_to_transmission667_heat,#823740,LQ heat distribution,transmission,10000,0.99,20,transmission667,transmission1203
transmission1203_to_transmission667_electricity,#3186cc,LV electricity distribution,transmission,10000,0.99,20,transmission667,transmission1203
transmission667_to_transmission1810_heat,#823740,LQ heat distribution,transmission,10000,0.99,20,transmission1810,transmission667
transmission667_to_transmission1810_electricity,#3186cc,LV electricity distribution,transmission,10000,0.99,20,transmission1810,transmission667
transmission1810_to_transmission1568_heat,#823740,LQ heat distribution,transmission,10000,0.99,20,transmission1568,transmission1810
transmission1810_to_transmission1568_electricity,#3186cc,LV electricity distribution,transmission,10000,0.99,20,transmission1568,transmission1810
transmission1568_to_transmission1181_heat,#823740,LQ heat distribution,transmission,10000,0.99,20,transmission1181,transmission1568
transmission1568_to_transmission1181_electricity,#3186cc,LV electricity distribution,transmission,10000,0.99,20,transmission1181,transmission1568
transmission1181_to_transmission521_heat,#823740,LQ heat distribution,transmission,10000,0.99,20,transmission521,transmission1181
transmission1181_to_transmission521_electricity,#3186cc,LV electricity distribution,transmission,10000,0.99,20,transmission521,transmission1181
transmission521_to_transmission3161_heat,#823740,LQ heat distribution,transmission,10000,0.99,20,transmission3161,transmission521
transmission521_to_transmission3161_electricity,#3186cc,LV electricity distribution,transmission,10000,0.99,20,transmission3161,transmission521
transmission3161_to_transmission834_heat,#823740,LQ heat distribution,transmission,10000,0.99,20,transmission834,transmission3161
transmission3161_to_transmission834_electricity,#3186cc,LV electricity distribution,transmission,10000,0.99,20,transmission834,transmission3161
transmission834_to_transmission3117_heat,#823740,LQ heat distribution,transmission,10000,0.99,20,transmission3117,transmission834
transmission834_to_transmission3117_electricity,#3186cc,LV electricity distribution,transmission,10000,0.99,20,transmission3117,transmission834
transmission743_to_transmission2624_heat,#823740,LQ heat distribution,transmission,10000,0.99,20,transmission2624,transmission743
transmission743_to_transmission2624_electricity,#3186cc,LV electricity distribution,transmission,10000,0.99,20,transmission2624,transmission743
transmission2624_to_transmission1773_heat,#823740,LQ heat distribution,transmission,10000,0.99,20,transmission1773,transmission2624
transmission2624_to_transmission1773_electricity,#3186cc,LV electricity distribution,transmission,10000,0.99,20,transmission1773,transmission2624
transmission1773_to_transmission1166_heat,#823740,LQ heat distribution,transmission,10000,0.99,20,transmission1166,transmission1773
transmission1773_to_transmission1166_electricity,#3186cc,LV electricity distribution,transmission,10000,0.99,20,transmission1166,transmission1773
transmission1166_to_transmission798_heat,#823740,LQ heat distribution,transmission,10000,0.99,20,transmission798,transmission1166
transmission1166_to_transmission798_electricity,#3186cc,LV electricity distribution,transmission,10000,0.99,20,transmission798,transmission1166
transmission798_to_transmission1324_heat,#823740,LQ heat distribution,transmission,10000,0.99,20,transmission1324,transmission798
transmission798_to_transmission1324_electricity,#3186cc,LV electricity distribution,transmission,10000,0.99,20,transmission1324,transmission798
transmission1324_to_transmission571_heat,#823740,LQ heat distribution,transmission,10000,0.99,20,transmission571,transmission1324
transmission1324_to_transmission571_electricity,#3186cc,LV electricity distribution,transmission,10000,0.99,20,transmission571,transmission1324
transmission571_to_transmission2228_heat,#823740,LQ heat distribution,transmission,10000,0.99,20,transmission2228,transmission571
transmission571_to_transmission2228_electricity,#3186cc,LV electricity distribution,transmission,10000,0.99,20,transmission2228,transmission571
transmission2228_to_transmission2997_heat,#823740,LQ heat distribution,transmission,10000,0.99,20,transmission2997,transmission2228
transmission2228_to_transmission2997_electricity,#3186cc,LV electricity distribution,transmission,10000,0.99,20,transmission2997,transmission2228
transmission2997_to_transmission1414_heat,#823740,LQ heat distribution,transmission,10000,0.99,20,transmission1414,transmission2997
transmission2997_to_transmission1414_electricity,#3186cc,LV electricity distribution,transmission,10000,0.99,20,transmission1414,transmission2997
transmission1414_to_transmission1662_heat,#823740,LQ heat distribution,transmission,10000,0.99,20,transmission1662,transmission1414
transmission1414_to_transmission1662_electricity,#3186cc,LV electricity distribution,transmission,10000,0.99,20,transmission1662,transmission1414
transmission1662_to_transmission903_heat,#823740,LQ heat distribution,transmission,10000,0.99,20,transmission903,transmission1662
transmission1662_to_transmission903_electricity,#3186cc,LV electricity distribution,transmission,10000,0.99,20,transmission903,transmission1662
transmission903_to_transmission597_heat,#823740,LQ heat distribution,transmission,10000,0.99,20,transmission597,transmission903
transmission903_to_transmission597_electricity,#3186cc,LV electricity distribution,transmission,10000,0.99,20,transmission597,transmission903
transmission597_to_transmission3309_heat,#823740,LQ heat distribution,transmission,10000,0.99,20,transmission3309,transmission597
transmission597_to_transmission3309_electricity,#3186cc,LV electricity distribution,transmission,10000,0.99,20,transmission3309,transmission597
transmission3309_to_transmission1423_heat,#823740,LQ heat distribution,transmission,10000,0.99,20,transmission1423,transmission3309
transmission3309_to_transmission1423_electricity,#3186cc,LV electricity distribution,transmission,10000,0.99,20,transmission1423,transmission3309
transmission1423_to_transmission2663_heat,#823740,LQ heat distribution,transmission,10000,0.99,20,transmission2663,transmission1423
transmission1423_to_transmission2663_electricity,#3186cc,LV electricity distribution,transmission,10000,0.99,20,transmission2663,transmission1423
transmission2663_to_transmission724_heat,#823740,LQ heat distribution,transmission,10000,0.99,20,transmission724,transmission2663
transmission2663_to_transmission724_electricity,#3186cc,LV electricity distribution,transmission,10000,0.99,20,transmission724,transmission2663
transmission724_to_transmission1272_heat,#823740,LQ heat distribution,transmission,10000,0.99,20,transmission1272,transmission724
transmission724_to_transmission1272_electricity,#3186cc,LV electricity distribution,transmission,10000,0.99,20,transmission1272,transmission724
transmission1272_to_transmission2204_heat,#823740,LQ heat distribution,transmission,10000,0.99,20,transmission2204,transmission1272
transmission1272_to_transmission2204_electricity,#3186cc,LV electricity distribution,transmission,10000,0.99,20,transmission2204,transmission1272
transmission2204_to_transmission1221_heat,#823740,LQ heat distribution,transmission,10000,0.99,20,transmission1221,transmission2204
transmission2204_to_transmission1221_electricity,#3186cc,LV electricity distribution,transmission,10000,0.99,20,transmission1221,transmission2204
transmission1221_to_transmission2874_heat,#823740,LQ heat distribution,transmission,10000,0.99,20,transmission2874,transmission1221
transmission1221_to_transmission2874_electricity,#3186cc,LV electricity distribution,transmission,10000,0.99,20,transmission2874,transmission1221
transmission2790_to_transmission1894_heat,#823740,LQ heat distribution,transmission,10000,0.99,20,transmission1894,transmission2790
transmission2790_to_transmission1894_electricity,#3186cc,LV electricity distribution,transmission,10000,0.99,20,transmission1894,transmission2790
transmission1894_to_transmission1719_heat,#823740,LQ heat distribution,transmission,10000,0.99,20,transmission1719,transmission1894
transmission1894_to_transmission1719_electricity,#3186cc,LV electricity distribution,transmission,10000,0.99,20,transmission1719,transmission1894
transmission1719_to_transmission1858_heat,#823740,LQ heat distribution,transmission,10000,0.99,20,transmission1858,transmission1719
transmission1719_to_transmission1858_electricity,#3186cc,LV electricity distribution,transmission,10000,0.99,20,transmission1858,transmission1719
transmission1858_to_transmission518_heat,#823740,LQ heat distribution,transmission,10000,0.99,20,transmission518,transmission1858
transmission1858_to_transmission518_electricity,#3186cc,LV electricity distribution,transmission,10000,0.99,20,transmission518,transmission1858
transmission518_to_transmission2648_heat,#823740,LQ heat distribution,transmission,10000,0.99,20,transmission2648,transmission518
transmission518_to_transmission2648_electricity,#3186cc,LV electricity distribution,transmission,10000,0.99,20,transmission2648,transmission518
transmission2648_to_transmission1833_heat,#823740,LQ heat distribution,transmission,10000,0.99,20,transmission1833,transmission2648
transmission2648_to_transmission1833_electricity,#3186cc,LV electricity distribution,transmission,10000,0.99,20,transmission1833,transmission2648
transmission1833_to_transmission3164_heat,#823740,LQ heat distribution,transmission,10000,0.99,20,transmission3164,transmission1833
transmission1833_to_transmission3164_electricity,#3186cc,LV electricity distribution,transmission,10000,0.99,20,transmission3164,transmission1833
transmission3164_to_transmission641_heat,#823740,LQ heat distribution,transmission,10000,0.99,20,transmission641,transmission3164
transmission3164_to_transmission641_electricity,#3186cc,LV electricity distribution,transmission,10000,0.99,20,transmission641,transmission3164
transmission641_to_transmission2092_heat,#823740,LQ heat distribution,transmission,10000,0.99,20,transmission2092,transmission641
transmission641_to_transmission2092_electricity,#3186cc,LV electricity distribution,transmission,10000,0.99,20,transmission2092,transmission641
transmission2092_to_transmission1196_heat,#823740,LQ heat distribution,transmission,10000,0.99,20,transmission1196,transmission2092
transmission2092_to_transmission1196_electricity,#3186cc,LV electricity distribution,transmission,10000,0.99,20,transmission1196,transmission2092
transmission1196_to_transmission3283_heat,#823740,LQ heat distribution,transmission,10000,0.99,20,transmission3283,transmission1196
transmission1196_to_transmission3283_electricity,#3186cc,LV electricity distribution,transmission,10000,0.99,20,transmission3283,transmission1196
transmission3283_to_transmission767_heat,#823740,LQ heat distribution,transmission,10000,0.99,20,transmission767,transmission3283
transmission3283_to_transmission767_electricity,#3186cc,LV electricity distribution,transmission,10000,0.99,20,transmission767,transmission3283
transmission767_to_transmission1111_heat,#823740,LQ heat distribution,transmission,10000,0.99,20,transmission1111,transmission767
transmission767_to_transmission1111_electricity,#3186cc,LV electricity distribution,transmission,10000,0.99,20,transmission1111,transmission767
transmission1111_to_transmission3270_heat,#823740,LQ heat distribution,transmission,10000,0.99,20,transmission3270,transmission1111
transmission1111_to_transmission3270_electricity,#3186cc,LV electricity distribution,transmission,10000,0.99,20,transmission3270,transmission1111
transmission3270_to_transmission2208_heat,#823740,LQ heat distribution,transmission,10000,0.99,20,transmission2208,transmission3270
transmission3270_to_transmission2208_electricity,#3186cc,LV electricity distribution,transmission,10000,0.99,20,transmission2208,transmission3270
transmission2208_to_transmission1812_heat,#823740,LQ heat distribution,transmission,10000,0.99,20,transmission1812,transmission2208
transmission2208_to_transmission1812_electricity,#3186cc,LV electricity distribution,transmission,10000,0.99,20,transmission1812,transmission2208
transmission1812_to_transmission565_heat,#823740,LQ heat distribution,transmission,10000,0.99,20,transmission565,transmission1812
transmission1812_to_transmission565_electricity,#3186cc,LV electricity distribution,transmission,10000,0.99,20,transmission565,transmission1812
transmission565_to_transmission3093_heat,#823740,LQ heat distribution,transmission,10000,0.99,20,transmission3093,transmission565
transmission565_to_transmission3093_electricity,#3186cc,LV electricity distribution,transmission,10000,0.99,20,transmission3093,transmission565
transmission3093_to_transmission572_heat,#823740,LQ heat distribution,transmission,10000,0.99,20,transmission572,transmission3093
transmission3093_to_transmission572_electricity,#3186cc,LV electricity distribution,transmission,10000,0.99,20,transmission572,transmission3093
transmission1140_to_transmission2607_heat,#823740,LQ heat distribution,transmission,10000,0.99,20,transmission2607,transmission1140
transmission1140_to_transmission2607_electricity,#3186cc,LV electricity distribution,transmission,10000,0.99,20,transmission2607,transmission1140
transmission2607_to_transmission3345_heat,#823740,LQ heat distribution,transmission,10000,0.99,20,transmission3345,transmission2607
transmission2607_to_transmission3345_electricity,#3186cc,LV electricity distribution,transmission,10000,0.99,20,transmission3345,transmission2607
transmission3345_to_transmission692_heat,#823740,LQ heat distribution,transmission,10000,0.99,20,transmission692,transmission3345
transmission3345_to_transmission692_electricity,#3186cc,LV electricity distribution,transmission,10000,0.99,20,transmission692,transmission3345
transmission692_to_transmission2050_heat,#823740,LQ heat distribution,transmission,10000,0.99,20,transmission2050,transmission692
transmission692_to_transmission2050_electricity,#3186cc,LV electricity distribution,transmission,10000,0.99,20,transmission2050,transmission692
transmission2050_to_transmission1648_heat,#823740,LQ heat distribution,transmission,10000,0.99,20,transmission1648,transmission2050
transmission2050_to_transmission1648_electricity,#3186cc,LV electricity distribution,transmission,10000,0.99,20,transmission1648,transmission2050
transmission1648_to_transmission3155_heat,#823740,LQ heat distribution,transmission,10000,0.99,20,transmission3155,transmission1648
transmission1648_to_transmission3155_electricity,#3186cc,LV electricity distribution,transmission,10000,0.99,20,transmission3155,transmission1648
transmission3155_to_transmission1582_heat,#823740,LQ heat distribution,transmission,10000,0.99,20,transmission1582,transmission3155
transmission3155_to_transmission1582_electricity,#3186cc,LV electricity distribution,transmission,10000,0.99,20,transmission1582,transmission3155
transmission1582_to_transmission1121_heat,#823740,LQ heat distribution,transmission,10000,0.99,20,transmission1121,transmission1582
transmission1582_to_transmission1121_electricity,#3186cc,LV electricity distribution,transmission,10000,0.99,20,transmission1121,transmission1582
transmission1121_to_transmission3092_heat,#823740,LQ heat distribution,transmission,10000,0.99,20,transmission3092,transmission1121
transmission1121_to_transmission3092_electricity,#3186cc,LV electricity distribution,transmission,10000,0.99,20,transmission3092,transmission1121
transmission3092_to_transmission1048_heat,#823740,LQ heat distribution,transmission,10000,0.99,20,transmission1048,transmission3092
transmission3092_to_transmission1048_electricity,#3186cc,LV electricity distribution,transmission,10000,0.99,20,transmission1048,transmission3092
transmission1048_to_transmission629_heat,#823740,LQ heat distribution,transmission,10000,0.99,20,transmission629,transmission1048
transmission1048_to_transmission629_electricity,#3186cc,LV electricity distribution,transmission,10000,0.99,20,transmission629,transmission1048
transmission629_to_transmission2616_heat,#823740,LQ heat distribution,transmission,10000,0.99,20,transmission2616,transmission629
transmission629_to_transmission2616_electricity,#3186cc,LV electricity distribution,transmission,10000,0.99,20,transmission2616,transmission629
transmission2616_to_transmission2487_heat,#823740,LQ heat distribution,transmission,10000,0.99,20,transmission2487,transmission2616
transmission2616_to_transmission2487_electricity,#3186cc,LV electricity distribution,transmission,10000,0.99,20,transmission2487,transmission2616
transmission2487_to_transmission546_heat,#823740,LQ heat distribution,transmission,10000,0.99,20,transmission546,transmission2487
transmission2487_to_transmission546_electricity,#3186cc,LV electricity distribution,transmission,10000,0.99,20,transmission546,transmission2487
transmission546_to_transmission2130_heat,#823740,LQ heat distribution,transmission,10000,0.99,20,transmission2130,transmission546
transmission546_to_transmission2130_electricity,#3186cc,LV electricity distribution,transmission,10000,0.99,20,transmission2130,transmission546
transmission2130_to_transmission2517_heat,#823740,LQ heat distribution,transmission,10000,0.99,20,transmission2517,transmission2130
transmission2130_to_transmission2517_electricity,#3186cc,LV electricity distribution,transmission,10000,0.99,20,transmission2517,transmission2130
transmission2517_to_transmission1816_heat,#823740,LQ heat distribution,transmission,10000,0.99,20,transmission1816,transmission2517
transmission2517_to_transmission1816_electricity,#3186cc,LV electricity distribution,transmission,10000,0.99,20,transmission1816,transmission2517
transmission1816_to_transmission1629_heat,#823740,LQ heat distribution,transmission,10000,0.99,20,transmission1629,transmission1816
transmission1816_to_transmission1629_electricity,#3186cc,LV electricity distribution,transmission,10000,0.99,20,transmission1629,transmission1816
transmission1629_to_transmission2705_heat,#823740,LQ heat distribution,transmission,10000,0.99,20,transmission2705,transmission1629
transmission1629_to_transmission2705_electricity,#3186cc,LV electricity distribution,transmission,10000,0.99,20,transmission2705,transmission1629
transmission2705_to_transmission1644_heat,#823740,LQ heat distribution,transmission,10000,0.99,20,transmission1644,transmission2705
transmission2705_to_transmission1644_electricity,#3186cc,LV electricity distribution,transmission,10000,0.99,20,transmission1644,transmission2705
transmission1644_to_transmission3285_heat,#823740,LQ heat distribution,transmission,10000,0.99,20,transmission3285,transmission1644
transmission1644_to_transmission3285_electricity,#3186cc,LV electricity distribution,transmission,10000,0.99,20,transmission3285,transmission1644
transmission3285_to_transmission2499_heat,#823740,LQ heat distribution,transmission,10000,0.99,20,transmission2499,transmission3285
transmission3285_to_transmission2499_electricity,#3186cc,LV electricity distribution,transmission,10000,0.99,20,transmission2499,transmission3285
transmission2499_to_transmission2681_heat,#823740,LQ heat distribution,transmission,10000,0.99,20,transmission2681,transmission2499
transmission2499_to_transmission2681_electricity,#3186cc,LV electricity distribution,transmission,10000,0.99,20,transmission2681,transmission2499
transmission2681_to_transmission1391_heat,#823740,LQ heat distribution,transmission,10000,0.99,20,transmission1391,transmission2681
transmission2681_to_transmission1391_electricity,#3186cc,LV electricity distribution,transmission,10000,0.99,20,transmission1391,transmission2681
transmission1618_to_transmission1205_heat,#823740,LQ heat distribution,transmission,10000,0.99,20,transmission1205,transmission1618
transmission1618_to_transmission1205_electricity,#3186cc,LV electricity distribution,transmission,10000,0.99,20,transmission1205,transmission1618
transmission1205_to_transmission2101_heat,#823740,LQ heat distribution,transmission,10000,0.99,20,transmission2101,transmission1205
transmission1205_to_transmission2101_electricity,#3186cc,LV electricity distribution,transmission,10000,0.99,20,transmission2101,transmission1205
transmission2101_to_transmission2055_heat,#823740,LQ heat distribution,transmission,10000,0.99,20,transmission2055,transmission2101
transmission2101_to_transmission2055_electricity,#3186cc,LV electricity distribution,transmission,10000,0.99,20,transmission2055,transmission2101
transmission2055_to_transmission985_heat,#823740,LQ heat distribution,transmission,10000,0.99,20,transmission985,transmission2055
transmission2055_to_transmission985_electricity,#3186cc,LV electricity distribution,transmission,10000,0.99,20,transmission985,transmission2055
transmission3064_to_transmission2003_heat,#823740,LQ heat distribution,transmission,10000,0.99,20,transmission2003,transmission3064
transmission3064_to_transmission2003_electricity,#3186cc,LV electricity distribution,transmission,10000,0.99,20,transmission2003,transmission3064
transmission2003_to_transmission2259_heat,#823740,LQ heat distribution,transmission,10000,0.99,20,transmission2259,transmission2003
transmission2003_to_transmission2259_electricity,#3186cc,LV electricity distribution,transmission,10000,0.99,20,transmission2259,transmission2003
transmission2259_to_transmission614_heat,#823740,LQ heat distribution,transmission,10000,0.99,20,transmission614,transmission2259
transmission2259_to_transmission614_electricity,#3186cc,LV electricity distribution,transmission,10000,0.99,20,transmission614,transmission2259
transmission614_to_transmission2746_heat,#823740,LQ heat distribution,transmission,10000,0.99,20,transmission2746,transmission614
transmission614_to_transmission2746_electricity,#3186cc,LV electricity distribution,transmission,10000,0.99,20,transmission2746,transmission614
transmission2746_to_transmission2721_heat,#823740,LQ heat distribution,transmission,10000,0.99,20,transmission2721,transmission2746
transmission2746_to_transmission2721_electricity,#3186cc,LV electricity distribution,transmission,10000,0.99,20,transmission2721,transmission2746
transmission2721_to_transmission1047_heat,#823740,LQ heat distribution,transmission,10000,0.99,20,transmission1047,transmission2721
transmission2721_to_transmission1047_electricity,#3186cc,LV electricity distribution,transmission,10000,0.99,20,transmission1047,transmission2721
transmission1047_to_transmission2500_heat,#823740,LQ heat distribution,transmission,10000,0.99,20,transmission2500,transmission1047
transmission1047_to_transmission2500_electricity,#3186cc,LV electricity distribution,transmission,10000,0.99,20,transmission2500,transmission1047
transmission2500_to_transmission1199_heat,#823740,LQ heat distribution,transmission,10000,0.99,20,transmission1199,transmission2500
transmission2500_to_transmission1199_electricity,#3186cc,LV electricity distribution,transmission,10000,0.99,20,transmission1199,transmission2500
transmission1199_to_transmission3327_heat,#823740,LQ heat distribution,transmission,10000,0.99,20,transmission3327,transmission1199
transmission1199_to_transmission3327_electricity,#3186cc,LV electricity distribution,transmission,10000,0.99,20,transmission3327,transmission1199
transmission3327_to_transmission3274_heat,#823740,LQ heat distribution,transmission,10000,0.99,20,transmission3274,transmission3327
transmission3327_to_transmission3274_electricity,#3186cc,LV electricity distribution,transmission,10000,0.99,20,transmission3274,transmission3327
transmission3274_to_transmission1273_heat,#823740,LQ heat distribution,transmission,10000,0.99,20,transmission1273,transmission3274
transmission3274_to_transmission1273_electricity,#3186cc,LV electricity distribution,transmission,10000,0.99,20,transmission1273,transmission3274
transmission1273_to_transmission2460_heat,#823740,LQ heat distribution,transmission,10000,0.99,20,transmission2460,transmission1273
transmission1273_to_transmission2460_electricity,#3186cc,LV electricity distribution,transmission,10000,0.99,20,transmission2460,transmission1273
transmission2460_to_transmission3339_heat,#823740,LQ heat distribution,transmission,10000,0.99,20,transmission3339,transmission2460
transmission2460_to_transmission3339_electricity,#3186cc,LV electricity distribution,transmission,10000,0.99,20,transmission3339,transmission2460
transmission3339_to_transmission2264_heat,#823740,LQ heat distribution,transmission,10000,0.99,20,transmission2264,transmission3339
transmission3339_to_transmission2264_electricity,#3186cc,LV electricity distribution,transmission,10000,0.99,20,transmission2264,transmission3339
transmission2264_to_transmission649_heat,#823740,LQ heat distribution,transmission,10000,0.99,20,transmission649,transmission2264
transmission2264_to_transmission649_electricity,#3186cc,LV electricity distribution,transmission,10000,0.99,20,transmission649,transmission2264
transmission649_to_transmission2874_heat,#823740,LQ heat distribution,transmission,10000,0.99,20,transmission2874,transmission649
transmission649_to_transmission2874_electricity,#3186cc,LV electricity distribution,transmission,10000,0.99,20,transmission2874,transmission649
transmission3284_to_transmission2828_heat,#823740,LQ heat distribution,transmission,10000,0.99,20,transmission2828,transmission3284
transmission3284_to_transmission2828_electricity,#3186cc,LV electricity distribution,transmission,10000,0.99,20,transmission2828,transmission3284
transmission2828_to_transmission2564_heat,#823740,LQ heat distribution,transmission,10000,0.99,20,transmission2564,transmission2828
transmission2828_to_transmission2564_electricity,#3186cc,LV electricity distribution,transmission,10000,0.99,20,transmission2564,transmission2828
transmission2564_to_transmission575_heat,#823740,LQ heat distribution,transmission,10000,0.99,20,transmission575,transmission2564
transmission2564_to_transmission575_electricity,#3186cc,LV electricity distribution,transmission,10000,0.99,20,transmission575,transmission2564
transmission575_to_transmission590_heat,#823740,LQ heat distribution,transmission,10000,0.99,20,transmission590,transmission575
transmission575_to_transmission590_electricity,#3186cc,LV electricity distribution,transmission,10000,0.99,20,transmission590,transmission575
transmission590_to_transmission619_heat,#823740,LQ heat distribution,transmission,10000,0.99,20,transmission619,transmission590
transmission590_to_transmission619_electricity,#3186cc,LV electricity distribution,transmission,10000,0.99,20,transmission619,transmission590
transmission619_to_transmission1621_heat,#823740,LQ heat distribution,transmission,10000,0.99,20,transmission1621,transmission619
transmission619_to_transmission1621_electricity,#3186cc,LV electricity distribution,transmission,10000,0.99,20,transmission1621,transmission619
transmission1621_to_transmission1333_heat,#823740,LQ heat distribution,transmission,10000,0.99,20,transmission1333,transmission1621
transmission1621_to_transmission1333_electricity,#3186cc,LV electricity distribution,transmission,10000,0.99,20,transmission1333,transmission1621
transmission1333_to_transmission548_heat,#823740,LQ heat distribution,transmission,10000,0.99,20,transmission548,transmission1333
transmission1333_to_transmission548_electricity,#3186cc,LV electricity distribution,transmission,10000,0.99,20,transmission548,transmission1333
transmission548_to_transmission1427_heat,#823740,LQ heat distribution,transmission,10000,0.99,20,transmission1427,transmission548
transmission548_to_transmission1427_electricity,#3186cc,LV electricity distribution,transmission,10000,0.99,20,transmission1427,transmission548
transmission1427_to_transmission2488_heat,#823740,LQ heat distribution,transmission,10000,0.99,20,transmission2488,transmission1427
transmission1427_to_transmission2488_electricity,#3186cc,LV electricity distribution,transmission,10000,0.99,20,transmission2488,transmission1427
transmission2488_to_transmission793_heat,#823740,LQ heat distribution,transmission,10000,0.99,20,transmission793,transmission2488
transmission2488_to_transmission793_electricity,#3186cc,LV electricity distribution,transmission,10000,0.99,20,transmission793,transmission2488
transmission793_to_transmission1709_heat,#823740,LQ heat distribution,transmission,10000,0.99,20,transmission1709,transmission793
transmission793_to_transmission1709_electricity,#3186cc,LV electricity distribution,transmission,10000,0.99,20,transmission1709,transmission793
transmission1709_to_transmission2158_heat,#823740,LQ heat distribution,transmission,10000,0.99,20,transmission2158,transmission1709
transmission1709_to_transmission2158_electricity,#3186cc,LV electricity distribution,transmission,10000,0.99,20,transmission2158,transmission1709
transmission2158_to_transmission967_heat,#823740,LQ heat distribution,transmission,10000,0.99,20,transmission967,transmission2158
transmission2158_to_transmission967_electricity,#3186cc,LV electricity distribution,transmission,10000,0.99,20,transmission967,transmission2158
transmission967_to_transmission2157_heat,#823740,LQ heat distribution,transmission,10000,0.99,20,transmission2157,transmission967
transmission967_to_transmission2157_electricity,#3186cc,LV electricity distribution,transmission,10000,0.99,20,transmission2157,transmission967
transmission2157_to_transmission690_heat,#823740,LQ heat distribution,transmission,10000,0.99,20,transmission690,transmission2157
transmission2157_to_transmission690_electricity,#3186cc,LV electricity distribution,transmission,10000,0.99,20,transmission690,transmission2157
transmission690_to_transmission617_heat,#823740,LQ heat distribution,transmission,10000,0.99,20,transmission617,transmission690
transmission690_to_transmission617_electricity,#3186cc,LV electricity distribution,transmission,10000,0.99,20,transmission617,transmission690
transmission617_to_transmission2040_heat,#823740,LQ heat distribution,transmission,10000,0.99,20,transmission2040,transmission617
transmission617_to_transmission2040_electricity,#3186cc,LV electricity distribution,transmission,10000,0.99,20,transmission2040,transmission617
transmission2040_to_transmission1021_heat,#823740,LQ heat distribution,transmission,10000,0.99,20,transmission1021,transmission2040
transmission2040_to_transmission1021_electricity,#3186cc,LV electricity distribution,transmission,10000,0.99,20,transmission1021,transmission2040
transmission1021_to_transmission2437_heat,#823740,LQ heat distribution,transmission,10000,0.99,20,transmission2437,transmission1021
transmission1021_to_transmission2437_electricity,#3186cc,LV electricity distribution,transmission,10000,0.99,20,transmission2437,transmission1021
transmission2437_to_transmission3277_heat,#823740,LQ heat distribution,transmission,10000,0.99,20,transmission3277,transmission2437
transmission2437_to_transmission3277_electricity,#3186cc,LV electricity distribution,transmission,10000,0.99,20,transmission3277,transmission2437
transmission3277_to_transmission589_heat,#823740,LQ heat distribution,transmission,10000,0.99,20,transmission589,transmission3277
transmission3277_to_transmission589_electricity,#3186cc,LV electricity distribution,transmission,10000,0.99,20,transmission589,transmission3277
transmission589_to_transmission2374_heat,#823740,LQ heat distribution,transmission,10000,0.99,20,transmission2374,transmission589
transmission589_to_transmission2374_electricity,#3186cc,LV electricity distribution,transmission,10000,0.99,20,transmission2374,transmission589
transmission2374_to_transmission1940_heat,#823740,LQ heat distribution,transmission,10000,0.99,20,transmission1940,transmission2374
transmission2374_to_transmission1940_electricity,#3186cc,LV electricity distribution,transmission,10000,0.99,20,transmission1940,transmission2374
transmission1940_to_transmission2127_heat,#823740,LQ heat distribution,transmission,10000,0.99,20,transmission2127,transmission1940
transmission1940_to_transmission2127_electricity,#3186cc,LV electricity distribution,transmission,10000,0.99,20,transmission2127,transmission1940
transmission2127_to_transmission2277_heat,#823740,LQ heat distribution,transmission,10000,0.99,20,transmission2277,transmission2127
transmission2127_to_transmission2277_electricity,#3186cc,LV electricity distribution,transmission,10000,0.99,20,transmission2277,transmission2127
transmission1875_to_transmission2679_heat,#823740,LQ heat distribution,transmission,10000,0.99,20,transmission2679,transmission1875
transmission1875_to_transmission2679_electricity,#3186cc,LV electricity distribution,transmission,10000,0.99,20,transmission2679,transmission1875
transmission2679_to_transmission709_heat,#823740,LQ heat distribution,transmission,10000,0.99,20,transmission709,transmission2679
transmission2679_to_transmission709_electricity,#3186cc,LV electricity distribution,transmission,10000,0.99,20,transmission709,transmission2679
transmission709_to_transmission1551_heat,#823740,LQ heat distribution,transmission,10000,0.99,20,transmission1551,transmission709
transmission709_to_transmission1551_electricity,#3186cc,LV electricity distribution,transmission,10000,0.99,20,transmission1551,transmission709
transmission1551_to_transmission613_heat,#823740,LQ heat distribution,transmission,10000,0.99,20,transmission613,transmission1551
transmission1551_to_transmission613_electricity,#3186cc,LV electricity distribution,transmission,10000,0.99,20,transmission613,transmission1551
transmission613_to_transmission2347_heat,#823740,LQ heat distribution,transmission,10000,0.99,20,transmission2347,transmission613
transmission613_to_transmission2347_electricity,#3186cc,LV electricity distribution,transmission,10000,0.99,20,transmission2347,transmission613
transmission2347_to_transmission736_heat,#823740,LQ heat distribution,transmission,10000,0.99,20,transmission736,transmission2347
transmission2347_to_transmission736_electricity,#3186cc,LV electricity distribution,transmission,10000,0.99,20,transmission736,transmission2347
transmission736_to_transmission1783_heat,#823740,LQ heat distribution,transmission,10000,0.99,20,transmission1783,transmission736
transmission736_to_transmission1783_electricity,#3186cc,LV electricity distribution,transmission,10000,0.99,20,transmission1783,transmission736
transmission1783_to_transmission3403_heat,#823740,LQ heat distribution,transmission,10000,0.99,20,transmission3403,transmission1783
transmission1783_to_transmission3403_electricity,#3186cc,LV electricity distribution,transmission,10000,0.99,20,transmission3403,transmission1783
transmission3403_to_transmission1596_heat,#823740,LQ heat distribution,transmission,10000,0.99,20,transmission1596,transmission3403
transmission3403_to_transmission1596_electricity,#3186cc,LV electricity distribution,transmission,10000,0.99,20,transmission1596,transmission3403
transmission1596_to_transmission1715_heat,#823740,LQ heat distribution,transmission,10000,0.99,20,transmission1715,transmission1596
transmission1596_to_transmission1715_electricity,#3186cc,LV electricity distribution,transmission,10000,0.99,20,transmission1715,transmission1596
transmission1715_to_transmission2025_heat,#823740,LQ heat distribution,transmission,10000,0.99,20,transmission2025,transmission1715
transmission1715_to_transmission2025_electricity,#3186cc,LV electricity distribution,transmission,10000,0.99,20,transmission2025,transmission1715
transmission2025_to_transmission2463_heat,#823740,LQ heat distribution,transmission,10000,0.99,20,transmission2463,transmission2025
transmission2025_to_transmission2463_electricity,#3186cc,LV electricity distribution,transmission,10000,0.99,20,transmission2463,transmission2025
transmission2463_to_transmission909_heat,#823740,LQ heat distribution,transmission,10000,0.99,20,transmission909,transmission2463
transmission2463_to_transmission909_electricity,#3186cc,LV electricity distribution,transmission,10000,0.99,20,transmission909,transmission2463
transmission909_to_transmission3322_heat,#823740,LQ heat distribution,transmission,10000,0.99,20,transmission3322,transmission909
transmission909_to_transmission3322_electricity,#3186cc,LV electricity distribution,transmission,10000,0.99,20,transmission3322,transmission909
transmission3322_to_transmission2720_heat,#823740,LQ heat distribution,transmission,10000,0.99,20,transmission2720,transmission3322
transmission3322_to_transmission2720_electricity,#3186cc,LV electricity distribution,transmission,10000,0.99,20,transmission2720,transmission3322
transmission2720_to_transmission2202_heat,#823740,LQ heat distribution,transmission,10000,0.99,20,transmission2202,transmission2720
transmission2720_to_transmission2202_electricity,#3186cc,LV electricity distribution,transmission,10000,0.99,20,transmission2202,transmission2720
transmission2202_to_transmission3059_heat,#823740,LQ heat distribution,transmission,10000,0.99,20,transmission3059,transmission2202
transmission2202_to_transmission3059_electricity,#3186cc,LV electricity distribution,transmission,10000,0.99,20,transmission3059,transmission2202
transmission3059_to_transmission682_heat,#823740,LQ heat distribution,transmission,10000,0.99,20,transmission682,transmission3059
transmission3059_to_transmission682_electricity,#3186cc,LV electricity distribution,transmission,10000,0.99,20,transmission682,transmission3059
transmission682_to_transmission1145_heat,#823740,LQ heat distribution,transmission,10000,0.99,20,transmission1145,transmission682
transmission682_to_transmission1145_electricity,#3186cc,LV electricity distribution,transmission,10000,0.99,20,transmission1145,transmission682
transmission1145_to_transmission2738_heat,#823740,LQ heat distribution,transmission,10000,0.99,20,transmission2738,transmission1145
transmission1145_to_transmission2738_electricity,#3186cc,LV electricity distribution,transmission,10000,0.99,20,transmission2738,transmission1145
transmission2738_to_transmission2644_heat,#823740,LQ heat distribution,transmission,10000,0.99,20,transmission2644,transmission2738
transmission2738_to_transmission2644_electricity,#3186cc,LV electricity distribution,transmission,10000,0.99,20,transmission2644,transmission2738
transmission2644_to_transmission3323_heat,#823740,LQ heat distribution,transmission,10000,0.99,20,transmission3323,transmission2644
transmission2644_to_transmission3323_electricity,#3186cc,LV electricity distribution,transmission,10000,0.99,20,transmission3323,transmission2644
transmission3323_to_transmission1444_heat,#823740,LQ heat distribution,transmission,10000,0.99,20,transmission1444,transmission3323
transmission3323_to_transmission1444_electricity,#3186cc,LV electricity distribution,transmission,10000,0.99,20,transmission1444,transmission3323
transmission1444_to_transmission2130_heat,#823740,LQ heat distribution,transmission,10000,0.99,20,transmission2130,transmission1444
transmission1444_to_transmission2130_electricity,#3186cc,LV electricity distribution,transmission,10000,0.99,20,transmission2130,transmission1444
transmission2400_to_transmission1668_heat,#823740,LQ heat distribution,transmission,10000,0.99,20,transmission1668,transmission2400
transmission2400_to_transmission1668_electricity,#3186cc,LV electricity distribution,transmission,10000,0.99,20,transmission1668,transmission2400
transmission1668_to_transmission1578_heat,#823740,LQ heat distribution,transmission,10000,0.99,20,transmission1578,transmission1668
transmission1668_to_transmission1578_electricity,#3186cc,LV electricity distribution,transmission,10000,0.99,20,transmission1578,transmission1668
transmission1578_to_transmission3135_heat,#823740,LQ heat distribution,transmission,10000,0.99,20,transmission3135,transmission1578
transmission1578_to_transmission3135_electricity,#3186cc,LV electricity distribution,transmission,10000,0.99,20,transmission3135,transmission1578
transmission3135_to_transmission2300_heat,#823740,LQ heat distribution,transmission,10000,0.99,20,transmission2300,transmission3135
transmission3135_to_transmission2300_electricity,#3186cc,LV electricity distribution,transmission,10000,0.99,20,transmission2300,transmission3135
transmission2300_to_transmission2625_heat,#823740,LQ heat distribution,transmission,10000,0.99,20,transmission2625,transmission2300
transmission2300_to_transmission2625_electricity,#3186cc,LV electricity distribution,transmission,10000,0.99,20,transmission2625,transmission2300
transmission2625_to_transmission721_heat,#823740,LQ heat distribution,transmission,10000,0.99,20,transmission721,transmission2625
transmission2625_to_transmission721_electricity,#3186cc,LV electricity distribution,transmission,10000,0.99,20,transmission721,transmission2625
transmission721_to_transmission2745_heat,#823740,LQ heat distribution,transmission,10000,0.99,20,transmission2745,transmission721
transmission721_to_transmission2745_electricity,#3186cc,LV electricity distribution,transmission,10000,0.99,20,transmission2745,transmission721
transmission2745_to_transmission738_heat,#823740,LQ heat distribution,transmission,10000,0.99,20,transmission738,transmission2745
transmission2745_to_transmission738_electricity,#3186cc,LV electricity distribution,transmission,10000,0.99,20,transmission738,transmission2745
transmission738_to_transmission618_heat,#823740,LQ heat distribution,transmission,10000,0.99,20,transmission618,transmission738
transmission738_to_transmission618_electricity,#3186cc,LV electricity distribution,transmission,10000,0.99,20,transmission618,transmission738
transmission618_to_transmission1589_heat,#823740,LQ heat distribution,transmission,10000,0.99,20,transmission1589,transmission618
transmission618_to_transmission1589_electricity,#3186cc,LV electricity distribution,transmission,10000,0.99,20,transmission1589,transmission618
transmission1589_to_transmission2263_heat,#823740,LQ heat distribution,transmission,10000,0.99,20,transmission2263,transmission1589
transmission1589_to_transmission2263_electricity,#3186cc,LV electricity distribution,transmission,10000,0.99,20,transmission2263,transmission1589
transmission2263_to_transmission752_heat,#823740,LQ heat distribution,transmission,10000,0.99,20,transmission752,transmission2263
transmission2263_to_transmission752_electricity,#3186cc,LV electricity distribution,transmission,10000,0.99,20,transmission752,transmission2263
transmission752_to_transmission1337_heat,#823740,LQ heat distribution,transmission,10000,0.99,20,transmission1337,transmission752
transmission752_to_transmission1337_electricity,#3186cc,LV electricity distribution,transmission,10000,0.99,20,transmission1337,transmission752
transmission1337_to_transmission1080_heat,#823740,LQ heat distribution,transmission,10000,0.99,20,transmission1080,transmission1337
transmission1337_to_transmission1080_electricity,#3186cc,LV electricity distribution,transmission,10000,0.99,20,transmission1080,transmission1337
transmission1080_to_transmission611_heat,#823740,LQ heat distribution,transmission,10000,0.99,20,transmission611,transmission1080
transmission1080_to_transmission611_electricity,#3186cc,LV electricity distribution,transmission,10000,0.99,20,transmission611,transmission1080
transmission611_to_transmission2051_heat,#823740,LQ heat distribution,transmission,10000,0.99,20,transmission2051,transmission611
transmission611_to_transmission2051_electricity,#3186cc,LV electricity distribution,transmission,10000,0.99,20,transmission2051,transmission611
transmission2051_to_transmission2357_heat,#823740,LQ heat distribution,transmission,10000,0.99,20,transmission2357,transmission2051
transmission2051_to_transmission2357_electricity,#3186cc,LV electricity distribution,transmission,10000,0.99,20,transmission2357,transmission2051
transmission2357_to_transmission2462_heat,#823740,LQ heat distribution,transmission,10000,0.99,20,transmission2462,transmission2357
transmission2357_to_transmission2462_electricity,#3186cc,LV electricity distribution,transmission,10000,0.99,20,transmission2462,transmission2357
transmission2462_to_transmission2368_heat,#823740,LQ heat distribution,transmission,10000,0.99,20,transmission2368,transmission2462
transmission2462_to_transmission2368_electricity,#3186cc,LV electricity distribution,transmission,10000,0.99,20,transmission2368,transmission2462
transmission2368_to_transmission507_heat,#823740,LQ heat distribution,transmission,10000,0.99,20,transmission507,transmission2368
transmission2368_to_transmission507_electricity,#3186cc,LV electricity distribution,transmission,10000,0.99,20,transmission507,transmission2368
transmission507_to_transmission2686_heat,#823740,LQ heat distribution,transmission,10000,0.99,20,transmission2686,transmission507
transmission507_to_transmission2686_electricity,#3186cc,LV electricity distribution,transmission,10000,0.99,20,transmission2686,transmission507
transmission2686_to_transmission2606_heat,#823740,LQ heat distribution,transmission,10000,0.99,20,transmission2606,transmission2686
transmission2686_to_transmission2606_electricity,#3186cc,LV electricity distribution,transmission,10000,0.99,20,transmission2606,transmission2686
transmission2606_to_transmission2572_heat,#823740,LQ heat distribution,transmission,10000,0.99,20,transmission2572,transmission2606
transmission2606_to_transmission2572_electricity,#3186cc,LV electricity distribution,transmission,10000,0.99,20,transmission2572,transmission2606
transmission2572_to_transmission984_heat,#823740,LQ heat distribution,transmission,10000,0.99,20,transmission984,transmission2572
transmission2572_to_transmission984_electricity,#3186cc,LV electricity distribution,transmission,10000,0.99,20,transmission984,transmission2572
transmission984_to_transmission2846_heat,#823740,LQ heat distribution,transmission,10000,0.99,20,transmission2846,transmission984
transmission984_to_transmission2846_electricity,#3186cc,LV electricity distribution,transmission,10000,0.99,20,transmission2846,transmission984
transmission2846_to_transmission3069_heat,#823740,LQ heat distribution,transmission,10000,0.99,20,transmission3069,transmission2846
transmission2846_to_transmission3069_electricity,#3186cc,LV electricity distribution,transmission,10000,0.99,20,transmission3069,transmission2846
transmission3069_to_transmission2404_heat,#823740,LQ heat distribution,transmission,10000,0.99,20,transmission2404,transmission3069
transmission3069_to_transmission2404_electricity,#3186cc,LV electricity distribution,transmission,10000,0.99,20,transmission2404,transmission3069
transmission818_to_transmission3107_heat,#823740,LQ heat distribution,transmission,10000,0.99,20,transmission3107,transmission818
transmission818_to_transmission3107_electricity,#3186cc,LV electricity distribution,transmission,10000,0.99,20,transmission3107,transmission818
transmission3107_to_transmission2650_heat,#823740,LQ heat distribution,transmission,10000,0.99,20,transmission2650,transmission3107
transmission3107_to_transmission2650_electricity,#3186cc,LV electricity distribution,transmission,10000,0.99,20,transmission2650,transmission3107
transmission2650_to_transmission1822_heat,#823740,LQ heat distribution,transmission,10000,0.99,20,transmission1822,transmission2650
transmission2650_to_transmission1822_electricity,#3186cc,LV electricity distribution,transmission,10000,0.99,20,transmission1822,transmission2650
transmission1822_to_transmission3187_heat,#823740,LQ heat distribution,transmission,10000,0.99,20,transmission3187,transmission1822
transmission1822_to_transmission3187_electricity,#3186cc,LV electricity distribution,transmission,10000,0.99,20,transmission3187,transmission1822
transmission3187_to_transmission2345_heat,#823740,LQ heat distribution,transmission,10000,0.99,20,transmission2345,transmission3187
transmission3187_to_transmission2345_electricity,#3186cc,LV electricity distribution,transmission,10000,0.99,20,transmission2345,transmission3187
transmission2345_to_transmission3077_heat,#823740,LQ heat distribution,transmission,10000,0.99,20,transmission3077,transmission2345
transmission2345_to_transmission3077_electricity,#3186cc,LV electricity distribution,transmission,10000,0.99,20,transmission3077,transmission2345
transmission3077_to_transmission1619_heat,#823740,LQ heat distribution,transmission,10000,0.99,20,transmission1619,transmission3077
transmission3077_to_transmission1619_electricity,#3186cc,LV electricity distribution,transmission,10000,0.99,20,transmission1619,transmission3077
transmission1619_to_transmission2298_heat,#823740,LQ heat distribution,transmission,10000,0.99,20,transmission2298,transmission1619
transmission1619_to_transmission2298_electricity,#3186cc,LV electricity distribution,transmission,10000,0.99,20,transmission2298,transmission1619
transmission2298_to_transmission1087_heat,#823740,LQ heat distribution,transmission,10000,0.99,20,transmission1087,transmission2298
transmission2298_to_transmission1087_electricity,#3186cc,LV electricity distribution,transmission,10000,0.99,20,transmission1087,transmission2298
transmission2345_to_transmission2411_heat,#823740,LQ heat distribution,transmission,10000,0.99,20,transmission2411,transmission2345
transmission2345_to_transmission2411_electricity,#3186cc,LV electricity distribution,transmission,10000,0.99,20,transmission2411,transmission2345
transmission2411_to_transmission2793_heat,#823740,LQ heat distribution,transmission,10000,0.99,20,transmission2793,transmission2411
transmission2411_to_transmission2793_electricity,#3186cc,LV electricity distribution,transmission,10000,0.99,20,transmission2793,transmission2411
transmission2793_to_transmission954_heat,#823740,LQ heat distribution,transmission,10000,0.99,20,transmission954,transmission2793
transmission2793_to_transmission954_electricity,#3186cc,LV electricity distribution,transmission,10000,0.99,20,transmission954,transmission2793
transmission954_to_transmission549_heat,#823740,LQ heat distribution,transmission,10000,0.99,20,transmission549,transmission954
transmission954_to_transmission549_electricity,#3186cc,LV electricity distribution,transmission,10000,0.99,20,transmission549,transmission954
transmission549_to_transmission1431_heat,#823740,LQ heat distribution,transmission,10000,0.99,20,transmission1431,transmission549
transmission549_to_transmission1431_electricity,#3186cc,LV electricity distribution,transmission,10000,0.99,20,transmission1431,transmission549
transmission1431_to_transmission1814_heat,#823740,LQ heat distribution,transmission,10000,0.99,20,transmission1814,transmission1431
transmission1431_to_transmission1814_electricity,#3186cc,LV electricity distribution,transmission,10000,0.99,20,transmission1814,transmission1431
transmission1814_to_transmission1134_heat,#823740,LQ heat distribution,transmission,10000,0.99,20,transmission1134,transmission1814
transmission1814_to_transmission1134_electricity,#3186cc,LV electricity distribution,transmission,10000,0.99,20,transmission1134,transmission1814
transmission1134_to_transmission2490_heat,#823740,LQ heat distribution,transmission,10000,0.99,20,transmission2490,transmission1134
transmission1134_to_transmission2490_electricity,#3186cc,LV electricity distribution,transmission,10000,0.99,20,transmission2490,transmission1134
transmission2490_to_transmission2928_heat,#823740,LQ heat distribution,transmission,10000,0.99,20,transmission2928,transmission2490
transmission2490_to_transmission2928_electricity,#3186cc,LV electricity distribution,transmission,10000,0.99,20,transmission2928,transmission2490
transmission2928_to_transmission2990_heat,#823740,LQ heat distribution,transmission,10000,0.99,20,transmission2990,transmission2928
transmission2928_to_transmission2990_electricity,#3186cc,LV electricity distribution,transmission,10000,0.99,20,transmission2990,transmission2928
transmission2990_to_transmission2703_heat,#823740,LQ heat distribution,transmission,10000,0.99,20,transmission2703,transmission2990
transmission2990_to_transmission2703_electricity,#3186cc,LV electricity distribution,transmission,10000,0.99,20,transmission2703,transmission2990
transmission2703_to_transmission2731_heat,#823740,LQ heat distribution,transmission,10000,0.99,20,transmission2731,transmission2703
transmission2703_to_transmission2731_electricity,#3186cc,LV electricity distribution,transmission,10000,0.99,20,transmission2731,transmission2703
transmission991_to_transmission2974_heat,#823740,LQ heat distribution,transmission,10000,0.99,20,transmission2974,transmission991
transmission991_to_transmission2974_electricity,#3186cc,LV electricity distribution,transmission,10000,0.99,20,transmission2974,transmission991
transmission2974_to_transmission2246_heat,#823740,LQ heat distribution,transmission,10000,0.99,20,transmission2246,transmission2974
transmission2974_to_transmission2246_electricity,#3186cc,LV electricity distribution,transmission,10000,0.99,20,transmission2246,transmission2974
transmission2246_to_transmission1620_heat,#823740,LQ heat distribution,transmission,10000,0.99,20,transmission1620,transmission2246
transmission2246_to_transmission1620_electricity,#3186cc,LV electricity distribution,transmission,10000,0.99,20,transmission1620,transmission2246
transmission1620_to_transmission2731_heat,#823740,LQ heat distribution,transmission,10000,0.99,20,transmission2731,transmission1620
transmission1620_to_transmission2731_electricity,#3186cc,LV electricity distribution,transmission,10000,0.99,20,transmission2731,transmission1620
transmission2731_to_transmission1269_heat,#823740,LQ heat distribution,transmission,10000,0.99,20,transmission1269,transmission2731
transmission2731_to_transmission1269_electricity,#3186cc,LV electricity distribution,transmission,10000,0.99,20,transmission1269,transmission2731
transmission1269_to_transmission2169_heat,#823740,LQ heat distribution,transmission,10000,0.99,20,transmission2169,transmission1269
transmission1269_to_transmission2169_electricity,#3186cc,LV electricity distribution,transmission,10000,0.99,20,transmission2169,transmission1269
transmission2169_to_transmission3257_heat,#823740,LQ heat distribution,transmission,10000,0.99,20,transmission3257,transmission2169
transmission2169_to_transmission3257_electricity,#3186cc,LV electricity distribution,transmission,10000,0.99,20,transmission3257,transmission2169
transmission3257_to_transmission1849_heat,#823740,LQ heat distribution,transmission,10000,0.99,20,transmission1849,transmission3257
transmission3257_to_transmission1849_electricity,#3186cc,LV electricity distribution,transmission,10000,0.99,20,transmission1849,transmission3257
transmission1849_to_transmission2869_heat,#823740,LQ heat distribution,transmission,10000,0.99,20,transmission2869,transmission1849
transmission1849_to_transmission2869_electricity,#3186cc,LV electricity distribution,transmission,10000,0.99,20,transmission2869,transmission1849
transmission2965_to_transmission1345_heat,#823740,LQ heat distribution,transmission,10000,0.99,20,transmission1345,transmission2965
transmission2965_to_transmission1345_electricity,#3186cc,LV electricity distribution,transmission,10000,0.99,20,transmission1345,transmission2965
transmission1345_to_transmission2510_heat,#823740,LQ heat distribution,transmission,10000,0.99,20,transmission2510,transmission1345
transmission1345_to_transmission2510_electricity,#3186cc,LV electricity distribution,transmission,10000,0.99,20,transmission2510,transmission1345
transmission2510_to_transmission1777_heat,#823740,LQ heat distribution,transmission,10000,0.99,20,transmission1777,transmission2510
transmission2510_to_transmission1777_electricity,#3186cc,LV electricity distribution,transmission,10000,0.99,20,transmission1777,transmission2510
transmission1777_to_transmission3297_heat,#823740,LQ heat distribution,transmission,10000,0.99,20,transmission3297,transmission1777
transmission1777_to_transmission3297_electricity,#3186cc,LV electricity distribution,transmission,10000,0.99,20,transmission3297,transmission1777
transmission1609_to_transmission2005_heat,#823740,LQ heat distribution,transmission,10000,0.99,20,transmission2005,transmission1609
transmission1609_to_transmission2005_electricity,#3186cc,LV electricity distribution,transmission,10000,0.99,20,transmission2005,transmission1609
transmission2005_to_transmission3030_heat,#823740,LQ heat distribution,transmission,10000,0.99,20,transmission3030,transmission2005
transmission2005_to_transmission3030_electricity,#3186cc,LV electricity distribution,transmission,10000,0.99,20,transmission3030,transmission2005
transmission3030_to_transmission2965_heat,#823740,LQ heat distribution,transmission,10000,0.99,20,transmission2965,transmission3030
transmission3030_to_transmission2965_electricity,#3186cc,LV electricity distribution,transmission,10000,0.99,20,transmission2965,transmission3030
transmission3297_to_transmission2619_heat,#823740,LQ heat distribution,transmission,10000,0.99,20,transmission2619,transmission3297
transmission3297_to_transmission2619_electricity,#3186cc,LV electricity distribution,transmission,10000,0.99,20,transmission2619,transmission3297
transmission2619_to_transmission630_heat,#823740,LQ heat distribution,transmission,10000,0.99,20,transmission630,transmission2619
transmission2619_to_transmission630_electricity,#3186cc,LV electricity distribution,transmission,10000,0.99,20,transmission630,transmission2619
transmission630_to_transmission3300_heat,#823740,LQ heat distribution,transmission,10000,0.99,20,transmission3300,transmission630
transmission630_to_transmission3300_electricity,#3186cc,LV electricity distribution,transmission,10000,0.99,20,transmission3300,transmission630
transmission3300_to_transmission2664_heat,#823740,LQ heat distribution,transmission,10000,0.99,20,transmission2664,transmission3300
transmission3300_to_transmission2664_electricity,#3186cc,LV electricity distribution,transmission,10000,0.99,20,transmission2664,transmission3300
transmission2664_to_transmission1285_heat,#823740,LQ heat distribution,transmission,10000,0.99,20,transmission1285,transmission2664
transmission2664_to_transmission1285_electricity,#3186cc,LV electricity distribution,transmission,10000,0.99,20,transmission1285,transmission2664
transmission1285_to_transmission676_heat,#823740,LQ heat distribution,transmission,10000,0.99,20,transmission676,transmission1285
transmission1285_to_transmission676_electricity,#3186cc,LV electricity distribution,transmission,10000,0.99,20,transmission676,transmission1285
transmission676_to_transmission2638_heat,#823740,LQ heat distribution,transmission,10000,0.99,20,transmission2638,transmission676
transmission676_to_transmission2638_electricity,#3186cc,LV electricity distribution,transmission,10000,0.99,20,transmission2638,transmission676
transmission2638_to_transmission2001_heat,#823740,LQ heat distribution,transmission,10000,0.99,20,transmission2001,transmission2638
transmission2638_to_transmission2001_electricity,#3186cc,LV electricity distribution,transmission,10000,0.99,20,transmission2001,transmission2638
transmission2001_to_transmission1358_heat,#823740,LQ heat distribution,transmission,10000,0.99,20,transmission1358,transmission2001
transmission2001_to_transmission1358_electricity,#3186cc,LV electricity distribution,transmission,10000,0.99,20,transmission1358,transmission2001
transmission1358_to_transmission2918_heat,#823740,LQ heat distribution,transmission,10000,0.99,20,transmission2918,transmission1358
transmission1358_to_transmission2918_electricity,#3186cc,LV electricity distribution,transmission,10000,0.99,20,transmission2918,transmission1358
transmission2918_to_transmission2260_heat,#823740,LQ heat distribution,transmission,10000,0.99,20,transmission2260,transmission2918
transmission2918_to_transmission2260_electricity,#3186cc,LV electricity distribution,transmission,10000,0.99,20,transmission2260,transmission2918
transmission2260_to_transmission2007_heat,#823740,LQ heat distribution,transmission,10000,0.99,20,transmission2007,transmission2260
transmission2260_to_transmission2007_electricity,#3186cc,LV electricity distribution,transmission,10000,0.99,20,transmission2007,transmission2260
transmission2007_to_transmission972_heat,#823740,LQ heat distribution,transmission,10000,0.99,20,transmission972,transmission2007
transmission2007_to_transmission972_electricity,#3186cc,LV electricity distribution,transmission,10000,0.99,20,transmission972,transmission2007
transmission972_to_transmission2268_heat,#823740,LQ heat distribution,transmission,10000,0.99,20,transmission2268,transmission972
transmission972_to_transmission2268_electricity,#3186cc,LV electricity distribution,transmission,10000,0.99,20,transmission2268,transmission972
transmission2164_to_transmission1646_heat,#823740,LQ heat distribution,transmission,10000,0.99,20,transmission1646,transmission2164
transmission2164_to_transmission1646_electricity,#3186cc,LV electricity distribution,transmission,10000,0.99,20,transmission1646,transmission2164
transmission1646_to_transmission523_heat,#823740,LQ heat distribution,transmission,10000,0.99,20,transmission523,transmission1646
transmission1646_to_transmission523_electricity,#3186cc,LV electricity distribution,transmission,10000,0.99,20,transmission523,transmission1646
transmission523_to_transmission3157_heat,#823740,LQ heat distribution,transmission,10000,0.99,20,transmission3157,transmission523
transmission523_to_transmission3157_electricity,#3186cc,LV electricity distribution,transmission,10000,0.99,20,transmission3157,transmission523
transmission3157_to_transmission1518_heat,#823740,LQ heat distribution,transmission,10000,0.99,20,transmission1518,transmission3157
transmission3157_to_transmission1518_electricity,#3186cc,LV electricity distribution,transmission,10000,0.99,20,transmission1518,transmission3157
transmission1518_to_transmission2501_heat,#823740,LQ heat distribution,transmission,10000,0.99,20,transmission2501,transmission1518
transmission1518_to_transmission2501_electricity,#3186cc,LV electricity distribution,transmission,10000,0.99,20,transmission2501,transmission1518
transmission2501_to_transmission1704_heat,#823740,LQ heat distribution,transmission,10000,0.99,20,transmission1704,transmission2501
transmission2501_to_transmission1704_electricity,#3186cc,LV electricity distribution,transmission,10000,0.99,20,transmission1704,transmission2501
transmission1704_to_transmission716_heat,#823740,LQ heat distribution,transmission,10000,0.99,20,transmission716,transmission1704
transmission1704_to_transmission716_electricity,#3186cc,LV electricity distribution,transmission,10000,0.99,20,transmission716,transmission1704
transmission716_to_transmission627_heat,#823740,LQ heat distribution,transmission,10000,0.99,20,transmission627,transmission716
transmission716_to_transmission627_electricity,#3186cc,LV electricity distribution,transmission,10000,0.99,20,transmission627,transmission716
transmission627_to_transmission2334_heat,#823740,LQ heat distribution,transmission,10000,0.99,20,transmission2334,transmission627
transmission627_to_transmission2334_electricity,#3186cc,LV electricity distribution,transmission,10000,0.99,20,transmission2334,transmission627
transmission2334_to_transmission3196_heat,#823740,LQ heat distribution,transmission,10000,0.99,20,transmission3196,transmission2334
transmission2334_to_transmission3196_electricity,#3186cc,LV electricity distribution,transmission,10000,0.99,20,transmission3196,transmission2334
transmission3196_to_transmission1734_heat,#823740,LQ heat distribution,transmission,10000,0.99,20,transmission1734,transmission3196
transmission3196_to_transmission1734_electricity,#3186cc,LV electricity distribution,transmission,10000,0.99,20,transmission1734,transmission3196
transmission1734_to_transmission3146_heat,#823740,LQ heat distribution,transmission,10000,0.99,20,transmission3146,transmission1734
transmission1734_to_transmission3146_electricity,#3186cc,LV electricity distribution,transmission,10000,0.99,20,transmission3146,transmission1734
transmission3146_to_transmission3073_heat,#823740,LQ heat distribution,transmission,10000,0.99,20,transmission3073,transmission3146
transmission3146_to_transmission3073_electricity,#3186cc,LV electricity distribution,transmission,10000,0.99,20,transmission3073,transmission3146
transmission3073_to_transmission1875_heat,#823740,LQ heat distribution,transmission,10000,0.99,20,transmission1875,transmission3073
transmission3073_to_transmission1875_electricity,#3186cc,LV electricity distribution,transmission,10000,0.99,20,transmission1875,transmission3073
transmission1875_to_transmission2098_heat,#823740,LQ heat distribution,transmission,10000,0.99,20,transmission2098,transmission1875
transmission1875_to_transmission2098_electricity,#3186cc,LV electricity distribution,transmission,10000,0.99,20,transmission2098,transmission1875
transmission2098_to_transmission2903_heat,#823740,LQ heat distribution,transmission,10000,0.99,20,transmission2903,transmission2098
transmission2098_to_transmission2903_electricity,#3186cc,LV electricity distribution,transmission,10000,0.99,20,transmission2903,transmission2098
transmission2903_to_transmission2380_heat,#823740,LQ heat distribution,transmission,10000,0.99,20,transmission2380,transmission2903
transmission2903_to_transmission2380_electricity,#3186cc,LV electricity distribution,transmission,10000,0.99,20,transmission2380,transmission2903
transmission2380_to_transmission2292_heat,#823740,LQ heat distribution,transmission,10000,0.99,20,transmission2292,transmission2380
transmission2380_to_transmission2292_electricity,#3186cc,LV electricity distribution,transmission,10000,0.99,20,transmission2292,transmission2380
transmission2292_to_transmission2769_heat,#823740,LQ heat distribution,transmission,10000,0.99,20,transmission2769,transmission2292
transmission2292_to_transmission2769_electricity,#3186cc,LV electricity distribution,transmission,10000,0.99,20,transmission2769,transmission2292
transmission2769_to_transmission1665_heat,#823740,LQ heat distribution,transmission,10000,0.99,20,transmission1665,transmission2769
transmission2769_to_transmission1665_electricity,#3186cc,LV electricity distribution,transmission,10000,0.99,20,transmission1665,transmission2769
transmission1665_to_transmission1640_heat,#823740,LQ heat distribution,transmission,10000,0.99,20,transmission1640,transmission1665
transmission1665_to_transmission1640_electricity,#3186cc,LV electricity distribution,transmission,10000,0.99,20,transmission1640,transmission1665
transmission1640_to_transmission3423_heat,#823740,LQ heat distribution,transmission,10000,0.99,20,transmission3423,transmission1640
transmission1640_to_transmission3423_electricity,#3186cc,LV electricity distribution,transmission,10000,0.99,20,transmission3423,transmission1640
transmission3423_to_transmission3096_heat,#823740,LQ heat distribution,transmission,10000,0.99,20,transmission3096,transmission3423
transmission3423_to_transmission3096_electricity,#3186cc,LV electricity distribution,transmission,10000,0.99,20,transmission3096,transmission3423
transmission3096_to_transmission2422_heat,#823740,LQ heat distribution,transmission,10000,0.99,20,transmission2422,transmission3096
transmission3096_to_transmission2422_electricity,#3186cc,LV electricity distribution,transmission,10000,0.99,20,transmission2422,transmission3096
transmission2422_to_transmission2103_heat,#823740,LQ heat distribution,transmission,10000,0.99,20,transmission2103,transmission2422
transmission2422_to_transmission2103_electricity,#3186cc,LV electricity distribution,transmission,10000,0.99,20,transmission2103,transmission2422
transmission2103_to_transmission1806_heat,#823740,LQ heat distribution,transmission,10000,0.99,20,transmission1806,transmission2103
transmission2103_to_transmission1806_electricity,#3186cc,LV electricity distribution,transmission,10000,0.99,20,transmission1806,transmission2103
transmission1806_to_transmission1333_heat,#823740,LQ heat distribution,transmission,10000,0.99,20,transmission1333,transmission1806
transmission1806_to_transmission1333_electricity,#3186cc,LV electricity distribution,transmission,10000,0.99,20,transmission1333,transmission1806
transmission1218_to_transmission610_heat,#823740,LQ heat distribution,transmission,10000,0.99,20,transmission610,transmission1218
transmission1218_to_transmission610_electricity,#3186cc,LV electricity distribution,transmission,10000,0.99,20,transmission610,transmission1218
transmission610_to_transmission2447_heat,#823740,LQ heat distribution,transmission,10000,0.99,20,transmission2447,transmission610
transmission610_to_transmission2447_electricity,#3186cc,LV electricity distribution,transmission,10000,0.99,20,transmission2447,transmission610
transmission2447_to_transmission2244_heat,#823740,LQ heat distribution,transmission,10000,0.99,20,transmission2244,transmission2447
transmission2447_to_transmission2244_electricity,#3186cc,LV electricity distribution,transmission,10000,0.99,20,transmission2244,transmission2447
transmission2244_to_transmission1411_heat,#823740,LQ heat distribution,transmission,10000,0.99,20,transmission1411,transmission2244
transmission2244_to_transmission1411_electricity,#3186cc,LV electricity distribution,transmission,10000,0.99,20,transmission1411,transmission2244
transmission1411_to_transmission2052_heat,#823740,LQ heat distribution,transmission,10000,0.99,20,transmission2052,transmission1411
transmission1411_to_transmission2052_electricity,#3186cc,LV electricity distribution,transmission,10000,0.99,20,transmission2052,transmission1411
transmission2052_to_transmission756_heat,#823740,LQ heat distribution,transmission,10000,0.99,20,transmission756,transmission2052
transmission2052_to_transmission756_electricity,#3186cc,LV electricity distribution,transmission,10000,0.99,20,transmission756,transmission2052
transmission756_to_transmission2504_heat,#823740,LQ heat distribution,transmission,10000,0.99,20,transmission2504,transmission756
transmission756_to_transmission2504_electricity,#3186cc,LV electricity distribution,transmission,10000,0.99,20,transmission2504,transmission756
transmission2504_to_transmission2332_heat,#823740,LQ heat distribution,transmission,10000,0.99,20,transmission2332,transmission2504
transmission2504_to_transmission2332_electricity,#3186cc,LV electricity distribution,transmission,10000,0.99,20,transmission2332,transmission2504
transmission2106_to_transmission1868_heat,#823740,LQ heat distribution,transmission,10000,0.99,20,transmission1868,transmission2106
transmission2106_to_transmission1868_electricity,#3186cc,LV electricity distribution,transmission,10000,0.99,20,transmission1868,transmission2106
transmission1868_to_transmission2561_heat,#823740,LQ heat distribution,transmission,10000,0.99,20,transmission2561,transmission1868
transmission1868_to_transmission2561_electricity,#3186cc,LV electricity distribution,transmission,10000,0.99,20,transmission2561,transmission1868
transmission2561_to_transmission2301_heat,#823740,LQ heat distribution,transmission,10000,0.99,20,transmission2301,transmission2561
transmission2561_to_transmission2301_electricity,#3186cc,LV electricity distribution,transmission,10000,0.99,20,transmission2301,transmission2561
transmission2301_to_transmission2338_heat,#823740,LQ heat distribution,transmission,10000,0.99,20,transmission2338,transmission2301
transmission2301_to_transmission2338_electricity,#3186cc,LV electricity distribution,transmission,10000,0.99,20,transmission2338,transmission2301
transmission2338_to_transmission519_heat,#823740,LQ heat distribution,transmission,10000,0.99,20,transmission519,transmission2338
transmission2338_to_transmission519_electricity,#3186cc,LV electricity distribution,transmission,10000,0.99,20,transmission519,transmission2338
transmission519_to_transmission1259_heat,#823740,LQ heat distribution,transmission,10000,0.99,20,transmission1259,transmission519
transmission519_to_transmission1259_electricity,#3186cc,LV electricity distribution,transmission,10000,0.99,20,transmission1259,transmission519
transmission1259_to_transmission999_heat,#823740,LQ heat distribution,transmission,10000,0.99,20,transmission999,transmission1259
transmission1259_to_transmission999_electricity,#3186cc,LV electricity distribution,transmission,10000,0.99,20,transmission999,transmission1259
transmission999_to_transmission1745_heat,#823740,LQ heat distribution,transmission,10000,0.99,20,transmission1745,transmission999
transmission999_to_transmission1745_electricity,#3186cc,LV electricity distribution,transmission,10000,0.99,20,transmission1745,transmission999
transmission1745_to_transmission1774_heat,#823740,LQ heat distribution,transmission,10000,0.99,20,transmission1774,transmission1745
transmission1745_to_transmission1774_electricity,#3186cc,LV electricity distribution,transmission,10000,0.99,20,transmission1774,transmission1745
transmission1774_to_transmission2865_heat,#823740,LQ heat distribution,transmission,10000,0.99,20,transmission2865,transmission1774
transmission1774_to_transmission2865_electricity,#3186cc,LV electricity distribution,transmission,10000,0.99,20,transmission2865,transmission1774
transmission2865_to_transmission653_heat,#823740,LQ heat distribution,transmission,10000,0.99,20,transmission653,transmission2865
transmission2865_to_transmission653_electricity,#3186cc,LV electricity distribution,transmission,10000,0.99,20,transmission653,transmission2865
transmission653_to_transmission3317_heat,#823740,LQ heat distribution,transmission,10000,0.99,20,transmission3317,transmission653
transmission653_to_transmission3317_electricity,#3186cc,LV electricity distribution,transmission,10000,0.99,20,transmission3317,transmission653
transmission3317_to_transmission1116_heat,#823740,LQ heat distribution,transmission,10000,0.99,20,transmission1116,transmission3317
transmission3317_to_transmission1116_electricity,#3186cc,LV electricity distribution,transmission,10000,0.99,20,transmission1116,transmission3317
transmission2070_to_transmission2343_heat,#823740,LQ heat distribution,transmission,10000,0.99,20,transmission2343,transmission2070
transmission2070_to_transmission2343_electricity,#3186cc,LV electricity distribution,transmission,10000,0.99,20,transmission2343,transmission2070
transmission2343_to_transmission1382_heat,#823740,LQ heat distribution,transmission,10000,0.99,20,transmission1382,transmission2343
transmission2343_to_transmission1382_electricity,#3186cc,LV electricity distribution,transmission,10000,0.99,20,transmission1382,transmission2343
transmission1382_to_transmission2026_heat,#823740,LQ heat distribution,transmission,10000,0.99,20,transmission2026,transmission1382
transmission1382_to_transmission2026_electricity,#3186cc,LV electricity distribution,transmission,10000,0.99,20,transmission2026,transmission1382
transmission2026_to_transmission1029_heat,#823740,LQ heat distribution,transmission,10000,0.99,20,transmission1029,transmission2026
transmission2026_to_transmission1029_electricity,#3186cc,LV electricity distribution,transmission,10000,0.99,20,transmission1029,transmission2026
transmission1838_to_transmission3292_heat,#823740,LQ heat distribution,transmission,10000,0.99,20,transmission3292,transmission1838
transmission1838_to_transmission3292_electricity,#3186cc,LV electricity distribution,transmission,10000,0.99,20,transmission3292,transmission1838
transmission3292_to_transmission3360_heat,#823740,LQ heat distribution,transmission,10000,0.99,20,transmission3360,transmission3292
transmission3292_to_transmission3360_electricity,#3186cc,LV electricity distribution,transmission,10000,0.99,20,transmission3360,transmission3292
transmission3360_to_transmission2278_heat,#823740,LQ heat distribution,transmission,10000,0.99,20,transmission2278,transmission3360
transmission3360_to_transmission2278_electricity,#3186cc,LV electricity distribution,transmission,10000,0.99,20,transmission2278,transmission3360
transmission2278_to_transmission3115_heat,#823740,LQ heat distribution,transmission,10000,0.99,20,transmission3115,transmission2278
transmission2278_to_transmission3115_electricity,#3186cc,LV electricity distribution,transmission,10000,0.99,20,transmission3115,transmission2278
transmission3115_to_transmission3193_heat,#823740,LQ heat distribution,transmission,10000,0.99,20,transmission3193,transmission3115
transmission3115_to_transmission3193_electricity,#3186cc,LV electricity distribution,transmission,10000,0.99,20,transmission3193,transmission3115
transmission3193_to_transmission1531_heat,#823740,LQ heat distribution,transmission,10000,0.99,20,transmission1531,transmission3193
transmission3193_to_transmission1531_electricity,#3186cc,LV electricity distribution,transmission,10000,0.99,20,transmission1531,transmission3193
transmission1531_to_transmission1879_heat,#823740,LQ heat distribution,transmission,10000,0.99,20,transmission1879,transmission1531
transmission1531_to_transmission1879_electricity,#3186cc,LV electricity distribution,transmission,10000,0.99,20,transmission1879,transmission1531
transmission1879_to_transmission3334_heat,#823740,LQ heat distribution,transmission,10000,0.99,20,transmission3334,transmission1879
transmission1879_to_transmission3334_electricity,#3186cc,LV electricity distribution,transmission,10000,0.99,20,transmission3334,transmission1879
transmission3334_to_transmission513_heat,#823740,LQ heat distribution,transmission,10000,0.99,20,transmission513,transmission3334
transmission3334_to_transmission513_electricity,#3186cc,LV electricity distribution,transmission,10000,0.99,20,transmission513,transmission3334
transmission513_to_transmission1424_heat,#823740,LQ heat distribution,transmission,10000,0.99,20,transmission1424,transmission513
transmission513_to_transmission1424_electricity,#3186cc,LV electricity distribution,transmission,10000,0.99,20,transmission1424,transmission513
transmission1424_to_transmission3153_heat,#823740,LQ heat distribution,transmission,10000,0.99,20,transmission3153,transmission1424
transmission1424_to_transmission3153_electricity,#3186cc,LV electricity distribution,transmission,10000,0.99,20,transmission3153,transmission1424
transmission3153_to_transmission3242_heat,#823740,LQ heat distribution,transmission,10000,0.99,20,transmission3242,transmission3153
transmission3153_to_transmission3242_electricity,#3186cc,LV electricity distribution,transmission,10000,0.99,20,transmission3242,transmission3153
transmission1065_to_transmission1429_heat,#823740,LQ heat distribution,transmission,10000,0.99,20,transmission1429,transmission1065
transmission1065_to_transmission1429_electricity,#3186cc,LV electricity distribution,transmission,10000,0.99,20,transmission1429,transmission1065
transmission1429_to_transmission1526_heat,#823740,LQ heat distribution,transmission,10000,0.99,20,transmission1526,transmission1429
transmission1429_to_transmission1526_electricity,#3186cc,LV electricity distribution,transmission,10000,0.99,20,transmission1526,transmission1429
transmission1526_to_transmission2519_heat,#823740,LQ heat distribution,transmission,10000,0.99,20,transmission2519,transmission1526
transmission1526_to_transmission2519_electricity,#3186cc,LV electricity distribution,transmission,10000,0.99,20,transmission2519,transmission1526
transmission2519_to_transmission1235_heat,#823740,LQ heat distribution,transmission,10000,0.99,20,transmission1235,transmission2519
transmission2519_to_transmission1235_electricity,#3186cc,LV electricity distribution,transmission,10000,0.99,20,transmission1235,transmission2519
transmission1235_to_transmission1954_heat,#823740,LQ heat distribution,transmission,10000,0.99,20,transmission1954,transmission1235
transmission1235_to_transmission1954_electricity,#3186cc,LV electricity distribution,transmission,10000,0.99,20,transmission1954,transmission1235
transmission1954_to_transmission2571_heat,#823740,LQ heat distribution,transmission,10000,0.99,20,transmission2571,transmission1954
transmission1954_to_transmission2571_electricity,#3186cc,LV electricity distribution,transmission,10000,0.99,20,transmission2571,transmission1954
transmission2571_to_transmission2892_heat,#823740,LQ heat distribution,transmission,10000,0.99,20,transmission2892,transmission2571
transmission2571_to_transmission2892_electricity,#3186cc,LV electricity distribution,transmission,10000,0.99,20,transmission2892,transmission2571
transmission2892_to_transmission2712_heat,#823740,LQ heat distribution,transmission,10000,0.99,20,transmission2712,transmission2892
transmission2892_to_transmission2712_electricity,#3186cc,LV electricity distribution,transmission,10000,0.99,20,transmission2712,transmission2892
transmission2712_to_transmission2695_heat,#823740,LQ heat distribution,transmission,10000,0.99,20,transmission2695,transmission2712
transmission2712_to_transmission2695_electricity,#3186cc,LV electricity distribution,transmission,10000,0.99,20,transmission2695,transmission2712
transmission2695_to_transmission2192_heat,#823740,LQ heat distribution,transmission,10000,0.99,20,transmission2192,transmission2695
transmission2695_to_transmission2192_electricity,#3186cc,LV electricity distribution,transmission,10000,0.99,20,transmission2192,transmission2695
transmission2192_to_transmission1278_heat,#823740,LQ heat distribution,transmission,10000,0.99,20,transmission1278,transmission2192
transmission2192_to_transmission1278_electricity,#3186cc,LV electricity distribution,transmission,10000,0.99,20,transmission1278,transmission2192
transmission1278_to_transmission2926_heat,#823740,LQ heat distribution,transmission,10000,0.99,20,transmission2926,transmission1278
transmission1278_to_transmission2926_electricity,#3186cc,LV electricity distribution,transmission,10000,0.99,20,transmission2926,transmission1278
transmission2926_to_transmission771_heat,#823740,LQ heat distribution,transmission,10000,0.99,20,transmission771,transmission2926
transmission2926_to_transmission771_electricity,#3186cc,LV electricity distribution,transmission,10000,0.99,20,transmission771,transmission2926
transmission771_to_transmission1803_heat,#823740,LQ heat distribution,transmission,10000,0.99,20,transmission1803,transmission771
transmission771_to_transmission1803_electricity,#3186cc,LV electricity distribution,transmission,10000,0.99,20,transmission1803,transmission771
transmission1803_to_transmission3159_heat,#823740,LQ heat distribution,transmission,10000,0.99,20,transmission3159,transmission1803
transmission1803_to_transmission3159_electricity,#3186cc,LV electricity distribution,transmission,10000,0.99,20,transmission3159,transmission1803
transmission3159_to_transmission1250_heat,#823740,LQ heat distribution,transmission,10000,0.99,20,transmission1250,transmission3159
transmission3159_to_transmission1250_electricity,#3186cc,LV electricity distribution,transmission,10000,0.99,20,transmission1250,transmission3159
transmission1250_to_transmission2293_heat,#823740,LQ heat distribution,transmission,10000,0.99,20,transmission2293,transmission1250
transmission1250_to_transmission2293_electricity,#3186cc,LV electricity distribution,transmission,10000,0.99,20,transmission2293,transmission1250
transmission2293_to_transmission1634_heat,#823740,LQ heat distribution,transmission,10000,0.99,20,transmission1634,transmission2293
transmission2293_to_transmission1634_electricity,#3186cc,LV electricity distribution,transmission,10000,0.99,20,transmission1634,transmission2293
transmission799_to_transmission1302_heat,#823740,LQ heat distribution,transmission,10000,0.99,20,transmission1302,transmission799
transmission799_to_transmission1302_electricity,#3186cc,LV electricity distribution,transmission,10000,0.99,20,transmission1302,transmission799
transmission1302_to_transmission1046_heat,#823740,LQ heat distribution,transmission,10000,0.99,20,transmission1046,transmission1302
transmission1302_to_transmission1046_electricity,#3186cc,LV electricity distribution,transmission,10000,0.99,20,transmission1046,transmission1302
transmission1046_to_transmission860_heat,#823740,LQ heat distribution,transmission,10000,0.99,20,transmission860,transmission1046
transmission1046_to_transmission860_electricity,#3186cc,LV electricity distribution,transmission,10000,0.99,20,transmission860,transmission1046
transmission860_to_transmission963_heat,#823740,LQ heat distribution,transmission,10000,0.99,20,transmission963,transmission860
transmission860_to_transmission963_electricity,#3186cc,LV electricity distribution,transmission,10000,0.99,20,transmission963,transmission860
transmission963_to_transmission3414_heat,#823740,LQ heat distribution,transmission,10000,0.99,20,transmission3414,transmission963
transmission963_to_transmission3414_electricity,#3186cc,LV electricity distribution,transmission,10000,0.99,20,transmission3414,transmission963
transmission3414_to_transmission1365_heat,#823740,LQ heat distribution,transmission,10000,0.99,20,transmission1365,transmission3414
transmission3414_to_transmission1365_electricity,#3186cc,LV electricity distribution,transmission,10000,0.99,20,transmission1365,transmission3414
transmission1365_to_transmission2266_heat,#823740,LQ heat distribution,transmission,10000,0.99,20,transmission2266,transmission1365
transmission1365_to_transmission2266_electricity,#3186cc,LV electricity distribution,transmission,10000,0.99,20,transmission2266,transmission1365
transmission2266_to_transmission2408_heat,#823740,LQ heat distribution,transmission,10000,0.99,20,transmission2408,transmission2266
transmission2266_to_transmission2408_electricity,#3186cc,LV electricity distribution,transmission,10000,0.99,20,transmission2408,transmission2266
transmission2408_to_transmission734_heat,#823740,LQ heat distribution,transmission,10000,0.99,20,transmission734,transmission2408
transmission2408_to_transmission734_electricity,#3186cc,LV electricity distribution,transmission,10000,0.99,20,transmission734,transmission2408
transmission734_to_transmission533_heat,#823740,LQ heat distribution,transmission,10000,0.99,20,transmission533,transmission734
transmission734_to_transmission533_electricity,#3186cc,LV electricity distribution,transmission,10000,0.99,20,transmission533,transmission734
transmission533_to_transmission1115_heat,#823740,LQ heat distribution,transmission,10000,0.99,20,transmission1115,transmission533
transmission533_to_transmission1115_electricity,#3186cc,LV electricity distribution,transmission,10000,0.99,20,transmission1115,transmission533
transmission1115_to_transmission1603_heat,#823740,LQ heat distribution,transmission,10000,0.99,20,transmission1603,transmission1115
transmission1115_to_transmission1603_electricity,#3186cc,LV electricity distribution,transmission,10000,0.99,20,transmission1603,transmission1115
transmission1603_to_transmission765_heat,#823740,LQ heat distribution,transmission,10000,0.99,20,transmission765,transmission1603
transmission1603_to_transmission765_electricity,#3186cc,LV electricity distribution,transmission,10000,0.99,20,transmission765,transmission1603
transmission765_to_transmission1989_heat,#823740,LQ heat distribution,transmission,10000,0.99,20,transmission1989,transmission765
transmission765_to_transmission1989_electricity,#3186cc,LV electricity distribution,transmission,10000,0.99,20,transmission1989,transmission765
transmission1989_to_transmission1065_heat,#823740,LQ heat distribution,transmission,10000,0.99,20,transmission1065,transmission1989
transmission1989_to_transmission1065_electricity,#3186cc,LV electricity distribution,transmission,10000,0.99,20,transmission1065,transmission1989
transmission2314_to_transmission2079_heat,#823740,LQ heat distribution,transmission,10000,0.99,20,transmission2079,transmission2314
transmission2314_to_transmission2079_electricity,#3186cc,LV electricity distribution,transmission,10000,0.99,20,transmission2079,transmission2314
transmission2079_to_transmission881_heat,#823740,LQ heat distribution,transmission,10000,0.99,20,transmission881,transmission2079
transmission2079_to_transmission881_electricity,#3186cc,LV electricity distribution,transmission,10000,0.99,20,transmission881,transmission2079
transmission881_to_transmission2768_heat,#823740,LQ heat distribution,transmission,10000,0.99,20,transmission2768,transmission881
transmission881_to_transmission2768_electricity,#3186cc,LV electricity distribution,transmission,10000,0.99,20,transmission2768,transmission881
transmission2768_to_transmission2894_heat,#823740,LQ heat distribution,transmission,10000,0.99,20,transmission2894,transmission2768
transmission2768_to_transmission2894_electricity,#3186cc,LV electricity distribution,transmission,10000,0.99,20,transmission2894,transmission2768
transmission2894_to_transmission3287_heat,#823740,LQ heat distribution,transmission,10000,0.99,20,transmission3287,transmission2894
transmission2894_to_transmission3287_electricity,#3186cc,LV electricity distribution,transmission,10000,0.99,20,transmission3287,transmission2894
transmission3287_to_transmission2265_heat,#823740,LQ heat distribution,transmission,10000,0.99,20,transmission2265,transmission3287
transmission3287_to_transmission2265_electricity,#3186cc,LV electricity distribution,transmission,10000,0.99,20,transmission2265,transmission3287
transmission2265_to_transmission2389_heat,#823740,LQ heat distribution,transmission,10000,0.99,20,transmission2389,transmission2265
transmission2265_to_transmission2389_electricity,#3186cc,LV electricity distribution,transmission,10000,0.99,20,transmission2389,transmission2265
transmission2389_to_transmission2540_heat,#823740,LQ heat distribution,transmission,10000,0.99,20,transmission2540,transmission2389
transmission2389_to_transmission2540_electricity,#3186cc,LV electricity distribution,transmission,10000,0.99,20,transmission2540,transmission2389
transmission2540_to_transmission602_heat,#823740,LQ heat distribution,transmission,10000,0.99,20,transmission602,transmission2540
transmission2540_to_transmission602_electricity,#3186cc,LV electricity distribution,transmission,10000,0.99,20,transmission602,transmission2540
transmission602_to_transmission3379_heat,#823740,LQ heat distribution,transmission,10000,0.99,20,transmission3379,transmission602
transmission602_to_transmission3379_electricity,#3186cc,LV electricity distribution,transmission,10000,0.99,20,transmission3379,transmission602
transmission3379_to_transmission2046_heat,#823740,LQ heat distribution,transmission,10000,0.99,20,transmission2046,transmission3379
transmission3379_to_transmission2046_electricity,#3186cc,LV electricity distribution,transmission,10000,0.99,20,transmission2046,transmission3379
transmission2046_to_transmission3433_heat,#823740,LQ heat distribution,transmission,10000,0.99,20,transmission3433,transmission2046
transmission2046_to_transmission3433_electricity,#3186cc,LV electricity distribution,transmission,10000,0.99,20,transmission3433,transmission2046
transmission3433_to_transmission2876_heat,#823740,LQ heat distribution,transmission,10000,0.99,20,transmission2876,transmission3433
transmission3433_to_transmission2876_electricity,#3186cc,LV electricity distribution,transmission,10000,0.99,20,transmission2876,transmission3433
transmission2876_to_transmission1024_heat,#823740,LQ heat distribution,transmission,10000,0.99,20,transmission1024,transmission2876
transmission2876_to_transmission1024_electricity,#3186cc,LV electricity distribution,transmission,10000,0.99,20,transmission1024,transmission2876
transmission1024_to_transmission2940_heat,#823740,LQ heat distribution,transmission,10000,0.99,20,transmission2940,transmission1024
transmission1024_to_transmission2940_electricity,#3186cc,LV electricity distribution,transmission,10000,0.99,20,transmission2940,transmission1024
transmission2940_to_transmission3074_heat,#823740,LQ heat distribution,transmission,10000,0.99,20,transmission3074,transmission2940
transmission2940_to_transmission3074_electricity,#3186cc,LV electricity distribution,transmission,10000,0.99,20,transmission3074,transmission2940
transmission3074_to_transmission3082_heat,#823740,LQ heat distribution,transmission,10000,0.99,20,transmission3082,transmission3074
transmission3074_to_transmission3082_electricity,#3186cc,LV electricity distribution,transmission,10000,0.99,20,transmission3082,transmission3074
transmission3082_to_transmission2423_heat,#823740,LQ heat distribution,transmission,10000,0.99,20,transmission2423,transmission3082
transmission3082_to_transmission2423_electricity,#3186cc,LV electricity distribution,transmission,10000,0.99,20,transmission2423,transmission3082
transmission2423_to_transmission2381_heat,#823740,LQ heat distribution,transmission,10000,0.99,20,transmission2381,transmission2423
transmission2423_to_transmission2381_electricity,#3186cc,LV electricity distribution,transmission,10000,0.99,20,transmission2381,transmission2423
transmission2381_to_transmission3127_heat,#823740,LQ heat distribution,transmission,10000,0.99,20,transmission3127,transmission2381
transmission2381_to_transmission3127_electricity,#3186cc,LV electricity distribution,transmission,10000,0.99,20,transmission3127,transmission2381
transmission1329_to_transmission3043_heat,#823740,LQ heat distribution,transmission,10000,0.99,20,transmission3043,transmission1329
transmission1329_to_transmission3043_electricity,#3186cc,LV electricity distribution,transmission,10000,0.99,20,transmission3043,transmission1329
transmission3043_to_transmission980_heat,#823740,LQ heat distribution,transmission,10000,0.99,20,transmission980,transmission3043
transmission3043_to_transmission980_electricity,#3186cc,LV electricity distribution,transmission,10000,0.99,20,transmission980,transmission3043
transmission980_to_transmission854_heat,#823740,LQ heat distribution,transmission,10000,0.99,20,transmission854,transmission980
transmission980_to_transmission854_electricity,#3186cc,LV electricity distribution,transmission,10000,0.99,20,transmission854,transmission980
transmission854_to_transmission2033_heat,#823740,LQ heat distribution,transmission,10000,0.99,20,transmission2033,transmission854
transmission854_to_transmission2033_electricity,#3186cc,LV electricity distribution,transmission,10000,0.99,20,transmission2033,transmission854
transmission2033_to_transmission1958_heat,#823740,LQ heat distribution,transmission,10000,0.99,20,transmission1958,transmission2033
transmission2033_to_transmission1958_electricity,#3186cc,LV electricity distribution,transmission,10000,0.99,20,transmission1958,transmission2033
transmission1958_to_transmission2415_heat,#823740,LQ heat distribution,transmission,10000,0.99,20,transmission2415,transmission1958
transmission1958_to_transmission2415_electricity,#3186cc,LV electricity distribution,transmission,10000,0.99,20,transmission2415,transmission1958
transmission2415_to_transmission2191_heat,#823740,LQ heat distribution,transmission,10000,0.99,20,transmission2191,transmission2415
transmission2415_to_transmission2191_electricity,#3186cc,LV electricity distribution,transmission,10000,0.99,20,transmission2191,transmission2415
transmission2191_to_transmission2336_heat,#823740,LQ heat distribution,transmission,10000,0.99,20,transmission2336,transmission2191
transmission2191_to_transmission2336_electricity,#3186cc,LV electricity distribution,transmission,10000,0.99,20,transmission2336,transmission2191
transmission2532_to_transmission3025_heat,#823740,LQ heat distribution,transmission,10000,0.99,20,transmission3025,transmission2532
transmission2532_to_transmission3025_electricity,#3186cc,LV electricity distribution,transmission,10000,0.99,20,transmission3025,transmission2532
transmission3025_to_transmission530_heat,#823740,LQ heat distribution,transmission,10000,0.99,20,transmission530,transmission3025
transmission3025_to_transmission530_electricity,#3186cc,LV electricity distribution,transmission,10000,0.99,20,transmission530,transmission3025
transmission530_to_transmission1308_heat,#823740,LQ heat distribution,transmission,10000,0.99,20,transmission1308,transmission530
transmission530_to_transmission1308_electricity,#3186cc,LV electricity distribution,transmission,10000,0.99,20,transmission1308,transmission530
transmission1308_to_transmission873_heat,#823740,LQ heat distribution,transmission,10000,0.99,20,transmission873,transmission1308
transmission1308_to_transmission873_electricity,#3186cc,LV electricity distribution,transmission,10000,0.99,20,transmission873,transmission1308
transmission873_to_transmission2277_heat,#823740,LQ heat distribution,transmission,10000,0.99,20,transmission2277,transmission873
transmission873_to_transmission2277_electricity,#3186cc,LV electricity distribution,transmission,10000,0.99,20,transmission2277,transmission873
transmission2277_to_transmission1106_heat,#823740,LQ heat distribution,transmission,10000,0.99,20,transmission1106,transmission2277
transmission2277_to_transmission1106_electricity,#3186cc,LV electricity distribution,transmission,10000,0.99,20,transmission1106,transmission2277
transmission1106_to_transmission986_heat,#823740,LQ heat distribution,transmission,10000,0.99,20,transmission986,transmission1106
transmission1106_to_transmission986_electricity,#3186cc,LV electricity distribution,transmission,10000,0.99,20,transmission986,transmission1106
transmission986_to_transmission1631_heat,#823740,LQ heat distribution,transmission,10000,0.99,20,transmission1631,transmission986
transmission986_to_transmission1631_electricity,#3186cc,LV electricity distribution,transmission,10000,0.99,20,transmission1631,transmission986
transmission1631_to_transmission3316_heat,#823740,LQ heat distribution,transmission,10000,0.99,20,transmission3316,transmission1631
transmission1631_to_transmission3316_electricity,#3186cc,LV electricity distribution,transmission,10000,0.99,20,transmission3316,transmission1631
transmission508_to_transmission3421_heat,#823740,LQ heat distribution,transmission,10000,0.99,20,transmission3421,transmission508
transmission508_to_transmission3421_electricity,#3186cc,LV electricity distribution,transmission,10000,0.99,20,transmission3421,transmission508
transmission3421_to_transmission3359_heat,#823740,LQ heat distribution,transmission,10000,0.99,20,transmission3359,transmission3421
transmission3421_to_transmission3359_electricity,#3186cc,LV electricity distribution,transmission,10000,0.99,20,transmission3359,transmission3421
transmission3359_to_transmission3045_heat,#823740,LQ heat distribution,transmission,10000,0.99,20,transmission3045,transmission3359
transmission3359_to_transmission3045_electricity,#3186cc,LV electricity distribution,transmission,10000,0.99,20,transmission3045,transmission3359
transmission3045_to_transmission3194_heat,#823740,LQ heat distribution,transmission,10000,0.99,20,transmission3194,transmission3045
transmission3045_to_transmission3194_electricity,#3186cc,LV electricity distribution,transmission,10000,0.99,20,transmission3194,transmission3045
transmission3194_to_transmission732_heat,#823740,LQ heat distribution,transmission,10000,0.99,20,transmission732,transmission3194
transmission3194_to_transmission732_electricity,#3186cc,LV electricity distribution,transmission,10000,0.99,20,transmission732,transmission3194
transmission732_to_transmission3343_heat,#823740,LQ heat distribution,transmission,10000,0.99,20,transmission3343,transmission732
transmission732_to_transmission3343_electricity,#3186cc,LV electricity distribution,transmission,10000,0.99,20,transmission3343,transmission732
transmission3343_to_transmission1280_heat,#823740,LQ heat distribution,transmission,10000,0.99,20,transmission1280,transmission3343
transmission3343_to_transmission1280_electricity,#3186cc,LV electricity distribution,transmission,10000,0.99,20,transmission1280,transmission3343
transmission1280_to_transmission2111_heat,#823740,LQ heat distribution,transmission,10000,0.99,20,transmission2111,transmission1280
transmission1280_to_transmission2111_electricity,#3186cc,LV electricity distribution,transmission,10000,0.99,20,transmission2111,transmission1280
transmission2111_to_transmission2076_heat,#823740,LQ heat distribution,transmission,10000,0.99,20,transmission2076,transmission2111
transmission2111_to_transmission2076_electricity,#3186cc,LV electricity distribution,transmission,10000,0.99,20,transmission2076,transmission2111
transmission2076_to_transmission2667_heat,#823740,LQ heat distribution,transmission,10000,0.99,20,transmission2667,transmission2076
transmission2076_to_transmission2667_electricity,#3186cc,LV electricity distribution,transmission,10000,0.99,20,transmission2667,transmission2076
transmission872_to_transmission2099_heat,#823740,LQ heat distribution,transmission,10000,0.99,20,transmission2099,transmission872
transmission872_to_transmission2099_electricity,#3186cc,LV electricity distribution,transmission,10000,0.99,20,transmission2099,transmission872
transmission2099_to_transmission562_heat,#823740,LQ heat distribution,transmission,10000,0.99,20,transmission562,transmission2099
transmission2099_to_transmission562_electricity,#3186cc,LV electricity distribution,transmission,10000,0.99,20,transmission562,transmission2099
transmission562_to_transmission2994_heat,#823740,LQ heat distribution,transmission,10000,0.99,20,transmission2994,transmission562
transmission562_to_transmission2994_electricity,#3186cc,LV electricity distribution,transmission,10000,0.99,20,transmission2994,transmission562
transmission2994_to_transmission3336_heat,#823740,LQ heat distribution,transmission,10000,0.99,20,transmission3336,transmission2994
transmission2994_to_transmission3336_electricity,#3186cc,LV electricity distribution,transmission,10000,0.99,20,transmission3336,transmission2994
transmission3336_to_transmission1074_heat,#823740,LQ heat distribution,transmission,10000,0.99,20,transmission1074,transmission3336
transmission3336_to_transmission1074_electricity,#3186cc,LV electricity distribution,transmission,10000,0.99,20,transmission1074,transmission3336
transmission1074_to_transmission2354_heat,#823740,LQ heat distribution,transmission,10000,0.99,20,transmission2354,transmission1074
transmission1074_to_transmission2354_electricity,#3186cc,LV electricity distribution,transmission,10000,0.99,20,transmission2354,transmission1074
transmission2354_to_transmission1100_heat,#823740,LQ heat distribution,transmission,10000,0.99,20,transmission1100,transmission2354
transmission2354_to_transmission1100_electricity,#3186cc,LV electricity distribution,transmission,10000,0.99,20,transmission1100,transmission2354
transmission1100_to_transmission1727_heat,#823740,LQ heat distribution,transmission,10000,0.99,20,transmission1727,transmission1100
transmission1100_to_transmission1727_electricity,#3186cc,LV electricity distribution,transmission,10000,0.99,20,transmission1727,transmission1100
transmission1727_to_transmission2299_heat,#823740,LQ heat distribution,transmission,10000,0.99,20,transmission2299,transmission1727
transmission1727_to_transmission2299_electricity,#3186cc,LV electricity distribution,transmission,10000,0.99,20,transmission2299,transmission1727
transmission1085_to_transmission2937_heat,#823740,LQ heat distribution,transmission,10000,0.99,20,transmission2937,transmission1085
transmission1085_to_transmission2937_electricity,#3186cc,LV electricity distribution,transmission,10000,0.99,20,transmission2937,transmission1085
transmission2937_to_transmission3054_heat,#823740,LQ heat distribution,transmission,10000,0.99,20,transmission3054,transmission2937
transmission2937_to_transmission3054_electricity,#3186cc,LV electricity distribution,transmission,10000,0.99,20,transmission3054,transmission2937
transmission3054_to_transmission2986_heat,#823740,LQ heat distribution,transmission,10000,0.99,20,transmission2986,transmission3054
transmission3054_to_transmission2986_electricity,#3186cc,LV electricity distribution,transmission,10000,0.99,20,transmission2986,transmission3054
transmission2986_to_transmission2587_heat,#823740,LQ heat distribution,transmission,10000,0.99,20,transmission2587,transmission2986
transmission2986_to_transmission2587_electricity,#3186cc,LV electricity distribution,transmission,10000,0.99,20,transmission2587,transmission2986
transmission2587_to_transmission1805_heat,#823740,LQ heat distribution,transmission,10000,0.99,20,transmission1805,transmission2587
transmission2587_to_transmission1805_electricity,#3186cc,LV electricity distribution,transmission,10000,0.99,20,transmission1805,transmission2587
transmission1805_to_transmission1228_heat,#823740,LQ heat distribution,transmission,10000,0.99,20,transmission1228,transmission1805
transmission1805_to_transmission1228_electricity,#3186cc,LV electricity distribution,transmission,10000,0.99,20,transmission1228,transmission1805
transmission1228_to_transmission2542_heat,#823740,LQ heat distribution,transmission,10000,0.99,20,transmission2542,transmission1228
transmission1228_to_transmission2542_electricity,#3186cc,LV electricity distribution,transmission,10000,0.99,20,transmission2542,transmission1228
transmission2542_to_transmission3179_heat,#823740,LQ heat distribution,transmission,10000,0.99,20,transmission3179,transmission2542
transmission2542_to_transmission3179_electricity,#3186cc,LV electricity distribution,transmission,10000,0.99,20,transmission3179,transmission2542
transmission802_to_transmission2933_heat,#823740,LQ heat distribution,transmission,10000,0.99,20,transmission2933,transmission802
transmission802_to_transmission2933_electricity,#3186cc,LV electricity distribution,transmission,10000,0.99,20,transmission2933,transmission802
transmission2933_to_transmission2445_heat,#823740,LQ heat distribution,transmission,10000,0.99,20,transmission2445,transmission2933
transmission2933_to_transmission2445_electricity,#3186cc,LV electricity distribution,transmission,10000,0.99,20,transmission2445,transmission2933
transmission2445_to_transmission1993_heat,#823740,LQ heat distribution,transmission,10000,0.99,20,transmission1993,transmission2445
transmission2445_to_transmission1993_electricity,#3186cc,LV electricity distribution,transmission,10000,0.99,20,transmission1993,transmission2445
transmission1993_to_transmission828_heat,#823740,LQ heat distribution,transmission,10000,0.99,20,transmission828,transmission1993
transmission1993_to_transmission828_electricity,#3186cc,LV electricity distribution,transmission,10000,0.99,20,transmission828,transmission1993
transmission828_to_transmission714_heat,#823740,LQ heat distribution,transmission,10000,0.99,20,transmission714,transmission828
transmission828_to_transmission714_electricity,#3186cc,LV electricity distribution,transmission,10000,0.99,20,transmission714,transmission828
transmission714_to_transmission1909_heat,#823740,LQ heat distribution,transmission,10000,0.99,20,transmission1909,transmission714
transmission714_to_transmission1909_electricity,#3186cc,LV electricity distribution,transmission,10000,0.99,20,transmission1909,transmission714
transmission1909_to_transmission1426_heat,#823740,LQ heat distribution,transmission,10000,0.99,20,transmission1426,transmission1909
transmission1909_to_transmission1426_electricity,#3186cc,LV electricity distribution,transmission,10000,0.99,20,transmission1426,transmission1909
transmission1426_to_transmission2237_heat,#823740,LQ heat distribution,transmission,10000,0.99,20,transmission2237,transmission1426
transmission1426_to_transmission2237_electricity,#3186cc,LV electricity distribution,transmission,10000,0.99,20,transmission2237,transmission1426
transmission2237_to_transmission1780_heat,#823740,LQ heat distribution,transmission,10000,0.99,20,transmission1780,transmission2237
transmission2237_to_transmission1780_electricity,#3186cc,LV electricity distribution,transmission,10000,0.99,20,transmission1780,transmission2237
transmission1780_to_transmission566_heat,#823740,LQ heat distribution,transmission,10000,0.99,20,transmission566,transmission1780
transmission1780_to_transmission566_electricity,#3186cc,LV electricity distribution,transmission,10000,0.99,20,transmission566,transmission1780
transmission566_to_transmission2730_heat,#823740,LQ heat distribution,transmission,10000,0.99,20,transmission2730,transmission566
transmission566_to_transmission2730_electricity,#3186cc,LV electricity distribution,transmission,10000,0.99,20,transmission2730,transmission566
transmission2730_to_transmission2649_heat,#823740,LQ heat distribution,transmission,10000,0.99,20,transmission2649,transmission2730
transmission2730_to_transmission2649_electricity,#3186cc,LV electricity distribution,transmission,10000,0.99,20,transmission2649,transmission2730
transmission2727_to_transmission1944_heat,#823740,LQ heat distribution,transmission,10000,0.99,20,transmission1944,transmission2727
transmission2727_to_transmission1944_electricity,#3186cc,LV electricity distribution,transmission,10000,0.99,20,transmission1944,transmission2727
transmission1944_to_transmission2654_heat,#823740,LQ heat distribution,transmission,10000,0.99,20,transmission2654,transmission1944
transmission1944_to_transmission2654_electricity,#3186cc,LV electricity distribution,transmission,10000,0.99,20,transmission2654,transmission1944
transmission2654_to_transmission1447_heat,#823740,LQ heat distribution,transmission,10000,0.99,20,transmission1447,transmission2654
transmission2654_to_transmission1447_electricity,#3186cc,LV electricity distribution,transmission,10000,0.99,20,transmission1447,transmission2654
transmission1447_to_transmission718_heat,#823740,LQ heat distribution,transmission,10000,0.99,20,transmission718,transmission1447
transmission1447_to_transmission718_electricity,#3186cc,LV electricity distribution,transmission,10000,0.99,20,transmission718,transmission1447
transmission718_to_transmission3071_heat,#823740,LQ heat distribution,transmission,10000,0.99,20,transmission3071,transmission718
transmission718_to_transmission3071_electricity,#3186cc,LV electricity distribution,transmission,10000,0.99,20,transmission3071,transmission718
transmission3071_to_transmission616_heat,#823740,LQ heat distribution,transmission,10000,0.99,20,transmission616,transmission3071
transmission3071_to_transmission616_electricity,#3186cc,LV electricity distribution,transmission,10000,0.99,20,transmission616,transmission3071
transmission616_to_transmission1153_heat,#823740,LQ heat distribution,transmission,10000,0.99,20,transmission1153,transmission616
transmission616_to_transmission1153_electricity,#3186cc,LV electricity distribution,transmission,10000,0.99,20,transmission1153,transmission616
transmission1153_to_transmission2645_heat,#823740,LQ heat distribution,transmission,10000,0.99,20,transmission2645,transmission1153
transmission1153_to_transmission2645_electricity,#3186cc,LV electricity distribution,transmission,10000,0.99,20,transmission2645,transmission1153
transmission2645_to_transmission2483_heat,#823740,LQ heat distribution,transmission,10000,0.99,20,transmission2483,transmission2645
transmission2645_to_transmission2483_electricity,#3186cc,LV electricity distribution,transmission,10000,0.99,20,transmission2483,transmission2645
transmission2483_to_transmission1371_heat,#823740,LQ heat distribution,transmission,10000,0.99,20,transmission1371,transmission2483
transmission2483_to_transmission1371_electricity,#3186cc,LV electricity distribution,transmission,10000,0.99,20,transmission1371,transmission2483
transmission1371_to_transmission1202_heat,#823740,LQ heat distribution,transmission,10000,0.99,20,transmission1202,transmission1371
transmission1371_to_transmission1202_electricity,#3186cc,LV electricity distribution,transmission,10000,0.99,20,transmission1202,transmission1371
transmission1202_to_transmission2080_heat,#823740,LQ heat distribution,transmission,10000,0.99,20,transmission2080,transmission1202
transmission1202_to_transmission2080_electricity,#3186cc,LV electricity distribution,transmission,10000,0.99,20,transmission2080,transmission1202
transmission2080_to_transmission892_heat,#823740,LQ heat distribution,transmission,10000,0.99,20,transmission892,transmission2080
transmission2080_to_transmission892_electricity,#3186cc,LV electricity distribution,transmission,10000,0.99,20,transmission892,transmission2080
transmission892_to_transmission2632_heat,#823740,LQ heat distribution,transmission,10000,0.99,20,transmission2632,transmission892
transmission892_to_transmission2632_electricity,#3186cc,LV electricity distribution,transmission,10000,0.99,20,transmission2632,transmission892
transmission2404_to_transmission534_heat,#823740,LQ heat distribution,transmission,10000,0.99,20,transmission534,transmission2404
transmission2404_to_transmission534_electricity,#3186cc,LV electricity distribution,transmission,10000,0.99,20,transmission534,transmission2404
transmission534_to_transmission1113_heat,#823740,LQ heat distribution,transmission,10000,0.99,20,transmission1113,transmission534
transmission534_to_transmission1113_electricity,#3186cc,LV electricity distribution,transmission,10000,0.99,20,transmission1113,transmission534
transmission1113_to_transmission1641_heat,#823740,LQ heat distribution,transmission,10000,0.99,20,transmission1641,transmission1113
transmission1113_to_transmission1641_electricity,#3186cc,LV electricity distribution,transmission,10000,0.99,20,transmission1641,transmission1113
transmission1641_to_transmission2413_heat,#823740,LQ heat distribution,transmission,10000,0.99,20,transmission2413,transmission1641
transmission1641_to_transmission2413_electricity,#3186cc,LV electricity distribution,transmission,10000,0.99,20,transmission2413,transmission1641
transmission2413_to_transmission1410_heat,#823740,LQ heat distribution,transmission,10000,0.99,20,transmission1410,transmission2413
transmission2413_to_transmission1410_electricity,#3186cc,LV electricity distribution,transmission,10000,0.99,20,transmission1410,transmission2413
transmission1410_to_transmission2201_heat,#823740,LQ heat distribution,transmission,10000,0.99,20,transmission2201,transmission1410
transmission1410_to_transmission2201_electricity,#3186cc,LV electricity distribution,transmission,10000,0.99,20,transmission2201,transmission1410
transmission2201_to_transmission3066_heat,#823740,LQ heat distribution,transmission,10000,0.99,20,transmission3066,transmission2201
transmission2201_to_transmission3066_electricity,#3186cc,LV electricity distribution,transmission,10000,0.99,20,transmission3066,transmission2201
transmission3066_to_transmission3369_heat,#823740,LQ heat distribution,transmission,10000,0.99,20,transmission3369,transmission3066
transmission3066_to_transmission3369_electricity,#3186cc,LV electricity distribution,transmission,10000,0.99,20,transmission3369,transmission3066
transmission3369_to_transmission2690_heat,#823740,LQ heat distribution,transmission,10000,0.99,20,transmission2690,transmission3369
transmission3369_to_transmission2690_electricity,#3186cc,LV electricity distribution,transmission,10000,0.99,20,transmission2690,transmission3369
transmission2690_to_transmission2724_heat,#823740,LQ heat distribution,transmission,10000,0.99,20,transmission2724,transmission2690
transmission2690_to_transmission2724_electricity,#3186cc,LV electricity distribution,transmission,10000,0.99,20,transmission2724,transmission2690
transmission2724_to_transmission799_heat,#823740,LQ heat distribution,transmission,10000,0.99,20,transmission799,transmission2724
transmission2724_to_transmission799_electricity,#3186cc,LV electricity distribution,transmission,10000,0.99,20,transmission799,transmission2724
transmission799_to_transmission2388_heat,#823740,LQ heat distribution,transmission,10000,0.99,20,transmission2388,transmission799
transmission799_to_transmission2388_electricity,#3186cc,LV electricity distribution,transmission,10000,0.99,20,transmission2388,transmission799
transmission2388_to_transmission552_heat,#823740,LQ heat distribution,transmission,10000,0.99,20,transmission552,transmission2388
transmission2388_to_transmission552_electricity,#3186cc,LV electricity distribution,transmission,10000,0.99,20,transmission552,transmission2388
transmission552_to_transmission864_heat,#823740,LQ heat distribution,transmission,10000,0.99,20,transmission864,transmission552
transmission552_to_transmission864_electricity,#3186cc,LV electricity distribution,transmission,10000,0.99,20,transmission864,transmission552
transmission864_to_transmission3018_heat,#823740,LQ heat distribution,transmission,10000,0.99,20,transmission3018,transmission864
transmission864_to_transmission3018_electricity,#3186cc,LV electricity distribution,transmission,10000,0.99,20,transmission3018,transmission864
transmission3018_to_transmission2524_heat,#823740,LQ heat distribution,transmission,10000,0.99,20,transmission2524,transmission3018
transmission3018_to_transmission2524_electricity,#3186cc,LV electricity distribution,transmission,10000,0.99,20,transmission2524,transmission3018
transmission2524_to_transmission1747_heat,#823740,LQ heat distribution,transmission,10000,0.99,20,transmission1747,transmission2524
transmission2524_to_transmission1747_electricity,#3186cc,LV electricity distribution,transmission,10000,0.99,20,transmission1747,transmission2524
transmission1747_to_transmission1626_heat,#823740,LQ heat distribution,transmission,10000,0.99,20,transmission1626,transmission1747
transmission1747_to_transmission1626_electricity,#3186cc,LV electricity distribution,transmission,10000,0.99,20,transmission1626,transmission1747
transmission1626_to_transmission1117_heat,#823740,LQ heat distribution,transmission,10000,0.99,20,transmission1117,transmission1626
transmission1626_to_transmission1117_electricity,#3186cc,LV electricity distribution,transmission,10000,0.99,20,transmission1117,transmission1626
transmission1117_to_transmission730_heat,#823740,LQ heat distribution,transmission,10000,0.99,20,transmission730,transmission1117
transmission1117_to_transmission730_electricity,#3186cc,LV electricity distribution,transmission,10000,0.99,20,transmission730,transmission1117
transmission730_to_transmission2515_heat,#823740,LQ heat distribution,transmission,10000,0.99,20,transmission2515,transmission730
transmission730_to_transmission2515_electricity,#3186cc,LV electricity distribution,transmission,10000,0.99,20,transmission2515,transmission730
transmission2515_to_transmission1367_heat,#823740,LQ heat distribution,transmission,10000,0.99,20,transmission1367,transmission2515
transmission2515_to_transmission1367_electricity,#3186cc,LV electricity distribution,transmission,10000,0.99,20,transmission1367,transmission2515
transmission1367_to_transmission2459_heat,#823740,LQ heat distribution,transmission,10000,0.99,20,transmission2459,transmission1367
transmission1367_to_transmission2459_electricity,#3186cc,LV electricity distribution,transmission,10000,0.99,20,transmission2459,transmission1367
transmission2459_to_transmission1101_heat,#823740,LQ heat distribution,transmission,10000,0.99,20,transmission1101,transmission2459
transmission2459_to_transmission1101_electricity,#3186cc,LV electricity distribution,transmission,10000,0.99,20,transmission1101,transmission2459
transmission1101_to_transmission3001_heat,#823740,LQ heat distribution,transmission,10000,0.99,20,transmission3001,transmission1101
transmission1101_to_transmission3001_electricity,#3186cc,LV electricity distribution,transmission,10000,0.99,20,transmission3001,transmission1101
transmission3001_to_transmission601_heat,#823740,LQ heat distribution,transmission,10000,0.99,20,transmission601,transmission3001
transmission3001_to_transmission601_electricity,#3186cc,LV electricity distribution,transmission,10000,0.99,20,transmission601,transmission3001
transmission601_to_transmission2799_heat,#823740,LQ heat distribution,transmission,10000,0.99,20,transmission2799,transmission601
transmission601_to_transmission2799_electricity,#3186cc,LV electricity distribution,transmission,10000,0.99,20,transmission2799,transmission601
transmission2799_to_transmission1441_heat,#823740,LQ heat distribution,transmission,10000,0.99,20,transmission1441,transmission2799
transmission2799_to_transmission1441_electricity,#3186cc,LV electricity distribution,transmission,10000,0.99,20,transmission1441,transmission2799
transmission1441_to_transmission3301_heat,#823740,LQ heat distribution,transmission,10000,0.99,20,transmission3301,transmission1441
transmission1441_to_transmission3301_electricity,#3186cc,LV electricity distribution,transmission,10000,0.99,20,transmission3301,transmission1441
transmission3301_to_transmission2303_heat,#823740,LQ heat distribution,transmission,10000,0.99,20,transmission2303,transmission3301
transmission3301_to_transmission2303_electricity,#3186cc,LV electricity distribution,transmission,10000,0.99,20,transmission2303,transmission3301
transmission2303_to_transmission869_heat,#823740,LQ heat distribution,transmission,10000,0.99,20,transmission869,transmission2303
transmission2303_to_transmission869_electricity,#3186cc,LV electricity distribution,transmission,10000,0.99,20,transmission869,transmission2303
transmission869_to_transmission2770_heat,#823740,LQ heat distribution,transmission,10000,0.99,20,transmission2770,transmission869
transmission869_to_transmission2770_electricity,#3186cc,LV electricity distribution,transmission,10000,0.99,20,transmission2770,transmission869
transmission2770_to_transmission3244_heat,#823740,LQ heat distribution,transmission,10000,0.99,20,transmission3244,transmission2770
transmission2770_to_transmission3244_electricity,#3186cc,LV electricity distribution,transmission,10000,0.99,20,transmission3244,transmission2770
transmission3244_to_transmission2727_heat,#823740,LQ heat distribution,transmission,10000,0.99,20,transmission2727,transmission3244
transmission3244_to_transmission2727_electricity,#3186cc,LV electricity distribution,transmission,10000,0.99,20,transmission2727,transmission3244
transmission1710_to_transmission2881_heat,#823740,LQ heat distribution,transmission,10000,0.99,20,transmission2881,transmission1710
transmission1710_to_transmission2881_electricity,#3186cc,LV electricity distribution,transmission,10000,0.99,20,transmission2881,transmission1710
transmission2881_to_transmission1168_heat,#823740,LQ heat distribution,transmission,10000,0.99,20,transmission1168,transmission2881
transmission2881_to_transmission1168_electricity,#3186cc,LV electricity distribution,transmission,10000,0.99,20,transmission1168,transmission2881
transmission1168_to_transmission1633_heat,#823740,LQ heat distribution,transmission,10000,0.99,20,transmission1633,transmission1168
transmission1168_to_transmission1633_electricity,#3186cc,LV electricity distribution,transmission,10000,0.99,20,transmission1633,transmission1168
transmission1633_to_transmission2741_heat,#823740,LQ heat distribution,transmission,10000,0.99,20,transmission2741,transmission1633
transmission1633_to_transmission2741_electricity,#3186cc,LV electricity distribution,transmission,10000,0.99,20,transmission2741,transmission1633
transmission2741_to_transmission757_heat,#823740,LQ heat distribution,transmission,10000,0.99,20,transmission757,transmission2741
transmission2741_to_transmission757_electricity,#3186cc,LV electricity distribution,transmission,10000,0.99,20,transmission757,transmission2741
transmission757_to_transmission2580_heat,#823740,LQ heat distribution,transmission,10000,0.99,20,transmission2580,transmission757
transmission757_to_transmission2580_electricity,#3186cc,LV electricity distribution,transmission,10000,0.99,20,transmission2580,transmission757
transmission2580_to_transmission1588_heat,#823740,LQ heat distribution,transmission,10000,0.99,20,transmission1588,transmission2580
transmission2580_to_transmission1588_electricity,#3186cc,LV electricity distribution,transmission,10000,0.99,20,transmission1588,transmission2580
transmission1588_to_transmission2056_heat,#823740,LQ heat distribution,transmission,10000,0.99,20,transmission2056,transmission1588
transmission1588_to_transmission2056_electricity,#3186cc,LV electricity distribution,transmission,10000,0.99,20,transmission2056,transmission1588
transmission2056_to_transmission996_heat,#823740,LQ heat distribution,transmission,10000,0.99,20,transmission996,transmission2056
transmission2056_to_transmission996_electricity,#3186cc,LV electricity distribution,transmission,10000,0.99,20,transmission996,transmission2056
transmission996_to_transmission1500_heat,#823740,LQ heat distribution,transmission,10000,0.99,20,transmission1500,transmission996
transmission996_to_transmission1500_electricity,#3186cc,LV electricity distribution,transmission,10000,0.99,20,transmission1500,transmission996
transmission1500_to_transmission2336_heat,#823740,LQ heat distribution,transmission,10000,0.99,20,transmission2336,transmission1500
transmission1500_to_transmission2336_electricity,#3186cc,LV electricity distribution,transmission,10000,0.99,20,transmission2336,transmission1500
transmission2336_to_transmission695_heat,#823740,LQ heat distribution,transmission,10000,0.99,20,transmission695,transmission2336
transmission2336_to_transmission695_electricity,#3186cc,LV electricity distribution,transmission,10000,0.99,20,transmission695,transmission2336
transmission695_to_transmission2781_heat,#823740,LQ heat distribution,transmission,10000,0.99,20,transmission2781,transmission695
transmission695_to_transmission2781_electricity,#3186cc,LV electricity distribution,transmission,10000,0.99,20,transmission2781,transmission695
transmission2781_to_transmission3102_heat,#823740,LQ heat distribution,transmission,10000,0.99,20,transmission3102,transmission2781
transmission2781_to_transmission3102_electricity,#3186cc,LV electricity distribution,transmission,10000,0.99,20,transmission3102,transmission2781
transmission3102_to_transmission2066_heat,#823740,LQ heat distribution,transmission,10000,0.99,20,transmission2066,transmission3102
transmission3102_to_transmission2066_electricity,#3186cc,LV electricity distribution,transmission,10000,0.99,20,transmission2066,transmission3102
transmission2066_to_transmission723_heat,#823740,LQ heat distribution,transmission,10000,0.99,20,transmission723,transmission2066
transmission2066_to_transmission723_electricity,#3186cc,LV electricity distribution,transmission,10000,0.99,20,transmission723,transmission2066
transmission723_to_transmission2230_heat,#823740,LQ heat distribution,transmission,10000,0.99,20,transmission2230,transmission723
transmission723_to_transmission2230_electricity,#3186cc,LV electricity distribution,transmission,10000,0.99,20,transmission2230,transmission723
transmission2230_to_transmission1538_heat,#823740,LQ heat distribution,transmission,10000,0.99,20,transmission1538,transmission2230
transmission2230_to_transmission1538_electricity,#3186cc,LV electricity distribution,transmission,10000,0.99,20,transmission1538,transmission2230
transmission1538_to_transmission2037_heat,#823740,LQ heat distribution,transmission,10000,0.99,20,transmission2037,transmission1538
transmission1538_to_transmission2037_electricity,#3186cc,LV electricity distribution,transmission,10000,0.99,20,transmission2037,transmission1538
transmission2037_to_transmission1005_heat,#823740,LQ heat distribution,transmission,10000,0.99,20,transmission1005,transmission2037
transmission2037_to_transmission1005_electricity,#3186cc,LV electricity distribution,transmission,10000,0.99,20,transmission1005,transmission2037
transmission1005_to_transmission2176_heat,#823740,LQ heat distribution,transmission,10000,0.99,20,transmission2176,transmission1005
transmission1005_to_transmission2176_electricity,#3186cc,LV electricity distribution,transmission,10000,0.99,20,transmission2176,transmission1005
transmission2176_to_transmission3083_heat,#823740,LQ heat distribution,transmission,10000,0.99,20,transmission3083,transmission2176
transmission2176_to_transmission3083_electricity,#3186cc,LV electricity distribution,transmission,10000,0.99,20,transmission3083,transmission2176
transmission3083_to_transmission2729_heat,#823740,LQ heat distribution,transmission,10000,0.99,20,transmission2729,transmission3083
transmission3083_to_transmission2729_electricity,#3186cc,LV electricity distribution,transmission,10000,0.99,20,transmission2729,transmission3083
transmission2729_to_transmission1282_heat,#823740,LQ heat distribution,transmission,10000,0.99,20,transmission1282,transmission2729
transmission2729_to_transmission1282_electricity,#3186cc,LV electricity distribution,transmission,10000,0.99,20,transmission1282,transmission2729
transmission1282_to_transmission2216_heat,#823740,LQ heat distribution,transmission,10000,0.99,20,transmission2216,transmission1282
transmission1282_to_transmission2216_electricity,#3186cc,LV electricity distribution,transmission,10000,0.99,20,transmission2216,transmission1282
transmission2216_to_transmission1915_heat,#823740,LQ heat distribution,transmission,10000,0.99,20,transmission1915,transmission2216
transmission2216_to_transmission1915_electricity,#3186cc,LV electricity distribution,transmission,10000,0.99,20,transmission1915,transmission2216
transmission1915_to_transmission2633_heat,#823740,LQ heat distribution,transmission,10000,0.99,20,transmission2633,transmission1915
transmission1915_to_transmission2633_electricity,#3186cc,LV electricity distribution,transmission,10000,0.99,20,transmission2633,transmission1915
transmission2633_to_transmission2323_heat,#823740,LQ heat distribution,transmission,10000,0.99,20,transmission2323,transmission2633
transmission2633_to_transmission2323_electricity,#3186cc,LV electricity distribution,transmission,10000,0.99,20,transmission2323,transmission2633
transmission2323_to_transmission1003_heat,#823740,LQ heat distribution,transmission,10000,0.99,20,transmission1003,transmission2323
transmission2323_to_transmission1003_electricity,#3186cc,LV electricity distribution,transmission,10000,0.99,20,transmission1003,transmission2323
transmission1003_to_transmission2217_heat,#823740,LQ heat distribution,transmission,10000,0.99,20,transmission2217,transmission1003
transmission1003_to_transmission2217_electricity,#3186cc,LV electricity distribution,transmission,10000,0.99,20,transmission2217,transmission1003
transmission2217_to_transmission3383_heat,#823740,LQ heat distribution,transmission,10000,0.99,20,transmission3383,transmission2217
transmission2217_to_transmission3383_electricity,#3186cc,LV electricity distribution,transmission,10000,0.99,20,transmission3383,transmission2217
transmission3383_to_transmission2359_heat,#823740,LQ heat distribution,transmission,10000,0.99,20,transmission2359,transmission3383
transmission3383_to_transmission2359_electricity,#3186cc,LV electricity distribution,transmission,10000,0.99,20,transmission2359,transmission3383
transmission2359_to_transmission1257_heat,#823740,LQ heat distribution,transmission,10000,0.99,20,transmission1257,transmission2359
transmission2359_to_transmission1257_electricity,#3186cc,LV electricity distribution,transmission,10000,0.99,20,transmission1257,transmission2359
transmission1257_to_transmission2193_heat,#823740,LQ heat distribution,transmission,10000,0.99,20,transmission2193,transmission1257
transmission1257_to_transmission2193_electricity,#3186cc,LV electricity distribution,transmission,10000,0.99,20,transmission2193,transmission1257
transmission2193_to_transmission3355_heat,#823740,LQ heat distribution,transmission,10000,0.99,20,transmission3355,transmission2193
transmission2193_to_transmission3355_electricity,#3186cc,LV electricity distribution,transmission,10000,0.99,20,transmission3355,transmission2193
transmission3355_to_transmission2325_heat,#823740,LQ heat distribution,transmission,10000,0.99,20,transmission2325,transmission3355
transmission3355_to_transmission2325_electricity,#3186cc,LV electricity distribution,transmission,10000,0.99,20,transmission2325,transmission3355
transmission2325_to_transmission1297_heat,#823740,LQ heat distribution,transmission,10000,0.99,20,transmission1297,transmission2325
transmission2325_to_transmission1297_electricity,#3186cc,LV electricity distribution,transmission,10000,0.99,20,transmission1297,transmission2325
transmission1297_to_transmission2485_heat,#823740,LQ heat distribution,transmission,10000,0.99,20,transmission2485,transmission1297
transmission1297_to_transmission2485_electricity,#3186cc,LV electricity distribution,transmission,10000,0.99,20,transmission2485,transmission1297
transmission2485_to_transmission758_heat,#823740,LQ heat distribution,transmission,10000,0.99,20,transmission758,transmission2485
transmission2485_to_transmission758_electricity,#3186cc,LV electricity distribution,transmission,10000,0.99,20,transmission758,transmission2485
transmission758_to_transmission1979_heat,#823740,LQ heat distribution,transmission,10000,0.99,20,transmission1979,transmission758
transmission758_to_transmission1979_electricity,#3186cc,LV electricity distribution,transmission,10000,0.99,20,transmission1979,transmission758
transmission1979_to_transmission1594_heat,#823740,LQ heat distribution,transmission,10000,0.99,20,transmission1594,transmission1979
transmission1979_to_transmission1594_electricity,#3186cc,LV electricity distribution,transmission,10000,0.99,20,transmission1594,transmission1979
transmission1594_to_transmission1593_heat,#823740,LQ heat distribution,transmission,10000,0.99,20,transmission1593,transmission1594
transmission1594_to_transmission1593_electricity,#3186cc,LV electricity distribution,transmission,10000,0.99,20,transmission1593,transmission1594
transmission1593_to_transmission1056_heat,#823740,LQ heat distribution,transmission,10000,0.99,20,transmission1056,transmission1593
transmission1593_to_transmission1056_electricity,#3186cc,LV electricity distribution,transmission,10000,0.99,20,transmission1056,transmission1593
transmission1056_to_transmission661_heat,#823740,LQ heat distribution,transmission,10000,0.99,20,transmission661,transmission1056
transmission1056_to_transmission661_electricity,#3186cc,LV electricity distribution,transmission,10000,0.99,20,transmission661,transmission1056
transmission661_to_transmission2609_heat,#823740,LQ heat distribution,transmission,10000,0.99,20,transmission2609,transmission661
transmission661_to_transmission2609_electricity,#3186cc,LV electricity distribution,transmission,10000,0.99,20,transmission2609,transmission661
transmission2609_to_transmission1625_heat,#823740,LQ heat distribution,transmission,10000,0.99,20,transmission1625,transmission2609
transmission2609_to_transmission1625_electricity,#3186cc,LV electricity distribution,transmission,10000,0.99,20,transmission1625,transmission2609
transmission1625_to_transmission2747_heat,#823740,LQ heat distribution,transmission,10000,0.99,20,transmission2747,transmission1625
transmission1625_to_transmission2747_electricity,#3186cc,LV electricity distribution,transmission,10000,0.99,20,transmission2747,transmission1625
transmission2747_to_transmission2083_heat,#823740,LQ heat distribution,transmission,10000,0.99,20,transmission2083,transmission2747
transmission2747_to_transmission2083_electricity,#3186cc,LV electricity distribution,transmission,10000,0.99,20,transmission2083,transmission2747
transmission2083_to_transmission594_heat,#823740,LQ heat distribution,transmission,10000,0.99,20,transmission594,transmission2083
transmission2083_to_transmission594_electricity,#3186cc,LV electricity distribution,transmission,10000,0.99,20,transmission594,transmission2083
transmission594_to_transmission1571_heat,#823740,LQ heat distribution,transmission,10000,0.99,20,transmission1571,transmission594
transmission594_to_transmission1571_electricity,#3186cc,LV electricity distribution,transmission,10000,0.99,20,transmission1571,transmission594
transmission1571_to_transmission3125_heat,#823740,LQ heat distribution,transmission,10000,0.99,20,transmission3125,transmission1571
transmission1571_to_transmission3125_electricity,#3186cc,LV electricity distribution,transmission,10000,0.99,20,transmission3125,transmission1571
transmission3125_to_transmission1991_heat,#823740,LQ heat distribution,transmission,10000,0.99,20,transmission1991,transmission3125
transmission3125_to_transmission1991_electricity,#3186cc,LV electricity distribution,transmission,10000,0.99,20,transmission1991,transmission3125
transmission1991_to_transmission636_heat,#823740,LQ heat distribution,transmission,10000,0.99,20,transmission636,transmission1991
transmission1991_to_transmission636_electricity,#3186cc,LV electricity distribution,transmission,10000,0.99,20,transmission636,transmission1991
transmission636_to_transmission1863_heat,#823740,LQ heat distribution,transmission,10000,0.99,20,transmission1863,transmission636
transmission636_to_transmission1863_electricity,#3186cc,LV electricity distribution,transmission,10000,0.99,20,transmission1863,transmission636
transmission1863_to_transmission3033_heat,#823740,LQ heat distribution,transmission,10000,0.99,20,transmission3033,transmission1863
transmission1863_to_transmission3033_electricity,#3186cc,LV electricity distribution,transmission,10000,0.99,20,transmission3033,transmission1863
transmission3033_to_transmission1315_heat,#823740,LQ heat distribution,transmission,10000,0.99,20,transmission1315,transmission3033
transmission3033_to_transmission1315_electricity,#3186cc,LV electricity distribution,transmission,10000,0.99,20,transmission1315,transmission3033
transmission1315_to_transmission3179_heat,#823740,LQ heat distribution,transmission,10000,0.99,20,transmission3179,transmission1315
transmission1315_to_transmission3179_electricity,#3186cc,LV electricity distribution,transmission,10000,0.99,20,transmission3179,transmission1315
transmission3179_to_transmission2261_heat,#823740,LQ heat distribution,transmission,10000,0.99,20,transmission2261,transmission3179
transmission3179_to_transmission2261_electricity,#3186cc,LV electricity distribution,transmission,10000,0.99,20,transmission2261,transmission3179
transmission2261_to_transmission2203_heat,#823740,LQ heat distribution,transmission,10000,0.99,20,transmission2203,transmission2261
transmission2261_to_transmission2203_electricity,#3186cc,LV electricity distribution,transmission,10000,0.99,20,transmission2203,transmission2261
transmission2203_to_transmission2898_heat,#823740,LQ heat distribution,transmission,10000,0.99,20,transmission2898,transmission2203
transmission2203_to_transmission2898_electricity,#3186cc,LV electricity distribution,transmission,10000,0.99,20,transmission2898,transmission2203
transmission2898_to_transmission1262_heat,#823740,LQ heat distribution,transmission,10000,0.99,20,transmission1262,transmission2898
transmission2898_to_transmission1262_electricity,#3186cc,LV electricity distribution,transmission,10000,0.99,20,transmission1262,transmission2898
transmission1262_to_transmission1888_heat,#823740,LQ heat distribution,transmission,10000,0.99,20,transmission1888,transmission1262
transmission1262_to_transmission1888_electricity,#3186cc,LV electricity distribution,transmission,10000,0.99,20,transmission1888,transmission1262
transmission1888_to_transmission2850_heat,#823740,LQ heat distribution,transmission,10000,0.99,20,transmission2850,transmission1888
transmission1888_to_transmission2850_electricity,#3186cc,LV electricity distribution,transmission,10000,0.99,20,transmission2850,transmission1888
transmission2850_to_transmission3415_heat,#823740,LQ heat distribution,transmission,10000,0.99,20,transmission3415,transmission2850
transmission2850_to_transmission3415_electricity,#3186cc,LV electricity distribution,transmission,10000,0.99,20,transmission3415,transmission2850
transmission3415_to_transmission1881_heat,#823740,LQ heat distribution,transmission,10000,0.99,20,transmission1881,transmission3415
transmission3415_to_transmission1881_electricity,#3186cc,LV electricity distribution,transmission,10000,0.99,20,transmission1881,transmission3415
transmission1881_to_transmission2375_heat,#823740,LQ heat distribution,transmission,10000,0.99,20,transmission2375,transmission1881
transmission1881_to_transmission2375_electricity,#3186cc,LV electricity distribution,transmission,10000,0.99,20,transmission2375,transmission1881
transmission2375_to_transmission2723_heat,#823740,LQ heat distribution,transmission,10000,0.99,20,transmission2723,transmission2375
transmission2375_to_transmission2723_electricity,#3186cc,LV electricity distribution,transmission,10000,0.99,20,transmission2723,transmission2375
transmission2723_to_transmission1150_heat,#823740,LQ heat distribution,transmission,10000,0.99,20,transmission1150,transmission2723
transmission2723_to_transmission1150_electricity,#3186cc,LV electricity distribution,transmission,10000,0.99,20,transmission1150,transmission2723
transmission1150_to_transmission1754_heat,#823740,LQ heat distribution,transmission,10000,0.99,20,transmission1754,transmission1150
transmission1150_to_transmission1754_electricity,#3186cc,LV electricity distribution,transmission,10000,0.99,20,transmission1754,transmission1150
transmission1754_to_transmission3385_heat,#823740,LQ heat distribution,transmission,10000,0.99,20,transmission3385,transmission1754
transmission1754_to_transmission3385_electricity,#3186cc,LV electricity distribution,transmission,10000,0.99,20,transmission3385,transmission1754
transmission3385_to_transmission2362_heat,#823740,LQ heat distribution,transmission,10000,0.99,20,transmission2362,transmission3385
transmission3385_to_transmission2362_electricity,#3186cc,LV electricity distribution,transmission,10000,0.99,20,transmission2362,transmission3385
transmission2362_to_transmission2391_heat,#823740,LQ heat distribution,transmission,10000,0.99,20,transmission2391,transmission2362
transmission2362_to_transmission2391_electricity,#3186cc,LV electricity distribution,transmission,10000,0.99,20,transmission2391,transmission2362
transmission2391_to_transmission2038_heat,#823740,LQ heat distribution,transmission,10000,0.99,20,transmission2038,transmission2391
transmission2391_to_transmission2038_electricity,#3186cc,LV electricity distribution,transmission,10000,0.99,20,transmission2038,transmission2391
transmission2038_to_transmission3212_heat,#823740,LQ heat distribution,transmission,10000,0.99,20,transmission3212,transmission2038
transmission2038_to_transmission3212_electricity,#3186cc,LV electricity distribution,transmission,10000,0.99,20,transmission3212,transmission2038
transmission3212_to_transmission846_heat,#823740,LQ heat distribution,transmission,10000,0.99,20,transmission846,transmission3212
transmission3212_to_transmission846_electricity,#3186cc,LV electricity distribution,transmission,10000,0.99,20,transmission846,transmission3212
transmission846_to_transmission1913_heat,#823740,LQ heat distribution,transmission,10000,0.99,20,transmission1913,transmission846
transmission846_to_transmission1913_electricity,#3186cc,LV electricity distribution,transmission,10000,0.99,20,transmission1913,transmission846
transmission1913_to_transmission1795_heat,#823740,LQ heat distribution,transmission,10000,0.99,20,transmission1795,transmission1913
transmission1913_to_transmission1795_electricity,#3186cc,LV electricity distribution,transmission,10000,0.99,20,transmission1795,transmission1913
transmission1795_to_transmission2311_heat,#823740,LQ heat distribution,transmission,10000,0.99,20,transmission2311,transmission1795
transmission1795_to_transmission2311_electricity,#3186cc,LV electricity distribution,transmission,10000,0.99,20,transmission2311,transmission1795
transmission2311_to_transmission1417_heat,#823740,LQ heat distribution,transmission,10000,0.99,20,transmission1417,transmission2311
transmission2311_to_transmission1417_electricity,#3186cc,LV electricity distribution,transmission,10000,0.99,20,transmission1417,transmission2311
transmission1417_to_transmission1971_heat,#823740,LQ heat distribution,transmission,10000,0.99,20,transmission1971,transmission1417
transmission1417_to_transmission1971_electricity,#3186cc,LV electricity distribution,transmission,10000,0.99,20,transmission1971,transmission1417
transmission1971_to_transmission2817_heat,#823740,LQ heat distribution,transmission,10000,0.99,20,transmission2817,transmission1971
transmission1971_to_transmission2817_electricity,#3186cc,LV electricity distribution,transmission,10000,0.99,20,transmission2817,transmission1971
transmission2817_to_transmission937_heat,#823740,LQ heat distribution,transmission,10000,0.99,20,transmission937,transmission2817
transmission2817_to_transmission937_electricity,#3186cc,LV electricity distribution,transmission,10000,0.99,20,transmission937,transmission2817
transmission937_to_transmission2148_heat,#823740,LQ heat distribution,transmission,10000,0.99,20,transmission2148,transmission937
transmission937_to_transmission2148_electricity,#3186cc,LV electricity distribution,transmission,10000,0.99,20,transmission2148,transmission937
transmission2148_to_transmission1797_heat,#823740,LQ heat distribution,transmission,10000,0.99,20,transmission1797,transmission2148
transmission2148_to_transmission1797_electricity,#3186cc,LV electricity distribution,transmission,10000,0.99,20,transmission1797,transmission2148
transmission1797_to_transmission2424_heat,#823740,LQ heat distribution,transmission,10000,0.99,20,transmission2424,transmission1797
transmission1797_to_transmission2424_electricity,#3186cc,LV electricity distribution,transmission,10000,0.99,20,transmission2424,transmission1797
transmission2424_to_transmission2505_heat,#823740,LQ heat distribution,transmission,10000,0.99,20,transmission2505,transmission2424
transmission2424_to_transmission2505_electricity,#3186cc,LV electricity distribution,transmission,10000,0.99,20,transmission2505,transmission2424
transmission2505_to_transmission2151_heat,#823740,LQ heat distribution,transmission,10000,0.99,20,transmission2151,transmission2505
transmission2505_to_transmission2151_electricity,#3186cc,LV electricity distribution,transmission,10000,0.99,20,transmission2151,transmission2505
transmission2151_to_transmission987_heat,#823740,LQ heat distribution,transmission,10000,0.99,20,transmission987,transmission2151
transmission2151_to_transmission987_electricity,#3186cc,LV electricity distribution,transmission,10000,0.99,20,transmission987,transmission2151
transmission987_to_transmission1565_heat,#823740,LQ heat distribution,transmission,10000,0.99,20,transmission1565,transmission987
transmission987_to_transmission1565_electricity,#3186cc,LV electricity distribution,transmission,10000,0.99,20,transmission1565,transmission987
transmission1565_to_transmission3271_heat,#823740,LQ heat distribution,transmission,10000,0.99,20,transmission3271,transmission1565
transmission1565_to_transmission3271_electricity,#3186cc,LV electricity distribution,transmission,10000,0.99,20,transmission3271,transmission1565
transmission3271_to_transmission975_heat,#823740,LQ heat distribution,transmission,10000,0.99,20,transmission975,transmission3271
transmission3271_to_transmission975_electricity,#3186cc,LV electricity distribution,transmission,10000,0.99,20,transmission975,transmission3271
transmission975_to_transmission2315_heat,#823740,LQ heat distribution,transmission,10000,0.99,20,transmission2315,transmission975
transmission975_to_transmission2315_electricity,#3186cc,LV electricity distribution,transmission,10000,0.99,20,transmission2315,transmission975
transmission2315_to_transmission1457_heat,#823740,LQ heat distribution,transmission,10000,0.99,20,transmission1457,transmission2315
transmission2315_to_transmission1457_electricity,#3186cc,LV electricity distribution,transmission,10000,0.99,20,transmission1457,transmission2315
transmission1457_to_transmission1077_heat,#823740,LQ heat distribution,transmission,10000,0.99,20,transmission1077,transmission1457
transmission1457_to_transmission1077_electricity,#3186cc,LV electricity distribution,transmission,10000,0.99,20,transmission1077,transmission1457
transmission1077_to_transmission3361_heat,#823740,LQ heat distribution,transmission,10000,0.99,20,transmission3361,transmission1077
transmission1077_to_transmission3361_electricity,#3186cc,LV electricity distribution,transmission,10000,0.99,20,transmission3361,transmission1077
transmission3361_to_transmission2749_heat,#823740,LQ heat distribution,transmission,10000,0.99,20,transmission2749,transmission3361
transmission3361_to_transmission2749_electricity,#3186cc,LV electricity distribution,transmission,10000,0.99,20,transmission2749,transmission3361
transmission2749_to_transmission1891_heat,#823740,LQ heat distribution,transmission,10000,0.99,20,transmission1891,transmission2749
transmission2749_to_transmission1891_electricity,#3186cc,LV electricity distribution,transmission,10000,0.99,20,transmission1891,transmission2749
transmission1891_to_transmission2482_heat,#823740,LQ heat distribution,transmission,10000,0.99,20,transmission2482,transmission1891
transmission1891_to_transmission2482_electricity,#3186cc,LV electricity distribution,transmission,10000,0.99,20,transmission2482,transmission1891
transmission2482_to_transmission1179_heat,#823740,LQ heat distribution,transmission,10000,0.99,20,transmission1179,transmission2482
transmission2482_to_transmission1179_electricity,#3186cc,LV electricity distribution,transmission,10000,0.99,20,transmission1179,transmission2482
transmission1179_to_transmission2923_heat,#823740,LQ heat distribution,transmission,10000,0.99,20,transmission2923,transmission1179
transmission1179_to_transmission2923_electricity,#3186cc,LV electricity distribution,transmission,10000,0.99,20,transmission2923,transmission1179
transmission2923_to_transmission2589_heat,#823740,LQ heat distribution,transmission,10000,0.99,20,transmission2589,transmission2923
transmission2923_to_transmission2589_electricity,#3186cc,LV electricity distribution,transmission,10000,0.99,20,transmission2589,transmission2923
transmission2589_to_transmission2667_heat,#823740,LQ heat distribution,transmission,10000,0.99,20,transmission2667,transmission2589
transmission2589_to_transmission2667_electricity,#3186cc,LV electricity distribution,transmission,10000,0.99,20,transmission2667,transmission2589
transmission2667_to_transmission2601_heat,#823740,LQ heat distribution,transmission,10000,0.99,20,transmission2601,transmission2667
transmission2667_to_transmission2601_electricity,#3186cc,LV electricity distribution,transmission,10000,0.99,20,transmission2601,transmission2667
transmission2601_to_transmission1770_heat,#823740,LQ heat distribution,transmission,10000,0.99,20,transmission1770,transmission2601
transmission2601_to_transmission1770_electricity,#3186cc,LV electricity distribution,transmission,10000,0.99,20,transmission1770,transmission2601
transmission1770_to_transmission835_heat,#823740,LQ heat distribution,transmission,10000,0.99,20,transmission835,transmission1770
transmission1770_to_transmission835_electricity,#3186cc,LV electricity distribution,transmission,10000,0.99,20,transmission835,transmission1770
transmission835_to_transmission1507_heat,#823740,LQ heat distribution,transmission,10000,0.99,20,transmission1507,transmission835
transmission835_to_transmission1507_electricity,#3186cc,LV electricity distribution,transmission,10000,0.99,20,transmission1507,transmission835
transmission1507_to_transmission1244_heat,#823740,LQ heat distribution,transmission,10000,0.99,20,transmission1244,transmission1507
transmission1507_to_transmission1244_electricity,#3186cc,LV electricity distribution,transmission,10000,0.99,20,transmission1244,transmission1507
transmission1244_to_transmission1871_heat,#823740,LQ heat distribution,transmission,10000,0.99,20,transmission1871,transmission1244
transmission1244_to_transmission1871_electricity,#3186cc,LV electricity distribution,transmission,10000,0.99,20,transmission1871,transmission1244
transmission1871_to_transmission700_heat,#823740,LQ heat distribution,transmission,10000,0.99,20,transmission700,transmission1871
transmission1871_to_transmission700_electricity,#3186cc,LV electricity distribution,transmission,10000,0.99,20,transmission700,transmission1871
transmission700_to_transmission3035_heat,#823740,LQ heat distribution,transmission,10000,0.99,20,transmission3035,transmission700
transmission700_to_transmission3035_electricity,#3186cc,LV electricity distribution,transmission,10000,0.99,20,transmission3035,transmission700
transmission3035_to_transmission720_heat,#823740,LQ heat distribution,transmission,10000,0.99,20,transmission720,transmission3035
transmission3035_to_transmission720_electricity,#3186cc,LV electricity distribution,transmission,10000,0.99,20,transmission720,transmission3035
transmission720_to_transmission3047_heat,#823740,LQ heat distribution,transmission,10000,0.99,20,transmission3047,transmission720
transmission720_to_transmission3047_electricity,#3186cc,LV electricity distribution,transmission,10000,0.99,20,transmission3047,transmission720
transmission3047_to_transmission1114_heat,#823740,LQ heat distribution,transmission,10000,0.99,20,transmission1114,transmission3047
transmission3047_to_transmission1114_electricity,#3186cc,LV electricity distribution,transmission,10000,0.99,20,transmission1114,transmission3047
transmission1114_to_transmission2466_heat,#823740,LQ heat distribution,transmission,10000,0.99,20,transmission2466,transmission1114
transmission1114_to_transmission2466_electricity,#3186cc,LV electricity distribution,transmission,10000,0.99,20,transmission2466,transmission1114
transmission2466_to_transmission2279_heat,#823740,LQ heat distribution,transmission,10000,0.99,20,transmission2279,transmission2466
transmission2466_to_transmission2279_electricity,#3186cc,LV electricity distribution,transmission,10000,0.99,20,transmission2279,transmission2466
transmission2279_to_transmission2917_heat,#823740,LQ heat distribution,transmission,10000,0.99,20,transmission2917,transmission2279
transmission2279_to_transmission2917_electricity,#3186cc,LV electricity distribution,transmission,10000,0.99,20,transmission2917,transmission2279
transmission2917_to_transmission2332_heat,#823740,LQ heat distribution,transmission,10000,0.99,20,transmission2332,transmission2917
transmission2917_to_transmission2332_electricity,#3186cc,LV electricity distribution,transmission,10000,0.99,20,transmission2332,transmission2917
transmission2332_to_transmission2168_heat,#823740,LQ heat distribution,transmission,10000,0.99,20,transmission2168,transmission2332
transmission2332_to_transmission2168_electricity,#3186cc,LV electricity distribution,transmission,10000,0.99,20,transmission2168,transmission2332
transmission2168_to_transmission2680_heat,#823740,LQ heat distribution,transmission,10000,0.99,20,transmission2680,transmission2168
transmission2168_to_transmission2680_electricity,#3186cc,LV electricity distribution,transmission,10000,0.99,20,transmission2680,transmission2168
transmission2680_to_transmission2520_heat,#823740,LQ heat distribution,transmission,10000,0.99,20,transmission2520,transmission2680
transmission2680_to_transmission2520_electricity,#3186cc,LV electricity distribution,transmission,10000,0.99,20,transmission2520,transmission2680
transmission2520_to_transmission894_heat,#823740,LQ heat distribution,transmission,10000,0.99,20,transmission894,transmission2520
transmission2520_to_transmission894_electricity,#3186cc,LV electricity distribution,transmission,10000,0.99,20,transmission894,transmission2520
transmission894_to_transmission1034_heat,#823740,LQ heat distribution,transmission,10000,0.99,20,transmission1034,transmission894
transmission894_to_transmission1034_electricity,#3186cc,LV electricity distribution,transmission,10000,0.99,20,transmission1034,transmission894
transmission1034_to_transmission1857_heat,#823740,LQ heat distribution,transmission,10000,0.99,20,transmission1857,transmission1034
transmission1034_to_transmission1857_electricity,#3186cc,LV electricity distribution,transmission,10000,0.99,20,transmission1857,transmission1034
transmission1857_to_transmission3255_heat,#823740,LQ heat distribution,transmission,10000,0.99,20,transmission3255,transmission1857
transmission1857_to_transmission3255_electricity,#3186cc,LV electricity distribution,transmission,10000,0.99,20,transmission3255,transmission1857
transmission3255_to_transmission2922_heat,#823740,LQ heat distribution,transmission,10000,0.99,20,transmission2922,transmission3255
transmission3255_to_transmission2922_electricity,#3186cc,LV electricity distribution,transmission,10000,0.99,20,transmission2922,transmission3255
transmission2922_to_transmission3151_heat,#823740,LQ heat distribution,transmission,10000,0.99,20,transmission3151,transmission2922
transmission2922_to_transmission3151_electricity,#3186cc,LV electricity distribution,transmission,10000,0.99,20,transmission3151,transmission2922
transmission3151_to_transmission2727_heat,#823740,LQ heat distribution,transmission,10000,0.99,20,transmission2727,transmission3151
transmission3151_to_transmission2727_electricity,#3186cc,LV electricity distribution,transmission,10000,0.99,20,transmission2727,transmission3151
transmission2770_to_transmission1102_heat,#823740,LQ heat distribution,transmission,10000,0.99,20,transmission1102,transmission2770
transmission2770_to_transmission1102_electricity,#3186cc,LV electricity distribution,transmission,10000,0.99,20,transmission1102,transmission2770
transmission1102_to_transmission885_heat,#823740,LQ heat distribution,transmission,10000,0.99,20,transmission885,transmission1102
transmission1102_to_transmission885_electricity,#3186cc,LV electricity distribution,transmission,10000,0.99,20,transmission885,transmission1102
transmission885_to_transmission2138_heat,#823740,LQ heat distribution,transmission,10000,0.99,20,transmission2138,transmission885
transmission885_to_transmission2138_electricity,#3186cc,LV electricity distribution,transmission,10000,0.99,20,transmission2138,transmission885
transmission2138_to_transmission1587_heat,#823740,LQ heat distribution,transmission,10000,0.99,20,transmission1587,transmission2138
transmission2138_to_transmission1587_electricity,#3186cc,LV electricity distribution,transmission,10000,0.99,20,transmission1587,transmission2138
transmission1587_to_transmission3268_heat,#823740,LQ heat distribution,transmission,10000,0.99,20,transmission3268,transmission1587
transmission1587_to_transmission3268_electricity,#3186cc,LV electricity distribution,transmission,10000,0.99,20,transmission3268,transmission1587
transmission3268_to_transmission778_heat,#823740,LQ heat distribution,transmission,10000,0.99,20,transmission778,transmission3268
transmission3268_to_transmission778_electricity,#3186cc,LV electricity distribution,transmission,10000,0.99,20,transmission778,transmission3268
transmission778_to_transmission1534_heat,#823740,LQ heat distribution,transmission,10000,0.99,20,transmission1534,transmission778
transmission778_to_transmission1534_electricity,#3186cc,LV electricity distribution,transmission,10000,0.99,20,transmission1534,transmission778
transmission1534_to_transmission2554_heat,#823740,LQ heat distribution,transmission,10000,0.99,20,transmission2554,transmission1534
transmission1534_to_transmission2554_electricity,#3186cc,LV electricity distribution,transmission,10000,0.99,20,transmission2554,transmission1534
transmission2554_to_transmission2985_heat,#823740,LQ heat distribution,transmission,10000,0.99,20,transmission2985,transmission2554
transmission2554_to_transmission2985_electricity,#3186cc,LV electricity distribution,transmission,10000,0.99,20,transmission2985,transmission2554
transmission2985_to_transmission1792_heat,#823740,LQ heat distribution,transmission,10000,0.99,20,transmission1792,transmission2985
transmission2985_to_transmission1792_electricity,#3186cc,LV electricity distribution,transmission,10000,0.99,20,transmission1792,transmission2985
transmission1792_to_transmission2504_heat,#823740,LQ heat distribution,transmission,10000,0.99,20,transmission2504,transmission1792
transmission1792_to_transmission2504_electricity,#3186cc,LV electricity distribution,transmission,10000,0.99,20,transmission2504,transmission1792
transmission2504_to_transmission2131_heat,#823740,LQ heat distribution,transmission,10000,0.99,20,transmission2131,transmission2504
transmission2504_to_transmission2131_electricity,#3186cc,LV electricity distribution,transmission,10000,0.99,20,transmission2131,transmission2504
transmission2131_to_transmission2751_heat,#823740,LQ heat distribution,transmission,10000,0.99,20,transmission2751,transmission2131
transmission2131_to_transmission2751_electricity,#3186cc,LV electricity distribution,transmission,10000,0.99,20,transmission2751,transmission2131
transmission2751_to_transmission3275_heat,#823740,LQ heat distribution,transmission,10000,0.99,20,transmission3275,transmission2751
transmission2751_to_transmission3275_electricity,#3186cc,LV electricity distribution,transmission,10000,0.99,20,transmission3275,transmission2751
transmission3275_to_transmission2611_heat,#823740,LQ heat distribution,transmission,10000,0.99,20,transmission2611,transmission3275
transmission3275_to_transmission2611_electricity,#3186cc,LV electricity distribution,transmission,10000,0.99,20,transmission2611,transmission3275
transmission2611_to_transmission2067_heat,#823740,LQ heat distribution,transmission,10000,0.99,20,transmission2067,transmission2611
transmission2611_to_transmission2067_electricity,#3186cc,LV electricity distribution,transmission,10000,0.99,20,transmission2067,transmission2611
transmission2067_to_transmission1380_heat,#823740,LQ heat distribution,transmission,10000,0.99,20,transmission1380,transmission2067
transmission2067_to_transmission1380_electricity,#3186cc,LV electricity distribution,transmission,10000,0.99,20,transmission1380,transmission2067
transmission1380_to_transmission970_heat,#823740,LQ heat distribution,transmission,10000,0.99,20,transmission970,transmission1380
transmission1380_to_transmission970_electricity,#3186cc,LV electricity distribution,transmission,10000,0.99,20,transmission970,transmission1380
transmission970_to_transmission1630_heat,#823740,LQ heat distribution,transmission,10000,0.99,20,transmission1630,transmission970
transmission970_to_transmission1630_electricity,#3186cc,LV electricity distribution,transmission,10000,0.99,20,transmission1630,transmission970
transmission1630_to_transmission2166_heat,#823740,LQ heat distribution,transmission,10000,0.99,20,transmission2166,transmission1630
transmission1630_to_transmission2166_electricity,#3186cc,LV electricity distribution,transmission,10000,0.99,20,transmission2166,transmission1630
transmission2166_to_transmission596_heat,#823740,LQ heat distribution,transmission,10000,0.99,20,transmission596,transmission2166
transmission2166_to_transmission596_electricity,#3186cc,LV electricity distribution,transmission,10000,0.99,20,transmission596,transmission2166
transmission596_to_transmission887_heat,#823740,LQ heat distribution,transmission,10000,0.99,20,transmission887,transmission596
transmission596_to_transmission887_electricity,#3186cc,LV electricity distribution,transmission,10000,0.99,20,transmission887,transmission596
transmission887_to_transmission1470_heat,#823740,LQ heat distribution,transmission,10000,0.99,20,transmission1470,transmission887
transmission887_to_transmission1470_electricity,#3186cc,LV electricity distribution,transmission,10000,0.99,20,transmission1470,transmission887
transmission1470_to_transmission1425_heat,#823740,LQ heat distribution,transmission,10000,0.99,20,transmission1425,transmission1470
transmission1470_to_transmission1425_electricity,#3186cc,LV electricity distribution,transmission,10000,0.99,20,transmission1425,transmission1470
transmission1425_to_transmission3097_heat,#823740,LQ heat distribution,transmission,10000,0.99,20,transmission3097,transmission1425
transmission1425_to_transmission3097_electricity,#3186cc,LV electricity distribution,transmission,10000,0.99,20,transmission3097,transmission1425
transmission3097_to_transmission2111_heat,#823740,LQ heat distribution,transmission,10000,0.99,20,transmission2111,transmission3097
transmission3097_to_transmission2111_electricity,#3186cc,LV electricity distribution,transmission,10000,0.99,20,transmission2111,transmission3097
transmission2111_to_transmission845_heat,#823740,LQ heat distribution,transmission,10000,0.99,20,transmission845,transmission2111
transmission2111_to_transmission845_electricity,#3186cc,LV electricity distribution,transmission,10000,0.99,20,transmission845,transmission2111
transmission845_to_transmission3171_heat,#823740,LQ heat distribution,transmission,10000,0.99,20,transmission3171,transmission845
transmission845_to_transmission3171_electricity,#3186cc,LV electricity distribution,transmission,10000,0.99,20,transmission3171,transmission845
transmission3171_to_transmission957_heat,#823740,LQ heat distribution,transmission,10000,0.99,20,transmission957,transmission3171
transmission3171_to_transmission957_electricity,#3186cc,LV electricity distribution,transmission,10000,0.99,20,transmission957,transmission3171
transmission957_to_transmission3362_heat,#823740,LQ heat distribution,transmission,10000,0.99,20,transmission3362,transmission957
transmission957_to_transmission3362_electricity,#3186cc,LV electricity distribution,transmission,10000,0.99,20,transmission3362,transmission957
transmission3362_to_transmission3393_heat,#823740,LQ heat distribution,transmission,10000,0.99,20,transmission3393,transmission3362
transmission3362_to_transmission3393_electricity,#3186cc,LV electricity distribution,transmission,10000,0.99,20,transmission3393,transmission3362
transmission3393_to_transmission2826_heat,#823740,LQ heat distribution,transmission,10000,0.99,20,transmission2826,transmission3393
transmission3393_to_transmission2826_electricity,#3186cc,LV electricity distribution,transmission,10000,0.99,20,transmission2826,transmission3393
transmission2826_to_transmission2699_heat,#823740,LQ heat distribution,transmission,10000,0.99,20,transmission2699,transmission2826
transmission2826_to_transmission2699_electricity,#3186cc,LV electricity distribution,transmission,10000,0.99,20,transmission2699,transmission2826
transmission2699_to_transmission777_heat,#823740,LQ heat distribution,transmission,10000,0.99,20,transmission777,transmission2699
transmission2699_to_transmission777_electricity,#3186cc,LV electricity distribution,transmission,10000,0.99,20,transmission777,transmission2699
transmission777_to_transmission2102_heat,#823740,LQ heat distribution,transmission,10000,0.99,20,transmission2102,transmission777
transmission777_to_transmission2102_electricity,#3186cc,LV electricity distribution,transmission,10000,0.99,20,transmission2102,transmission777
transmission2102_to_transmission2240_heat,#823740,LQ heat distribution,transmission,10000,0.99,20,transmission2240,transmission2102
transmission2102_to_transmission2240_electricity,#3186cc,LV electricity distribution,transmission,10000,0.99,20,transmission2240,transmission2102
transmission2240_to_transmission725_heat,#823740,LQ heat distribution,transmission,10000,0.99,20,transmission725,transmission2240
transmission2240_to_transmission725_electricity,#3186cc,LV electricity distribution,transmission,10000,0.99,20,transmission725,transmission2240
transmission725_to_transmission1720_heat,#823740,LQ heat distribution,transmission,10000,0.99,20,transmission1720,transmission725
transmission725_to_transmission1720_electricity,#3186cc,LV electricity distribution,transmission,10000,0.99,20,transmission1720,transmission725
transmission1720_to_transmission1869_heat,#823740,LQ heat distribution,transmission,10000,0.99,20,transmission1869,transmission1720
transmission1720_to_transmission1869_electricity,#3186cc,LV electricity distribution,transmission,10000,0.99,20,transmission1869,transmission1720
transmission1869_to_transmission2563_heat,#823740,LQ heat distribution,transmission,10000,0.99,20,transmission2563,transmission1869
transmission1869_to_transmission2563_electricity,#3186cc,LV electricity distribution,transmission,10000,0.99,20,transmission2563,transmission1869
transmission2563_to_transmission1045_heat,#823740,LQ heat distribution,transmission,10000,0.99,20,transmission1045,transmission2563
transmission2563_to_transmission1045_electricity,#3186cc,LV electricity distribution,transmission,10000,0.99,20,transmission1045,transmission2563
transmission1045_to_transmission1766_heat,#823740,LQ heat distribution,transmission,10000,0.99,20,transmission1766,transmission1045
transmission1045_to_transmission1766_electricity,#3186cc,LV electricity distribution,transmission,10000,0.99,20,transmission1766,transmission1045
transmission1766_to_transmission2173_heat,#823740,LQ heat distribution,transmission,10000,0.99,20,transmission2173,transmission1766
transmission1766_to_transmission2173_electricity,#3186cc,LV electricity distribution,transmission,10000,0.99,20,transmission2173,transmission1766
transmission2173_to_transmission563_heat,#823740,LQ heat distribution,transmission,10000,0.99,20,transmission563,transmission2173
transmission2173_to_transmission563_electricity,#3186cc,LV electricity distribution,transmission,10000,0.99,20,transmission563,transmission2173
transmission563_to_transmission1281_heat,#823740,LQ heat distribution,transmission,10000,0.99,20,transmission1281,transmission563
transmission563_to_transmission1281_electricity,#3186cc,LV electricity distribution,transmission,10000,0.99,20,transmission1281,transmission563
transmission1281_to_transmission2666_heat,#823740,LQ heat distribution,transmission,10000,0.99,20,transmission2666,transmission1281
transmission1281_to_transmission2666_electricity,#3186cc,LV electricity distribution,transmission,10000,0.99,20,transmission2666,transmission1281
transmission2666_to_transmission2160_heat,#823740,LQ heat distribution,transmission,10000,0.99,20,transmission2160,transmission2666
transmission2666_to_transmission2160_electricity,#3186cc,LV electricity distribution,transmission,10000,0.99,20,transmission2160,transmission2666
transmission2160_to_transmission898_heat,#823740,LQ heat distribution,transmission,10000,0.99,20,transmission898,transmission2160
transmission2160_to_transmission898_electricity,#3186cc,LV electricity distribution,transmission,10000,0.99,20,transmission898,transmission2160
transmission898_to_transmission3013_heat,#823740,LQ heat distribution,transmission,10000,0.99,20,transmission3013,transmission898
transmission898_to_transmission3013_electricity,#3186cc,LV electricity distribution,transmission,10000,0.99,20,transmission3013,transmission898
transmission3013_to_transmission2439_heat,#823740,LQ heat distribution,transmission,10000,0.99,20,transmission2439,transmission3013
transmission3013_to_transmission2439_electricity,#3186cc,LV electricity distribution,transmission,10000,0.99,20,transmission2439,transmission3013
transmission2439_to_transmission3420_heat,#823740,LQ heat distribution,transmission,10000,0.99,20,transmission3420,transmission2439
transmission2439_to_transmission3420_electricity,#3186cc,LV electricity distribution,transmission,10000,0.99,20,transmission3420,transmission2439
transmission3420_to_transmission2627_heat,#823740,LQ heat distribution,transmission,10000,0.99,20,transmission2627,transmission3420
transmission3420_to_transmission2627_electricity,#3186cc,LV electricity distribution,transmission,10000,0.99,20,transmission2627,transmission3420
transmission2627_to_transmission1012_heat,#823740,LQ heat distribution,transmission,10000,0.99,20,transmission1012,transmission2627
transmission2627_to_transmission1012_electricity,#3186cc,LV electricity distribution,transmission,10000,0.99,20,transmission1012,transmission2627
transmission1012_to_transmission2689_heat,#823740,LQ heat distribution,transmission,10000,0.99,20,transmission2689,transmission1012
transmission1012_to_transmission2689_electricity,#3186cc,LV electricity distribution,transmission,10000,0.99,20,transmission2689,transmission1012
transmission2689_to_transmission1154_heat,#823740,LQ heat distribution,transmission,10000,0.99,20,transmission1154,transmission2689
transmission2689_to_transmission1154_electricity,#3186cc,LV electricity distribution,transmission,10000,0.99,20,transmission1154,transmission2689
transmission1154_to_transmission3282_heat,#823740,LQ heat distribution,transmission,10000,0.99,20,transmission3282,transmission1154
transmission1154_to_transmission3282_electricity,#3186cc,LV electricity distribution,transmission,10000,0.99,20,transmission3282,transmission1154
transmission3282_to_transmission1934_heat,#823740,LQ heat distribution,transmission,10000,0.99,20,transmission1934,transmission3282
transmission3282_to_transmission1934_electricity,#3186cc,LV electricity distribution,transmission,10000,0.99,20,transmission1934,transmission3282
transmission1934_to_transmission2634_heat,#823740,LQ heat distribution,transmission,10000,0.99,20,transmission2634,transmission1934
transmission1934_to_transmission2634_electricity,#3186cc,LV electricity distribution,transmission,10000,0.99,20,transmission2634,transmission1934
transmission2634_to_transmission2110_heat,#823740,LQ heat distribution,transmission,10000,0.99,20,transmission2110,transmission2634
transmission2634_to_transmission2110_electricity,#3186cc,LV electricity distribution,transmission,10000,0.99,20,transmission2110,transmission2634
transmission2110_to_transmission1503_heat,#823740,LQ heat distribution,transmission,10000,0.99,20,transmission1503,transmission2110
transmission2110_to_transmission1503_electricity,#3186cc,LV electricity distribution,transmission,10000,0.99,20,transmission1503,transmission2110
transmission1503_to_transmission2847_heat,#823740,LQ heat distribution,transmission,10000,0.99,20,transmission2847,transmission1503
transmission1503_to_transmission2847_electricity,#3186cc,LV electricity distribution,transmission,10000,0.99,20,transmission2847,transmission1503
transmission2847_to_transmission527_heat,#823740,LQ heat distribution,transmission,10000,0.99,20,transmission527,transmission2847
transmission2847_to_transmission527_electricity,#3186cc,LV electricity distribution,transmission,10000,0.99,20,transmission527,transmission2847
transmission527_to_transmission3189_heat,#823740,LQ heat distribution,transmission,10000,0.99,20,transmission3189,transmission527
transmission527_to_transmission3189_electricity,#3186cc,LV electricity distribution,transmission,10000,0.99,20,transmission3189,transmission527
transmission3189_to_transmission1319_heat,#823740,LQ heat distribution,transmission,10000,0.99,20,transmission1319,transmission3189
transmission3189_to_transmission1319_electricity,#3186cc,LV electricity distribution,transmission,10000,0.99,20,transmission1319,transmission3189
transmission1319_to_transmission1040_heat,#823740,LQ heat distribution,transmission,10000,0.99,20,transmission1040,transmission1319
transmission1319_to_transmission1040_electricity,#3186cc,LV electricity distribution,transmission,10000,0.99,20,transmission1040,transmission1319
transmission1040_to_transmission1683_heat,#823740,LQ heat distribution,transmission,10000,0.99,20,transmission1683,transmission1040
transmission1040_to_transmission1683_electricity,#3186cc,LV electricity distribution,transmission,10000,0.99,20,transmission1683,transmission1040
transmission1683_to_transmission3028_heat,#823740,LQ heat distribution,transmission,10000,0.99,20,transmission3028,transmission1683
transmission1683_to_transmission3028_electricity,#3186cc,LV electricity distribution,transmission,10000,0.99,20,transmission3028,transmission1683
transmission3028_to_transmission2763_heat,#823740,LQ heat distribution,transmission,10000,0.99,20,transmission2763,transmission3028
transmission3028_to_transmission2763_electricity,#3186cc,LV electricity distribution,transmission,10000,0.99,20,transmission2763,transmission3028
transmission2763_to_transmission1903_heat,#823740,LQ heat distribution,transmission,10000,0.99,20,transmission1903,transmission2763
transmission2763_to_transmission1903_electricity,#3186cc,LV electricity distribution,transmission,10000,0.99,20,transmission1903,transmission2763
transmission1903_to_transmission3250_heat,#823740,LQ heat distribution,transmission,10000,0.99,20,transmission3250,transmission1903
transmission1903_to_transmission3250_electricity,#3186cc,LV electricity distribution,transmission,10000,0.99,20,transmission3250,transmission1903
transmission3250_to_transmission1228_heat,#823740,LQ heat distribution,transmission,10000,0.99,20,transmission1228,transmission3250
transmission3250_to_transmission1228_electricity,#3186cc,LV electricity distribution,transmission,10000,0.99,20,transmission1228,transmission3250
transmission1228_to_transmission766_heat,#823740,LQ heat distribution,transmission,10000,0.99,20,transmission766,transmission1228
transmission1228_to_transmission766_electricity,#3186cc,LV electricity distribution,transmission,10000,0.99,20,transmission766,transmission1228
transmission766_to_transmission1532_heat,#823740,LQ heat distribution,transmission,10000,0.99,20,transmission1532,transmission766
transmission766_to_transmission1532_electricity,#3186cc,LV electricity distribution,transmission,10000,0.99,20,transmission1532,transmission766
transmission1532_to_transmission1931_heat,#823740,LQ heat distribution,transmission,10000,0.99,20,transmission1931,transmission1532
transmission1532_to_transmission1931_electricity,#3186cc,LV electricity distribution,transmission,10000,0.99,20,transmission1931,transmission1532
transmission1931_to_transmission2675_heat,#823740,LQ heat distribution,transmission,10000,0.99,20,transmission2675,transmission1931
transmission1931_to_transmission2675_electricity,#3186cc,LV electricity distribution,transmission,10000,0.99,20,transmission2675,transmission1931
transmission2675_to_transmission2221_heat,#823740,LQ heat distribution,transmission,10000,0.99,20,transmission2221,transmission2675
transmission2675_to_transmission2221_electricity,#3186cc,LV electricity distribution,transmission,10000,0.99,20,transmission2221,transmission2675
transmission2221_to_transmission1027_heat,#823740,LQ heat distribution,transmission,10000,0.99,20,transmission1027,transmission2221
transmission2221_to_transmission1027_electricity,#3186cc,LV electricity distribution,transmission,10000,0.99,20,transmission1027,transmission2221
transmission1027_to_transmission2995_heat,#823740,LQ heat distribution,transmission,10000,0.99,20,transmission2995,transmission1027
transmission1027_to_transmission2995_electricity,#3186cc,LV electricity distribution,transmission,10000,0.99,20,transmission2995,transmission1027
transmission2995_to_transmission3216_heat,#823740,LQ heat distribution,transmission,10000,0.99,20,transmission3216,transmission2995
transmission2995_to_transmission3216_electricity,#3186cc,LV electricity distribution,transmission,10000,0.99,20,transmission3216,transmission2995
transmission3216_to_transmission1036_heat,#823740,LQ heat distribution,transmission,10000,0.99,20,transmission1036,transmission3216
transmission3216_to_transmission1036_electricity,#3186cc,LV electricity distribution,transmission,10000,0.99,20,transmission1036,transmission3216
transmission1036_to_transmission3387_heat,#823740,LQ heat distribution,transmission,10000,0.99,20,transmission3387,transmission1036
transmission1036_to_transmission3387_electricity,#3186cc,LV electricity distribution,transmission,10000,0.99,20,transmission3387,transmission1036
transmission3387_to_transmission1563_heat,#823740,LQ heat distribution,transmission,10000,0.99,20,transmission1563,transmission3387
transmission3387_to_transmission1563_electricity,#3186cc,LV electricity distribution,transmission,10000,0.99,20,transmission1563,transmission3387
transmission1563_to_transmission2578_heat,#823740,LQ heat distribution,transmission,10000,0.99,20,transmission2578,transmission1563
transmission1563_to_transmission2578_electricity,#3186cc,LV electricity distribution,transmission,10000,0.99,20,transmission2578,transmission1563
transmission2578_to_transmission2086_heat,#823740,LQ heat distribution,transmission,10000,0.99,20,transmission2086,transmission2578
transmission2578_to_transmission2086_electricity,#3186cc,LV electricity distribution,transmission,10000,0.99,20,transmission2086,transmission2578
transmission2086_to_transmission1611_heat,#823740,LQ heat distribution,transmission,10000,0.99,20,transmission1611,transmission2086
transmission2086_to_transmission1611_electricity,#3186cc,LV electricity distribution,transmission,10000,0.99,20,transmission1611,transmission2086
transmission1611_to_transmission2629_heat,#823740,LQ heat distribution,transmission,10000,0.99,20,transmission2629,transmission1611
transmission1611_to_transmission2629_electricity,#3186cc,LV electricity distribution,transmission,10000,0.99,20,transmission2629,transmission1611
transmission2629_to_transmission2116_heat,#823740,LQ heat distribution,transmission,10000,0.99,20,transmission2116,transmission2629
transmission2629_to_transmission2116_electricity,#3186cc,LV electricity distribution,transmission,10000,0.99,20,transmission2116,transmission2629
transmission2116_to_transmission841_heat,#823740,LQ heat distribution,transmission,10000,0.99,20,transmission841,transmission2116
transmission2116_to_transmission841_electricity,#3186cc,LV electricity distribution,transmission,10000,0.99,20,transmission841,transmission2116
transmission841_to_transmission3019_heat,#823740,LQ heat distribution,transmission,10000,0.99,20,transmission3019,transmission841
transmission841_to_transmission3019_electricity,#3186cc,LV electricity distribution,transmission,10000,0.99,20,transmission3019,transmission841
transmission3019_to_transmission1146_heat,#823740,LQ heat distribution,transmission,10000,0.99,20,transmission1146,transmission3019
transmission3019_to_transmission1146_electricity,#3186cc,LV electricity distribution,transmission,10000,0.99,20,transmission1146,transmission3019
transmission1146_to_transmission3150_heat,#823740,LQ heat distribution,transmission,10000,0.99,20,transmission3150,transmission1146
transmission1146_to_transmission3150_electricity,#3186cc,LV electricity distribution,transmission,10000,0.99,20,transmission3150,transmission1146
transmission3150_to_transmission1973_heat,#823740,LQ heat distribution,transmission,10000,0.99,20,transmission1973,transmission3150
transmission3150_to_transmission1973_electricity,#3186cc,LV electricity distribution,transmission,10000,0.99,20,transmission1973,transmission3150
transmission1973_to_transmission2180_heat,#823740,LQ heat distribution,transmission,10000,0.99,20,transmission2180,transmission1973
transmission1973_to_transmission2180_electricity,#3186cc,LV electricity distribution,transmission,10000,0.99,20,transmission2180,transmission1973
transmission2180_to_transmission3100_heat,#823740,LQ heat distribution,transmission,10000,0.99,20,transmission3100,transmission2180
transmission2180_to_transmission3100_electricity,#3186cc,LV electricity distribution,transmission,10000,0.99,20,transmission3100,transmission2180
transmission3100_to_transmission2656_heat,#823740,LQ heat distribution,transmission,10000,0.99,20,transmission2656,transmission3100
transmission3100_to_transmission2656_electricity,#3186cc,LV electricity distribution,transmission,10000,0.99,20,transmission2656,transmission3100
transmission2656_to_transmission3378_heat,#823740,LQ heat distribution,transmission,10000,0.99,20,transmission3378,transmission2656
transmission2656_to_transmission3378_electricity,#3186cc,LV electricity distribution,transmission,10000,0.99,20,transmission3378,transmission2656
transmission3378_to_transmission2927_heat,#823740,LQ heat distribution,transmission,10000,0.99,20,transmission2927,transmission3378
transmission3378_to_transmission2927_electricity,#3186cc,LV electricity distribution,transmission,10000,0.99,20,transmission2927,transmission3378
transmission2927_to_transmission2704_heat,#823740,LQ heat distribution,transmission,10000,0.99,20,transmission2704,transmission2927
transmission2927_to_transmission2704_electricity,#3186cc,LV electricity distribution,transmission,10000,0.99,20,transmission2704,transmission2927
transmission2704_to_transmission827_heat,#823740,LQ heat distribution,transmission,10000,0.99,20,transmission827,transmission2704
transmission2704_to_transmission827_electricity,#3186cc,LV electricity distribution,transmission,10000,0.99,20,transmission827,transmission2704
transmission827_to_transmission1600_heat,#823740,LQ heat distribution,transmission,10000,0.99,20,transmission1600,transmission827
transmission827_to_transmission1600_electricity,#3186cc,LV electricity distribution,transmission,10000,0.99,20,transmission1600,transmission827
transmission1600_to_transmission1004_heat,#823740,LQ heat distribution,transmission,10000,0.99,20,transmission1004,transmission1600
transmission1600_to_transmission1004_electricity,#3186cc,LV electricity distribution,transmission,10000,0.99,20,transmission1004,transmission1600
transmission1004_to_transmission532_heat,#823740,LQ heat distribution,transmission,10000,0.99,20,transmission532,transmission1004
transmission1004_to_transmission532_electricity,#3186cc,LV electricity distribution,transmission,10000,0.99,20,transmission532,transmission1004
transmission532_to_transmission2273_heat,#823740,LQ heat distribution,transmission,10000,0.99,20,transmission2273,transmission532
transmission532_to_transmission2273_electricity,#3186cc,LV electricity distribution,transmission,10000,0.99,20,transmission2273,transmission532
transmission2273_to_transmission1097_heat,#823740,LQ heat distribution,transmission,10000,0.99,20,transmission1097,transmission2273
transmission2273_to_transmission1097_electricity,#3186cc,LV electricity distribution,transmission,10000,0.99,20,transmission1097,transmission2273
transmission1097_to_transmission2119_heat,#823740,LQ heat distribution,transmission,10000,0.99,20,transmission2119,transmission1097
transmission1097_to_transmission2119_electricity,#3186cc,LV electricity distribution,transmission,10000,0.99,20,transmission2119,transmission1097
transmission2119_to_transmission1678_heat,#823740,LQ heat distribution,transmission,10000,0.99,20,transmission1678,transmission2119
transmission2119_to_transmission1678_electricity,#3186cc,LV electricity distribution,transmission,10000,0.99,20,transmission1678,transmission2119
transmission1678_to_transmission3061_heat,#823740,LQ heat distribution,transmission,10000,0.99,20,transmission3061,transmission1678
transmission1678_to_transmission3061_electricity,#3186cc,LV electricity distribution,transmission,10000,0.99,20,transmission3061,transmission1678
transmission3061_to_transmission528_heat,#823740,LQ heat distribution,transmission,10000,0.99,20,transmission528,transmission3061
transmission3061_to_transmission528_electricity,#3186cc,LV electricity distribution,transmission,10000,0.99,20,transmission528,transmission3061
transmission528_to_transmission615_heat,#823740,LQ heat distribution,transmission,10000,0.99,20,transmission615,transmission528
transmission528_to_transmission615_electricity,#3186cc,LV electricity distribution,transmission,10000,0.99,20,transmission615,transmission528
transmission615_to_transmission1131_heat,#823740,LQ heat distribution,transmission,10000,0.99,20,transmission1131,transmission615
transmission615_to_transmission1131_electricity,#3186cc,LV electricity distribution,transmission,10000,0.99,20,transmission1131,transmission615
transmission1131_to_transmission1182_heat,#823740,LQ heat distribution,transmission,10000,0.99,20,transmission1182,transmission1131
transmission1131_to_transmission1182_electricity,#3186cc,LV electricity distribution,transmission,10000,0.99,20,transmission1182,transmission1131
transmission1182_to_transmission1673_heat,#823740,LQ heat distribution,transmission,10000,0.99,20,transmission1673,transmission1182
transmission1182_to_transmission1673_electricity,#3186cc,LV electricity distribution,transmission,10000,0.99,20,transmission1673,transmission1182
transmission1673_to_transmission2693_heat,#823740,LQ heat distribution,transmission,10000,0.99,20,transmission2693,transmission1673
transmission1673_to_transmission2693_electricity,#3186cc,LV electricity distribution,transmission,10000,0.99,20,transmission2693,transmission1673
transmission2693_to_transmission2215_heat,#823740,LQ heat distribution,transmission,10000,0.99,20,transmission2215,transmission2693
transmission2693_to_transmission2215_electricity,#3186cc,LV electricity distribution,transmission,10000,0.99,20,transmission2215,transmission2693
transmission2215_to_transmission2860_heat,#823740,LQ heat distribution,transmission,10000,0.99,20,transmission2860,transmission2215
transmission2215_to_transmission2860_electricity,#3186cc,LV electricity distribution,transmission,10000,0.99,20,transmission2860,transmission2215
transmission2860_to_transmission2415_heat,#823740,LQ heat distribution,transmission,10000,0.99,20,transmission2415,transmission2860
transmission2860_to_transmission2415_electricity,#3186cc,LV electricity distribution,transmission,10000,0.99,20,transmission2415,transmission2860
transmission2276_to_transmission1035_heat,#823740,LQ heat distribution,transmission,10000,0.99,20,transmission1035,transmission2276
transmission2276_to_transmission1035_electricity,#3186cc,LV electricity distribution,transmission,10000,0.99,20,transmission1035,transmission2276
transmission1035_to_transmission609_heat,#823740,LQ heat distribution,transmission,10000,0.99,20,transmission609,transmission1035
transmission1035_to_transmission609_electricity,#3186cc,LV electricity distribution,transmission,10000,0.99,20,transmission609,transmission1035
transmission609_to_transmission1169_heat,#823740,LQ heat distribution,transmission,10000,0.99,20,transmission1169,transmission609
transmission609_to_transmission1169_electricity,#3186cc,LV electricity distribution,transmission,10000,0.99,20,transmission1169,transmission609
transmission1169_to_transmission3134_heat,#823740,LQ heat distribution,transmission,10000,0.99,20,transmission3134,transmission1169
transmission1169_to_transmission3134_electricity,#3186cc,LV electricity distribution,transmission,10000,0.99,20,transmission3134,transmission1169
transmission3134_to_transmission2802_heat,#823740,LQ heat distribution,transmission,10000,0.99,20,transmission2802,transmission3134
transmission3134_to_transmission2802_electricity,#3186cc,LV electricity distribution,transmission,10000,0.99,20,transmission2802,transmission3134
transmission2802_to_transmission3332_heat,#823740,LQ heat distribution,transmission,10000,0.99,20,transmission3332,transmission2802
transmission2802_to_transmission3332_electricity,#3186cc,LV electricity distribution,transmission,10000,0.99,20,transmission3332,transmission2802
transmission3332_to_transmission2123_heat,#823740,LQ heat distribution,transmission,10000,0.99,20,transmission2123,transmission3332
transmission3332_to_transmission2123_electricity,#3186cc,LV electricity distribution,transmission,10000,0.99,20,transmission2123,transmission3332
transmission2123_to_transmission2660_heat,#823740,LQ heat distribution,transmission,10000,0.99,20,transmission2660,transmission2123
transmission2123_to_transmission2660_electricity,#3186cc,LV electricity distribution,transmission,10000,0.99,20,transmission2660,transmission2123
transmission2660_to_transmission2725_heat,#823740,LQ heat distribution,transmission,10000,0.99,20,transmission2725,transmission2660
transmission2660_to_transmission2725_electricity,#3186cc,LV electricity distribution,transmission,10000,0.99,20,transmission2725,transmission2660
transmission2725_to_transmission765_heat,#823740,LQ heat distribution,transmission,10000,0.99,20,transmission765,transmission2725
transmission2725_to_transmission765_electricity,#3186cc,LV electricity distribution,transmission,10000,0.99,20,transmission765,transmission2725
transmission3031_to_transmission2125_heat,#823740,LQ heat distribution,transmission,10000,0.99,20,transmission2125,transmission3031
transmission3031_to_transmission2125_electricity,#3186cc,LV electricity distribution,transmission,10000,0.99,20,transmission2125,transmission3031
transmission2125_to_transmission935_heat,#823740,LQ heat distribution,transmission,10000,0.99,20,transmission935,transmission2125
transmission2125_to_transmission935_electricity,#3186cc,LV electricity distribution,transmission,10000,0.99,20,transmission935,transmission2125
transmission935_to_transmission572_heat,#823740,LQ heat distribution,transmission,10000,0.99,20,transmission572,transmission935
transmission935_to_transmission572_electricity,#3186cc,LV electricity distribution,transmission,10000,0.99,20,transmission572,transmission935
transmission572_to_transmission3231_heat,#823740,LQ heat distribution,transmission,10000,0.99,20,transmission3231,transmission572
transmission572_to_transmission3231_electricity,#3186cc,LV electricity distribution,transmission,10000,0.99,20,transmission3231,transmission572
transmission3231_to_transmission622_heat,#823740,LQ heat distribution,transmission,10000,0.99,20,transmission622,transmission3231
transmission3231_to_transmission622_electricity,#3186cc,LV electricity distribution,transmission,10000,0.99,20,transmission622,transmission3231
transmission622_to_transmission2715_heat,#823740,LQ heat distribution,transmission,10000,0.99,20,transmission2715,transmission622
transmission622_to_transmission2715_electricity,#3186cc,LV electricity distribution,transmission,10000,0.99,20,transmission2715,transmission622
transmission2715_to_transmission775_heat,#823740,LQ heat distribution,transmission,10000,0.99,20,transmission775,transmission2715
transmission2715_to_transmission775_electricity,#3186cc,LV electricity distribution,transmission,10000,0.99,20,transmission775,transmission2715
transmission775_to_transmission3380_heat,#823740,LQ heat distribution,transmission,10000,0.99,20,transmission3380,transmission775
transmission775_to_transmission3380_electricity,#3186cc,LV electricity distribution,transmission,10000,0.99,20,transmission3380,transmission775
transmission3380_to_transmission3183_heat,#823740,LQ heat distribution,transmission,10000,0.99,20,transmission3183,transmission3380
transmission3380_to_transmission3183_electricity,#3186cc,LV electricity distribution,transmission,10000,0.99,20,transmission3183,transmission3380
transmission3183_to_transmission3235_heat,#823740,LQ heat distribution,transmission,10000,0.99,20,transmission3235,transmission3183
transmission3183_to_transmission3235_electricity,#3186cc,LV electricity distribution,transmission,10000,0.99,20,transmission3235,transmission3183
transmission3235_to_transmission945_heat,#823740,LQ heat distribution,transmission,10000,0.99,20,transmission945,transmission3235
transmission3235_to_transmission945_electricity,#3186cc,LV electricity distribution,transmission,10000,0.99,20,transmission945,transmission3235
transmission945_to_transmission3364_heat,#823740,LQ heat distribution,transmission,10000,0.99,20,transmission3364,transmission945
transmission945_to_transmission3364_electricity,#3186cc,LV electricity distribution,transmission,10000,0.99,20,transmission3364,transmission945
transmission3364_to_transmission550_heat,#823740,LQ heat distribution,transmission,10000,0.99,20,transmission550,transmission3364
transmission3364_to_transmission550_electricity,#3186cc,LV electricity distribution,transmission,10000,0.99,20,transmission550,transmission3364
transmission550_to_transmission1204_heat,#823740,LQ heat distribution,transmission,10000,0.99,20,transmission1204,transmission550
transmission550_to_transmission1204_electricity,#3186cc,LV electricity distribution,transmission,10000,0.99,20,transmission1204,transmission550
transmission1204_to_transmission691_heat,#823740,LQ heat distribution,transmission,10000,0.99,20,transmission691,transmission1204
transmission1204_to_transmission691_electricity,#3186cc,LV electricity distribution,transmission,10000,0.99,20,transmission691,transmission1204
transmission2895_to_transmission2947_heat,#823740,LQ heat distribution,transmission,10000,0.99,20,transmission2947,transmission2895
transmission2895_to_transmission2947_electricity,#3186cc,LV electricity distribution,transmission,10000,0.99,20,transmission2947,transmission2895
transmission2947_to_transmission1368_heat,#823740,LQ heat distribution,transmission,10000,0.99,20,transmission1368,transmission2947
transmission2947_to_transmission1368_electricity,#3186cc,LV electricity distribution,transmission,10000,0.99,20,transmission1368,transmission2947
transmission1368_to_transmission1298_heat,#823740,LQ heat distribution,transmission,10000,0.99,20,transmission1298,transmission1368
transmission1368_to_transmission1298_electricity,#3186cc,LV electricity distribution,transmission,10000,0.99,20,transmission1298,transmission1368
transmission1298_to_transmission612_heat,#823740,LQ heat distribution,transmission,10000,0.99,20,transmission612,transmission1298
transmission1298_to_transmission612_electricity,#3186cc,LV electricity distribution,transmission,10000,0.99,20,transmission612,transmission1298
transmission612_to_transmission3199_heat,#823740,LQ heat distribution,transmission,10000,0.99,20,transmission3199,transmission612
transmission612_to_transmission3199_electricity,#3186cc,LV electricity distribution,transmission,10000,0.99,20,transmission3199,transmission612
transmission3199_to_transmission603_heat,#823740,LQ heat distribution,transmission,10000,0.99,20,transmission603,transmission3199
transmission3199_to_transmission603_electricity,#3186cc,LV electricity distribution,transmission,10000,0.99,20,transmission603,transmission3199
transmission603_to_transmission3247_heat,#823740,LQ heat distribution,transmission,10000,0.99,20,transmission3247,transmission603
transmission603_to_transmission3247_electricity,#3186cc,LV electricity distribution,transmission,10000,0.99,20,transmission3247,transmission603
transmission3247_to_transmission646_heat,#823740,LQ heat distribution,transmission,10000,0.99,20,transmission646,transmission3247
transmission3247_to_transmission646_electricity,#3186cc,LV electricity distribution,transmission,10000,0.99,20,transmission646,transmission3247
transmission646_to_transmission2976_heat,#823740,LQ heat distribution,transmission,10000,0.99,20,transmission2976,transmission646
transmission646_to_transmission2976_electricity,#3186cc,LV electricity distribution,transmission,10000,0.99,20,transmission2976,transmission646
transmission2976_to_transmission2658_heat,#823740,LQ heat distribution,transmission,10000,0.99,20,transmission2658,transmission2976
transmission2976_to_transmission2658_electricity,#3186cc,LV electricity distribution,transmission,10000,0.99,20,transmission2658,transmission2976
transmission1478_to_transmission2551_heat,#823740,LQ heat distribution,transmission,10000,0.99,20,transmission2551,transmission1478
transmission1478_to_transmission2551_electricity,#3186cc,LV electricity distribution,transmission,10000,0.99,20,transmission2551,transmission1478
transmission2551_to_transmission1464_heat,#823740,LQ heat distribution,transmission,10000,0.99,20,transmission1464,transmission2551
transmission2551_to_transmission1464_electricity,#3186cc,LV electricity distribution,transmission,10000,0.99,20,transmission1464,transmission2551
transmission1464_to_transmission3004_heat,#823740,LQ heat distribution,transmission,10000,0.99,20,transmission3004,transmission1464
transmission1464_to_transmission3004_electricity,#3186cc,LV electricity distribution,transmission,10000,0.99,20,transmission3004,transmission1464
transmission3004_to_transmission1399_heat,#823740,LQ heat distribution,transmission,10000,0.99,20,transmission1399,transmission3004
transmission3004_to_transmission1399_electricity,#3186cc,LV electricity distribution,transmission,10000,0.99,20,transmission1399,transmission3004
transmission1399_to_transmission969_heat,#823740,LQ heat distribution,transmission,10000,0.99,20,transmission969,transmission1399
transmission1399_to_transmission969_electricity,#3186cc,LV electricity distribution,transmission,10000,0.99,20,transmission969,transmission1399
transmission969_to_transmission3098_heat,#823740,LQ heat distribution,transmission,10000,0.99,20,transmission3098,transmission969
transmission969_to_transmission3098_electricity,#3186cc,LV electricity distribution,transmission,10000,0.99,20,transmission3098,transmission969
transmission3098_to_transmission3265_heat,#823740,LQ heat distribution,transmission,10000,0.99,20,transmission3265,transmission3098
transmission3098_to_transmission3265_electricity,#3186cc,LV electricity distribution,transmission,10000,0.99,20,transmission3265,transmission3098
transmission3265_to_transmission2486_heat,#823740,LQ heat distribution,transmission,10000,0.99,20,transmission2486,transmission3265
transmission3265_to_transmission2486_electricity,#3186cc,LV electricity distribution,transmission,10000,0.99,20,transmission2486,transmission3265
transmission2486_to_transmission836_heat,#823740,LQ heat distribution,transmission,10000,0.99,20,transmission836,transmission2486
transmission2486_to_transmission836_electricity,#3186cc,LV electricity distribution,transmission,10000,0.99,20,transmission836,transmission2486
transmission836_to_transmission2251_heat,#823740,LQ heat distribution,transmission,10000,0.99,20,transmission2251,transmission836
transmission836_to_transmission2251_electricity,#3186cc,LV electricity distribution,transmission,10000,0.99,20,transmission2251,transmission836
transmission2251_to_transmission2048_heat,#823740,LQ heat distribution,transmission,10000,0.99,20,transmission2048,transmission2251
transmission2251_to_transmission2048_electricity,#3186cc,LV electricity distribution,transmission,10000,0.99,20,transmission2048,transmission2251
transmission2048_to_transmission1183_heat,#823740,LQ heat distribution,transmission,10000,0.99,20,transmission1183,transmission2048
transmission2048_to_transmission1183_electricity,#3186cc,LV electricity distribution,transmission,10000,0.99,20,transmission1183,transmission2048
transmission1183_to_transmission1953_heat,#823740,LQ heat distribution,transmission,10000,0.99,20,transmission1953,transmission1183
transmission1183_to_transmission1953_electricity,#3186cc,LV electricity distribution,transmission,10000,0.99,20,transmission1953,transmission1183
transmission1953_to_transmission3084_heat,#823740,LQ heat distribution,transmission,10000,0.99,20,transmission3084,transmission1953
transmission1953_to_transmission3084_electricity,#3186cc,LV electricity distribution,transmission,10000,0.99,20,transmission3084,transmission1953
transmission3084_to_transmission823_heat,#823740,LQ heat distribution,transmission,10000,0.99,20,transmission823,transmission3084
transmission3084_to_transmission823_electricity,#3186cc,LV electricity distribution,transmission,10000,0.99,20,transmission823,transmission3084
transmission823_to_transmission3184_heat,#823740,LQ heat distribution,transmission,10000,0.99,20,transmission3184,transmission823
transmission823_to_transmission3184_electricity,#3186cc,LV electricity distribution,transmission,10000,0.99,20,transmission3184,transmission823
transmission3184_to_transmission595_heat,#823740,LQ heat distribution,transmission,10000,0.99,20,transmission595,transmission3184
transmission3184_to_transmission595_electricity,#3186cc,LV electricity distribution,transmission,10000,0.99,20,transmission595,transmission3184
transmission595_to_transmission2922_heat,#823740,LQ heat distribution,transmission,10000,0.99,20,transmission2922,transmission595
transmission595_to_transmission2922_electricity,#3186cc,LV electricity distribution,transmission,10000,0.99,20,transmission2922,transmission595
transmission1902_to_transmission726_heat,#823740,LQ heat distribution,transmission,10000,0.99,20,transmission726,transmission1902
transmission1902_to_transmission726_electricity,#3186cc,LV electricity distribution,transmission,10000,0.99,20,transmission726,transmission1902
transmission726_to_transmission647_heat,#823740,LQ heat distribution,transmission,10000,0.99,20,transmission647,transmission726
transmission726_to_transmission647_electricity,#3186cc,LV electricity distribution,transmission,10000,0.99,20,transmission647,transmission726
transmission647_to_transmission1207_heat,#823740,LQ heat distribution,transmission,10000,0.99,20,transmission1207,transmission647
transmission647_to_transmission1207_electricity,#3186cc,LV electricity distribution,transmission,10000,0.99,20,transmission1207,transmission647
transmission1207_to_transmission3241_heat,#823740,LQ heat distribution,transmission,10000,0.99,20,transmission3241,transmission1207
transmission1207_to_transmission3241_electricity,#3186cc,LV electricity distribution,transmission,10000,0.99,20,transmission3241,transmission1207
transmission3241_to_transmission1506_heat,#823740,LQ heat distribution,transmission,10000,0.99,20,transmission1506,transmission3241
transmission3241_to_transmission1506_electricity,#3186cc,LV electricity distribution,transmission,10000,0.99,20,transmission1506,transmission3241
transmission1506_to_transmission2953_heat,#823740,LQ heat distribution,transmission,10000,0.99,20,transmission2953,transmission1506
transmission1506_to_transmission2953_electricity,#3186cc,LV electricity distribution,transmission,10000,0.99,20,transmission2953,transmission1506
transmission2953_to_transmission774_heat,#823740,LQ heat distribution,transmission,10000,0.99,20,transmission774,transmission2953
transmission2953_to_transmission774_electricity,#3186cc,LV electricity distribution,transmission,10000,0.99,20,transmission774,transmission2953
transmission774_to_transmission1331_heat,#823740,LQ heat distribution,transmission,10000,0.99,20,transmission1331,transmission774
transmission774_to_transmission1331_electricity,#3186cc,LV electricity distribution,transmission,10000,0.99,20,transmission1331,transmission774
transmission1331_to_transmission2397_heat,#823740,LQ heat distribution,transmission,10000,0.99,20,transmission2397,transmission1331
transmission1331_to_transmission2397_electricity,#3186cc,LV electricity distribution,transmission,10000,0.99,20,transmission2397,transmission1331
transmission2397_to_transmission2605_heat,#823740,LQ heat distribution,transmission,10000,0.99,20,transmission2605,transmission2397
transmission2397_to_transmission2605_electricity,#3186cc,LV electricity distribution,transmission,10000,0.99,20,transmission2605,transmission2397
transmission2605_to_transmission3401_heat,#823740,LQ heat distribution,transmission,10000,0.99,20,transmission3401,transmission2605
transmission2605_to_transmission3401_electricity,#3186cc,LV electricity distribution,transmission,10000,0.99,20,transmission3401,transmission2605
transmission3401_to_transmission3094_heat,#823740,LQ heat distribution,transmission,10000,0.99,20,transmission3094,transmission3401
transmission3401_to_transmission3094_electricity,#3186cc,LV electricity distribution,transmission,10000,0.99,20,transmission3094,transmission3401
transmission3094_to_transmission1982_heat,#823740,LQ heat distribution,transmission,10000,0.99,20,transmission1982,transmission3094
transmission3094_to_transmission1982_electricity,#3186cc,LV electricity distribution,transmission,10000,0.99,20,transmission1982,transmission3094
transmission1982_to_transmission3168_heat,#823740,LQ heat distribution,transmission,10000,0.99,20,transmission3168,transmission1982
transmission1982_to_transmission3168_electricity,#3186cc,LV electricity distribution,transmission,10000,0.99,20,transmission3168,transmission1982
transmission3168_to_transmission3133_heat,#823740,LQ heat distribution,transmission,10000,0.99,20,transmission3133,transmission3168
transmission3168_to_transmission3133_electricity,#3186cc,LV electricity distribution,transmission,10000,0.99,20,transmission3133,transmission3168
transmission692_to_transmission2956_heat,#823740,LQ heat distribution,transmission,10000,0.99,20,transmission2956,transmission692
transmission692_to_transmission2956_electricity,#3186cc,LV electricity distribution,transmission,10000,0.99,20,transmission2956,transmission692
transmission2956_to_transmission2468_heat,#823740,LQ heat distribution,transmission,10000,0.99,20,transmission2468,transmission2956
transmission2956_to_transmission2468_electricity,#3186cc,LV electricity distribution,transmission,10000,0.99,20,transmission2468,transmission2956
transmission2468_to_transmission856_heat,#823740,LQ heat distribution,transmission,10000,0.99,20,transmission856,transmission2468
transmission2468_to_transmission856_electricity,#3186cc,LV electricity distribution,transmission,10000,0.99,20,transmission856,transmission2468
transmission856_to_transmission2073_heat,#823740,LQ heat distribution,transmission,10000,0.99,20,transmission2073,transmission856
transmission856_to_transmission2073_electricity,#3186cc,LV electricity distribution,transmission,10000,0.99,20,transmission2073,transmission856
transmission2073_to_transmission3351_heat,#823740,LQ heat distribution,transmission,10000,0.99,20,transmission3351,transmission2073
transmission2073_to_transmission3351_electricity,#3186cc,LV electricity distribution,transmission,10000,0.99,20,transmission3351,transmission2073
transmission3351_to_transmission1118_heat,#823740,LQ heat distribution,transmission,10000,0.99,20,transmission1118,transmission3351
transmission3351_to_transmission1118_electricity,#3186cc,LV electricity distribution,transmission,10000,0.99,20,transmission1118,transmission3351
transmission1118_to_transmission2034_heat,#823740,LQ heat distribution,transmission,10000,0.99,20,transmission2034,transmission1118
transmission1118_to_transmission2034_electricity,#3186cc,LV electricity distribution,transmission,10000,0.99,20,transmission2034,transmission1118
transmission2034_to_transmission3258_heat,#823740,LQ heat distribution,transmission,10000,0.99,20,transmission3258,transmission2034
transmission2034_to_transmission3258_electricity,#3186cc,LV electricity distribution,transmission,10000,0.99,20,transmission3258,transmission2034
transmission3258_to_transmission1206_heat,#823740,LQ heat distribution,transmission,10000,0.99,20,transmission1206,transmission3258
transmission3258_to_transmission1206_electricity,#3186cc,LV electricity distribution,transmission,10000,0.99,20,transmission1206,transmission3258
transmission1206_to_transmission1314_heat,#823740,LQ heat distribution,transmission,10000,0.99,20,transmission1314,transmission1206
transmission1206_to_transmission1314_electricity,#3186cc,LV electricity distribution,transmission,10000,0.99,20,transmission1314,transmission1206
transmission1314_to_transmission2218_heat,#823740,LQ heat distribution,transmission,10000,0.99,20,transmission2218,transmission1314
transmission1314_to_transmission2218_electricity,#3186cc,LV electricity distribution,transmission,10000,0.99,20,transmission2218,transmission1314
transmission2218_to_transmission2728_heat,#823740,LQ heat distribution,transmission,10000,0.99,20,transmission2728,transmission2218
transmission2218_to_transmission2728_electricity,#3186cc,LV electricity distribution,transmission,10000,0.99,20,transmission2728,transmission2218
transmission2728_to_transmission1696_heat,#823740,LQ heat distribution,transmission,10000,0.99,20,transmission1696,transmission2728
transmission2728_to_transmission1696_electricity,#3186cc,LV electricity distribution,transmission,10000,0.99,20,transmission1696,transmission2728
transmission1696_to_transmission1597_heat,#823740,LQ heat distribution,transmission,10000,0.99,20,transmission1597,transmission1696
transmission1696_to_transmission1597_electricity,#3186cc,LV electricity distribution,transmission,10000,0.99,20,transmission1597,transmission1696
transmission1597_to_transmission1415_heat,#823740,LQ heat distribution,transmission,10000,0.99,20,transmission1415,transmission1597
transmission1597_to_transmission1415_electricity,#3186cc,LV electricity distribution,transmission,10000,0.99,20,transmission1415,transmission1597
transmission1415_to_transmission1019_heat,#823740,LQ heat distribution,transmission,10000,0.99,20,transmission1019,transmission1415
transmission1415_to_transmission1019_electricity,#3186cc,LV electricity distribution,transmission,10000,0.99,20,transmission1019,transmission1415
transmission1019_to_transmission2867_heat,#823740,LQ heat distribution,transmission,10000,0.99,20,transmission2867,transmission1019
transmission1019_to_transmission2867_electricity,#3186cc,LV electricity distribution,transmission,10000,0.99,20,transmission2867,transmission1019
transmission2867_to_transmission2164_heat,#823740,LQ heat distribution,transmission,10000,0.99,20,transmission2164,transmission2867
transmission2867_to_transmission2164_electricity,#3186cc,LV electricity distribution,transmission,10000,0.99,20,transmission2164,transmission2867
transmission3169_to_transmission1638_heat,#823740,LQ heat distribution,transmission,10000,0.99,20,transmission1638,transmission3169
transmission3169_to_transmission1638_electricity,#3186cc,LV electricity distribution,transmission,10000,0.99,20,transmission1638,transmission3169
transmission1638_to_transmission1771_heat,#823740,LQ heat distribution,transmission,10000,0.99,20,transmission1771,transmission1638
transmission1638_to_transmission1771_electricity,#3186cc,LV electricity distribution,transmission,10000,0.99,20,transmission1771,transmission1638
transmission1771_to_transmission1049_heat,#823740,LQ heat distribution,transmission,10000,0.99,20,transmission1049,transmission1771
transmission1771_to_transmission1049_electricity,#3186cc,LV electricity distribution,transmission,10000,0.99,20,transmission1049,transmission1771
transmission1049_to_transmission1138_heat,#823740,LQ heat distribution,transmission,10000,0.99,20,transmission1138,transmission1049
transmission1049_to_transmission1138_electricity,#3186cc,LV electricity distribution,transmission,10000,0.99,20,transmission1138,transmission1049
transmission1138_to_transmission2872_heat,#823740,LQ heat distribution,transmission,10000,0.99,20,transmission2872,transmission1138
transmission1138_to_transmission2872_electricity,#3186cc,LV electricity distribution,transmission,10000,0.99,20,transmission2872,transmission1138
transmission2872_to_transmission2961_heat,#823740,LQ heat distribution,transmission,10000,0.99,20,transmission2961,transmission2872
transmission2872_to_transmission2961_electricity,#3186cc,LV electricity distribution,transmission,10000,0.99,20,transmission2961,transmission2872
transmission2961_to_transmission785_heat,#823740,LQ heat distribution,transmission,10000,0.99,20,transmission785,transmission2961
transmission2961_to_transmission785_electricity,#3186cc,LV electricity distribution,transmission,10000,0.99,20,transmission785,transmission2961
transmission785_to_transmission824_heat,#823740,LQ heat distribution,transmission,10000,0.99,20,transmission824,transmission785
transmission785_to_transmission824_electricity,#3186cc,LV electricity distribution,transmission,10000,0.99,20,transmission824,transmission785
transmission824_to_transmission1517_heat,#823740,LQ heat distribution,transmission,10000,0.99,20,transmission1517,transmission824
transmission824_to_transmission1517_electricity,#3186cc,LV electricity distribution,transmission,10000,0.99,20,transmission1517,transmission824
transmission1517_to_transmission1305_heat,#823740,LQ heat distribution,transmission,10000,0.99,20,transmission1305,transmission1517
transmission1517_to_transmission1305_electricity,#3186cc,LV electricity distribution,transmission,10000,0.99,20,transmission1305,transmission1517
transmission1305_to_transmission1642_heat,#823740,LQ heat distribution,transmission,10000,0.99,20,transmission1642,transmission1305
transmission1305_to_transmission1642_electricity,#3186cc,LV electricity distribution,transmission,10000,0.99,20,transmission1642,transmission1305
transmission1642_to_transmission1733_heat,#823740,LQ heat distribution,transmission,10000,0.99,20,transmission1733,transmission1642
transmission1642_to_transmission1733_electricity,#3186cc,LV electricity distribution,transmission,10000,0.99,20,transmission1733,transmission1642
transmission3127_to_transmission1361_heat,#823740,LQ heat distribution,transmission,10000,0.99,20,transmission1361,transmission3127
transmission3127_to_transmission1361_electricity,#3186cc,LV electricity distribution,transmission,10000,0.99,20,transmission1361,transmission3127
transmission1361_to_transmission685_heat,#823740,LQ heat distribution,transmission,10000,0.99,20,transmission685,transmission1361
transmission1361_to_transmission685_electricity,#3186cc,LV electricity distribution,transmission,10000,0.99,20,transmission685,transmission1361
transmission685_to_transmission2440_heat,#823740,LQ heat distribution,transmission,10000,0.99,20,transmission2440,transmission685
transmission685_to_transmission2440_electricity,#3186cc,LV electricity distribution,transmission,10000,0.99,20,transmission2440,transmission685
transmission2440_to_transmission2081_heat,#823740,LQ heat distribution,transmission,10000,0.99,20,transmission2081,transmission2440
transmission2440_to_transmission2081_electricity,#3186cc,LV electricity distribution,transmission,10000,0.99,20,transmission2081,transmission2440
transmission2081_to_transmission704_heat,#823740,LQ heat distribution,transmission,10000,0.99,20,transmission704,transmission2081
transmission2081_to_transmission704_electricity,#3186cc,LV electricity distribution,transmission,10000,0.99,20,transmission704,transmission2081
transmission704_to_transmission1870_heat,#823740,LQ heat distribution,transmission,10000,0.99,20,transmission1870,transmission704
transmission704_to_transmission1870_electricity,#3186cc,LV electricity distribution,transmission,10000,0.99,20,transmission1870,transmission704
transmission1870_to_transmission2096_heat,#823740,LQ heat distribution,transmission,10000,0.99,20,transmission2096,transmission1870
transmission1870_to_transmission2096_electricity,#3186cc,LV electricity distribution,transmission,10000,0.99,20,transmission2096,transmission1870
transmission2096_to_transmission2929_heat,#823740,LQ heat distribution,transmission,10000,0.99,20,transmission2929,transmission2096
transmission2096_to_transmission2929_electricity,#3186cc,LV electricity distribution,transmission,10000,0.99,20,transmission2929,transmission2096
transmission2929_to_transmission2567_heat,#823740,LQ heat distribution,transmission,10000,0.99,20,transmission2567,transmission2929
transmission2929_to_transmission2567_electricity,#3186cc,LV electricity distribution,transmission,10000,0.99,20,transmission2567,transmission2929
transmission2567_to_transmission1092_heat,#823740,LQ heat distribution,transmission,10000,0.99,20,transmission1092,transmission2567
transmission2567_to_transmission1092_electricity,#3186cc,LV electricity distribution,transmission,10000,0.99,20,transmission1092,transmission2567
transmission1092_to_transmission2948_heat,#823740,LQ heat distribution,transmission,10000,0.99,20,transmission2948,transmission1092
transmission1092_to_transmission2948_electricity,#3186cc,LV electricity distribution,transmission,10000,0.99,20,transmission2948,transmission1092
transmission2948_to_transmission2581_heat,#823740,LQ heat distribution,transmission,10000,0.99,20,transmission2581,transmission2948
transmission2948_to_transmission2581_electricity,#3186cc,LV electricity distribution,transmission,10000,0.99,20,transmission2581,transmission2948
transmission2581_to_transmission786_heat,#823740,LQ heat distribution,transmission,10000,0.99,20,transmission786,transmission2581
transmission2581_to_transmission786_electricity,#3186cc,LV electricity distribution,transmission,10000,0.99,20,transmission786,transmission2581
transmission786_to_transmission2706_heat,#823740,LQ heat distribution,transmission,10000,0.99,20,transmission2706,transmission786
transmission786_to_transmission2706_electricity,#3186cc,LV electricity distribution,transmission,10000,0.99,20,transmission2706,transmission786
transmission2706_to_transmission902_heat,#823740,LQ heat distribution,transmission,10000,0.99,20,transmission902,transmission2706
transmission2706_to_transmission902_electricity,#3186cc,LV electricity distribution,transmission,10000,0.99,20,transmission902,transmission2706
transmission902_to_transmission1529_heat,#823740,LQ heat distribution,transmission,10000,0.99,20,transmission1529,transmission902
transmission902_to_transmission1529_electricity,#3186cc,LV electricity distribution,transmission,10000,0.99,20,transmission1529,transmission902
transmission1759_to_transmission919_heat,#823740,LQ heat distribution,transmission,10000,0.99,20,transmission919,transmission1759
transmission1759_to_transmission919_electricity,#3186cc,LV electricity distribution,transmission,10000,0.99,20,transmission919,transmission1759
transmission919_to_transmission731_heat,#823740,LQ heat distribution,transmission,10000,0.99,20,transmission731,transmission919
transmission919_to_transmission731_electricity,#3186cc,LV electricity distribution,transmission,10000,0.99,20,transmission731,transmission919
transmission731_to_transmission3198_heat,#823740,LQ heat distribution,transmission,10000,0.99,20,transmission3198,transmission731
transmission731_to_transmission3198_electricity,#3186cc,LV electricity distribution,transmission,10000,0.99,20,transmission3198,transmission731
transmission3198_to_transmission3080_heat,#823740,LQ heat distribution,transmission,10000,0.99,20,transmission3080,transmission3198
transmission3198_to_transmission3080_electricity,#3186cc,LV electricity distribution,transmission,10000,0.99,20,transmission3080,transmission3198
transmission3080_to_transmission1058_heat,#823740,LQ heat distribution,transmission,10000,0.99,20,transmission1058,transmission3080
transmission3080_to_transmission1058_electricity,#3186cc,LV electricity distribution,transmission,10000,0.99,20,transmission1058,transmission3080
transmission1058_to_transmission574_heat,#823740,LQ heat distribution,transmission,10000,0.99,20,transmission574,transmission1058
transmission1058_to_transmission574_electricity,#3186cc,LV electricity distribution,transmission,10000,0.99,20,transmission574,transmission1058
transmission574_to_transmission2980_heat,#823740,LQ heat distribution,transmission,10000,0.99,20,transmission2980,transmission574
transmission574_to_transmission2980_electricity,#3186cc,LV electricity distribution,transmission,10000,0.99,20,transmission2980,transmission574
transmission2980_to_transmission994_heat,#823740,LQ heat distribution,transmission,10000,0.99,20,transmission994,transmission2980
transmission2980_to_transmission994_electricity,#3186cc,LV electricity distribution,transmission,10000,0.99,20,transmission994,transmission2980
transmission994_to_transmission914_heat,#823740,LQ heat distribution,transmission,10000,0.99,20,transmission914,transmission994
transmission994_to_transmission914_electricity,#3186cc,LV electricity distribution,transmission,10000,0.99,20,transmission914,transmission994
transmission914_to_transmission1082_heat,#823740,LQ heat distribution,transmission,10000,0.99,20,transmission1082,transmission914
transmission914_to_transmission1082_electricity,#3186cc,LV electricity distribution,transmission,10000,0.99,20,transmission1082,transmission914
transmission1082_to_transmission1765_heat,#823740,LQ heat distribution,transmission,10000,0.99,20,transmission1765,transmission1082
transmission1082_to_transmission1765_electricity,#3186cc,LV electricity distribution,transmission,10000,0.99,20,transmission1765,transmission1082
transmission1765_to_transmission3016_heat,#823740,LQ heat distribution,transmission,10000,0.99,20,transmission3016,transmission1765
transmission1765_to_transmission3016_electricity,#3186cc,LV electricity distribution,transmission,10000,0.99,20,transmission3016,transmission1765
transmission3016_to_transmission3000_heat,#823740,LQ heat distribution,transmission,10000,0.99,20,transmission3000,transmission3016
transmission3016_to_transmission3000_electricity,#3186cc,LV electricity distribution,transmission,10000,0.99,20,transmission3000,transmission3016
transmission3000_to_transmission3112_heat,#823740,LQ heat distribution,transmission,10000,0.99,20,transmission3112,transmission3000
transmission3000_to_transmission3112_electricity,#3186cc,LV electricity distribution,transmission,10000,0.99,20,transmission3112,transmission3000
transmission1557_to_transmission1091_heat,#823740,LQ heat distribution,transmission,10000,0.99,20,transmission1091,transmission1557
transmission1557_to_transmission1091_electricity,#3186cc,LV electricity distribution,transmission,10000,0.99,20,transmission1091,transmission1557
transmission1091_to_transmission2530_heat,#823740,LQ heat distribution,transmission,10000,0.99,20,transmission2530,transmission1091
transmission1091_to_transmission2530_electricity,#3186cc,LV electricity distribution,transmission,10000,0.99,20,transmission2530,transmission1091
transmission2530_to_transmission3306_heat,#823740,LQ heat distribution,transmission,10000,0.99,20,transmission3306,transmission2530
transmission2530_to_transmission3306_electricity,#3186cc,LV electricity distribution,transmission,10000,0.99,20,transmission3306,transmission2530
transmission3306_to_transmission2314_heat,#823740,LQ heat distribution,transmission,10000,0.99,20,transmission2314,transmission3306
transmission3306_to_transmission2314_electricity,#3186cc,LV electricity distribution,transmission,10000,0.99,20,transmission2314,transmission3306
transmission2314_to_transmission3391_heat,#823740,LQ heat distribution,transmission,10000,0.99,20,transmission3391,transmission2314
transmission2314_to_transmission3391_electricity,#3186cc,LV electricity distribution,transmission,10000,0.99,20,transmission3391,transmission2314
transmission3391_to_transmission805_heat,#823740,LQ heat distribution,transmission,10000,0.99,20,transmission805,transmission3391
transmission3391_to_transmission805_electricity,#3186cc,LV electricity distribution,transmission,10000,0.99,20,transmission805,transmission3391
transmission805_to_transmission2672_heat,#823740,LQ heat distribution,transmission,10000,0.99,20,transmission2672,transmission805
transmission805_to_transmission2672_electricity,#3186cc,LV electricity distribution,transmission,10000,0.99,20,transmission2672,transmission805
transmission2672_to_transmission1529_heat,#823740,LQ heat distribution,transmission,10000,0.99,20,transmission1529,transmission2672
transmission2672_to_transmission1529_electricity,#3186cc,LV electricity distribution,transmission,10000,0.99,20,transmission1529,transmission2672
transmission1529_to_transmission1076_heat,#823740,LQ heat distribution,transmission,10000,0.99,20,transmission1076,transmission1529
transmission1529_to_transmission1076_electricity,#3186cc,LV electricity distribution,transmission,10000,0.99,20,transmission1076,transmission1529
transmission1076_to_transmission3039_heat,#823740,LQ heat distribution,transmission,10000,0.99,20,transmission3039,transmission1076
transmission1076_to_transmission3039_electricity,#3186cc,LV electricity distribution,transmission,10000,0.99,20,transmission3039,transmission1076
transmission3039_to_transmission1753_heat,#823740,LQ heat distribution,transmission,10000,0.99,20,transmission1753,transmission3039
transmission3039_to_transmission1753_electricity,#3186cc,LV electricity distribution,transmission,10000,0.99,20,transmission1753,transmission3039
transmission3124_to_transmission2360_heat,#823740,LQ heat distribution,transmission,10000,0.99,20,transmission2360,transmission3124
transmission3124_to_transmission2360_electricity,#3186cc,LV electricity distribution,transmission,10000,0.99,20,transmission2360,transmission3124
transmission2360_to_transmission1579_heat,#823740,LQ heat distribution,transmission,10000,0.99,20,transmission1579,transmission2360
transmission2360_to_transmission1579_electricity,#3186cc,LV electricity distribution,transmission,10000,0.99,20,transmission1579,transmission2360
transmission1579_to_transmission3337_heat,#823740,LQ heat distribution,transmission,10000,0.99,20,transmission3337,transmission1579
transmission1579_to_transmission3337_electricity,#3186cc,LV electricity distribution,transmission,10000,0.99,20,transmission3337,transmission1579
transmission3337_to_transmission1606_heat,#823740,LQ heat distribution,transmission,10000,0.99,20,transmission1606,transmission3337
transmission3337_to_transmission1606_electricity,#3186cc,LV electricity distribution,transmission,10000,0.99,20,transmission1606,transmission3337
transmission1606_to_transmission2549_heat,#823740,LQ heat distribution,transmission,10000,0.99,20,transmission2549,transmission1606
transmission1606_to_transmission2549_electricity,#3186cc,LV electricity distribution,transmission,10000,0.99,20,transmission2549,transmission1606
transmission2549_to_transmission3239_heat,#823740,LQ heat distribution,transmission,10000,0.99,20,transmission3239,transmission2549
transmission2549_to_transmission3239_electricity,#3186cc,LV electricity distribution,transmission,10000,0.99,20,transmission3239,transmission2549
transmission3239_to_transmission1716_heat,#823740,LQ heat distribution,transmission,10000,0.99,20,transmission1716,transmission3239
transmission3239_to_transmission1716_electricity,#3186cc,LV electricity distribution,transmission,10000,0.99,20,transmission1716,transmission3239
transmission1716_to_transmission3335_heat,#823740,LQ heat distribution,transmission,10000,0.99,20,transmission3335,transmission1716
transmission1716_to_transmission3335_electricity,#3186cc,LV electricity distribution,transmission,10000,0.99,20,transmission3335,transmission1716
transmission3335_to_transmission3315_heat,#823740,LQ heat distribution,transmission,10000,0.99,20,transmission3315,transmission3335
transmission3335_to_transmission3315_electricity,#3186cc,LV electricity distribution,transmission,10000,0.99,20,transmission3315,transmission3335
transmission3315_to_transmission3320_heat,#823740,LQ heat distribution,transmission,10000,0.99,20,transmission3320,transmission3315
transmission3315_to_transmission3320_electricity,#3186cc,LV electricity distribution,transmission,10000,0.99,20,transmission3320,transmission3315
transmission3320_to_transmission1765_heat,#823740,LQ heat distribution,transmission,10000,0.99,20,transmission1765,transmission3320
transmission3320_to_transmission1765_electricity,#3186cc,LV electricity distribution,transmission,10000,0.99,20,transmission1765,transmission3320
transmission3316_to_transmission3072_heat,#823740,LQ heat distribution,transmission,10000,0.99,20,transmission3072,transmission3316
transmission3316_to_transmission3072_electricity,#3186cc,LV electricity distribution,transmission,10000,0.99,20,transmission3072,transmission3316
transmission3072_to_transmission1014_heat,#823740,LQ heat distribution,transmission,10000,0.99,20,transmission1014,transmission3072
transmission3072_to_transmission1014_electricity,#3186cc,LV electricity distribution,transmission,10000,0.99,20,transmission1014,transmission3072
transmission1014_to_transmission1189_heat,#823740,LQ heat distribution,transmission,10000,0.99,20,transmission1189,transmission1014
transmission1014_to_transmission1189_electricity,#3186cc,LV electricity distribution,transmission,10000,0.99,20,transmission1189,transmission1014
transmission1189_to_transmission2910_heat,#823740,LQ heat distribution,transmission,10000,0.99,20,transmission2910,transmission1189
transmission1189_to_transmission2910_electricity,#3186cc,LV electricity distribution,transmission,10000,0.99,20,transmission2910,transmission1189
transmission2910_to_transmission1543_heat,#823740,LQ heat distribution,transmission,10000,0.99,20,transmission1543,transmission2910
transmission2910_to_transmission1543_electricity,#3186cc,LV electricity distribution,transmission,10000,0.99,20,transmission1543,transmission2910
transmission1311_to_transmission2560_heat,#823740,LQ heat distribution,transmission,10000,0.99,20,transmission2560,transmission1311
transmission1311_to_transmission2560_electricity,#3186cc,LV electricity distribution,transmission,10000,0.99,20,transmission2560,transmission1311
transmission2560_to_transmission2195_heat,#823740,LQ heat distribution,transmission,10000,0.99,20,transmission2195,transmission2560
transmission2560_to_transmission2195_electricity,#3186cc,LV electricity distribution,transmission,10000,0.99,20,transmission2195,transmission2560
transmission2195_to_transmission1639_heat,#823740,LQ heat distribution,transmission,10000,0.99,20,transmission1639,transmission2195
transmission2195_to_transmission1639_electricity,#3186cc,LV electricity distribution,transmission,10000,0.99,20,transmission1639,transmission2195
transmission1639_to_transmission719_heat,#823740,LQ heat distribution,transmission,10000,0.99,20,transmission719,transmission1639
transmission1639_to_transmission719_electricity,#3186cc,LV electricity distribution,transmission,10000,0.99,20,transmission719,transmission1639
transmission719_to_transmission997_heat,#823740,LQ heat distribution,transmission,10000,0.99,20,transmission997,transmission719
transmission719_to_transmission997_electricity,#3186cc,LV electricity distribution,transmission,10000,0.99,20,transmission997,transmission719
transmission997_to_transmission3373_heat,#823740,LQ heat distribution,transmission,10000,0.99,20,transmission3373,transmission997
transmission997_to_transmission3373_electricity,#3186cc,LV electricity distribution,transmission,10000,0.99,20,transmission3373,transmission997
transmission3373_to_transmission1575_heat,#823740,LQ heat distribution,transmission,10000,0.99,20,transmission1575,transmission3373
transmission3373_to_transmission1575_electricity,#3186cc,LV electricity distribution,transmission,10000,0.99,20,transmission1575,transmission3373
transmission1575_to_transmission855_heat,#823740,LQ heat distribution,transmission,10000,0.99,20,transmission855,transmission1575
transmission1575_to_transmission855_electricity,#3186cc,LV electricity distribution,transmission,10000,0.99,20,transmission855,transmission1575
transmission855_to_transmission1106_heat,#823740,LQ heat distribution,transmission,10000,0.99,20,transmission1106,transmission855
transmission855_to_transmission1106_electricity,#3186cc,LV electricity distribution,transmission,10000,0.99,20,transmission1106,transmission855
transmission3399_to_transmission706_heat,#823740,LQ heat distribution,transmission,10000,0.99,20,transmission706,transmission3399
transmission3399_to_transmission706_electricity,#3186cc,LV electricity distribution,transmission,10000,0.99,20,transmission706,transmission3399
transmission706_to_transmission3291_heat,#823740,LQ heat distribution,transmission,10000,0.99,20,transmission3291,transmission706
transmission706_to_transmission3291_electricity,#3186cc,LV electricity distribution,transmission,10000,0.99,20,transmission3291,transmission706
transmission3291_to_transmission593_heat,#823740,LQ heat distribution,transmission,10000,0.99,20,transmission593,transmission3291
transmission3291_to_transmission593_electricity,#3186cc,LV electricity distribution,transmission,10000,0.99,20,transmission593,transmission3291
transmission593_to_transmission870_heat,#823740,LQ heat distribution,transmission,10000,0.99,20,transmission870,transmission593
transmission593_to_transmission870_electricity,#3186cc,LV electricity distribution,transmission,10000,0.99,20,transmission870,transmission593
transmission870_to_transmission2146_heat,#823740,LQ heat distribution,transmission,10000,0.99,20,transmission2146,transmission870
transmission870_to_transmission2146_electricity,#3186cc,LV electricity distribution,transmission,10000,0.99,20,transmission2146,transmission870
transmission2146_to_transmission1778_heat,#823740,LQ heat distribution,transmission,10000,0.99,20,transmission1778,transmission2146
transmission2146_to_transmission1778_electricity,#3186cc,LV electricity distribution,transmission,10000,0.99,20,transmission1778,transmission2146
transmission1778_to_transmission2322_heat,#823740,LQ heat distribution,transmission,10000,0.99,20,transmission2322,transmission1778
transmission1778_to_transmission2322_electricity,#3186cc,LV electricity distribution,transmission,10000,0.99,20,transmission2322,transmission1778
transmission2322_to_transmission1295_heat,#823740,LQ heat distribution,transmission,10000,0.99,20,transmission1295,transmission2322
transmission2322_to_transmission1295_electricity,#3186cc,LV electricity distribution,transmission,10000,0.99,20,transmission1295,transmission2322
transmission1295_to_transmission2569_heat,#823740,LQ heat distribution,transmission,10000,0.99,20,transmission2569,transmission1295
transmission1295_to_transmission2569_electricity,#3186cc,LV electricity distribution,transmission,10000,0.99,20,transmission2569,transmission1295
transmission2569_to_transmission1133_heat,#823740,LQ heat distribution,transmission,10000,0.99,20,transmission1133,transmission2569
transmission2569_to_transmission1133_electricity,#3186cc,LV electricity distribution,transmission,10000,0.99,20,transmission1133,transmission2569
transmission1133_to_transmission1806_heat,#823740,LQ heat distribution,transmission,10000,0.99,20,transmission1806,transmission1133
transmission1133_to_transmission1806_electricity,#3186cc,LV electricity distribution,transmission,10000,0.99,20,transmission1806,transmission1133
transmission1427_to_transmission2697_heat,#823740,LQ heat distribution,transmission,10000,0.99,20,transmission2697,transmission1427
transmission1427_to_transmission2697_electricity,#3186cc,LV electricity distribution,transmission,10000,0.99,20,transmission2697,transmission1427
transmission2697_to_transmission2471_heat,#823740,LQ heat distribution,transmission,10000,0.99,20,transmission2471,transmission2697
transmission2697_to_transmission2471_electricity,#3186cc,LV electricity distribution,transmission,10000,0.99,20,transmission2471,transmission2697
transmission2471_to_transmission1523_heat,#823740,LQ heat distribution,transmission,10000,0.99,20,transmission1523,transmission2471
transmission2471_to_transmission1523_electricity,#3186cc,LV electricity distribution,transmission,10000,0.99,20,transmission1523,transmission2471
transmission1523_to_transmission1837_heat,#823740,LQ heat distribution,transmission,10000,0.99,20,transmission1837,transmission1523
transmission1523_to_transmission1837_electricity,#3186cc,LV electricity distribution,transmission,10000,0.99,20,transmission1837,transmission1523
transmission1837_to_transmission2372_heat,#823740,LQ heat distribution,transmission,10000,0.99,20,transmission2372,transmission1837
transmission1837_to_transmission2372_electricity,#3186cc,LV electricity distribution,transmission,10000,0.99,20,transmission2372,transmission1837
transmission2372_to_transmission3227_heat,#823740,LQ heat distribution,transmission,10000,0.99,20,transmission3227,transmission2372
transmission2372_to_transmission3227_electricity,#3186cc,LV electricity distribution,transmission,10000,0.99,20,transmission3227,transmission2372
transmission3227_to_transmission1156_heat,#823740,LQ heat distribution,transmission,10000,0.99,20,transmission1156,transmission3227
transmission3227_to_transmission1156_electricity,#3186cc,LV electricity distribution,transmission,10000,0.99,20,transmission1156,transmission3227
transmission1156_to_transmission1050_heat,#823740,LQ heat distribution,transmission,10000,0.99,20,transmission1050,transmission1156
transmission1156_to_transmission1050_electricity,#3186cc,LV electricity distribution,transmission,10000,0.99,20,transmission1050,transmission1156
transmission1050_to_transmission807_heat,#823740,LQ heat distribution,transmission,10000,0.99,20,transmission807,transmission1050
transmission1050_to_transmission807_electricity,#3186cc,LV electricity distribution,transmission,10000,0.99,20,transmission807,transmission1050
transmission807_to_transmission1396_heat,#823740,LQ heat distribution,transmission,10000,0.99,20,transmission1396,transmission807
transmission807_to_transmission1396_electricity,#3186cc,LV electricity distribution,transmission,10000,0.99,20,transmission1396,transmission807
transmission1396_to_transmission1872_heat,#823740,LQ heat distribution,transmission,10000,0.99,20,transmission1872,transmission1396
transmission1396_to_transmission1872_electricity,#3186cc,LV electricity distribution,transmission,10000,0.99,20,transmission1872,transmission1396
transmission1872_to_transmission690_heat,#823740,LQ heat distribution,transmission,10000,0.99,20,transmission690,transmission1872
transmission1872_to_transmission690_electricity,#3186cc,LV electricity distribution,transmission,10000,0.99,20,transmission690,transmission1872
transmission690_to_transmission708_heat,#823740,LQ heat distribution,transmission,10000,0.99,20,transmission708,transmission690
transmission690_to_transmission708_electricity,#3186cc,LV electricity distribution,transmission,10000,0.99,20,transmission708,transmission690
transmission708_to_transmission3399_heat,#823740,LQ heat distribution,transmission,10000,0.99,20,transmission3399,transmission708
transmission708_to_transmission3399_electricity,#3186cc,LV electricity distribution,transmission,10000,0.99,20,transmission3399,transmission708
transmission3399_to_transmission2093_heat,#823740,LQ heat distribution,transmission,10000,0.99,20,transmission2093,transmission3399
transmission3399_to_transmission2093_electricity,#3186cc,LV electricity distribution,transmission,10000,0.99,20,transmission2093,transmission3399
transmission2093_to_transmission2771_heat,#823740,LQ heat distribution,transmission,10000,0.99,20,transmission2771,transmission2093
transmission2093_to_transmission2771_electricity,#3186cc,LV electricity distribution,transmission,10000,0.99,20,transmission2771,transmission2093
transmission2771_to_transmission1924_heat,#823740,LQ heat distribution,transmission,10000,0.99,20,transmission1924,transmission2771
transmission2771_to_transmission1924_electricity,#3186cc,LV electricity distribution,transmission,10000,0.99,20,transmission1924,transmission2771
transmission1924_to_transmission1521_heat,#823740,LQ heat distribution,transmission,10000,0.99,20,transmission1521,transmission1924
transmission1924_to_transmission1521_electricity,#3186cc,LV electricity distribution,transmission,10000,0.99,20,transmission1521,transmission1924
transmission1521_to_transmission952_heat,#823740,LQ heat distribution,transmission,10000,0.99,20,transmission952,transmission1521
transmission1521_to_transmission952_electricity,#3186cc,LV electricity distribution,transmission,10000,0.99,20,transmission952,transmission1521
transmission952_to_transmission1608_heat,#823740,LQ heat distribution,transmission,10000,0.99,20,transmission1608,transmission952
transmission952_to_transmission1608_electricity,#3186cc,LV electricity distribution,transmission,10000,0.99,20,transmission1608,transmission952
transmission1608_to_transmission1214_heat,#823740,LQ heat distribution,transmission,10000,0.99,20,transmission1214,transmission1608
transmission1608_to_transmission1214_electricity,#3186cc,LV electricity distribution,transmission,10000,0.99,20,transmission1214,transmission1608
transmission1214_to_transmission2893_heat,#823740,LQ heat distribution,transmission,10000,0.99,20,transmission2893,transmission1214
transmission1214_to_transmission2893_electricity,#3186cc,LV electricity distribution,transmission,10000,0.99,20,transmission2893,transmission1214
transmission2893_to_transmission2532_heat,#823740,LQ heat distribution,transmission,10000,0.99,20,transmission2532,transmission2893
transmission2893_to_transmission2532_electricity,#3186cc,LV electricity distribution,transmission,10000,0.99,20,transmission2532,transmission2893
transmission2532_to_transmission2930_heat,#823740,LQ heat distribution,transmission,10000,0.99,20,transmission2930,transmission2532
transmission2532_to_transmission2930_electricity,#3186cc,LV electricity distribution,transmission,10000,0.99,20,transmission2930,transmission2532
transmission2930_to_transmission522_heat,#823740,LQ heat distribution,transmission,10000,0.99,20,transmission522,transmission2930
transmission2930_to_transmission522_electricity,#3186cc,LV electricity distribution,transmission,10000,0.99,20,transmission522,transmission2930
transmission522_to_transmission2383_heat,#823740,LQ heat distribution,transmission,10000,0.99,20,transmission2383,transmission522
transmission522_to_transmission2383_electricity,#3186cc,LV electricity distribution,transmission,10000,0.99,20,transmission2383,transmission522
transmission2383_to_transmission2045_heat,#823740,LQ heat distribution,transmission,10000,0.99,20,transmission2045,transmission2383
transmission2383_to_transmission2045_electricity,#3186cc,LV electricity distribution,transmission,10000,0.99,20,transmission2045,transmission2383
transmission2045_to_transmission1243_heat,#823740,LQ heat distribution,transmission,10000,0.99,20,transmission1243,transmission2045
transmission2045_to_transmission1243_electricity,#3186cc,LV electricity distribution,transmission,10000,0.99,20,transmission1243,transmission2045
transmission1243_to_transmission2443_heat,#823740,LQ heat distribution,transmission,10000,0.99,20,transmission2443,transmission1243
transmission1243_to_transmission2443_electricity,#3186cc,LV electricity distribution,transmission,10000,0.99,20,transmission2443,transmission1243
transmission2443_to_transmission1466_heat,#823740,LQ heat distribution,transmission,10000,0.99,20,transmission1466,transmission2443
transmission2443_to_transmission1466_electricity,#3186cc,LV electricity distribution,transmission,10000,0.99,20,transmission1466,transmission2443
transmission1466_to_transmission2911_heat,#823740,LQ heat distribution,transmission,10000,0.99,20,transmission2911,transmission1466
transmission1466_to_transmission2911_electricity,#3186cc,LV electricity distribution,transmission,10000,0.99,20,transmission2911,transmission1466
transmission1641_to_transmission1030_heat,#823740,LQ heat distribution,transmission,10000,0.99,20,transmission1030,transmission1641
transmission1641_to_transmission1030_electricity,#3186cc,LV electricity distribution,transmission,10000,0.99,20,transmission1030,transmission1641
transmission1030_to_transmission1093_heat,#823740,LQ heat distribution,transmission,10000,0.99,20,transmission1093,transmission1030
transmission1030_to_transmission1093_electricity,#3186cc,LV electricity distribution,transmission,10000,0.99,20,transmission1093,transmission1030
transmission1093_to_transmission2324_heat,#823740,LQ heat distribution,transmission,10000,0.99,20,transmission2324,transmission1093
transmission1093_to_transmission2324_electricity,#3186cc,LV electricity distribution,transmission,10000,0.99,20,transmission2324,transmission1093
transmission2324_to_transmission1663_heat,#823740,LQ heat distribution,transmission,10000,0.99,20,transmission1663,transmission2324
transmission2324_to_transmission1663_electricity,#3186cc,LV electricity distribution,transmission,10000,0.99,20,transmission1663,transmission2324
transmission1663_to_transmission2565_heat,#823740,LQ heat distribution,transmission,10000,0.99,20,transmission2565,transmission1663
transmission1663_to_transmission2565_electricity,#3186cc,LV electricity distribution,transmission,10000,0.99,20,transmission2565,transmission1663
transmission2565_to_transmission2620_heat,#823740,LQ heat distribution,transmission,10000,0.99,20,transmission2620,transmission2565
transmission2565_to_transmission2620_electricity,#3186cc,LV electricity distribution,transmission,10000,0.99,20,transmission2620,transmission2565
transmission2620_to_transmission2912_heat,#823740,LQ heat distribution,transmission,10000,0.99,20,transmission2912,transmission2620
transmission2620_to_transmission2912_electricity,#3186cc,LV electricity distribution,transmission,10000,0.99,20,transmission2912,transmission2620
transmission2912_to_transmission1442_heat,#823740,LQ heat distribution,transmission,10000,0.99,20,transmission1442,transmission2912
transmission2912_to_transmission1442_electricity,#3186cc,LV electricity distribution,transmission,10000,0.99,20,transmission1442,transmission2912
transmission1442_to_transmission2603_heat,#823740,LQ heat distribution,transmission,10000,0.99,20,transmission2603,transmission1442
transmission1442_to_transmission2603_electricity,#3186cc,LV electricity distribution,transmission,10000,0.99,20,transmission2603,transmission1442
transmission2603_to_transmission3010_heat,#823740,LQ heat distribution,transmission,10000,0.99,20,transmission3010,transmission2603
transmission2603_to_transmission3010_electricity,#3186cc,LV electricity distribution,transmission,10000,0.99,20,transmission3010,transmission2603
transmission3010_to_transmission3156_heat,#823740,LQ heat distribution,transmission,10000,0.99,20,transmission3156,transmission3010
transmission3010_to_transmission3156_electricity,#3186cc,LV electricity distribution,transmission,10000,0.99,20,transmission3156,transmission3010
transmission3156_to_transmission650_heat,#823740,LQ heat distribution,transmission,10000,0.99,20,transmission650,transmission3156
transmission3156_to_transmission650_electricity,#3186cc,LV electricity distribution,transmission,10000,0.99,20,transmission650,transmission3156
transmission650_to_transmission2124_heat,#823740,LQ heat distribution,transmission,10000,0.99,20,transmission2124,transmission650
transmission650_to_transmission2124_electricity,#3186cc,LV electricity distribution,transmission,10000,0.99,20,transmission2124,transmission650
transmission2124_to_transmission2529_heat,#823740,LQ heat distribution,transmission,10000,0.99,20,transmission2529,transmission2124
transmission2124_to_transmission2529_electricity,#3186cc,LV electricity distribution,transmission,10000,0.99,20,transmission2529,transmission2124
transmission2529_to_transmission2290_heat,#823740,LQ heat distribution,transmission,10000,0.99,20,transmission2290,transmission2529
transmission2529_to_transmission2290_electricity,#3186cc,LV electricity distribution,transmission,10000,0.99,20,transmission2290,transmission2529
transmission2290_to_transmission3050_heat,#823740,LQ heat distribution,transmission,10000,0.99,20,transmission3050,transmission2290
transmission2290_to_transmission3050_electricity,#3186cc,LV electricity distribution,transmission,10000,0.99,20,transmission3050,transmission2290
transmission3050_to_transmission3122_heat,#823740,LQ heat distribution,transmission,10000,0.99,20,transmission3122,transmission3050
transmission3050_to_transmission3122_electricity,#3186cc,LV electricity distribution,transmission,10000,0.99,20,transmission3122,transmission3050
transmission3122_to_transmission1105_heat,#823740,LQ heat distribution,transmission,10000,0.99,20,transmission1105,transmission3122
transmission3122_to_transmission1105_electricity,#3186cc,LV electricity distribution,transmission,10000,0.99,20,transmission1105,transmission3122
transmission1105_to_transmission2024_heat,#823740,LQ heat distribution,transmission,10000,0.99,20,transmission2024,transmission1105
transmission1105_to_transmission2024_electricity,#3186cc,LV electricity distribution,transmission,10000,0.99,20,transmission2024,transmission1105
transmission2024_to_transmission2004_heat,#823740,LQ heat distribution,transmission,10000,0.99,20,transmission2004,transmission2024
transmission2024_to_transmission2004_electricity,#3186cc,LV electricity distribution,transmission,10000,0.99,20,transmission2004,transmission2024
transmission2004_to_transmission2610_heat,#823740,LQ heat distribution,transmission,10000,0.99,20,transmission2610,transmission2004
transmission2004_to_transmission2610_electricity,#3186cc,LV electricity distribution,transmission,10000,0.99,20,transmission2610,transmission2004
transmission2610_to_transmission1271_heat,#823740,LQ heat distribution,transmission,10000,0.99,20,transmission1271,transmission2610
transmission2610_to_transmission1271_electricity,#3186cc,LV electricity distribution,transmission,10000,0.99,20,transmission1271,transmission2610
transmission1271_to_transmission1854_heat,#823740,LQ heat distribution,transmission,10000,0.99,20,transmission1854,transmission1271
transmission1271_to_transmission1854_electricity,#3186cc,LV electricity distribution,transmission,10000,0.99,20,transmission1854,transmission1271
transmission1854_to_transmission2262_heat,#823740,LQ heat distribution,transmission,10000,0.99,20,transmission2262,transmission1854
transmission1854_to_transmission2262_electricity,#3186cc,LV electricity distribution,transmission,10000,0.99,20,transmission2262,transmission1854
transmission2262_to_transmission552_heat,#823740,LQ heat distribution,transmission,10000,0.99,20,transmission552,transmission2262
transmission2262_to_transmission552_electricity,#3186cc,LV electricity distribution,transmission,10000,0.99,20,transmission552,transmission2262
transmission911_to_transmission1353_heat,#823740,LQ heat distribution,transmission,10000,0.99,20,transmission1353,transmission911
transmission911_to_transmission1353_electricity,#3186cc,LV electricity distribution,transmission,10000,0.99,20,transmission1353,transmission911
transmission1353_to_transmission1811_heat,#823740,LQ heat distribution,transmission,10000,0.99,20,transmission1811,transmission1353
transmission1353_to_transmission1811_electricity,#3186cc,LV electricity distribution,transmission,10000,0.99,20,transmission1811,transmission1353
transmission1811_to_transmission1960_heat,#823740,LQ heat distribution,transmission,10000,0.99,20,transmission1960,transmission1811
transmission1811_to_transmission1960_electricity,#3186cc,LV electricity distribution,transmission,10000,0.99,20,transmission1960,transmission1811
transmission1960_to_transmission2349_heat,#823740,LQ heat distribution,transmission,10000,0.99,20,transmission2349,transmission1960
transmission1960_to_transmission2349_electricity,#3186cc,LV electricity distribution,transmission,10000,0.99,20,transmission2349,transmission1960
transmission2349_to_transmission1820_heat,#823740,LQ heat distribution,transmission,10000,0.99,20,transmission1820,transmission2349
transmission2349_to_transmission1820_electricity,#3186cc,LV electricity distribution,transmission,10000,0.99,20,transmission1820,transmission2349
transmission1820_to_transmission1561_heat,#823740,LQ heat distribution,transmission,10000,0.99,20,transmission1561,transmission1820
transmission1820_to_transmission1561_electricity,#3186cc,LV electricity distribution,transmission,10000,0.99,20,transmission1561,transmission1820
transmission1561_to_transmission2385_heat,#823740,LQ heat distribution,transmission,10000,0.99,20,transmission2385,transmission1561
transmission1561_to_transmission2385_electricity,#3186cc,LV electricity distribution,transmission,10000,0.99,20,transmission2385,transmission1561
transmission2385_to_transmission2800_heat,#823740,LQ heat distribution,transmission,10000,0.99,20,transmission2800,transmission2385
transmission2385_to_transmission2800_electricity,#3186cc,LV electricity distribution,transmission,10000,0.99,20,transmission2800,transmission2385
transmission2800_to_transmission2548_heat,#823740,LQ heat distribution,transmission,10000,0.99,20,transmission2548,transmission2800
transmission2800_to_transmission2548_electricity,#3186cc,LV electricity distribution,transmission,10000,0.99,20,transmission2548,transmission2800
transmission2548_to_transmission1017_heat,#823740,LQ heat distribution,transmission,10000,0.99,20,transmission1017,transmission2548
transmission2548_to_transmission1017_electricity,#3186cc,LV electricity distribution,transmission,10000,0.99,20,transmission1017,transmission2548
transmission1017_to_transmission2082_heat,#823740,LQ heat distribution,transmission,10000,0.99,20,transmission2082,transmission1017
transmission1017_to_transmission2082_electricity,#3186cc,LV electricity distribution,transmission,10000,0.99,20,transmission2082,transmission1017
transmission2082_to_transmission664_heat,#823740,LQ heat distribution,transmission,10000,0.99,20,transmission664,transmission2082
transmission2082_to_transmission664_electricity,#3186cc,LV electricity distribution,transmission,10000,0.99,20,transmission664,transmission2082
transmission664_to_transmission1064_heat,#823740,LQ heat distribution,transmission,10000,0.99,20,transmission1064,transmission664
transmission664_to_transmission1064_electricity,#3186cc,LV electricity distribution,transmission,10000,0.99,20,transmission1064,transmission664
transmission1064_to_transmission1453_heat,#823740,LQ heat distribution,transmission,10000,0.99,20,transmission1453,transmission1064
transmission1064_to_transmission1453_electricity,#3186cc,LV electricity distribution,transmission,10000,0.99,20,transmission1453,transmission1064
transmission1453_to_transmission3409_heat,#823740,LQ heat distribution,transmission,10000,0.99,20,transmission3409,transmission1453
transmission1453_to_transmission3409_electricity,#3186cc,LV electricity distribution,transmission,10000,0.99,20,transmission3409,transmission1453
transmission3409_to_transmission1847_heat,#823740,LQ heat distribution,transmission,10000,0.99,20,transmission1847,transmission3409
transmission3409_to_transmission1847_electricity,#3186cc,LV electricity distribution,transmission,10000,0.99,20,transmission1847,transmission3409
transmission1847_to_transmission693_heat,#823740,LQ heat distribution,transmission,10000,0.99,20,transmission693,transmission1847
transmission1847_to_transmission693_electricity,#3186cc,LV electricity distribution,transmission,10000,0.99,20,transmission693,transmission1847
transmission693_to_transmission1059_heat,#823740,LQ heat distribution,transmission,10000,0.99,20,transmission1059,transmission693
transmission693_to_transmission1059_electricity,#3186cc,LV electricity distribution,transmission,10000,0.99,20,transmission1059,transmission693
transmission1059_to_transmission1446_heat,#823740,LQ heat distribution,transmission,10000,0.99,20,transmission1446,transmission1059
transmission1059_to_transmission1446_electricity,#3186cc,LV electricity distribution,transmission,10000,0.99,20,transmission1446,transmission1059
transmission1446_to_transmission1838_heat,#823740,LQ heat distribution,transmission,10000,0.99,20,transmission1838,transmission1446
transmission1446_to_transmission1838_electricity,#3186cc,LV electricity distribution,transmission,10000,0.99,20,transmission1838,transmission1446
transmission3127_to_transmission1372_heat,#823740,LQ heat distribution,transmission,10000,0.99,20,transmission1372,transmission3127
transmission3127_to_transmission1372_electricity,#3186cc,LV electricity distribution,transmission,10000,0.99,20,transmission1372,transmission3127
transmission1372_to_transmission1674_heat,#823740,LQ heat distribution,transmission,10000,0.99,20,transmission1674,transmission1372
transmission1372_to_transmission1674_electricity,#3186cc,LV electricity distribution,transmission,10000,0.99,20,transmission1674,transmission1372
transmission1674_to_transmission1289_heat,#823740,LQ heat distribution,transmission,10000,0.99,20,transmission1289,transmission1674
transmission1674_to_transmission1289_electricity,#3186cc,LV electricity distribution,transmission,10000,0.99,20,transmission1289,transmission1674
transmission1289_to_transmission1591_heat,#823740,LQ heat distribution,transmission,10000,0.99,20,transmission1591,transmission1289
transmission1289_to_transmission1591_electricity,#3186cc,LV electricity distribution,transmission,10000,0.99,20,transmission1591,transmission1289
transmission1591_to_transmission897_heat,#823740,LQ heat distribution,transmission,10000,0.99,20,transmission897,transmission1591
transmission1591_to_transmission897_electricity,#3186cc,LV electricity distribution,transmission,10000,0.99,20,transmission897,transmission1591
transmission897_to_transmission2118_heat,#823740,LQ heat distribution,transmission,10000,0.99,20,transmission2118,transmission897
transmission897_to_transmission2118_electricity,#3186cc,LV electricity distribution,transmission,10000,0.99,20,transmission2118,transmission897
transmission2118_to_transmission1836_heat,#823740,LQ heat distribution,transmission,10000,0.99,20,transmission1836,transmission2118
transmission2118_to_transmission1836_electricity,#3186cc,LV electricity distribution,transmission,10000,0.99,20,transmission1836,transmission2118
transmission1836_to_transmission1151_heat,#823740,LQ heat distribution,transmission,10000,0.99,20,transmission1151,transmission1836
transmission1836_to_transmission1151_electricity,#3186cc,LV electricity distribution,transmission,10000,0.99,20,transmission1151,transmission1836
transmission1151_to_transmission722_heat,#823740,LQ heat distribution,transmission,10000,0.99,20,transmission722,transmission1151
transmission1151_to_transmission722_electricity,#3186cc,LV electricity distribution,transmission,10000,0.99,20,transmission722,transmission1151
transmission722_to_transmission3328_heat,#823740,LQ heat distribution,transmission,10000,0.99,20,transmission3328,transmission722
transmission722_to_transmission3328_electricity,#3186cc,LV electricity distribution,transmission,10000,0.99,20,transmission3328,transmission722
transmission3328_to_transmission1653_heat,#823740,LQ heat distribution,transmission,10000,0.99,20,transmission1653,transmission3328
transmission3328_to_transmission1653_electricity,#3186cc,LV electricity distribution,transmission,10000,0.99,20,transmission1653,transmission3328
transmission1653_to_transmission978_heat,#823740,LQ heat distribution,transmission,10000,0.99,20,transmission978,transmission1653
transmission1653_to_transmission978_electricity,#3186cc,LV electricity distribution,transmission,10000,0.99,20,transmission978,transmission1653
transmission978_to_transmission662_heat,#823740,LQ heat distribution,transmission,10000,0.99,20,transmission662,transmission978
transmission978_to_transmission662_electricity,#3186cc,LV electricity distribution,transmission,10000,0.99,20,transmission662,transmission978
transmission662_to_transmission944_heat,#823740,LQ heat distribution,transmission,10000,0.99,20,transmission944,transmission662
transmission662_to_transmission944_electricity,#3186cc,LV electricity distribution,transmission,10000,0.99,20,transmission944,transmission662
transmission944_to_transmission899_heat,#823740,LQ heat distribution,transmission,10000,0.99,20,transmission899,transmission944
transmission944_to_transmission899_electricity,#3186cc,LV electricity distribution,transmission,10000,0.99,20,transmission899,transmission944
transmission899_to_transmission1788_heat,#823740,LQ heat distribution,transmission,10000,0.99,20,transmission1788,transmission899
transmission899_to_transmission1788_electricity,#3186cc,LV electricity distribution,transmission,10000,0.99,20,transmission1788,transmission899
transmission1788_to_transmission1481_heat,#823740,LQ heat distribution,transmission,10000,0.99,20,transmission1481,transmission1788
transmission1788_to_transmission1481_electricity,#3186cc,LV electricity distribution,transmission,10000,0.99,20,transmission1481,transmission1788
transmission1481_to_transmission2662_heat,#823740,LQ heat distribution,transmission,10000,0.99,20,transmission2662,transmission1481
transmission1481_to_transmission2662_electricity,#3186cc,LV electricity distribution,transmission,10000,0.99,20,transmission2662,transmission1481
transmission2662_to_transmission1753_heat,#823740,LQ heat distribution,transmission,10000,0.99,20,transmission1753,transmission2662
transmission2662_to_transmission1753_electricity,#3186cc,LV electricity distribution,transmission,10000,0.99,20,transmission1753,transmission2662
transmission3133_to_transmission2165_heat,#823740,LQ heat distribution,transmission,10000,0.99,20,transmission2165,transmission3133
transmission3133_to_transmission2165_electricity,#3186cc,LV electricity distribution,transmission,10000,0.99,20,transmission2165,transmission3133
transmission2165_to_transmission2764_heat,#823740,LQ heat distribution,transmission,10000,0.99,20,transmission2764,transmission2165
transmission2165_to_transmission2764_electricity,#3186cc,LV electricity distribution,transmission,10000,0.99,20,transmission2764,transmission2165
transmission2764_to_transmission1528_heat,#823740,LQ heat distribution,transmission,10000,0.99,20,transmission1528,transmission2764
transmission2764_to_transmission1528_electricity,#3186cc,LV electricity distribution,transmission,10000,0.99,20,transmission1528,transmission2764
transmission1528_to_transmission958_heat,#823740,LQ heat distribution,transmission,10000,0.99,20,transmission958,transmission1528
transmission1528_to_transmission958_electricity,#3186cc,LV electricity distribution,transmission,10000,0.99,20,transmission958,transmission1528
transmission958_to_transmission2873_heat,#823740,LQ heat distribution,transmission,10000,0.99,20,transmission2873,transmission958
transmission958_to_transmission2873_electricity,#3186cc,LV electricity distribution,transmission,10000,0.99,20,transmission2873,transmission958
transmission2873_to_transmission2952_heat,#823740,LQ heat distribution,transmission,10000,0.99,20,transmission2952,transmission2873
transmission2873_to_transmission2952_electricity,#3186cc,LV electricity distribution,transmission,10000,0.99,20,transmission2952,transmission2873
transmission2952_to_transmission715_heat,#823740,LQ heat distribution,transmission,10000,0.99,20,transmission715,transmission2952
transmission2952_to_transmission715_electricity,#3186cc,LV electricity distribution,transmission,10000,0.99,20,transmission715,transmission2952
transmission715_to_transmission3057_heat,#823740,LQ heat distribution,transmission,10000,0.99,20,transmission3057,transmission715
transmission715_to_transmission3057_electricity,#3186cc,LV electricity distribution,transmission,10000,0.99,20,transmission3057,transmission715
transmission3057_to_transmission2441_heat,#823740,LQ heat distribution,transmission,10000,0.99,20,transmission2441,transmission3057
transmission3057_to_transmission2441_electricity,#3186cc,LV electricity distribution,transmission,10000,0.99,20,transmission2441,transmission3057
transmission2441_to_transmission1613_heat,#823740,LQ heat distribution,transmission,10000,0.99,20,transmission1613,transmission2441
transmission2441_to_transmission1613_electricity,#3186cc,LV electricity distribution,transmission,10000,0.99,20,transmission1613,transmission2441
transmission1613_to_transmission562_heat,#823740,LQ heat distribution,transmission,10000,0.99,20,transmission562,transmission1613
transmission1613_to_transmission562_electricity,#3186cc,LV electricity distribution,transmission,10000,0.99,20,transmission562,transmission1613
transmission2224_to_transmission2982_heat,#823740,LQ heat distribution,transmission,10000,0.99,20,transmission2982,transmission2224
transmission2224_to_transmission2982_electricity,#3186cc,LV electricity distribution,transmission,10000,0.99,20,transmission2982,transmission2224
transmission2982_to_transmission2363_heat,#823740,LQ heat distribution,transmission,10000,0.99,20,transmission2363,transmission2982
transmission2982_to_transmission2363_electricity,#3186cc,LV electricity distribution,transmission,10000,0.99,20,transmission2363,transmission2982
transmission2363_to_transmission1784_heat,#823740,LQ heat distribution,transmission,10000,0.99,20,transmission1784,transmission2363
transmission2363_to_transmission1784_electricity,#3186cc,LV electricity distribution,transmission,10000,0.99,20,transmission1784,transmission2363
transmission1784_to_transmission1409_heat,#823740,LQ heat distribution,transmission,10000,0.99,20,transmission1409,transmission1784
transmission1784_to_transmission1409_electricity,#3186cc,LV electricity distribution,transmission,10000,0.99,20,transmission1409,transmission1784
transmission1409_to_transmission1948_heat,#823740,LQ heat distribution,transmission,10000,0.99,20,transmission1948,transmission1409
transmission1409_to_transmission1948_electricity,#3186cc,LV electricity distribution,transmission,10000,0.99,20,transmission1948,transmission1409
transmission1948_to_transmission2655_heat,#823740,LQ heat distribution,transmission,10000,0.99,20,transmission2655,transmission1948
transmission1948_to_transmission2655_electricity,#3186cc,LV electricity distribution,transmission,10000,0.99,20,transmission2655,transmission1948
transmission1099_to_transmission2621_heat,#823740,LQ heat distribution,transmission,10000,0.99,20,transmission2621,transmission1099
transmission1099_to_transmission2621_electricity,#3186cc,LV electricity distribution,transmission,10000,0.99,20,transmission2621,transmission1099
transmission2621_to_transmission2669_heat,#823740,LQ heat distribution,transmission,10000,0.99,20,transmission2669,transmission2621
transmission2621_to_transmission2669_electricity,#3186cc,LV electricity distribution,transmission,10000,0.99,20,transmission2669,transmission2621
transmission2669_to_transmission1880_heat,#823740,LQ heat distribution,transmission,10000,0.99,20,transmission1880,transmission2669
transmission2669_to_transmission1880_electricity,#3186cc,LV electricity distribution,transmission,10000,0.99,20,transmission1880,transmission2669
transmission1001_to_transmission2321_heat,#823740,LQ heat distribution,transmission,10000,0.99,20,transmission2321,transmission1001
transmission1001_to_transmission2321_electricity,#3186cc,LV electricity distribution,transmission,10000,0.99,20,transmission2321,transmission1001
transmission2321_to_transmission876_heat,#823740,LQ heat distribution,transmission,10000,0.99,20,transmission876,transmission2321
transmission2321_to_transmission876_electricity,#3186cc,LV electricity distribution,transmission,10000,0.99,20,transmission876,transmission2321
transmission876_to_transmission3136_heat,#823740,LQ heat distribution,transmission,10000,0.99,20,transmission3136,transmission876
transmission876_to_transmission3136_electricity,#3186cc,LV electricity distribution,transmission,10000,0.99,20,transmission3136,transmission876
transmission3136_to_transmission1476_heat,#823740,LQ heat distribution,transmission,10000,0.99,20,transmission1476,transmission3136
transmission3136_to_transmission1476_electricity,#3186cc,LV electricity distribution,transmission,10000,0.99,20,transmission1476,transmission3136
transmission1476_to_transmission2668_heat,#823740,LQ heat distribution,transmission,10000,0.99,20,transmission2668,transmission1476
transmission1476_to_transmission2668_electricity,#3186cc,LV electricity distribution,transmission,10000,0.99,20,transmission2668,transmission1476
transmission2668_to_transmission1286_heat,#823740,LQ heat distribution,transmission,10000,0.99,20,transmission1286,transmission2668
transmission2668_to_transmission1286_electricity,#3186cc,LV electricity distribution,transmission,10000,0.99,20,transmission1286,transmission2668
transmission1286_to_transmission1967_heat,#823740,LQ heat distribution,transmission,10000,0.99,20,transmission1967,transmission1286
transmission1286_to_transmission1967_electricity,#3186cc,LV electricity distribution,transmission,10000,0.99,20,transmission1967,transmission1286
transmission1967_to_transmission1601_heat,#823740,LQ heat distribution,transmission,10000,0.99,20,transmission1601,transmission1967
transmission1967_to_transmission1601_electricity,#3186cc,LV electricity distribution,transmission,10000,0.99,20,transmission1601,transmission1967
transmission1601_to_transmission3177_heat,#823740,LQ heat distribution,transmission,10000,0.99,20,transmission3177,transmission1601
transmission1601_to_transmission3177_electricity,#3186cc,LV electricity distribution,transmission,10000,0.99,20,transmission3177,transmission1601
transmission3177_to_transmission1957_heat,#823740,LQ heat distribution,transmission,10000,0.99,20,transmission1957,transmission3177
transmission3177_to_transmission1957_electricity,#3186cc,LV electricity distribution,transmission,10000,0.99,20,transmission1957,transmission3177
transmission1957_to_transmission3116_heat,#823740,LQ heat distribution,transmission,10000,0.99,20,transmission3116,transmission1957
transmission1957_to_transmission3116_electricity,#3186cc,LV electricity distribution,transmission,10000,0.99,20,transmission3116,transmission1957
transmission3116_to_transmission2286_heat,#823740,LQ heat distribution,transmission,10000,0.99,20,transmission2286,transmission3116
transmission3116_to_transmission2286_electricity,#3186cc,LV electricity distribution,transmission,10000,0.99,20,transmission2286,transmission3116
transmission2286_to_transmission949_heat,#823740,LQ heat distribution,transmission,10000,0.99,20,transmission949,transmission2286
transmission2286_to_transmission949_electricity,#3186cc,LV electricity distribution,transmission,10000,0.99,20,transmission949,transmission2286
transmission949_to_transmission2129_heat,#823740,LQ heat distribution,transmission,10000,0.99,20,transmission2129,transmission949
transmission949_to_transmission2129_electricity,#3186cc,LV electricity distribution,transmission,10000,0.99,20,transmission2129,transmission949
transmission2129_to_transmission2661_heat,#823740,LQ heat distribution,transmission,10000,0.99,20,transmission2661,transmission2129
transmission2129_to_transmission2661_electricity,#3186cc,LV electricity distribution,transmission,10000,0.99,20,transmission2661,transmission2129
transmission2661_to_transmission505_heat,#823740,LQ heat distribution,transmission,10000,0.99,20,transmission505,transmission2661
transmission2661_to_transmission505_electricity,#3186cc,LV electricity distribution,transmission,10000,0.99,20,transmission505,transmission2661
transmission505_to_transmission1094_heat,#823740,LQ heat distribution,transmission,10000,0.99,20,transmission1094,transmission505
transmission505_to_transmission1094_electricity,#3186cc,LV electricity distribution,transmission,10000,0.99,20,transmission1094,transmission505
transmission1094_to_transmission1445_heat,#823740,LQ heat distribution,transmission,10000,0.99,20,transmission1445,transmission1094
transmission1094_to_transmission1445_electricity,#3186cc,LV electricity distribution,transmission,10000,0.99,20,transmission1445,transmission1094
transmission1445_to_transmission1567_heat,#823740,LQ heat distribution,transmission,10000,0.99,20,transmission1567,transmission1445
transmission1445_to_transmission1567_electricity,#3186cc,LV electricity distribution,transmission,10000,0.99,20,transmission1567,transmission1445
transmission1567_to_transmission2114_heat,#823740,LQ heat distribution,transmission,10000,0.99,20,transmission2114,transmission1567
transmission1567_to_transmission2114_electricity,#3186cc,LV electricity distribution,transmission,10000,0.99,20,transmission2114,transmission1567
transmission2114_to_transmission2955_heat,#823740,LQ heat distribution,transmission,10000,0.99,20,transmission2955,transmission2114
transmission2114_to_transmission2955_electricity,#3186cc,LV electricity distribution,transmission,10000,0.99,20,transmission2955,transmission2114
transmission2955_to_transmission2550_heat,#823740,LQ heat distribution,transmission,10000,0.99,20,transmission2550,transmission2955
transmission2955_to_transmission2550_electricity,#3186cc,LV electricity distribution,transmission,10000,0.99,20,transmission2550,transmission2955
transmission2550_to_transmission2023_heat,#823740,LQ heat distribution,transmission,10000,0.99,20,transmission2023,transmission2550
transmission2550_to_transmission2023_electricity,#3186cc,LV electricity distribution,transmission,10000,0.99,20,transmission2023,transmission2550
transmission2023_to_transmission1799_heat,#823740,LQ heat distribution,transmission,10000,0.99,20,transmission1799,transmission2023
transmission2023_to_transmission1799_electricity,#3186cc,LV electricity distribution,transmission,10000,0.99,20,transmission1799,transmission2023
transmission1799_to_transmission1369_heat,#823740,LQ heat distribution,transmission,10000,0.99,20,transmission1369,transmission1799
transmission1799_to_transmission1369_electricity,#3186cc,LV electricity distribution,transmission,10000,0.99,20,transmission1369,transmission1799
transmission1369_to_transmission564_heat,#823740,LQ heat distribution,transmission,10000,0.99,20,transmission564,transmission1369
transmission1369_to_transmission564_electricity,#3186cc,LV electricity distribution,transmission,10000,0.99,20,transmission564,transmission1369
transmission564_to_transmission1291_heat,#823740,LQ heat distribution,transmission,10000,0.99,20,transmission1291,transmission564
transmission564_to_transmission1291_electricity,#3186cc,LV electricity distribution,transmission,10000,0.99,20,transmission1291,transmission564
transmission1291_to_transmission862_heat,#823740,LQ heat distribution,transmission,10000,0.99,20,transmission862,transmission1291
transmission1291_to_transmission862_electricity,#3186cc,LV electricity distribution,transmission,10000,0.99,20,transmission862,transmission1291
transmission862_to_transmission1296_heat,#823740,LQ heat distribution,transmission,10000,0.99,20,transmission1296,transmission862
transmission862_to_transmission1296_electricity,#3186cc,LV electricity distribution,transmission,10000,0.99,20,transmission1296,transmission862
transmission1296_to_transmission3142_heat,#823740,LQ heat distribution,transmission,10000,0.99,20,transmission3142,transmission1296
transmission1296_to_transmission3142_electricity,#3186cc,LV electricity distribution,transmission,10000,0.99,20,transmission3142,transmission1296
transmission3142_to_transmission3305_heat,#823740,LQ heat distribution,transmission,10000,0.99,20,transmission3305,transmission3142
transmission3142_to_transmission3305_electricity,#3186cc,LV electricity distribution,transmission,10000,0.99,20,transmission3305,transmission3142
transmission3305_to_transmission1558_heat,#823740,LQ heat distribution,transmission,10000,0.99,20,transmission1558,transmission3305
transmission3305_to_transmission1558_electricity,#3186cc,LV electricity distribution,transmission,10000,0.99,20,transmission1558,transmission3305
transmission1558_to_transmission3130_heat,#823740,LQ heat distribution,transmission,10000,0.99,20,transmission3130,transmission1558
transmission1558_to_transmission3130_electricity,#3186cc,LV electricity distribution,transmission,10000,0.99,20,transmission3130,transmission1558
transmission3130_to_transmission1712_heat,#823740,LQ heat distribution,transmission,10000,0.99,20,transmission1712,transmission3130
transmission3130_to_transmission1712_electricity,#3186cc,LV electricity distribution,transmission,10000,0.99,20,transmission1712,transmission3130
transmission1712_to_transmission2108_heat,#823740,LQ heat distribution,transmission,10000,0.99,20,transmission2108,transmission1712
transmission1712_to_transmission2108_electricity,#3186cc,LV electricity distribution,transmission,10000,0.99,20,transmission2108,transmission1712
transmission2108_to_transmission2406_heat,#823740,LQ heat distribution,transmission,10000,0.99,20,transmission2406,transmission2108
transmission2108_to_transmission2406_electricity,#3186cc,LV electricity distribution,transmission,10000,0.99,20,transmission2406,transmission2108
transmission2406_to_transmission1572_heat,#823740,LQ heat distribution,transmission,10000,0.99,20,transmission1572,transmission2406
transmission2406_to_transmission1572_electricity,#3186cc,LV electricity distribution,transmission,10000,0.99,20,transmission1572,transmission2406
transmission1572_to_transmission1880_heat,#823740,LQ heat distribution,transmission,10000,0.99,20,transmission1880,transmission1572
transmission1572_to_transmission1880_electricity,#3186cc,LV electricity distribution,transmission,10000,0.99,20,transmission1880,transmission1572
transmission1880_to_transmission2248_heat,#823740,LQ heat distribution,transmission,10000,0.99,20,transmission2248,transmission1880
transmission1880_to_transmission2248_electricity,#3186cc,LV electricity distribution,transmission,10000,0.99,20,transmission2248,transmission1880
transmission2248_to_transmission1616_heat,#823740,LQ heat distribution,transmission,10000,0.99,20,transmission1616,transmission2248
transmission2248_to_transmission1616_electricity,#3186cc,LV electricity distribution,transmission,10000,0.99,20,transmission1616,transmission2248
transmission1616_to_transmission917_heat,#823740,LQ heat distribution,transmission,10000,0.99,20,transmission917,transmission1616
transmission1616_to_transmission917_electricity,#3186cc,LV electricity distribution,transmission,10000,0.99,20,transmission917,transmission1616
transmission917_to_transmission1984_heat,#823740,LQ heat distribution,transmission,10000,0.99,20,transmission1984,transmission917
transmission917_to_transmission1984_electricity,#3186cc,LV electricity distribution,transmission,10000,0.99,20,transmission1984,transmission917
transmission1984_to_transmission1306_heat,#823740,LQ heat distribution,transmission,10000,0.99,20,transmission1306,transmission1984
transmission1984_to_transmission1306_electricity,#3186cc,LV electricity distribution,transmission,10000,0.99,20,transmission1306,transmission1984
transmission1306_to_transmission1585_heat,#823740,LQ heat distribution,transmission,10000,0.99,20,transmission1585,transmission1306
transmission1306_to_transmission1585_electricity,#3186cc,LV electricity distribution,transmission,10000,0.99,20,transmission1585,transmission1306
transmission1585_to_transmission2588_heat,#823740,LQ heat distribution,transmission,10000,0.99,20,transmission2588,transmission1585
transmission1585_to_transmission2588_electricity,#3186cc,LV electricity distribution,transmission,10000,0.99,20,transmission2588,transmission1585
transmission2588_to_transmission3139_heat,#823740,LQ heat distribution,transmission,10000,0.99,20,transmission3139,transmission2588
transmission2588_to_transmission3139_electricity,#3186cc,LV electricity distribution,transmission,10000,0.99,20,transmission3139,transmission2588
transmission2575_to_transmission1468_heat,#823740,LQ heat distribution,transmission,10000,0.99,20,transmission1468,transmission2575
transmission2575_to_transmission1468_electricity,#3186cc,LV electricity distribution,transmission,10000,0.99,20,transmission1468,transmission2575
transmission1468_to_transmission983_heat,#823740,LQ heat distribution,transmission,10000,0.99,20,transmission983,transmission1468
transmission1468_to_transmission983_electricity,#3186cc,LV electricity distribution,transmission,10000,0.99,20,transmission983,transmission1468
transmission983_to_transmission1813_heat,#823740,LQ heat distribution,transmission,10000,0.99,20,transmission1813,transmission983
transmission983_to_transmission1813_electricity,#3186cc,LV electricity distribution,transmission,10000,0.99,20,transmission1813,transmission983
transmission1813_to_transmission1287_heat,#823740,LQ heat distribution,transmission,10000,0.99,20,transmission1287,transmission1813
transmission1813_to_transmission1287_electricity,#3186cc,LV electricity distribution,transmission,10000,0.99,20,transmission1287,transmission1813
transmission1287_to_transmission2008_heat,#823740,LQ heat distribution,transmission,10000,0.99,20,transmission2008,transmission1287
transmission1287_to_transmission2008_electricity,#3186cc,LV electricity distribution,transmission,10000,0.99,20,transmission2008,transmission1287
transmission2008_to_transmission2258_heat,#823740,LQ heat distribution,transmission,10000,0.99,20,transmission2258,transmission2008
transmission2008_to_transmission2258_electricity,#3186cc,LV electricity distribution,transmission,10000,0.99,20,transmission2258,transmission2008
transmission2258_to_transmission2337_heat,#823740,LQ heat distribution,transmission,10000,0.99,20,transmission2337,transmission2258
transmission2258_to_transmission2337_electricity,#3186cc,LV electricity distribution,transmission,10000,0.99,20,transmission2337,transmission2258
transmission2337_to_transmission679_heat,#823740,LQ heat distribution,transmission,10000,0.99,20,transmission679,transmission2337
transmission2337_to_transmission679_electricity,#3186cc,LV electricity distribution,transmission,10000,0.99,20,transmission679,transmission2337
transmission679_to_transmission965_heat,#823740,LQ heat distribution,transmission,10000,0.99,20,transmission965,transmission679
transmission679_to_transmission965_electricity,#3186cc,LV electricity distribution,transmission,10000,0.99,20,transmission965,transmission679
transmission965_to_transmission1702_heat,#823740,LQ heat distribution,transmission,10000,0.99,20,transmission1702,transmission965
transmission965_to_transmission1702_electricity,#3186cc,LV electricity distribution,transmission,10000,0.99,20,transmission1702,transmission965
transmission1702_to_transmission904_heat,#823740,LQ heat distribution,transmission,10000,0.99,20,transmission904,transmission1702
transmission1702_to_transmission904_electricity,#3186cc,LV electricity distribution,transmission,10000,0.99,20,transmission904,transmission1702
transmission904_to_transmission791_heat,#823740,LQ heat distribution,transmission,10000,0.99,20,transmission791,transmission904
transmission904_to_transmission791_electricity,#3186cc,LV electricity distribution,transmission,10000,0.99,20,transmission791,transmission904
transmission791_to_transmission1707_heat,#823740,LQ heat distribution,transmission,10000,0.99,20,transmission1707,transmission791
transmission791_to_transmission1707_electricity,#3186cc,LV electricity distribution,transmission,10000,0.99,20,transmission1707,transmission791
transmission1707_to_transmission576_heat,#823740,LQ heat distribution,transmission,10000,0.99,20,transmission576,transmission1707
transmission1707_to_transmission576_electricity,#3186cc,LV electricity distribution,transmission,10000,0.99,20,transmission576,transmission1707
transmission576_to_transmission2755_heat,#823740,LQ heat distribution,transmission,10000,0.99,20,transmission2755,transmission576
transmission576_to_transmission2755_electricity,#3186cc,LV electricity distribution,transmission,10000,0.99,20,transmission2755,transmission576
transmission2755_to_transmission1800_heat,#823740,LQ heat distribution,transmission,10000,0.99,20,transmission1800,transmission2755
transmission2755_to_transmission1800_electricity,#3186cc,LV electricity distribution,transmission,10000,0.99,20,transmission1800,transmission2755
transmission1800_to_transmission587_heat,#823740,LQ heat distribution,transmission,10000,0.99,20,transmission587,transmission1800
transmission1800_to_transmission587_electricity,#3186cc,LV electricity distribution,transmission,10000,0.99,20,transmission587,transmission1800
transmission878_to_transmission1469_heat,#823740,LQ heat distribution,transmission,10000,0.99,20,transmission1469,transmission878
transmission878_to_transmission1469_electricity,#3186cc,LV electricity distribution,transmission,10000,0.99,20,transmission1469,transmission878
transmission1469_to_transmission1825_heat,#823740,LQ heat distribution,transmission,10000,0.99,20,transmission1825,transmission1469
transmission1469_to_transmission1825_electricity,#3186cc,LV electricity distribution,transmission,10000,0.99,20,transmission1825,transmission1469
transmission1825_to_transmission2521_heat,#823740,LQ heat distribution,transmission,10000,0.99,20,transmission2521,transmission1825
transmission1825_to_transmission2521_electricity,#3186cc,LV electricity distribution,transmission,10000,0.99,20,transmission2521,transmission1825
transmission2521_to_transmission1850_heat,#823740,LQ heat distribution,transmission,10000,0.99,20,transmission1850,transmission2521
transmission2521_to_transmission1850_electricity,#3186cc,LV electricity distribution,transmission,10000,0.99,20,transmission1850,transmission2521
transmission1850_to_transmission2938_heat,#823740,LQ heat distribution,transmission,10000,0.99,20,transmission2938,transmission1850
transmission1850_to_transmission2938_electricity,#3186cc,LV electricity distribution,transmission,10000,0.99,20,transmission2938,transmission1850
transmission2938_to_transmission1756_heat,#823740,LQ heat distribution,transmission,10000,0.99,20,transmission1756,transmission2938
transmission2938_to_transmission1756_electricity,#3186cc,LV electricity distribution,transmission,10000,0.99,20,transmission1756,transmission2938
transmission1756_to_transmission701_heat,#823740,LQ heat distribution,transmission,10000,0.99,20,transmission701,transmission1756
transmission1756_to_transmission701_electricity,#3186cc,LV electricity distribution,transmission,10000,0.99,20,transmission701,transmission1756
transmission701_to_transmission2608_heat,#823740,LQ heat distribution,transmission,10000,0.99,20,transmission2608,transmission701
transmission701_to_transmission2608_electricity,#3186cc,LV electricity distribution,transmission,10000,0.99,20,transmission2608,transmission701
transmission2608_to_transmission2966_heat,#823740,LQ heat distribution,transmission,10000,0.99,20,transmission2966,transmission2608
transmission2608_to_transmission2966_electricity,#3186cc,LV electricity distribution,transmission,10000,0.99,20,transmission2966,transmission2608
transmission2219_to_transmission3188_heat,#823740,LQ heat distribution,transmission,10000,0.99,20,transmission3188,transmission2219
transmission2219_to_transmission3188_electricity,#3186cc,LV electricity distribution,transmission,10000,0.99,20,transmission3188,transmission2219
transmission3188_to_transmission1949_heat,#823740,LQ heat distribution,transmission,10000,0.99,20,transmission1949,transmission3188
transmission3188_to_transmission1949_electricity,#3186cc,LV electricity distribution,transmission,10000,0.99,20,transmission1949,transmission3188
transmission1949_to_transmission1489_heat,#823740,LQ heat distribution,transmission,10000,0.99,20,transmission1489,transmission1949
transmission1949_to_transmission1489_electricity,#3186cc,LV electricity distribution,transmission,10000,0.99,20,transmission1489,transmission1949
transmission1489_to_transmission2295_heat,#823740,LQ heat distribution,transmission,10000,0.99,20,transmission2295,transmission1489
transmission1489_to_transmission2295_electricity,#3186cc,LV electricity distribution,transmission,10000,0.99,20,transmission2295,transmission1489
transmission2295_to_transmission1850_heat,#823740,LQ heat distribution,transmission,10000,0.99,20,transmission1850,transmission2295
transmission2295_to_transmission1850_electricity,#3186cc,LV electricity distribution,transmission,10000,0.99,20,transmission1850,transmission2295
transmission2687_to_transmission1740_heat,#823740,LQ heat distribution,transmission,10000,0.99,20,transmission1740,transmission2687
transmission2687_to_transmission1740_electricity,#3186cc,LV electricity distribution,transmission,10000,0.99,20,transmission1740,transmission2687
transmission1740_to_transmission1493_heat,#823740,LQ heat distribution,transmission,10000,0.99,20,transmission1493,transmission1740
transmission1740_to_transmission1493_electricity,#3186cc,LV electricity distribution,transmission,10000,0.99,20,transmission1493,transmission1740
transmission1493_to_transmission1032_heat,#823740,LQ heat distribution,transmission,10000,0.99,20,transmission1032,transmission1493
transmission1493_to_transmission1032_electricity,#3186cc,LV electricity distribution,transmission,10000,0.99,20,transmission1032,transmission1493
transmission1032_to_transmission2220_heat,#823740,LQ heat distribution,transmission,10000,0.99,20,transmission2220,transmission1032
transmission1032_to_transmission2220_electricity,#3186cc,LV electricity distribution,transmission,10000,0.99,20,transmission2220,transmission1032
transmission2220_to_transmission2921_heat,#823740,LQ heat distribution,transmission,10000,0.99,20,transmission2921,transmission2220
transmission2220_to_transmission2921_electricity,#3186cc,LV electricity distribution,transmission,10000,0.99,20,transmission2921,transmission2220
transmission2921_to_transmission2154_heat,#823740,LQ heat distribution,transmission,10000,0.99,20,transmission2154,transmission2921
transmission2921_to_transmission2154_electricity,#3186cc,LV electricity distribution,transmission,10000,0.99,20,transmission2154,transmission2921
transmission2154_to_transmission2257_heat,#823740,LQ heat distribution,transmission,10000,0.99,20,transmission2257,transmission2154
transmission2154_to_transmission2257_electricity,#3186cc,LV electricity distribution,transmission,10000,0.99,20,transmission2257,transmission2154
transmission2257_to_transmission1211_heat,#823740,LQ heat distribution,transmission,10000,0.99,20,transmission1211,transmission2257
transmission2257_to_transmission1211_electricity,#3186cc,LV electricity distribution,transmission,10000,0.99,20,transmission1211,transmission2257
transmission1211_to_transmission2604_heat,#823740,LQ heat distribution,transmission,10000,0.99,20,transmission2604,transmission1211
transmission1211_to_transmission2604_electricity,#3186cc,LV electricity distribution,transmission,10000,0.99,20,transmission2604,transmission1211
transmission2604_to_transmission1976_heat,#823740,LQ heat distribution,transmission,10000,0.99,20,transmission1976,transmission2604
transmission2604_to_transmission1976_electricity,#3186cc,LV electricity distribution,transmission,10000,0.99,20,transmission1976,transmission2604
transmission1976_to_transmission2425_heat,#823740,LQ heat distribution,transmission,10000,0.99,20,transmission2425,transmission1976
transmission1976_to_transmission2425_electricity,#3186cc,LV electricity distribution,transmission,10000,0.99,20,transmission2425,transmission1976
transmission2425_to_transmission2365_heat,#823740,LQ heat distribution,transmission,10000,0.99,20,transmission2365,transmission2425
transmission2425_to_transmission2365_electricity,#3186cc,LV electricity distribution,transmission,10000,0.99,20,transmission2365,transmission2425
transmission2365_to_transmission1844_heat,#823740,LQ heat distribution,transmission,10000,0.99,20,transmission1844,transmission2365
transmission2365_to_transmission1844_electricity,#3186cc,LV electricity distribution,transmission,10000,0.99,20,transmission1844,transmission2365
transmission1844_to_transmission2857_heat,#823740,LQ heat distribution,transmission,10000,0.99,20,transmission2857,transmission1844
transmission1844_to_transmission2857_electricity,#3186cc,LV electricity distribution,transmission,10000,0.99,20,transmission2857,transmission1844
transmission2857_to_transmission889_heat,#823740,LQ heat distribution,transmission,10000,0.99,20,transmission889,transmission2857
transmission2857_to_transmission889_electricity,#3186cc,LV electricity distribution,transmission,10000,0.99,20,transmission889,transmission2857
transmission889_to_transmission1936_heat,#823740,LQ heat distribution,transmission,10000,0.99,20,transmission1936,transmission889
transmission889_to_transmission1936_electricity,#3186cc,LV electricity distribution,transmission,10000,0.99,20,transmission1936,transmission889
transmission1936_to_transmission1198_heat,#823740,LQ heat distribution,transmission,10000,0.99,20,transmission1198,transmission1936
transmission1936_to_transmission1198_electricity,#3186cc,LV electricity distribution,transmission,10000,0.99,20,transmission1198,transmission1936
transmission2604_to_transmission3201_heat,#823740,LQ heat distribution,transmission,10000,0.99,20,transmission3201,transmission2604
transmission2604_to_transmission3201_electricity,#3186cc,LV electricity distribution,transmission,10000,0.99,20,transmission3201,transmission2604
transmission3201_to_transmission1325_heat,#823740,LQ heat distribution,transmission,10000,0.99,20,transmission1325,transmission3201
transmission3201_to_transmission1325_electricity,#3186cc,LV electricity distribution,transmission,10000,0.99,20,transmission1325,transmission3201
transmission1325_to_transmission1781_heat,#823740,LQ heat distribution,transmission,10000,0.99,20,transmission1781,transmission1325
transmission1325_to_transmission1781_electricity,#3186cc,LV electricity distribution,transmission,10000,0.99,20,transmission1781,transmission1325
transmission1781_to_transmission2788_heat,#823740,LQ heat distribution,transmission,10000,0.99,20,transmission2788,transmission1781
transmission1781_to_transmission2788_electricity,#3186cc,LV electricity distribution,transmission,10000,0.99,20,transmission2788,transmission1781
transmission2788_to_transmission2495_heat,#823740,LQ heat distribution,transmission,10000,0.99,20,transmission2495,transmission2788
transmission2788_to_transmission2495_electricity,#3186cc,LV electricity distribution,transmission,10000,0.99,20,transmission2495,transmission2788
transmission2495_to_transmission744_heat,#823740,LQ heat distribution,transmission,10000,0.99,20,transmission744,transmission2495
transmission2495_to_transmission744_electricity,#3186cc,LV electricity distribution,transmission,10000,0.99,20,transmission744,transmission2495
transmission744_to_transmission1552_heat,#823740,LQ heat distribution,transmission,10000,0.99,20,transmission1552,transmission744
transmission744_to_transmission1552_electricity,#3186cc,LV electricity distribution,transmission,10000,0.99,20,transmission1552,transmission744
transmission1552_to_transmission2635_heat,#823740,LQ heat distribution,transmission,10000,0.99,20,transmission2635,transmission1552
transmission1552_to_transmission2635_electricity,#3186cc,LV electricity distribution,transmission,10000,0.99,20,transmission2635,transmission1552
transmission2635_to_transmission2901_heat,#823740,LQ heat distribution,transmission,10000,0.99,20,transmission2901,transmission2635
transmission2635_to_transmission2901_electricity,#3186cc,LV electricity distribution,transmission,10000,0.99,20,transmission2901,transmission2635
transmission2901_to_transmission2136_heat,#823740,LQ heat distribution,transmission,10000,0.99,20,transmission2136,transmission2901
transmission2901_to_transmission2136_electricity,#3186cc,LV electricity distribution,transmission,10000,0.99,20,transmission2136,transmission2901
transmission2136_to_transmission3245_heat,#823740,LQ heat distribution,transmission,10000,0.99,20,transmission3245,transmission2136
transmission2136_to_transmission3245_electricity,#3186cc,LV electricity distribution,transmission,10000,0.99,20,transmission3245,transmission2136
transmission1781_to_transmission1703_heat,#823740,LQ heat distribution,transmission,10000,0.99,20,transmission1703,transmission1781
transmission1781_to_transmission1703_electricity,#3186cc,LV electricity distribution,transmission,10000,0.99,20,transmission1703,transmission1781
transmission1703_to_transmission2851_heat,#823740,LQ heat distribution,transmission,10000,0.99,20,transmission2851,transmission1703
transmission1703_to_transmission2851_electricity,#3186cc,LV electricity distribution,transmission,10000,0.99,20,transmission2851,transmission1703
transmission2851_to_transmission2017_heat,#823740,LQ heat distribution,transmission,10000,0.99,20,transmission2017,transmission2851
transmission2851_to_transmission2017_electricity,#3186cc,LV electricity distribution,transmission,10000,0.99,20,transmission2017,transmission2851
transmission2017_to_transmission2225_heat,#823740,LQ heat distribution,transmission,10000,0.99,20,transmission2225,transmission2017
transmission2017_to_transmission2225_electricity,#3186cc,LV electricity distribution,transmission,10000,0.99,20,transmission2225,transmission2017
transmission2225_to_transmission2555_heat,#823740,LQ heat distribution,transmission,10000,0.99,20,transmission2555,transmission2225
transmission2225_to_transmission2555_electricity,#3186cc,LV electricity distribution,transmission,10000,0.99,20,transmission2555,transmission2225
transmission2555_to_transmission2996_heat,#823740,LQ heat distribution,transmission,10000,0.99,20,transmission2996,transmission2555
transmission2555_to_transmission2996_electricity,#3186cc,LV electricity distribution,transmission,10000,0.99,20,transmission2996,transmission2555
transmission2996_to_transmission2707_heat,#823740,LQ heat distribution,transmission,10000,0.99,20,transmission2707,transmission2996
transmission2996_to_transmission2707_electricity,#3186cc,LV electricity distribution,transmission,10000,0.99,20,transmission2707,transmission2996
transmission2707_to_transmission2476_heat,#823740,LQ heat distribution,transmission,10000,0.99,20,transmission2476,transmission2707
transmission2707_to_transmission2476_electricity,#3186cc,LV electricity distribution,transmission,10000,0.99,20,transmission2476,transmission2707
transmission2476_to_transmission2760_heat,#823740,LQ heat distribution,transmission,10000,0.99,20,transmission2760,transmission2476
transmission2476_to_transmission2760_electricity,#3186cc,LV electricity distribution,transmission,10000,0.99,20,transmission2760,transmission2476
transmission2760_to_transmission1122_heat,#823740,LQ heat distribution,transmission,10000,0.99,20,transmission1122,transmission2760
transmission2760_to_transmission1122_electricity,#3186cc,LV electricity distribution,transmission,10000,0.99,20,transmission1122,transmission2760
transmission1122_to_transmission2467_heat,#823740,LQ heat distribution,transmission,10000,0.99,20,transmission2467,transmission1122
transmission1122_to_transmission2467_electricity,#3186cc,LV electricity distribution,transmission,10000,0.99,20,transmission2467,transmission1122
transmission2467_to_transmission768_heat,#823740,LQ heat distribution,transmission,10000,0.99,20,transmission768,transmission2467
transmission2467_to_transmission768_electricity,#3186cc,LV electricity distribution,transmission,10000,0.99,20,transmission768,transmission2467
transmission768_to_transmission1437_heat,#823740,LQ heat distribution,transmission,10000,0.99,20,transmission1437,transmission768
transmission768_to_transmission1437_electricity,#3186cc,LV electricity distribution,transmission,10000,0.99,20,transmission1437,transmission768
transmission1437_to_transmission1241_heat,#823740,LQ heat distribution,transmission,10000,0.99,20,transmission1241,transmission1437
transmission1437_to_transmission1241_electricity,#3186cc,LV electricity distribution,transmission,10000,0.99,20,transmission1241,transmission1437
transmission1241_to_transmission1877_heat,#823740,LQ heat distribution,transmission,10000,0.99,20,transmission1877,transmission1241
transmission1241_to_transmission1877_electricity,#3186cc,LV electricity distribution,transmission,10000,0.99,20,transmission1877,transmission1241
transmission1877_to_transmission1498_heat,#823740,LQ heat distribution,transmission,10000,0.99,20,transmission1498,transmission1877
transmission1877_to_transmission1498_electricity,#3186cc,LV electricity distribution,transmission,10000,0.99,20,transmission1498,transmission1877
transmission1498_to_transmission2984_heat,#823740,LQ heat distribution,transmission,10000,0.99,20,transmission2984,transmission1498
transmission1498_to_transmission2984_electricity,#3186cc,LV electricity distribution,transmission,10000,0.99,20,transmission2984,transmission1498
transmission2984_to_transmission1370_heat,#823740,LQ heat distribution,transmission,10000,0.99,20,transmission1370,transmission2984
transmission2984_to_transmission1370_electricity,#3186cc,LV electricity distribution,transmission,10000,0.99,20,transmission1370,transmission2984
transmission1370_to_transmission3245_heat,#823740,LQ heat distribution,transmission,10000,0.99,20,transmission3245,transmission1370
transmission1370_to_transmission3245_electricity,#3186cc,LV electricity distribution,transmission,10000,0.99,20,transmission3245,transmission1370
transmission878_to_transmission2576_heat,#823740,LQ heat distribution,transmission,10000,0.99,20,transmission2576,transmission878
transmission878_to_transmission2576_electricity,#3186cc,LV electricity distribution,transmission,10000,0.99,20,transmission2576,transmission878
transmission2576_to_transmission1510_heat,#823740,LQ heat distribution,transmission,10000,0.99,20,transmission1510,transmission2576
transmission2576_to_transmission1510_electricity,#3186cc,LV electricity distribution,transmission,10000,0.99,20,transmission1510,transmission2576
transmission1510_to_transmission2428_heat,#823740,LQ heat distribution,transmission,10000,0.99,20,transmission2428,transmission1510
transmission1510_to_transmission2428_electricity,#3186cc,LV electricity distribution,transmission,10000,0.99,20,transmission2428,transmission1510
transmission2428_to_transmission2509_heat,#823740,LQ heat distribution,transmission,10000,0.99,20,transmission2509,transmission2428
transmission2428_to_transmission2509_electricity,#3186cc,LV electricity distribution,transmission,10000,0.99,20,transmission2509,transmission2428
transmission2509_to_transmission2882_heat,#823740,LQ heat distribution,transmission,10000,0.99,20,transmission2882,transmission2509
transmission2509_to_transmission2882_electricity,#3186cc,LV electricity distribution,transmission,10000,0.99,20,transmission2882,transmission2509
transmission2882_to_transmission2959_heat,#823740,LQ heat distribution,transmission,10000,0.99,20,transmission2959,transmission2882
transmission2882_to_transmission2959_electricity,#3186cc,LV electricity distribution,transmission,10000,0.99,20,transmission2959,transmission2882
transmission2959_to_transmission1107_heat,#823740,LQ heat distribution,transmission,10000,0.99,20,transmission1107,transmission2959
transmission2959_to_transmission1107_electricity,#3186cc,LV electricity distribution,transmission,10000,0.99,20,transmission1107,transmission2959
transmission1107_to_transmission1827_heat,#823740,LQ heat distribution,transmission,10000,0.99,20,transmission1827,transmission1107
transmission1107_to_transmission1827_electricity,#3186cc,LV electricity distribution,transmission,10000,0.99,20,transmission1827,transmission1107
transmission1827_to_transmission2175_heat,#823740,LQ heat distribution,transmission,10000,0.99,20,transmission2175,transmission1827
transmission1827_to_transmission2175_electricity,#3186cc,LV electricity distribution,transmission,10000,0.99,20,transmission2175,transmission1827
transmission2175_to_transmission643_heat,#823740,LQ heat distribution,transmission,10000,0.99,20,transmission643,transmission2175
transmission2175_to_transmission643_electricity,#3186cc,LV electricity distribution,transmission,10000,0.99,20,transmission643,transmission2175
transmission643_to_transmission1312_heat,#823740,LQ heat distribution,transmission,10000,0.99,20,transmission1312,transmission643
transmission643_to_transmission1312_electricity,#3186cc,LV electricity distribution,transmission,10000,0.99,20,transmission1312,transmission643
transmission1312_to_transmission1697_heat,#823740,LQ heat distribution,transmission,10000,0.99,20,transmission1697,transmission1312
transmission1312_to_transmission1697_electricity,#3186cc,LV electricity distribution,transmission,10000,0.99,20,transmission1697,transmission1312
transmission1697_to_transmission3051_heat,#823740,LQ heat distribution,transmission,10000,0.99,20,transmission3051,transmission1697
transmission1697_to_transmission3051_electricity,#3186cc,LV electricity distribution,transmission,10000,0.99,20,transmission3051,transmission1697
transmission3051_to_transmission1483_heat,#823740,LQ heat distribution,transmission,10000,0.99,20,transmission1483,transmission3051
transmission3051_to_transmission1483_electricity,#3186cc,LV electricity distribution,transmission,10000,0.99,20,transmission1483,transmission3051
transmission1483_to_transmission1524_heat,#823740,LQ heat distribution,transmission,10000,0.99,20,transmission1524,transmission1483
transmission1483_to_transmission1524_electricity,#3186cc,LV electricity distribution,transmission,10000,0.99,20,transmission1524,transmission1483
transmission1524_to_transmission1177_heat,#823740,LQ heat distribution,transmission,10000,0.99,20,transmission1177,transmission1524
transmission1524_to_transmission1177_electricity,#3186cc,LV electricity distribution,transmission,10000,0.99,20,transmission1177,transmission1524
transmission1177_to_transmission1573_heat,#823740,LQ heat distribution,transmission,10000,0.99,20,transmission1573,transmission1177
transmission1177_to_transmission1573_electricity,#3186cc,LV electricity distribution,transmission,10000,0.99,20,transmission1573,transmission1177
transmission1573_to_transmission2539_heat,#823740,LQ heat distribution,transmission,10000,0.99,20,transmission2539,transmission1573
transmission1573_to_transmission2539_electricity,#3186cc,LV electricity distribution,transmission,10000,0.99,20,transmission2539,transmission1573
transmission2539_to_transmission3279_heat,#823740,LQ heat distribution,transmission,10000,0.99,20,transmission3279,transmission2539
transmission2539_to_transmission3279_electricity,#3186cc,LV electricity distribution,transmission,10000,0.99,20,transmission3279,transmission2539
transmission3279_to_transmission1377_heat,#823740,LQ heat distribution,transmission,10000,0.99,20,transmission1377,transmission3279
transmission3279_to_transmission1377_electricity,#3186cc,LV electricity distribution,transmission,10000,0.99,20,transmission1377,transmission3279
transmission1377_to_transmission1758_heat,#823740,LQ heat distribution,transmission,10000,0.99,20,transmission1758,transmission1377
transmission1377_to_transmission1758_electricity,#3186cc,LV electricity distribution,transmission,10000,0.99,20,transmission1758,transmission1377
transmission1758_to_transmission2789_heat,#823740,LQ heat distribution,transmission,10000,0.99,20,transmission2789,transmission1758
transmission1758_to_transmission2789_electricity,#3186cc,LV electricity distribution,transmission,10000,0.99,20,transmission2789,transmission1758
transmission2789_to_transmission863_heat,#823740,LQ heat distribution,transmission,10000,0.99,20,transmission863,transmission2789
transmission2789_to_transmission863_electricity,#3186cc,LV electricity distribution,transmission,10000,0.99,20,transmission863,transmission2789
transmission863_to_transmission2590_heat,#823740,LQ heat distribution,transmission,10000,0.99,20,transmission2590,transmission863
transmission863_to_transmission2590_electricity,#3186cc,LV electricity distribution,transmission,10000,0.99,20,transmission2590,transmission863
transmission2590_to_transmission2658_heat,#823740,LQ heat distribution,transmission,10000,0.99,20,transmission2658,transmission2590
transmission2590_to_transmission2658_electricity,#3186cc,LV electricity distribution,transmission,10000,0.99,20,transmission2658,transmission2590
transmission2658_to_transmission1664_heat,#823740,LQ heat distribution,transmission,10000,0.99,20,transmission1664,transmission2658
transmission2658_to_transmission1664_electricity,#3186cc,LV electricity distribution,transmission,10000,0.99,20,transmission1664,transmission2658
transmission1664_to_transmission2594_heat,#823740,LQ heat distribution,transmission,10000,0.99,20,transmission2594,transmission1664
transmission1664_to_transmission2594_electricity,#3186cc,LV electricity distribution,transmission,10000,0.99,20,transmission2594,transmission1664
transmission2594_to_transmission1025_heat,#823740,LQ heat distribution,transmission,10000,0.99,20,transmission1025,transmission2594
transmission2594_to_transmission1025_electricity,#3186cc,LV electricity distribution,transmission,10000,0.99,20,transmission1025,transmission2594
transmission1025_to_transmission977_heat,#823740,LQ heat distribution,transmission,10000,0.99,20,transmission977,transmission1025
transmission1025_to_transmission977_electricity,#3186cc,LV electricity distribution,transmission,10000,0.99,20,transmission977,transmission1025
transmission977_to_transmission2053_heat,#823740,LQ heat distribution,transmission,10000,0.99,20,transmission2053,transmission977
transmission977_to_transmission2053_electricity,#3186cc,LV electricity distribution,transmission,10000,0.99,20,transmission2053,transmission977
transmission2053_to_transmission2973_heat,#823740,LQ heat distribution,transmission,10000,0.99,20,transmission2973,transmission2053
transmission2053_to_transmission2973_electricity,#3186cc,LV electricity distribution,transmission,10000,0.99,20,transmission2973,transmission2053
transmission2973_to_transmission2919_heat,#823740,LQ heat distribution,transmission,10000,0.99,20,transmission2919,transmission2973
transmission2973_to_transmission2919_electricity,#3186cc,LV electricity distribution,transmission,10000,0.99,20,transmission2919,transmission2973
transmission2919_to_transmission1384_heat,#823740,LQ heat distribution,transmission,10000,0.99,20,transmission1384,transmission2919
transmission2919_to_transmission1384_electricity,#3186cc,LV electricity distribution,transmission,10000,0.99,20,transmission1384,transmission2919
transmission1384_to_transmission620_heat,#823740,LQ heat distribution,transmission,10000,0.99,20,transmission620,transmission1384
transmission1384_to_transmission620_electricity,#3186cc,LV electricity distribution,transmission,10000,0.99,20,transmission620,transmission1384
transmission620_to_transmission1313_heat,#823740,LQ heat distribution,transmission,10000,0.99,20,transmission1313,transmission620
transmission620_to_transmission1313_electricity,#3186cc,LV electricity distribution,transmission,10000,0.99,20,transmission1313,transmission620
transmission1313_to_transmission1462_heat,#823740,LQ heat distribution,transmission,10000,0.99,20,transmission1462,transmission1313
transmission1313_to_transmission1462_electricity,#3186cc,LV electricity distribution,transmission,10000,0.99,20,transmission1462,transmission1313
transmission1462_to_transmission1604_heat,#823740,LQ heat distribution,transmission,10000,0.99,20,transmission1604,transmission1462
transmission1462_to_transmission1604_electricity,#3186cc,LV electricity distribution,transmission,10000,0.99,20,transmission1604,transmission1462
transmission1604_to_transmission2709_heat,#823740,LQ heat distribution,transmission,10000,0.99,20,transmission2709,transmission1604
transmission1604_to_transmission2709_electricity,#3186cc,LV electricity distribution,transmission,10000,0.99,20,transmission2709,transmission1604
transmission2709_to_transmission2207_heat,#823740,LQ heat distribution,transmission,10000,0.99,20,transmission2207,transmission2709
transmission2709_to_transmission2207_electricity,#3186cc,LV electricity distribution,transmission,10000,0.99,20,transmission2207,transmission2709
transmission2207_to_transmission3280_heat,#823740,LQ heat distribution,transmission,10000,0.99,20,transmission3280,transmission2207
transmission2207_to_transmission3280_electricity,#3186cc,LV electricity distribution,transmission,10000,0.99,20,transmission3280,transmission2207
transmission3280_to_transmission2069_heat,#823740,LQ heat distribution,transmission,10000,0.99,20,transmission2069,transmission3280
transmission3280_to_transmission2069_electricity,#3186cc,LV electricity distribution,transmission,10000,0.99,20,transmission2069,transmission3280
transmission2069_to_transmission1635_heat,#823740,LQ heat distribution,transmission,10000,0.99,20,transmission1635,transmission2069
transmission2069_to_transmission1635_electricity,#3186cc,LV electricity distribution,transmission,10000,0.99,20,transmission1635,transmission2069
transmission1635_to_transmission1341_heat,#823740,LQ heat distribution,transmission,10000,0.99,20,transmission1341,transmission1635
transmission1635_to_transmission1341_electricity,#3186cc,LV electricity distribution,transmission,10000,0.99,20,transmission1341,transmission1635
transmission1341_to_transmission812_heat,#823740,LQ heat distribution,transmission,10000,0.99,20,transmission812,transmission1341
transmission1341_to_transmission812_electricity,#3186cc,LV electricity distribution,transmission,10000,0.99,20,transmission812,transmission1341
transmission812_to_transmission1300_heat,#823740,LQ heat distribution,transmission,10000,0.99,20,transmission1300,transmission812
transmission812_to_transmission1300_electricity,#3186cc,LV electricity distribution,transmission,10000,0.99,20,transmission1300,transmission812
transmission1300_to_transmission1955_heat,#823740,LQ heat distribution,transmission,10000,0.99,20,transmission1955,transmission1300
transmission1300_to_transmission1955_electricity,#3186cc,LV electricity distribution,transmission,10000,0.99,20,transmission1955,transmission1300
transmission1955_to_transmission925_heat,#823740,LQ heat distribution,transmission,10000,0.99,20,transmission925,transmission1955
transmission1955_to_transmission925_electricity,#3186cc,LV electricity distribution,transmission,10000,0.99,20,transmission925,transmission1955
transmission925_to_transmission2224_heat,#823740,LQ heat distribution,transmission,10000,0.99,20,transmission2224,transmission925
transmission925_to_transmission2224_electricity,#3186cc,LV electricity distribution,transmission,10000,0.99,20,transmission2224,transmission925
transmission2224_to_transmission2803_heat,#823740,LQ heat distribution,transmission,10000,0.99,20,transmission2803,transmission2224
transmission2224_to_transmission2803_electricity,#3186cc,LV electricity distribution,transmission,10000,0.99,20,transmission2803,transmission2224
transmission2803_to_transmission780_heat,#823740,LQ heat distribution,transmission,10000,0.99,20,transmission780,transmission2803
transmission2803_to_transmission780_electricity,#3186cc,LV electricity distribution,transmission,10000,0.99,20,transmission780,transmission2803
transmission780_to_transmission1974_heat,#823740,LQ heat distribution,transmission,10000,0.99,20,transmission1974,transmission780
transmission780_to_transmission1974_electricity,#3186cc,LV electricity distribution,transmission,10000,0.99,20,transmission1974,transmission780
transmission1974_to_transmission1729_heat,#823740,LQ heat distribution,transmission,10000,0.99,20,transmission1729,transmission1974
transmission1974_to_transmission1729_electricity,#3186cc,LV electricity distribution,transmission,10000,0.99,20,transmission1729,transmission1974
transmission1729_to_transmission2028_heat,#823740,LQ heat distribution,transmission,10000,0.99,20,transmission2028,transmission1729
transmission1729_to_transmission2028_electricity,#3186cc,LV electricity distribution,transmission,10000,0.99,20,transmission2028,transmission1729
transmission2028_to_transmission3037_heat,#823740,LQ heat distribution,transmission,10000,0.99,20,transmission3037,transmission2028
transmission2028_to_transmission3037_electricity,#3186cc,LV electricity distribution,transmission,10000,0.99,20,transmission3037,transmission2028
transmission3037_to_transmission1793_heat,#823740,LQ heat distribution,transmission,10000,0.99,20,transmission1793,transmission3037
transmission3037_to_transmission1793_electricity,#3186cc,LV electricity distribution,transmission,10000,0.99,20,transmission1793,transmission3037
transmission1793_to_transmission1474_heat,#823740,LQ heat distribution,transmission,10000,0.99,20,transmission1474,transmission1793
transmission1793_to_transmission1474_electricity,#3186cc,LV electricity distribution,transmission,10000,0.99,20,transmission1474,transmission1793
transmission1474_to_transmission1856_heat,#823740,LQ heat distribution,transmission,10000,0.99,20,transmission1856,transmission1474
transmission1474_to_transmission1856_electricity,#3186cc,LV electricity distribution,transmission,10000,0.99,20,transmission1856,transmission1474
transmission1856_to_transmission2235_heat,#823740,LQ heat distribution,transmission,10000,0.99,20,transmission2235,transmission1856
transmission1856_to_transmission2235_electricity,#3186cc,LV electricity distribution,transmission,10000,0.99,20,transmission2235,transmission1856
transmission2235_to_transmission953_heat,#823740,LQ heat distribution,transmission,10000,0.99,20,transmission953,transmission2235
transmission2235_to_transmission953_electricity,#3186cc,LV electricity distribution,transmission,10000,0.99,20,transmission953,transmission2235
transmission953_to_transmission1925_heat,#823740,LQ heat distribution,transmission,10000,0.99,20,transmission1925,transmission953
transmission953_to_transmission1925_electricity,#3186cc,LV electricity distribution,transmission,10000,0.99,20,transmission1925,transmission953
transmission1925_to_transmission1362_heat,#823740,LQ heat distribution,transmission,10000,0.99,20,transmission1362,transmission1925
transmission1925_to_transmission1362_electricity,#3186cc,LV electricity distribution,transmission,10000,0.99,20,transmission1362,transmission1925
transmission1362_to_transmission2981_heat,#823740,LQ heat distribution,transmission,10000,0.99,20,transmission2981,transmission1362
transmission1362_to_transmission2981_electricity,#3186cc,LV electricity distribution,transmission,10000,0.99,20,transmission2981,transmission1362
transmission2981_to_transmission2442_heat,#823740,LQ heat distribution,transmission,10000,0.99,20,transmission2442,transmission2981
transmission2981_to_transmission2442_electricity,#3186cc,LV electricity distribution,transmission,10000,0.99,20,transmission2442,transmission2981
transmission2442_to_transmission1160_heat,#823740,LQ heat distribution,transmission,10000,0.99,20,transmission1160,transmission2442
transmission2442_to_transmission1160_electricity,#3186cc,LV electricity distribution,transmission,10000,0.99,20,transmission1160,transmission2442
transmission1160_to_transmission2120_heat,#823740,LQ heat distribution,transmission,10000,0.99,20,transmission2120,transmission1160
transmission1160_to_transmission2120_electricity,#3186cc,LV electricity distribution,transmission,10000,0.99,20,transmission2120,transmission1160
transmission2120_to_transmission1861_heat,#823740,LQ heat distribution,transmission,10000,0.99,20,transmission1861,transmission2120
transmission2120_to_transmission1861_electricity,#3186cc,LV electricity distribution,transmission,10000,0.99,20,transmission1861,transmission2120
transmission1861_to_transmission1246_heat,#823740,LQ heat distribution,transmission,10000,0.99,20,transmission1246,transmission1861
transmission1861_to_transmission1246_electricity,#3186cc,LV electricity distribution,transmission,10000,0.99,20,transmission1246,transmission1861
transmission1246_to_transmission1536_heat,#823740,LQ heat distribution,transmission,10000,0.99,20,transmission1536,transmission1246
transmission1246_to_transmission1536_electricity,#3186cc,LV electricity distribution,transmission,10000,0.99,20,transmission1536,transmission1246
transmission1536_to_transmission2329_heat,#823740,LQ heat distribution,transmission,10000,0.99,20,transmission2329,transmission1536
transmission1536_to_transmission2329_electricity,#3186cc,LV electricity distribution,transmission,10000,0.99,20,transmission2329,transmission1536
transmission2329_to_transmission2598_heat,#823740,LQ heat distribution,transmission,10000,0.99,20,transmission2598,transmission2329
transmission2329_to_transmission2598_electricity,#3186cc,LV electricity distribution,transmission,10000,0.99,20,transmission2598,transmission2329
transmission2598_to_transmission2992_heat,#823740,LQ heat distribution,transmission,10000,0.99,20,transmission2992,transmission2598
transmission2598_to_transmission2992_electricity,#3186cc,LV electricity distribution,transmission,10000,0.99,20,transmission2992,transmission2598
transmission2992_to_transmission763_heat,#823740,LQ heat distribution,transmission,10000,0.99,20,transmission763,transmission2992
transmission2992_to_transmission763_electricity,#3186cc,LV electricity distribution,transmission,10000,0.99,20,transmission763,transmission2992
transmission763_to_transmission1742_heat,#823740,LQ heat distribution,transmission,10000,0.99,20,transmission1742,transmission763
transmission763_to_transmission1742_electricity,#3186cc,LV electricity distribution,transmission,10000,0.99,20,transmission1742,transmission763
transmission1742_to_transmission819_heat,#823740,LQ heat distribution,transmission,10000,0.99,20,transmission819,transmission1742
transmission1742_to_transmission819_electricity,#3186cc,LV electricity distribution,transmission,10000,0.99,20,transmission819,transmission1742
transmission819_to_transmission2284_heat,#823740,LQ heat distribution,transmission,10000,0.99,20,transmission2284,transmission819
transmission819_to_transmission2284_electricity,#3186cc,LV electricity distribution,transmission,10000,0.99,20,transmission2284,transmission819
transmission2284_to_transmission511_heat,#823740,LQ heat distribution,transmission,10000,0.99,20,transmission511,transmission2284
transmission2284_to_transmission511_electricity,#3186cc,LV electricity distribution,transmission,10000,0.99,20,transmission511,transmission2284
transmission511_to_transmission1037_heat,#823740,LQ heat distribution,transmission,10000,0.99,20,transmission1037,transmission511
transmission511_to_transmission1037_electricity,#3186cc,LV electricity distribution,transmission,10000,0.99,20,transmission1037,transmission511
transmission1037_to_transmission2142_heat,#823740,LQ heat distribution,transmission,10000,0.99,20,transmission2142,transmission1037
transmission1037_to_transmission2142_electricity,#3186cc,LV electricity distribution,transmission,10000,0.99,20,transmission2142,transmission1037
transmission2142_to_transmission2924_heat,#823740,LQ heat distribution,transmission,10000,0.99,20,transmission2924,transmission2142
transmission2142_to_transmission2924_electricity,#3186cc,LV electricity distribution,transmission,10000,0.99,20,transmission2924,transmission2142
transmission2924_to_transmission1124_heat,#823740,LQ heat distribution,transmission,10000,0.99,20,transmission1124,transmission2924
transmission2924_to_transmission1124_electricity,#3186cc,LV electricity distribution,transmission,10000,0.99,20,transmission1124,transmission2924
transmission1124_to_transmission1200_heat,#823740,LQ heat distribution,transmission,10000,0.99,20,transmission1200,transmission1124
transmission1124_to_transmission1200_electricity,#3186cc,LV electricity distribution,transmission,10000,0.99,20,transmission1200,transmission1124
transmission1200_to_transmission2012_heat,#823740,LQ heat distribution,transmission,10000,0.99,20,transmission2012,transmission1200
transmission1200_to_transmission2012_electricity,#3186cc,LV electricity distribution,transmission,10000,0.99,20,transmission2012,transmission1200
transmission2012_to_transmission840_heat,#823740,LQ heat distribution,transmission,10000,0.99,20,transmission840,transmission2012
transmission2012_to_transmission840_electricity,#3186cc,LV electricity distribution,transmission,10000,0.99,20,transmission840,transmission2012
transmission840_to_transmission1002_heat,#823740,LQ heat distribution,transmission,10000,0.99,20,transmission1002,transmission840
transmission840_to_transmission1002_electricity,#3186cc,LV electricity distribution,transmission,10000,0.99,20,transmission1002,transmission840
transmission1002_to_transmission539_heat,#823740,LQ heat distribution,transmission,10000,0.99,20,transmission539,transmission1002
transmission1002_to_transmission539_electricity,#3186cc,LV electricity distribution,transmission,10000,0.99,20,transmission539,transmission1002
transmission539_to_transmission673_heat,#823740,LQ heat distribution,transmission,10000,0.99,20,transmission673,transmission539
transmission539_to_transmission673_electricity,#3186cc,LV electricity distribution,transmission,10000,0.99,20,transmission673,transmission539
transmission673_to_transmission2464_heat,#823740,LQ heat distribution,transmission,10000,0.99,20,transmission2464,transmission673
transmission673_to_transmission2464_electricity,#3186cc,LV electricity distribution,transmission,10000,0.99,20,transmission2464,transmission673
transmission2464_to_transmission2061_heat,#823740,LQ heat distribution,transmission,10000,0.99,20,transmission2061,transmission2464
transmission2464_to_transmission2061_electricity,#3186cc,LV electricity distribution,transmission,10000,0.99,20,transmission2061,transmission2464
transmission2061_to_transmission1328_heat,#823740,LQ heat distribution,transmission,10000,0.99,20,transmission1328,transmission2061
transmission2061_to_transmission1328_electricity,#3186cc,LV electricity distribution,transmission,10000,0.99,20,transmission1328,transmission2061
transmission1328_to_transmission2361_heat,#823740,LQ heat distribution,transmission,10000,0.99,20,transmission2361,transmission1328
transmission1328_to_transmission2361_electricity,#3186cc,LV electricity distribution,transmission,10000,0.99,20,transmission2361,transmission1328
transmission2361_to_transmission1229_heat,#823740,LQ heat distribution,transmission,10000,0.99,20,transmission1229,transmission2361
transmission2361_to_transmission1229_electricity,#3186cc,LV electricity distribution,transmission,10000,0.99,20,transmission1229,transmission2361
transmission1229_to_transmission3398_heat,#823740,LQ heat distribution,transmission,10000,0.99,20,transmission3398,transmission1229
transmission1229_to_transmission3398_electricity,#3186cc,LV electricity distribution,transmission,10000,0.99,20,transmission3398,transmission1229
transmission3398_to_transmission1607_heat,#823740,LQ heat distribution,transmission,10000,0.99,20,transmission1607,transmission3398
transmission3398_to_transmission1607_electricity,#3186cc,LV electricity distribution,transmission,10000,0.99,20,transmission1607,transmission3398
transmission1607_to_transmission847_heat,#823740,LQ heat distribution,transmission,10000,0.99,20,transmission847,transmission1607
transmission1607_to_transmission847_electricity,#3186cc,LV electricity distribution,transmission,10000,0.99,20,transmission847,transmission1607
transmission847_to_transmission1738_heat,#823740,LQ heat distribution,transmission,10000,0.99,20,transmission1738,transmission847
transmission847_to_transmission1738_electricity,#3186cc,LV electricity distribution,transmission,10000,0.99,20,transmission1738,transmission847
transmission1738_to_transmission2883_heat,#823740,LQ heat distribution,transmission,10000,0.99,20,transmission2883,transmission1738
transmission1738_to_transmission2883_electricity,#3186cc,LV electricity distribution,transmission,10000,0.99,20,transmission2883,transmission1738
transmission2883_to_transmission1099_heat,#823740,LQ heat distribution,transmission,10000,0.99,20,transmission1099,transmission2883
transmission2883_to_transmission1099_electricity,#3186cc,LV electricity distribution,transmission,10000,0.99,20,transmission1099,transmission2883
transmission3172_to_transmission2229_heat,#823740,LQ heat distribution,transmission,10000,0.99,20,transmission2229,transmission3172
transmission3172_to_transmission2229_electricity,#3186cc,LV electricity distribution,transmission,10000,0.99,20,transmission2229,transmission3172
transmission2229_to_transmission2642_heat,#823740,LQ heat distribution,transmission,10000,0.99,20,transmission2642,transmission2229
transmission2229_to_transmission2642_electricity,#3186cc,LV electricity distribution,transmission,10000,0.99,20,transmission2642,transmission2229
transmission2642_to_transmission1015_heat,#823740,LQ heat distribution,transmission,10000,0.99,20,transmission1015,transmission2642
transmission2642_to_transmission1015_electricity,#3186cc,LV electricity distribution,transmission,10000,0.99,20,transmission1015,transmission2642
transmission1015_to_transmission697_heat,#823740,LQ heat distribution,transmission,10000,0.99,20,transmission697,transmission1015
transmission1015_to_transmission697_electricity,#3186cc,LV electricity distribution,transmission,10000,0.99,20,transmission697,transmission1015
transmission697_to_transmission2969_heat,#823740,LQ heat distribution,transmission,10000,0.99,20,transmission2969,transmission697
transmission697_to_transmission2969_electricity,#3186cc,LV electricity distribution,transmission,10000,0.99,20,transmission2969,transmission697
transmission2969_to_transmission3308_heat,#823740,LQ heat distribution,transmission,10000,0.99,20,transmission3308,transmission2969
transmission2969_to_transmission3308_electricity,#3186cc,LV electricity distribution,transmission,10000,0.99,20,transmission3308,transmission2969
transmission3308_to_transmission2320_heat,#823740,LQ heat distribution,transmission,10000,0.99,20,transmission2320,transmission3308
transmission3308_to_transmission2320_electricity,#3186cc,LV electricity distribution,transmission,10000,0.99,20,transmission2320,transmission3308
transmission2320_to_transmission1737_heat,#823740,LQ heat distribution,transmission,10000,0.99,20,transmission1737,transmission2320
transmission2320_to_transmission1737_electricity,#3186cc,LV electricity distribution,transmission,10000,0.99,20,transmission1737,transmission2320
transmission1737_to_transmission3388_heat,#823740,LQ heat distribution,transmission,10000,0.99,20,transmission3388,transmission1737
transmission1737_to_transmission3388_electricity,#3186cc,LV electricity distribution,transmission,10000,0.99,20,transmission3388,transmission1737
transmission3388_to_transmission1258_heat,#823740,LQ heat distribution,transmission,10000,0.99,20,transmission1258,transmission3388
transmission3388_to_transmission1258_electricity,#3186cc,LV electricity distribution,transmission,10000,0.99,20,transmission1258,transmission3388
transmission1258_to_transmission2219_heat,#823740,LQ heat distribution,transmission,10000,0.99,20,transmission2219,transmission1258
transmission1258_to_transmission2219_electricity,#3186cc,LV electricity distribution,transmission,10000,0.99,20,transmission2219,transmission1258
transmission2219_to_transmission3228_heat,#823740,LQ heat distribution,transmission,10000,0.99,20,transmission3228,transmission2219
transmission2219_to_transmission3228_electricity,#3186cc,LV electricity distribution,transmission,10000,0.99,20,transmission3228,transmission2219
transmission3228_to_transmission1687_heat,#823740,LQ heat distribution,transmission,10000,0.99,20,transmission1687,transmission3228
transmission3228_to_transmission1687_electricity,#3186cc,LV electricity distribution,transmission,10000,0.99,20,transmission1687,transmission3228
transmission1687_to_transmission1680_heat,#823740,LQ heat distribution,transmission,10000,0.99,20,transmission1680,transmission1687
transmission1687_to_transmission1680_electricity,#3186cc,LV electricity distribution,transmission,10000,0.99,20,transmission1680,transmission1687
transmission1680_to_transmission878_heat,#823740,LQ heat distribution,transmission,10000,0.99,20,transmission878,transmission1680
transmission1680_to_transmission878_electricity,#3186cc,LV electricity distribution,transmission,10000,0.99,20,transmission878,transmission1680
transmission3172_to_transmission2087_heat,#823740,LQ heat distribution,transmission,10000,0.99,20,transmission2087,transmission3172
transmission3172_to_transmission2087_electricity,#3186cc,LV electricity distribution,transmission,10000,0.99,20,transmission2087,transmission3172
transmission2087_to_transmission923_heat,#823740,LQ heat distribution,transmission,10000,0.99,20,transmission923,transmission2087
transmission2087_to_transmission923_electricity,#3186cc,LV electricity distribution,transmission,10000,0.99,20,transmission923,transmission2087
transmission923_to_transmission1501_heat,#823740,LQ heat distribution,transmission,10000,0.99,20,transmission1501,transmission923
transmission923_to_transmission1501_electricity,#3186cc,LV electricity distribution,transmission,10000,0.99,20,transmission1501,transmission923
transmission1501_to_transmission2022_heat,#823740,LQ heat distribution,transmission,10000,0.99,20,transmission2022,transmission1501
transmission1501_to_transmission2022_electricity,#3186cc,LV electricity distribution,transmission,10000,0.99,20,transmission2022,transmission1501
transmission2022_to_transmission2493_heat,#823740,LQ heat distribution,transmission,10000,0.99,20,transmission2493,transmission2022
transmission2022_to_transmission2493_electricity,#3186cc,LV electricity distribution,transmission,10000,0.99,20,transmission2493,transmission2022
transmission2493_to_transmission1650_heat,#823740,LQ heat distribution,transmission,10000,0.99,20,transmission1650,transmission2493
transmission2493_to_transmission1650_electricity,#3186cc,LV electricity distribution,transmission,10000,0.99,20,transmission1650,transmission2493
transmission1650_to_transmission2091_heat,#823740,LQ heat distribution,transmission,10000,0.99,20,transmission2091,transmission1650
transmission1650_to_transmission2091_electricity,#3186cc,LV electricity distribution,transmission,10000,0.99,20,transmission2091,transmission1650
transmission2091_to_transmission2574_heat,#823740,LQ heat distribution,transmission,10000,0.99,20,transmission2574,transmission2091
transmission2091_to_transmission2574_electricity,#3186cc,LV electricity distribution,transmission,10000,0.99,20,transmission2574,transmission2091
transmission2574_to_transmission2426_heat,#823740,LQ heat distribution,transmission,10000,0.99,20,transmission2426,transmission2574
transmission2574_to_transmission2426_electricity,#3186cc,LV electricity distribution,transmission,10000,0.99,20,transmission2426,transmission2574
transmission2426_to_transmission1350_heat,#823740,LQ heat distribution,transmission,10000,0.99,20,transmission1350,transmission2426
transmission2426_to_transmission1350_electricity,#3186cc,LV electricity distribution,transmission,10000,0.99,20,transmission1350,transmission2426
transmission1350_to_transmission1853_heat,#823740,LQ heat distribution,transmission,10000,0.99,20,transmission1853,transmission1350
transmission1350_to_transmission1853_electricity,#3186cc,LV electricity distribution,transmission,10000,0.99,20,transmission1853,transmission1350
transmission1853_to_transmission1949_heat,#823740,LQ heat distribution,transmission,10000,0.99,20,transmission1949,transmission1853
transmission1853_to_transmission1949_electricity,#3186cc,LV electricity distribution,transmission,10000,0.99,20,transmission1949,transmission1853
transmission1949_to_transmission1743_heat,#823740,LQ heat distribution,transmission,10000,0.99,20,transmission1743,transmission1949
transmission1949_to_transmission1743_electricity,#3186cc,LV electricity distribution,transmission,10000,0.99,20,transmission1743,transmission1949
transmission1743_to_transmission1825_heat,#823740,LQ heat distribution,transmission,10000,0.99,20,transmission1825,transmission1743
transmission1743_to_transmission1825_electricity,#3186cc,LV electricity distribution,transmission,10000,0.99,20,transmission1825,transmission1743
transmission2982_to_transmission624_heat,#823740,LQ heat distribution,transmission,10000,0.99,20,transmission624,transmission2982
transmission2982_to_transmission624_electricity,#3186cc,LV electricity distribution,transmission,10000,0.99,20,transmission624,transmission2982
transmission624_to_transmission543_heat,#823740,LQ heat distribution,transmission,10000,0.99,20,transmission543,transmission624
transmission624_to_transmission543_electricity,#3186cc,LV electricity distribution,transmission,10000,0.99,20,transmission543,transmission624
transmission543_to_transmission2112_heat,#823740,LQ heat distribution,transmission,10000,0.99,20,transmission2112,transmission543
transmission543_to_transmission2112_electricity,#3186cc,LV electricity distribution,transmission,10000,0.99,20,transmission2112,transmission543
transmission2112_to_transmission2879_heat,#823740,LQ heat distribution,transmission,10000,0.99,20,transmission2879,transmission2112
transmission2112_to_transmission2879_electricity,#3186cc,LV electricity distribution,transmission,10000,0.99,20,transmission2879,transmission2112
transmission2879_to_transmission2732_heat,#823740,LQ heat distribution,transmission,10000,0.99,20,transmission2732,transmission2879
transmission2879_to_transmission2732_electricity,#3186cc,LV electricity distribution,transmission,10000,0.99,20,transmission2732,transmission2879
transmission2732_to_transmission592_heat,#823740,LQ heat distribution,transmission,10000,0.99,20,transmission592,transmission2732
transmission2732_to_transmission592_electricity,#3186cc,LV electricity distribution,transmission,10000,0.99,20,transmission592,transmission2732
transmission592_to_transmission1722_heat,#823740,LQ heat distribution,transmission,10000,0.99,20,transmission1722,transmission592
transmission592_to_transmission1722_electricity,#3186cc,LV electricity distribution,transmission,10000,0.99,20,transmission1722,transmission592
transmission1722_to_transmission2233_heat,#823740,LQ heat distribution,transmission,10000,0.99,20,transmission2233,transmission1722
transmission1722_to_transmission2233_electricity,#3186cc,LV electricity distribution,transmission,10000,0.99,20,transmission2233,transmission1722
transmission2233_to_transmission1752_heat,#823740,LQ heat distribution,transmission,10000,0.99,20,transmission1752,transmission2233
transmission2233_to_transmission1752_electricity,#3186cc,LV electricity distribution,transmission,10000,0.99,20,transmission1752,transmission2233
transmission1752_to_transmission1586_heat,#823740,LQ heat distribution,transmission,10000,0.99,20,transmission1586,transmission1752
transmission1752_to_transmission1586_electricity,#3186cc,LV electricity distribution,transmission,10000,0.99,20,transmission1586,transmission1752
transmission1586_to_transmission606_heat,#823740,LQ heat distribution,transmission,10000,0.99,20,transmission606,transmission1586
transmission1586_to_transmission606_electricity,#3186cc,LV electricity distribution,transmission,10000,0.99,20,transmission606,transmission1586
transmission606_to_transmission2394_heat,#823740,LQ heat distribution,transmission,10000,0.99,20,transmission2394,transmission606
transmission606_to_transmission2394_electricity,#3186cc,LV electricity distribution,transmission,10000,0.99,20,transmission2394,transmission606
transmission2394_to_transmission1764_heat,#823740,LQ heat distribution,transmission,10000,0.99,20,transmission1764,transmission2394
transmission2394_to_transmission1764_electricity,#3186cc,LV electricity distribution,transmission,10000,0.99,20,transmission1764,transmission2394
transmission1764_to_transmission2149_heat,#823740,LQ heat distribution,transmission,10000,0.99,20,transmission2149,transmission1764
transmission1764_to_transmission2149_electricity,#3186cc,LV electricity distribution,transmission,10000,0.99,20,transmission2149,transmission1764
transmission2149_to_transmission1962_heat,#823740,LQ heat distribution,transmission,10000,0.99,20,transmission1962,transmission2149
transmission2149_to_transmission1962_electricity,#3186cc,LV electricity distribution,transmission,10000,0.99,20,transmission1962,transmission2149
transmission1962_to_transmission1038_heat,#823740,LQ heat distribution,transmission,10000,0.99,20,transmission1038,transmission1962
transmission1962_to_transmission1038_electricity,#3186cc,LV electricity distribution,transmission,10000,0.99,20,transmission1038,transmission1962
transmission1038_to_transmission2823_heat,#823740,LQ heat distribution,transmission,10000,0.99,20,transmission2823,transmission1038
transmission1038_to_transmission2823_electricity,#3186cc,LV electricity distribution,transmission,10000,0.99,20,transmission2823,transmission1038
transmission2823_to_transmission825_heat,#823740,LQ heat distribution,transmission,10000,0.99,20,transmission825,transmission2823
transmission2823_to_transmission825_electricity,#3186cc,LV electricity distribution,transmission,10000,0.99,20,transmission825,transmission2823
transmission825_to_transmission556_heat,#823740,LQ heat distribution,transmission,10000,0.99,20,transmission556,transmission825
transmission825_to_transmission556_electricity,#3186cc,LV electricity distribution,transmission,10000,0.99,20,transmission556,transmission825
transmission556_to_transmission1713_heat,#823740,LQ heat distribution,transmission,10000,0.99,20,transmission1713,transmission556
transmission556_to_transmission1713_electricity,#3186cc,LV electricity distribution,transmission,10000,0.99,20,transmission1713,transmission556
transmission1713_to_transmission3411_heat,#823740,LQ heat distribution,transmission,10000,0.99,20,transmission3411,transmission1713
transmission1713_to_transmission3411_electricity,#3186cc,LV electricity distribution,transmission,10000,0.99,20,transmission3411,transmission1713
transmission3411_to_transmission2095_heat,#823740,LQ heat distribution,transmission,10000,0.99,20,transmission2095,transmission3411
transmission3411_to_transmission2095_electricity,#3186cc,LV electricity distribution,transmission,10000,0.99,20,transmission2095,transmission3411
transmission2095_to_transmission1260_heat,#823740,LQ heat distribution,transmission,10000,0.99,20,transmission1260,transmission2095
transmission2095_to_transmission1260_electricity,#3186cc,LV electricity distribution,transmission,10000,0.99,20,transmission1260,transmission2095
transmission1260_to_transmission3236_heat,#823740,LQ heat distribution,transmission,10000,0.99,20,transmission3236,transmission1260
transmission1260_to_transmission3236_electricity,#3186cc,LV electricity distribution,transmission,10000,0.99,20,transmission3236,transmission1260
transmission3236_to_transmission2122_heat,#823740,LQ heat distribution,transmission,10000,0.99,20,transmission2122,transmission3236
transmission3236_to_transmission2122_electricity,#3186cc,LV electricity distribution,transmission,10000,0.99,20,transmission2122,transmission3236
transmission2122_to_transmission1178_heat,#823740,LQ heat distribution,transmission,10000,0.99,20,transmission1178,transmission2122
transmission2122_to_transmission1178_electricity,#3186cc,LV electricity distribution,transmission,10000,0.99,20,transmission1178,transmission2122
transmission1178_to_transmission1546_heat,#823740,LQ heat distribution,transmission,10000,0.99,20,transmission1546,transmission1178
transmission1178_to_transmission1546_electricity,#3186cc,LV electricity distribution,transmission,10000,0.99,20,transmission1546,transmission1178
transmission1546_to_transmission2475_heat,#823740,LQ heat distribution,transmission,10000,0.99,20,transmission2475,transmission1546
transmission1546_to_transmission2475_electricity,#3186cc,LV electricity distribution,transmission,10000,0.99,20,transmission2475,transmission1546
transmission2475_to_transmission1570_heat,#823740,LQ heat distribution,transmission,10000,0.99,20,transmission1570,transmission2475
transmission2475_to_transmission1570_electricity,#3186cc,LV electricity distribution,transmission,10000,0.99,20,transmission1570,transmission2475
transmission1570_to_transmission2832_heat,#823740,LQ heat distribution,transmission,10000,0.99,20,transmission2832,transmission1570
transmission1570_to_transmission2832_electricity,#3186cc,LV electricity distribution,transmission,10000,0.99,20,transmission2832,transmission1570
transmission2832_to_transmission2358_heat,#823740,LQ heat distribution,transmission,10000,0.99,20,transmission2358,transmission2832
transmission2832_to_transmission2358_electricity,#3186cc,LV electricity distribution,transmission,10000,0.99,20,transmission2358,transmission2832
transmission2358_to_transmission688_heat,#823740,LQ heat distribution,transmission,10000,0.99,20,transmission688,transmission2358
transmission2358_to_transmission688_electricity,#3186cc,LV electricity distribution,transmission,10000,0.99,20,transmission688,transmission2358
transmission688_to_transmission2030_heat,#823740,LQ heat distribution,transmission,10000,0.99,20,transmission2030,transmission688
transmission688_to_transmission2030_electricity,#3186cc,LV electricity distribution,transmission,10000,0.99,20,transmission2030,transmission688
transmission2030_to_transmission3024_heat,#823740,LQ heat distribution,transmission,10000,0.99,20,transmission3024,transmission2030
transmission2030_to_transmission3024_electricity,#3186cc,LV electricity distribution,transmission,10000,0.99,20,transmission3024,transmission2030
transmission3024_to_transmission1170_heat,#823740,LQ heat distribution,transmission,10000,0.99,20,transmission1170,transmission3024
transmission3024_to_transmission1170_electricity,#3186cc,LV electricity distribution,transmission,10000,0.99,20,transmission1170,transmission3024
transmission1170_to_transmission2856_heat,#823740,LQ heat distribution,transmission,10000,0.99,20,transmission2856,transmission1170
transmission1170_to_transmission2856_electricity,#3186cc,LV electricity distribution,transmission,10000,0.99,20,transmission2856,transmission1170
transmission2856_to_transmission1159_heat,#823740,LQ heat distribution,transmission,10000,0.99,20,transmission1159,transmission2856
transmission2856_to_transmission1159_electricity,#3186cc,LV electricity distribution,transmission,10000,0.99,20,transmission1159,transmission2856
transmission1159_to_transmission1659_heat,#823740,LQ heat distribution,transmission,10000,0.99,20,transmission1659,transmission1159
transmission1159_to_transmission1659_electricity,#3186cc,LV electricity distribution,transmission,10000,0.99,20,transmission1659,transmission1159
transmission1659_to_transmission1284_heat,#823740,LQ heat distribution,transmission,10000,0.99,20,transmission1284,transmission1659
transmission1659_to_transmission1284_electricity,#3186cc,LV electricity distribution,transmission,10000,0.99,20,transmission1284,transmission1659
transmission1284_to_transmission1779_heat,#823740,LQ heat distribution,transmission,10000,0.99,20,transmission1779,transmission1284
transmission1284_to_transmission1779_electricity,#3186cc,LV electricity distribution,transmission,10000,0.99,20,transmission1779,transmission1284
transmission1779_to_transmission1963_heat,#823740,LQ heat distribution,transmission,10000,0.99,20,transmission1963,transmission1779
transmission1779_to_transmission1963_electricity,#3186cc,LV electricity distribution,transmission,10000,0.99,20,transmission1963,transmission1779
transmission1963_to_transmission1893_heat,#823740,LQ heat distribution,transmission,10000,0.99,20,transmission1893,transmission1963
transmission1963_to_transmission1893_electricity,#3186cc,LV electricity distribution,transmission,10000,0.99,20,transmission1893,transmission1963
transmission1893_to_transmission1741_heat,#823740,LQ heat distribution,transmission,10000,0.99,20,transmission1741,transmission1893
transmission1893_to_transmission1741_electricity,#3186cc,LV electricity distribution,transmission,10000,0.99,20,transmission1741,transmission1893
transmission1741_to_transmission1373_heat,#823740,LQ heat distribution,transmission,10000,0.99,20,transmission1373,transmission1741
transmission1741_to_transmission1373_electricity,#3186cc,LV electricity distribution,transmission,10000,0.99,20,transmission1373,transmission1741
transmission1373_to_transmission2247_heat,#823740,LQ heat distribution,transmission,10000,0.99,20,transmission2247,transmission1373
transmission1373_to_transmission2247_electricity,#3186cc,LV electricity distribution,transmission,10000,0.99,20,transmission2247,transmission1373
transmission2247_to_transmission1422_heat,#823740,LQ heat distribution,transmission,10000,0.99,20,transmission1422,transmission2247
transmission2247_to_transmission1422_electricity,#3186cc,LV electricity distribution,transmission,10000,0.99,20,transmission1422,transmission2247
transmission1422_to_transmission1090_heat,#823740,LQ heat distribution,transmission,10000,0.99,20,transmission1090,transmission1422
transmission1422_to_transmission1090_electricity,#3186cc,LV electricity distribution,transmission,10000,0.99,20,transmission1090,transmission1422
transmission1090_to_transmission1840_heat,#823740,LQ heat distribution,transmission,10000,0.99,20,transmission1840,transmission1090
transmission1090_to_transmission1840_electricity,#3186cc,LV electricity distribution,transmission,10000,0.99,20,transmission1840,transmission1090
transmission1840_to_transmission670_heat,#823740,LQ heat distribution,transmission,10000,0.99,20,transmission670,transmission1840
transmission1840_to_transmission670_electricity,#3186cc,LV electricity distribution,transmission,10000,0.99,20,transmission670,transmission1840
transmission2626_to_transmission879_heat,#823740,LQ heat distribution,transmission,10000,0.99,20,transmission879,transmission2626
transmission2626_to_transmission879_electricity,#3186cc,LV electricity distribution,transmission,10000,0.99,20,transmission879,transmission2626
transmission879_to_transmission3397_heat,#823740,LQ heat distribution,transmission,10000,0.99,20,transmission3397,transmission879
transmission879_to_transmission3397_electricity,#3186cc,LV electricity distribution,transmission,10000,0.99,20,transmission3397,transmission879
transmission3397_to_transmission2041_heat,#823740,LQ heat distribution,transmission,10000,0.99,20,transmission2041,transmission3397
transmission3397_to_transmission2041_electricity,#3186cc,LV electricity distribution,transmission,10000,0.99,20,transmission2041,transmission3397
transmission2041_to_transmission694_heat,#823740,LQ heat distribution,transmission,10000,0.99,20,transmission694,transmission2041
transmission2041_to_transmission694_electricity,#3186cc,LV electricity distribution,transmission,10000,0.99,20,transmission694,transmission2041
transmission694_to_transmission3259_heat,#823740,LQ heat distribution,transmission,10000,0.99,20,transmission3259,transmission694
transmission694_to_transmission3259_electricity,#3186cc,LV electricity distribution,transmission,10000,0.99,20,transmission3259,transmission694
transmission3259_to_transmission1277_heat,#823740,LQ heat distribution,transmission,10000,0.99,20,transmission1277,transmission3259
transmission3259_to_transmission1277_electricity,#3186cc,LV electricity distribution,transmission,10000,0.99,20,transmission1277,transmission3259
transmission1277_to_transmission1434_heat,#823740,LQ heat distribution,transmission,10000,0.99,20,transmission1434,transmission1277
transmission1277_to_transmission1434_electricity,#3186cc,LV electricity distribution,transmission,10000,0.99,20,transmission1434,transmission1277
transmission1434_to_transmission3007_heat,#823740,LQ heat distribution,transmission,10000,0.99,20,transmission3007,transmission1434
transmission1434_to_transmission3007_electricity,#3186cc,LV electricity distribution,transmission,10000,0.99,20,transmission3007,transmission1434
transmission3007_to_transmission2063_heat,#823740,LQ heat distribution,transmission,10000,0.99,20,transmission2063,transmission3007
transmission3007_to_transmission2063_electricity,#3186cc,LV electricity distribution,transmission,10000,0.99,20,transmission2063,transmission3007
transmission2063_to_transmission795_heat,#823740,LQ heat distribution,transmission,10000,0.99,20,transmission795,transmission2063
transmission2063_to_transmission795_electricity,#3186cc,LV electricity distribution,transmission,10000,0.99,20,transmission795,transmission2063
transmission795_to_transmission3085_heat,#823740,LQ heat distribution,transmission,10000,0.99,20,transmission3085,transmission795
transmission795_to_transmission3085_electricity,#3186cc,LV electricity distribution,transmission,10000,0.99,20,transmission3085,transmission795
transmission3085_to_transmission2132_heat,#823740,LQ heat distribution,transmission,10000,0.99,20,transmission2132,transmission3085
transmission3085_to_transmission2132_electricity,#3186cc,LV electricity distribution,transmission,10000,0.99,20,transmission2132,transmission3085
transmission2132_to_transmission1242_heat,#823740,LQ heat distribution,transmission,10000,0.99,20,transmission1242,transmission2132
transmission2132_to_transmission1242_electricity,#3186cc,LV electricity distribution,transmission,10000,0.99,20,transmission1242,transmission2132
transmission1242_to_transmission942_heat,#823740,LQ heat distribution,transmission,10000,0.99,20,transmission942,transmission1242
transmission1242_to_transmission942_electricity,#3186cc,LV electricity distribution,transmission,10000,0.99,20,transmission942,transmission1242
transmission942_to_transmission861_heat,#823740,LQ heat distribution,transmission,10000,0.99,20,transmission861,transmission942
transmission942_to_transmission861_electricity,#3186cc,LV electricity distribution,transmission,10000,0.99,20,transmission861,transmission942
transmission861_to_transmission2816_heat,#823740,LQ heat distribution,transmission,10000,0.99,20,transmission2816,transmission861
transmission861_to_transmission2816_electricity,#3186cc,LV electricity distribution,transmission,10000,0.99,20,transmission2816,transmission861
transmission2816_to_transmission2214_heat,#823740,LQ heat distribution,transmission,10000,0.99,20,transmission2214,transmission2816
transmission2816_to_transmission2214_electricity,#3186cc,LV electricity distribution,transmission,10000,0.99,20,transmission2214,transmission2816
transmission2214_to_transmission1935_heat,#823740,LQ heat distribution,transmission,10000,0.99,20,transmission1935,transmission2214
transmission2214_to_transmission1935_electricity,#3186cc,LV electricity distribution,transmission,10000,0.99,20,transmission1935,transmission2214
transmission1935_to_transmission3276_heat,#823740,LQ heat distribution,transmission,10000,0.99,20,transmission3276,transmission1935
transmission1935_to_transmission3276_electricity,#3186cc,LV electricity distribution,transmission,10000,0.99,20,transmission3276,transmission1935
transmission3276_to_transmission2964_heat,#823740,LQ heat distribution,transmission,10000,0.99,20,transmission2964,transmission3276
transmission3276_to_transmission2964_electricity,#3186cc,LV electricity distribution,transmission,10000,0.99,20,transmission2964,transmission3276
transmission2964_to_transmission2353_heat,#823740,LQ heat distribution,transmission,10000,0.99,20,transmission2353,transmission2964
transmission2964_to_transmission2353_electricity,#3186cc,LV electricity distribution,transmission,10000,0.99,20,transmission2353,transmission2964
transmission1099_to_transmission1261_heat,#823740,LQ heat distribution,transmission,10000,0.99,20,transmission1261,transmission1099
transmission1099_to_transmission1261_electricity,#3186cc,LV electricity distribution,transmission,10000,0.99,20,transmission1261,transmission1099
transmission1261_to_transmission816_heat,#823740,LQ heat distribution,transmission,10000,0.99,20,transmission816,transmission1261
transmission1261_to_transmission816_electricity,#3186cc,LV electricity distribution,transmission,10000,0.99,20,transmission816,transmission1261
transmission816_to_transmission2285_heat,#823740,LQ heat distribution,transmission,10000,0.99,20,transmission2285,transmission816
transmission816_to_transmission2285_electricity,#3186cc,LV electricity distribution,transmission,10000,0.99,20,transmission2285,transmission816
transmission2285_to_transmission2421_heat,#823740,LQ heat distribution,transmission,10000,0.99,20,transmission2421,transmission2285
transmission2285_to_transmission2421_electricity,#3186cc,LV electricity distribution,transmission,10000,0.99,20,transmission2421,transmission2285
transmission2421_to_transmission2121_heat,#823740,LQ heat distribution,transmission,10000,0.99,20,transmission2121,transmission2421
transmission2421_to_transmission2121_electricity,#3186cc,LV electricity distribution,transmission,10000,0.99,20,transmission2121,transmission2421
transmission2121_to_transmission2991_heat,#823740,LQ heat distribution,transmission,10000,0.99,20,transmission2991,transmission2121
transmission2121_to_transmission2991_electricity,#3186cc,LV electricity distribution,transmission,10000,0.99,20,transmission2991,transmission2121
transmission2991_to_transmission3036_heat,#823740,LQ heat distribution,transmission,10000,0.99,20,transmission3036,transmission2991
transmission2991_to_transmission3036_electricity,#3186cc,LV electricity distribution,transmission,10000,0.99,20,transmission3036,transmission2991
transmission3036_to_transmission2433_heat,#823740,LQ heat distribution,transmission,10000,0.99,20,transmission2433,transmission3036
transmission3036_to_transmission2433_electricity,#3186cc,LV electricity distribution,transmission,10000,0.99,20,transmission2433,transmission3036
transmission2433_to_transmission2941_heat,#823740,LQ heat distribution,transmission,10000,0.99,20,transmission2941,transmission2433
transmission2433_to_transmission2941_electricity,#3186cc,LV electricity distribution,transmission,10000,0.99,20,transmission2941,transmission2433
transmission2941_to_transmission3011_heat,#823740,LQ heat distribution,transmission,10000,0.99,20,transmission3011,transmission2941
transmission2941_to_transmission3011_electricity,#3186cc,LV electricity distribution,transmission,10000,0.99,20,transmission3011,transmission2941
transmission3011_to_transmission2957_heat,#823740,LQ heat distribution,transmission,10000,0.99,20,transmission2957,transmission3011
transmission3011_to_transmission2957_electricity,#3186cc,LV electricity distribution,transmission,10000,0.99,20,transmission2957,transmission3011
transmission2957_to_transmission2962_heat,#823740,LQ heat distribution,transmission,10000,0.99,20,transmission2962,transmission2957
transmission2957_to_transmission2962_electricity,#3186cc,LV electricity distribution,transmission,10000,0.99,20,transmission2962,transmission2957
transmission2962_to_transmission2019_heat,#823740,LQ heat distribution,transmission,10000,0.99,20,transmission2019,transmission2962
transmission2962_to_transmission2019_electricity,#3186cc,LV electricity distribution,transmission,10000,0.99,20,transmission2019,transmission2962
transmission2019_to_transmission2348_heat,#823740,LQ heat distribution,transmission,10000,0.99,20,transmission2348,transmission2019
transmission2019_to_transmission2348_electricity,#3186cc,LV electricity distribution,transmission,10000,0.99,20,transmission2348,transmission2019
transmission2348_to_transmission2297_heat,#823740,LQ heat distribution,transmission,10000,0.99,20,transmission2297,transmission2348
transmission2348_to_transmission2297_electricity,#3186cc,LV electricity distribution,transmission,10000,0.99,20,transmission2297,transmission2348
transmission2297_to_transmission2064_heat,#823740,LQ heat distribution,transmission,10000,0.99,20,transmission2064,transmission2297
transmission2297_to_transmission2064_electricity,#3186cc,LV electricity distribution,transmission,10000,0.99,20,transmission2064,transmission2297
transmission2064_to_transmission1772_heat,#823740,LQ heat distribution,transmission,10000,0.99,20,transmission1772,transmission2064
transmission2064_to_transmission1772_electricity,#3186cc,LV electricity distribution,transmission,10000,0.99,20,transmission1772,transmission2064
transmission1772_to_transmission1452_heat,#823740,LQ heat distribution,transmission,10000,0.99,20,transmission1452,transmission1772
transmission1772_to_transmission1452_electricity,#3186cc,LV electricity distribution,transmission,10000,0.99,20,transmission1452,transmission1772
transmission1452_to_transmission2862_heat,#823740,LQ heat distribution,transmission,10000,0.99,20,transmission2862,transmission1452
transmission1452_to_transmission2862_electricity,#3186cc,LV electricity distribution,transmission,10000,0.99,20,transmission2862,transmission1452
transmission2862_to_transmission1395_heat,#823740,LQ heat distribution,transmission,10000,0.99,20,transmission1395,transmission2862
transmission2862_to_transmission1395_electricity,#3186cc,LV electricity distribution,transmission,10000,0.99,20,transmission1395,transmission2862
transmission1395_to_transmission2583_heat,#823740,LQ heat distribution,transmission,10000,0.99,20,transmission2583,transmission1395
transmission1395_to_transmission2583_electricity,#3186cc,LV electricity distribution,transmission,10000,0.99,20,transmission2583,transmission1395
transmission2583_to_transmission3218_heat,#823740,LQ heat distribution,transmission,10000,0.99,20,transmission3218,transmission2583
transmission2583_to_transmission3218_electricity,#3186cc,LV electricity distribution,transmission,10000,0.99,20,transmission3218,transmission2583
transmission3218_to_transmission3234_heat,#823740,LQ heat distribution,transmission,10000,0.99,20,transmission3234,transmission3218
transmission3218_to_transmission3234_electricity,#3186cc,LV electricity distribution,transmission,10000,0.99,20,transmission3234,transmission3218
transmission3234_to_transmission1775_heat,#823740,LQ heat distribution,transmission,10000,0.99,20,transmission1775,transmission3234
transmission3234_to_transmission1775_electricity,#3186cc,LV electricity distribution,transmission,10000,0.99,20,transmission1775,transmission3234
transmission1775_to_transmission1375_heat,#823740,LQ heat distribution,transmission,10000,0.99,20,transmission1375,transmission1775
transmission1775_to_transmission1375_electricity,#3186cc,LV electricity distribution,transmission,10000,0.99,20,transmission1375,transmission1775
transmission1375_to_transmission1921_heat,#823740,LQ heat distribution,transmission,10000,0.99,20,transmission1921,transmission1375
transmission1375_to_transmission1921_electricity,#3186cc,LV electricity distribution,transmission,10000,0.99,20,transmission1921,transmission1375
transmission1921_to_transmission2245_heat,#823740,LQ heat distribution,transmission,10000,0.99,20,transmission2245,transmission1921
transmission1921_to_transmission2245_electricity,#3186cc,LV electricity distribution,transmission,10000,0.99,20,transmission2245,transmission1921
transmission2245_to_transmission1022_heat,#823740,LQ heat distribution,transmission,10000,0.99,20,transmission1022,transmission2245
transmission2245_to_transmission1022_electricity,#3186cc,LV electricity distribution,transmission,10000,0.99,20,transmission1022,transmission2245
transmission1022_to_transmission2864_heat,#823740,LQ heat distribution,transmission,10000,0.99,20,transmission2864,transmission1022
transmission1022_to_transmission2864_electricity,#3186cc,LV electricity distribution,transmission,10000,0.99,20,transmission2864,transmission1022
transmission2864_to_transmission2009_heat,#823740,LQ heat distribution,transmission,10000,0.99,20,transmission2009,transmission2864
transmission2864_to_transmission2009_electricity,#3186cc,LV electricity distribution,transmission,10000,0.99,20,transmission2009,transmission2864
transmission2009_to_transmission1632_heat,#823740,LQ heat distribution,transmission,10000,0.99,20,transmission1632,transmission2009
transmission2009_to_transmission1632_electricity,#3186cc,LV electricity distribution,transmission,10000,0.99,20,transmission1632,transmission2009
transmission1632_to_transmission3427_heat,#823740,LQ heat distribution,transmission,10000,0.99,20,transmission3427,transmission1632
transmission1632_to_transmission3427_electricity,#3186cc,LV electricity distribution,transmission,10000,0.99,20,transmission3427,transmission1632
transmission670_to_transmission1336_heat,#823740,LQ heat distribution,transmission,10000,0.99,20,transmission1336,transmission670
transmission670_to_transmission1336_electricity,#3186cc,LV electricity distribution,transmission,10000,0.99,20,transmission1336,transmission670
transmission1336_to_transmission2899_heat,#823740,LQ heat distribution,transmission,10000,0.99,20,transmission2899,transmission1336
transmission1336_to_transmission2899_electricity,#3186cc,LV electricity distribution,transmission,10000,0.99,20,transmission2899,transmission1336
transmission2899_to_transmission2626_heat,#823740,LQ heat distribution,transmission,10000,0.99,20,transmission2626,transmission2899
transmission2899_to_transmission2626_electricity,#3186cc,LV electricity distribution,transmission,10000,0.99,20,transmission2626,transmission2899
transmission2626_to_transmission2453_heat,#823740,LQ heat distribution,transmission,10000,0.99,20,transmission2453,transmission2626
transmission2626_to_transmission2453_electricity,#3186cc,LV electricity distribution,transmission,10000,0.99,20,transmission2453,transmission2626
transmission2453_to_transmission2275_heat,#823740,LQ heat distribution,transmission,10000,0.99,20,transmission2275,transmission2453
transmission2453_to_transmission2275_electricity,#3186cc,LV electricity distribution,transmission,10000,0.99,20,transmission2275,transmission2453
transmission2275_to_transmission1013_heat,#823740,LQ heat distribution,transmission,10000,0.99,20,transmission1013,transmission2275
transmission2275_to_transmission1013_electricity,#3186cc,LV electricity distribution,transmission,10000,0.99,20,transmission1013,transmission2275
transmission1013_to_transmission838_heat,#823740,LQ heat distribution,transmission,10000,0.99,20,transmission838,transmission1013
transmission1013_to_transmission838_electricity,#3186cc,LV electricity distribution,transmission,10000,0.99,20,transmission838,transmission1013
transmission838_to_transmission1363_heat,#823740,LQ heat distribution,transmission,10000,0.99,20,transmission1363,transmission838
transmission838_to_transmission1363_electricity,#3186cc,LV electricity distribution,transmission,10000,0.99,20,transmission1363,transmission838
transmission1363_to_transmission755_heat,#823740,LQ heat distribution,transmission,10000,0.99,20,transmission755,transmission1363
transmission1363_to_transmission755_electricity,#3186cc,LV electricity distribution,transmission,10000,0.99,20,transmission755,transmission1363
transmission755_to_transmission3044_heat,#823740,LQ heat distribution,transmission,10000,0.99,20,transmission3044,transmission755
transmission755_to_transmission3044_electricity,#3186cc,LV electricity distribution,transmission,10000,0.99,20,transmission3044,transmission755
transmission3044_to_transmission810_heat,#823740,LQ heat distribution,transmission,10000,0.99,20,transmission810,transmission3044
transmission3044_to_transmission810_electricity,#3186cc,LV electricity distribution,transmission,10000,0.99,20,transmission810,transmission3044
transmission810_to_transmission950_heat,#823740,LQ heat distribution,transmission,10000,0.99,20,transmission950,transmission810
transmission810_to_transmission950_electricity,#3186cc,LV electricity distribution,transmission,10000,0.99,20,transmission950,transmission810
transmission950_to_transmission660_heat,#823740,LQ heat distribution,transmission,10000,0.99,20,transmission660,transmission950
transmission950_to_transmission660_electricity,#3186cc,LV electricity distribution,transmission,10000,0.99,20,transmission660,transmission950
transmission660_to_transmission745_heat,#823740,LQ heat distribution,transmission,10000,0.99,20,transmission745,transmission660
transmission660_to_transmission745_electricity,#3186cc,LV electricity distribution,transmission,10000,0.99,20,transmission745,transmission660
transmission745_to_transmission3330_heat,#823740,LQ heat distribution,transmission,10000,0.99,20,transmission3330,transmission745
transmission745_to_transmission3330_electricity,#3186cc,LV electricity distribution,transmission,10000,0.99,20,transmission3330,transmission745
transmission3330_to_transmission2791_heat,#823740,LQ heat distribution,transmission,10000,0.99,20,transmission2791,transmission3330
transmission3330_to_transmission2791_electricity,#3186cc,LV electricity distribution,transmission,10000,0.99,20,transmission2791,transmission3330
transmission2791_to_transmission535_heat,#823740,LQ heat distribution,transmission,10000,0.99,20,transmission535,transmission2791
transmission2791_to_transmission535_electricity,#3186cc,LV electricity distribution,transmission,10000,0.99,20,transmission535,transmission2791
transmission535_to_transmission654_heat,#823740,LQ heat distribution,transmission,10000,0.99,20,transmission654,transmission535
transmission535_to_transmission654_electricity,#3186cc,LV electricity distribution,transmission,10000,0.99,20,transmission654,transmission535
transmission654_to_transmission737_heat,#823740,LQ heat distribution,transmission,10000,0.99,20,transmission737,transmission654
transmission654_to_transmission737_electricity,#3186cc,LV electricity distribution,transmission,10000,0.99,20,transmission737,transmission654
transmission737_to_transmission3370_heat,#823740,LQ heat distribution,transmission,10000,0.99,20,transmission3370,transmission737
transmission737_to_transmission3370_electricity,#3186cc,LV electricity distribution,transmission,10000,0.99,20,transmission3370,transmission737
transmission3370_to_transmission2782_heat,#823740,LQ heat distribution,transmission,10000,0.99,20,transmission2782,transmission3370
transmission3370_to_transmission2782_electricity,#3186cc,LV electricity distribution,transmission,10000,0.99,20,transmission2782,transmission3370
transmission2782_to_transmission525_heat,#823740,LQ heat distribution,transmission,10000,0.99,20,transmission525,transmission2782
transmission2782_to_transmission525_electricity,#3186cc,LV electricity distribution,transmission,10000,0.99,20,transmission525,transmission2782
transmission525_to_transmission680_heat,#823740,LQ heat distribution,transmission,10000,0.99,20,transmission680,transmission525
transmission525_to_transmission680_electricity,#3186cc,LV electricity distribution,transmission,10000,0.99,20,transmission680,transmission525
transmission680_to_transmission1998_heat,#823740,LQ heat distribution,transmission,10000,0.99,20,transmission1998,transmission680
transmission680_to_transmission1998_electricity,#3186cc,LV electricity distribution,transmission,10000,0.99,20,transmission1998,transmission680
transmission1998_to_transmission3400_heat,#823740,LQ heat distribution,transmission,10000,0.99,20,transmission3400,transmission1998
transmission1998_to_transmission3400_electricity,#3186cc,LV electricity distribution,transmission,10000,0.99,20,transmission3400,transmission1998
transmission3400_to_transmission3117_heat,#823740,LQ heat distribution,transmission,10000,0.99,20,transmission3117,transmission3400
transmission3400_to_transmission3117_electricity,#3186cc,LV electricity distribution,transmission,10000,0.99,20,transmission3117,transmission3400
transmission540_to_transmission2794_heat,#823740,LQ heat distribution,transmission,10000,0.99,20,transmission2794,transmission540
transmission540_to_transmission2794_electricity,#3186cc,LV electricity distribution,transmission,10000,0.99,20,transmission2794,transmission540
transmission2794_to_transmission651_heat,#823740,LQ heat distribution,transmission,10000,0.99,20,transmission651,transmission2794
transmission2794_to_transmission651_electricity,#3186cc,LV electricity distribution,transmission,10000,0.99,20,transmission651,transmission2794
transmission651_to_transmission3289_heat,#823740,LQ heat distribution,transmission,10000,0.99,20,transmission3289,transmission651
transmission651_to_transmission3289_electricity,#3186cc,LV electricity distribution,transmission,10000,0.99,20,transmission3289,transmission651
transmission3289_to_transmission3034_heat,#823740,LQ heat distribution,transmission,10000,0.99,20,transmission3034,transmission3289
transmission3289_to_transmission3034_electricity,#3186cc,LV electricity distribution,transmission,10000,0.99,20,transmission3034,transmission3289
transmission3034_to_transmission1301_heat,#823740,LQ heat distribution,transmission,10000,0.99,20,transmission1301,transmission3034
transmission3034_to_transmission1301_electricity,#3186cc,LV electricity distribution,transmission,10000,0.99,20,transmission1301,transmission3034
transmission1301_to_transmission1984_heat,#823740,LQ heat distribution,transmission,10000,0.99,20,transmission1984,transmission1301
transmission1301_to_transmission1984_electricity,#3186cc,LV electricity distribution,transmission,10000,0.99,20,transmission1984,transmission1301
transmission1984_to_transmission2416_heat,#823740,LQ heat distribution,transmission,10000,0.99,20,transmission2416,transmission1984
transmission1984_to_transmission2416_electricity,#3186cc,LV electricity distribution,transmission,10000,0.99,20,transmission2416,transmission1984
transmission2416_to_transmission1896_heat,#823740,LQ heat distribution,transmission,10000,0.99,20,transmission1896,transmission2416
transmission2416_to_transmission1896_electricity,#3186cc,LV electricity distribution,transmission,10000,0.99,20,transmission1896,transmission2416
transmission1896_to_transmission2421_heat,#823740,LQ heat distribution,transmission,10000,0.99,20,transmission2421,transmission1896
transmission1896_to_transmission2421_electricity,#3186cc,LV electricity distribution,transmission,10000,0.99,20,transmission2421,transmission1896
transmission2421_to_transmission2626_heat,#823740,LQ heat distribution,transmission,10000,0.99,20,transmission2626,transmission2421
transmission2421_to_transmission2626_electricity,#3186cc,LV electricity distribution,transmission,10000,0.99,20,transmission2626,transmission2421
transmission2353_to_transmission1757_heat,#823740,LQ heat distribution,transmission,10000,0.99,20,transmission1757,transmission2353
transmission2353_to_transmission1757_electricity,#3186cc,LV electricity distribution,transmission,10000,0.99,20,transmission1757,transmission2353
transmission1757_to_transmission2743_heat,#823740,LQ heat distribution,transmission,10000,0.99,20,transmission2743,transmission1757
transmission1757_to_transmission2743_electricity,#3186cc,LV electricity distribution,transmission,10000,0.99,20,transmission2743,transmission1757
transmission2743_to_transmission607_heat,#823740,LQ heat distribution,transmission,10000,0.99,20,transmission607,transmission2743
transmission2743_to_transmission607_electricity,#3186cc,LV electricity distribution,transmission,10000,0.99,20,transmission607,transmission2743
transmission607_to_transmission2904_heat,#823740,LQ heat distribution,transmission,10000,0.99,20,transmission2904,transmission607
transmission607_to_transmission2904_electricity,#3186cc,LV electricity distribution,transmission,10000,0.99,20,transmission2904,transmission607
transmission2904_to_transmission1695_heat,#823740,LQ heat distribution,transmission,10000,0.99,20,transmission1695,transmission2904
transmission2904_to_transmission1695_electricity,#3186cc,LV electricity distribution,transmission,10000,0.99,20,transmission1695,transmission2904
transmission1695_to_transmission2784_heat,#823740,LQ heat distribution,transmission,10000,0.99,20,transmission2784,transmission1695
transmission1695_to_transmission2784_electricity,#3186cc,LV electricity distribution,transmission,10000,0.99,20,transmission2784,transmission1695
transmission2784_to_transmission2172_heat,#823740,LQ heat distribution,transmission,10000,0.99,20,transmission2172,transmission2784
transmission2784_to_transmission2172_electricity,#3186cc,LV electricity distribution,transmission,10000,0.99,20,transmission2172,transmission2784
transmission2172_to_transmission3163_heat,#823740,LQ heat distribution,transmission,10000,0.99,20,transmission3163,transmission2172
transmission2172_to_transmission3163_electricity,#3186cc,LV electricity distribution,transmission,10000,0.99,20,transmission3163,transmission2172
transmission3163_to_transmission2562_heat,#823740,LQ heat distribution,transmission,10000,0.99,20,transmission2562,transmission3163
transmission3163_to_transmission2562_electricity,#3186cc,LV electricity distribution,transmission,10000,0.99,20,transmission2562,transmission3163
transmission2562_to_transmission1408_heat,#823740,LQ heat distribution,transmission,10000,0.99,20,transmission1408,transmission2562
transmission2562_to_transmission1408_electricity,#3186cc,LV electricity distribution,transmission,10000,0.99,20,transmission1408,transmission2562
transmission1408_to_transmission2405_heat,#823740,LQ heat distribution,transmission,10000,0.99,20,transmission2405,transmission1408
transmission1408_to_transmission2405_electricity,#3186cc,LV electricity distribution,transmission,10000,0.99,20,transmission2405,transmission1408
transmission2405_to_transmission2161_heat,#823740,LQ heat distribution,transmission,10000,0.99,20,transmission2161,transmission2405
transmission2405_to_transmission2161_electricity,#3186cc,LV electricity distribution,transmission,10000,0.99,20,transmission2161,transmission2405
transmission2161_to_transmission1886_heat,#823740,LQ heat distribution,transmission,10000,0.99,20,transmission1886,transmission2161
transmission2161_to_transmission1886_electricity,#3186cc,LV electricity distribution,transmission,10000,0.99,20,transmission1886,transmission2161
transmission506_to_transmission1717_heat,#823740,LQ heat distribution,transmission,10000,0.99,20,transmission1717,transmission506
transmission506_to_transmission1717_electricity,#3186cc,LV electricity distribution,transmission,10000,0.99,20,transmission1717,transmission506
transmission1717_to_transmission3105_heat,#823740,LQ heat distribution,transmission,10000,0.99,20,transmission3105,transmission1717
transmission1717_to_transmission3105_electricity,#3186cc,LV electricity distribution,transmission,10000,0.99,20,transmission3105,transmission1717
transmission3105_to_transmission1419_heat,#823740,LQ heat distribution,transmission,10000,0.99,20,transmission1419,transmission3105
transmission3105_to_transmission1419_electricity,#3186cc,LV electricity distribution,transmission,10000,0.99,20,transmission1419,transmission3105
transmission1419_to_transmission905_heat,#823740,LQ heat distribution,transmission,10000,0.99,20,transmission905,transmission1419
transmission1419_to_transmission905_electricity,#3186cc,LV electricity distribution,transmission,10000,0.99,20,transmission905,transmission1419
transmission905_to_transmission727_heat,#823740,LQ heat distribution,transmission,10000,0.99,20,transmission727,transmission905
transmission905_to_transmission727_electricity,#3186cc,LV electricity distribution,transmission,10000,0.99,20,transmission727,transmission905
transmission727_to_transmission3186_heat,#823740,LQ heat distribution,transmission,10000,0.99,20,transmission3186,transmission727
transmission727_to_transmission3186_electricity,#3186cc,LV electricity distribution,transmission,10000,0.99,20,transmission3186,transmission727
transmission3186_to_transmission1794_heat,#823740,LQ heat distribution,transmission,10000,0.99,20,transmission1794,transmission3186
transmission3186_to_transmission1794_electricity,#3186cc,LV electricity distribution,transmission,10000,0.99,20,transmission1794,transmission3186
transmission1794_to_transmission3172_heat,#823740,LQ heat distribution,transmission,10000,0.99,20,transmission3172,transmission1794
transmission1794_to_transmission3172_electricity,#3186cc,LV electricity distribution,transmission,10000,0.99,20,transmission3172,transmission1794
transmission1825_to_transmission672_heat,#823740,LQ heat distribution,transmission,10000,0.99,20,transmission672,transmission1825
transmission1825_to_transmission672_electricity,#3186cc,LV electricity distribution,transmission,10000,0.99,20,transmission672,transmission1825
transmission672_to_transmission3185_heat,#823740,LQ heat distribution,transmission,10000,0.99,20,transmission3185,transmission672
transmission672_to_transmission3185_electricity,#3186cc,LV electricity distribution,transmission,10000,0.99,20,transmission3185,transmission672
transmission3185_to_transmission634_heat,#823740,LQ heat distribution,transmission,10000,0.99,20,transmission634,transmission3185
transmission3185_to_transmission634_electricity,#3186cc,LV electricity distribution,transmission,10000,0.99,20,transmission634,transmission3185
transmission634_to_transmission1723_heat,#823740,LQ heat distribution,transmission,10000,0.99,20,transmission1723,transmission634
transmission634_to_transmission1723_electricity,#3186cc,LV electricity distribution,transmission,10000,0.99,20,transmission1723,transmission634
transmission1723_to_transmission2750_heat,#823740,LQ heat distribution,transmission,10000,0.99,20,transmission2750,transmission1723
transmission1723_to_transmission2750_electricity,#3186cc,LV electricity distribution,transmission,10000,0.99,20,transmission2750,transmission1723
transmission2750_to_transmission1451_heat,#823740,LQ heat distribution,transmission,10000,0.99,20,transmission1451,transmission2750
transmission2750_to_transmission1451_electricity,#3186cc,LV electricity distribution,transmission,10000,0.99,20,transmission1451,transmission2750
transmission1451_to_transmission1862_heat,#823740,LQ heat distribution,transmission,10000,0.99,20,transmission1862,transmission1451
transmission1451_to_transmission1862_electricity,#3186cc,LV electricity distribution,transmission,10000,0.99,20,transmission1862,transmission1451
transmission1862_to_transmission2602_heat,#823740,LQ heat distribution,transmission,10000,0.99,20,transmission2602,transmission1862
transmission1862_to_transmission2602_electricity,#3186cc,LV electricity distribution,transmission,10000,0.99,20,transmission2602,transmission1862
transmission2602_to_transmission3313_heat,#823740,LQ heat distribution,transmission,10000,0.99,20,transmission3313,transmission2602
transmission2602_to_transmission3313_electricity,#3186cc,LV electricity distribution,transmission,10000,0.99,20,transmission3313,transmission2602
transmission3313_to_transmission1559_heat,#823740,LQ heat distribution,transmission,10000,0.99,20,transmission1559,transmission3313
transmission3313_to_transmission1559_electricity,#3186cc,LV electricity distribution,transmission,10000,0.99,20,transmission1559,transmission3313
transmission1559_to_transmission868_heat,#823740,LQ heat distribution,transmission,10000,0.99,20,transmission868,transmission1559
transmission1559_to_transmission868_electricity,#3186cc,LV electricity distribution,transmission,10000,0.99,20,transmission868,transmission1559
transmission868_to_transmission1256_heat,#823740,LQ heat distribution,transmission,10000,0.99,20,transmission1256,transmission868
transmission868_to_transmission1256_electricity,#3186cc,LV electricity distribution,transmission,10000,0.99,20,transmission1256,transmission868
transmission1256_to_transmission2035_heat,#823740,LQ heat distribution,transmission,10000,0.99,20,transmission2035,transmission1256
transmission1256_to_transmission2035_electricity,#3186cc,LV electricity distribution,transmission,10000,0.99,20,transmission2035,transmission1256
transmission2035_to_transmission2775_heat,#823740,LQ heat distribution,transmission,10000,0.99,20,transmission2775,transmission2035
transmission2035_to_transmission2775_electricity,#3186cc,LV electricity distribution,transmission,10000,0.99,20,transmission2775,transmission2035
transmission2775_to_transmission1208_heat,#823740,LQ heat distribution,transmission,10000,0.99,20,transmission1208,transmission2775
transmission2775_to_transmission1208_electricity,#3186cc,LV electricity distribution,transmission,10000,0.99,20,transmission1208,transmission2775
transmission1208_to_transmission3195_heat,#823740,LQ heat distribution,transmission,10000,0.99,20,transmission3195,transmission1208
transmission1208_to_transmission3195_electricity,#3186cc,LV electricity distribution,transmission,10000,0.99,20,transmission3195,transmission1208
transmission3195_to_transmission686_heat,#823740,LQ heat distribution,transmission,10000,0.99,20,transmission686,transmission3195
transmission3195_to_transmission686_electricity,#3186cc,LV electricity distribution,transmission,10000,0.99,20,transmission686,transmission3195
transmission686_to_transmission2386_heat,#823740,LQ heat distribution,transmission,10000,0.99,20,transmission2386,transmission686
transmission686_to_transmission2386_electricity,#3186cc,LV electricity distribution,transmission,10000,0.99,20,transmission2386,transmission686
transmission2386_to_transmission2806_heat,#823740,LQ heat distribution,transmission,10000,0.99,20,transmission2806,transmission2386
transmission2386_to_transmission2806_electricity,#3186cc,LV electricity distribution,transmission,10000,0.99,20,transmission2806,transmission2386
transmission2806_to_transmission639_heat,#823740,LQ heat distribution,transmission,10000,0.99,20,transmission639,transmission2806
transmission2806_to_transmission639_electricity,#3186cc,LV electricity distribution,transmission,10000,0.99,20,transmission639,transmission2806
transmission639_to_transmission1693_heat,#823740,LQ heat distribution,transmission,10000,0.99,20,transmission1693,transmission639
transmission639_to_transmission1693_electricity,#3186cc,LV electricity distribution,transmission,10000,0.99,20,transmission1693,transmission639
transmission1693_to_transmission1073_heat,#823740,LQ heat distribution,transmission,10000,0.99,20,transmission1073,transmission1693
transmission1693_to_transmission1073_electricity,#3186cc,LV electricity distribution,transmission,10000,0.99,20,transmission1073,transmission1693
transmission1073_to_transmission1867_heat,#823740,LQ heat distribution,transmission,10000,0.99,20,transmission1867,transmission1073
transmission1073_to_transmission1867_electricity,#3186cc,LV electricity distribution,transmission,10000,0.99,20,transmission1867,transmission1073
transmission1867_to_transmission2226_heat,#823740,LQ heat distribution,transmission,10000,0.99,20,transmission2226,transmission1867
transmission1867_to_transmission2226_electricity,#3186cc,LV electricity distribution,transmission,10000,0.99,20,transmission2226,transmission1867
transmission2226_to_transmission2976_heat,#823740,LQ heat distribution,transmission,10000,0.99,20,transmission2976,transmission2226
transmission2226_to_transmission2976_electricity,#3186cc,LV electricity distribution,transmission,10000,0.99,20,transmission2976,transmission2226
transmission2976_to_transmission1435_heat,#823740,LQ heat distribution,transmission,10000,0.99,20,transmission1435,transmission2976
transmission2976_to_transmission1435_electricity,#3186cc,LV electricity distribution,transmission,10000,0.99,20,transmission1435,transmission2976
transmission1435_to_transmission3286_heat,#823740,LQ heat distribution,transmission,10000,0.99,20,transmission3286,transmission1435
transmission1435_to_transmission3286_electricity,#3186cc,LV electricity distribution,transmission,10000,0.99,20,transmission3286,transmission1435
transmission3286_to_transmission1750_heat,#823740,LQ heat distribution,transmission,10000,0.99,20,transmission1750,transmission3286
transmission3286_to_transmission1750_electricity,#3186cc,LV electricity distribution,transmission,10000,0.99,20,transmission1750,transmission3286
transmission1750_to_transmission2772_heat,#823740,LQ heat distribution,transmission,10000,0.99,20,transmission2772,transmission1750
transmission1750_to_transmission2772_electricity,#3186cc,LV electricity distribution,transmission,10000,0.99,20,transmission2772,transmission1750
transmission2772_to_transmission2452_heat,#823740,LQ heat distribution,transmission,10000,0.99,20,transmission2452,transmission2772
transmission2772_to_transmission2452_electricity,#3186cc,LV electricity distribution,transmission,10000,0.99,20,transmission2452,transmission2772
transmission2452_to_transmission561_heat,#823740,LQ heat distribution,transmission,10000,0.99,20,transmission561,transmission2452
transmission2452_to_transmission561_electricity,#3186cc,LV electricity distribution,transmission,10000,0.99,20,transmission561,transmission2452
transmission561_to_transmission1237_heat,#823740,LQ heat distribution,transmission,10000,0.99,20,transmission1237,transmission561
transmission561_to_transmission1237_electricity,#3186cc,LV electricity distribution,transmission,10000,0.99,20,transmission1237,transmission561
transmission1237_to_transmission570_heat,#823740,LQ heat distribution,transmission,10000,0.99,20,transmission570,transmission1237
transmission1237_to_transmission570_electricity,#3186cc,LV electricity distribution,transmission,10000,0.99,20,transmission570,transmission1237
transmission570_to_transmission2613_heat,#823740,LQ heat distribution,transmission,10000,0.99,20,transmission2613,transmission570
transmission570_to_transmission2613_electricity,#3186cc,LV electricity distribution,transmission,10000,0.99,20,transmission2613,transmission570
transmission2613_to_transmission1334_heat,#823740,LQ heat distribution,transmission,10000,0.99,20,transmission1334,transmission2613
transmission2613_to_transmission1334_electricity,#3186cc,LV electricity distribution,transmission,10000,0.99,20,transmission1334,transmission2613
transmission1334_to_transmission857_heat,#823740,LQ heat distribution,transmission,10000,0.99,20,transmission857,transmission1334
transmission1334_to_transmission857_electricity,#3186cc,LV electricity distribution,transmission,10000,0.99,20,transmission857,transmission1334
transmission857_to_transmission1083_heat,#823740,LQ heat distribution,transmission,10000,0.99,20,transmission1083,transmission857
transmission857_to_transmission1083_electricity,#3186cc,LV electricity distribution,transmission,10000,0.99,20,transmission1083,transmission857
transmission1083_to_transmission886_heat,#823740,LQ heat distribution,transmission,10000,0.99,20,transmission886,transmission1083
transmission1083_to_transmission886_electricity,#3186cc,LV electricity distribution,transmission,10000,0.99,20,transmission886,transmission1083
transmission886_to_transmission2089_heat,#823740,LQ heat distribution,transmission,10000,0.99,20,transmission2089,transmission886
transmission886_to_transmission2089_electricity,#3186cc,LV electricity distribution,transmission,10000,0.99,20,transmission2089,transmission886
transmission2089_to_transmission640_heat,#823740,LQ heat distribution,transmission,10000,0.99,20,transmission640,transmission2089
transmission2089_to_transmission640_electricity,#3186cc,LV electricity distribution,transmission,10000,0.99,20,transmission640,transmission2089
transmission640_to_transmission1238_heat,#823740,LQ heat distribution,transmission,10000,0.99,20,transmission1238,transmission640
transmission640_to_transmission1238_electricity,#3186cc,LV electricity distribution,transmission,10000,0.99,20,transmission1238,transmission640
transmission1238_to_transmission2407_heat,#823740,LQ heat distribution,transmission,10000,0.99,20,transmission2407,transmission1238
transmission1238_to_transmission2407_electricity,#3186cc,LV electricity distribution,transmission,10000,0.99,20,transmission2407,transmission1238
transmission2407_to_transmission3129_heat,#823740,LQ heat distribution,transmission,10000,0.99,20,transmission3129,transmission2407
transmission2407_to_transmission3129_electricity,#3186cc,LV electricity distribution,transmission,10000,0.99,20,transmission3129,transmission2407
transmission3129_to_transmission3356_heat,#823740,LQ heat distribution,transmission,10000,0.99,20,transmission3356,transmission3129
transmission3129_to_transmission3356_electricity,#3186cc,LV electricity distribution,transmission,10000,0.99,20,transmission3356,transmission3129
transmission3356_to_transmission982_heat,#823740,LQ heat distribution,transmission,10000,0.99,20,transmission982,transmission3356
transmission3356_to_transmission982_electricity,#3186cc,LV electricity distribution,transmission,10000,0.99,20,transmission982,transmission3356
transmission982_to_transmission2199_heat,#823740,LQ heat distribution,transmission,10000,0.99,20,transmission2199,transmission982
transmission982_to_transmission2199_electricity,#3186cc,LV electricity distribution,transmission,10000,0.99,20,transmission2199,transmission982
transmission2199_to_transmission1776_heat,#823740,LQ heat distribution,transmission,10000,0.99,20,transmission1776,transmission2199
transmission2199_to_transmission1776_electricity,#3186cc,LV electricity distribution,transmission,10000,0.99,20,transmission1776,transmission2199
transmission1776_to_transmission2982_heat,#823740,LQ heat distribution,transmission,10000,0.99,20,transmission2982,transmission1776
transmission1776_to_transmission2982_electricity,#3186cc,LV electricity distribution,transmission,10000,0.99,20,transmission2982,transmission1776
transmission1219_to_transmission1387_heat,#823740,LQ heat distribution,transmission,10000,0.99,20,transmission1387,transmission1219
transmission1219_to_transmission1387_electricity,#3186cc,LV electricity distribution,transmission,10000,0.99,20,transmission1387,transmission1219
transmission1387_to_transmission3371_heat,#823740,LQ heat distribution,transmission,10000,0.99,20,transmission3371,transmission1387
transmission1387_to_transmission3371_electricity,#3186cc,LV electricity distribution,transmission,10000,0.99,20,transmission3371,transmission1387
transmission3371_to_transmission2270_heat,#823740,LQ heat distribution,transmission,10000,0.99,20,transmission2270,transmission3371
transmission3371_to_transmission2270_electricity,#3186cc,LV electricity distribution,transmission,10000,0.99,20,transmission2270,transmission3371
transmission2270_to_transmission2779_heat,#823740,LQ heat distribution,transmission,10000,0.99,20,transmission2779,transmission2270
transmission2270_to_transmission2779_electricity,#3186cc,LV electricity distribution,transmission,10000,0.99,20,transmission2779,transmission2270
transmission2779_to_transmission2599_heat,#823740,LQ heat distribution,transmission,10000,0.99,20,transmission2599,transmission2779
transmission2779_to_transmission2599_electricity,#3186cc,LV electricity distribution,transmission,10000,0.99,20,transmission2599,transmission2779
transmission2599_to_transmission1006_heat,#823740,LQ heat distribution,transmission,10000,0.99,20,transmission1006,transmission2599
transmission2599_to_transmission1006_electricity,#3186cc,LV electricity distribution,transmission,10000,0.99,20,transmission1006,transmission2599
transmission1006_to_transmission1176_heat,#823740,LQ heat distribution,transmission,10000,0.99,20,transmission1176,transmission1006
transmission1006_to_transmission1176_electricity,#3186cc,LV electricity distribution,transmission,10000,0.99,20,transmission1176,transmission1006
transmission1176_to_transmission3203_heat,#823740,LQ heat distribution,transmission,10000,0.99,20,transmission3203,transmission1176
transmission1176_to_transmission3203_electricity,#3186cc,LV electricity distribution,transmission,10000,0.99,20,transmission3203,transmission1176
transmission3203_to_transmission1706_heat,#823740,LQ heat distribution,transmission,10000,0.99,20,transmission1706,transmission3203
transmission3203_to_transmission1706_electricity,#3186cc,LV electricity distribution,transmission,10000,0.99,20,transmission1706,transmission3203
transmission1706_to_transmission1449_heat,#823740,LQ heat distribution,transmission,10000,0.99,20,transmission1449,transmission1706
transmission1706_to_transmission1449_electricity,#3186cc,LV electricity distribution,transmission,10000,0.99,20,transmission1449,transmission1706
transmission1449_to_transmission2188_heat,#823740,LQ heat distribution,transmission,10000,0.99,20,transmission2188,transmission1449
transmission1449_to_transmission2188_electricity,#3186cc,LV electricity distribution,transmission,10000,0.99,20,transmission2188,transmission1449
transmission2188_to_transmission2575_heat,#823740,LQ heat distribution,transmission,10000,0.99,20,transmission2575,transmission2188
transmission2188_to_transmission2575_electricity,#3186cc,LV electricity distribution,transmission,10000,0.99,20,transmission2575,transmission2188
transmission2139_to_transmission2133_heat,#823740,LQ heat distribution,transmission,10000,0.99,20,transmission2133,transmission2139
transmission2139_to_transmission2133_electricity,#3186cc,LV electricity distribution,transmission,10000,0.99,20,transmission2133,transmission2139
transmission2133_to_transmission2209_heat,#823740,LQ heat distribution,transmission,10000,0.99,20,transmission2209,transmission2133
transmission2133_to_transmission2209_electricity,#3186cc,LV electricity distribution,transmission,10000,0.99,20,transmission2209,transmission2133
transmission2209_to_transmission2523_heat,#823740,LQ heat distribution,transmission,10000,0.99,20,transmission2523,transmission2209
transmission2209_to_transmission2523_electricity,#3186cc,LV electricity distribution,transmission,10000,0.99,20,transmission2523,transmission2209
transmission2911_to_transmission1735_heat,#823740,LQ heat distribution,transmission,10000,0.99,20,transmission1735,transmission2911
transmission2911_to_transmission1735_electricity,#3186cc,LV electricity distribution,transmission,10000,0.99,20,transmission1735,transmission2911
transmission1735_to_transmission2698_heat,#823740,LQ heat distribution,transmission,10000,0.99,20,transmission2698,transmission1735
transmission1735_to_transmission2698_electricity,#3186cc,LV electricity distribution,transmission,10000,0.99,20,transmission2698,transmission1735
transmission2698_to_transmission2716_heat,#823740,LQ heat distribution,transmission,10000,0.99,20,transmission2716,transmission2698
transmission2698_to_transmission2716_electricity,#3186cc,LV electricity distribution,transmission,10000,0.99,20,transmission2716,transmission2698
transmission2716_to_transmission2200_heat,#823740,LQ heat distribution,transmission,10000,0.99,20,transmission2200,transmission2716
transmission2716_to_transmission2200_electricity,#3186cc,LV electricity distribution,transmission,10000,0.99,20,transmission2200,transmission2716
transmission2200_to_transmission2139_heat,#823740,LQ heat distribution,transmission,10000,0.99,20,transmission2139,transmission2200
transmission2200_to_transmission2139_electricity,#3186cc,LV electricity distribution,transmission,10000,0.99,20,transmission2139,transmission2200
transmission2318_to_transmission1495_heat,#823740,LQ heat distribution,transmission,10000,0.99,20,transmission1495,transmission2318
transmission2318_to_transmission1495_electricity,#3186cc,LV electricity distribution,transmission,10000,0.99,20,transmission1495,transmission2318
transmission1495_to_transmission3175_heat,#823740,LQ heat distribution,transmission,10000,0.99,20,transmission3175,transmission1495
transmission1495_to_transmission3175_electricity,#3186cc,LV electricity distribution,transmission,10000,0.99,20,transmission3175,transmission1495
transmission3175_to_transmission2084_heat,#823740,LQ heat distribution,transmission,10000,0.99,20,transmission2084,transmission3175
transmission3175_to_transmission2084_electricity,#3186cc,LV electricity distribution,transmission,10000,0.99,20,transmission2084,transmission3175
transmission3211_to_transmission1011_heat,#823740,LQ heat distribution,transmission,10000,0.99,20,transmission1011,transmission3211
transmission3211_to_transmission1011_electricity,#3186cc,LV electricity distribution,transmission,10000,0.99,20,transmission1011,transmission3211
transmission1011_to_transmission3041_heat,#823740,LQ heat distribution,transmission,10000,0.99,20,transmission3041,transmission1011
transmission1011_to_transmission3041_electricity,#3186cc,LV electricity distribution,transmission,10000,0.99,20,transmission3041,transmission1011
transmission3041_to_transmission3348_heat,#823740,LQ heat distribution,transmission,10000,0.99,20,transmission3348,transmission3041
transmission3041_to_transmission3348_electricity,#3186cc,LV electricity distribution,transmission,10000,0.99,20,transmission3348,transmission3041
transmission3348_to_transmission648_heat,#823740,LQ heat distribution,transmission,10000,0.99,20,transmission648,transmission3348
transmission3348_to_transmission648_electricity,#3186cc,LV electricity distribution,transmission,10000,0.99,20,transmission648,transmission3348
transmission648_to_transmission2795_heat,#823740,LQ heat distribution,transmission,10000,0.99,20,transmission2795,transmission648
transmission648_to_transmission2795_electricity,#3186cc,LV electricity distribution,transmission,10000,0.99,20,transmission2795,transmission648
transmission2795_to_transmission1438_heat,#823740,LQ heat distribution,transmission,10000,0.99,20,transmission1438,transmission2795
transmission2795_to_transmission1438_electricity,#3186cc,LV electricity distribution,transmission,10000,0.99,20,transmission1438,transmission2795
transmission1438_to_transmission1983_heat,#823740,LQ heat distribution,transmission,10000,0.99,20,transmission1983,transmission1438
transmission1438_to_transmission1983_electricity,#3186cc,LV electricity distribution,transmission,10000,0.99,20,transmission1983,transmission1438
transmission1983_to_transmission3237_heat,#823740,LQ heat distribution,transmission,10000,0.99,20,transmission3237,transmission1983
transmission1983_to_transmission3237_electricity,#3186cc,LV electricity distribution,transmission,10000,0.99,20,transmission3237,transmission1983
transmission3237_to_transmission2179_heat,#823740,LQ heat distribution,transmission,10000,0.99,20,transmission2179,transmission3237
transmission3237_to_transmission2179_electricity,#3186cc,LV electricity distribution,transmission,10000,0.99,20,transmission2179,transmission3237
transmission2179_to_transmission1069_heat,#823740,LQ heat distribution,transmission,10000,0.99,20,transmission1069,transmission2179
transmission2179_to_transmission1069_electricity,#3186cc,LV electricity distribution,transmission,10000,0.99,20,transmission1069,transmission2179
transmission1069_to_transmission1293_heat,#823740,LQ heat distribution,transmission,10000,0.99,20,transmission1293,transmission1069
transmission1069_to_transmission1293_electricity,#3186cc,LV electricity distribution,transmission,10000,0.99,20,transmission1293,transmission1069
transmission1293_to_transmission1634_heat,#823740,LQ heat distribution,transmission,10000,0.99,20,transmission1634,transmission1293
transmission1293_to_transmission1634_electricity,#3186cc,LV electricity distribution,transmission,10000,0.99,20,transmission1634,transmission1293
transmission1634_to_transmission2592_heat,#823740,LQ heat distribution,transmission,10000,0.99,20,transmission2592,transmission1634
transmission1634_to_transmission2592_electricity,#3186cc,LV electricity distribution,transmission,10000,0.99,20,transmission2592,transmission1634
transmission2592_to_transmission1581_heat,#823740,LQ heat distribution,transmission,10000,0.99,20,transmission1581,transmission2592
transmission2592_to_transmission1581_electricity,#3186cc,LV electricity distribution,transmission,10000,0.99,20,transmission1581,transmission2592
transmission1581_to_transmission2841_heat,#823740,LQ heat distribution,transmission,10000,0.99,20,transmission2841,transmission1581
transmission1581_to_transmission2841_electricity,#3186cc,LV electricity distribution,transmission,10000,0.99,20,transmission2841,transmission1581
transmission2841_to_transmission1317_heat,#823740,LQ heat distribution,transmission,10000,0.99,20,transmission1317,transmission2841
transmission2841_to_transmission1317_electricity,#3186cc,LV electricity distribution,transmission,10000,0.99,20,transmission1317,transmission2841
transmission1317_to_transmission1718_heat,#823740,LQ heat distribution,transmission,10000,0.99,20,transmission1718,transmission1317
transmission1317_to_transmission1718_electricity,#3186cc,LV electricity distribution,transmission,10000,0.99,20,transmission1718,transmission1317
transmission1718_to_transmission2272_heat,#823740,LQ heat distribution,transmission,10000,0.99,20,transmission2272,transmission1718
transmission1718_to_transmission2272_electricity,#3186cc,LV electricity distribution,transmission,10000,0.99,20,transmission2272,transmission1718
transmission2272_to_transmission2987_heat,#823740,LQ heat distribution,transmission,10000,0.99,20,transmission2987,transmission2272
transmission2272_to_transmission2987_electricity,#3186cc,LV electricity distribution,transmission,10000,0.99,20,transmission2987,transmission2272
transmission2987_to_transmission1402_heat,#823740,LQ heat distribution,transmission,10000,0.99,20,transmission1402,transmission2987
transmission2987_to_transmission1402_electricity,#3186cc,LV electricity distribution,transmission,10000,0.99,20,transmission1402,transmission2987
transmission1402_to_transmission992_heat,#823740,LQ heat distribution,transmission,10000,0.99,20,transmission992,transmission1402
transmission1402_to_transmission992_electricity,#3186cc,LV electricity distribution,transmission,10000,0.99,20,transmission992,transmission1402
transmission992_to_transmission1999_heat,#823740,LQ heat distribution,transmission,10000,0.99,20,transmission1999,transmission992
transmission992_to_transmission1999_electricity,#3186cc,LV electricity distribution,transmission,10000,0.99,20,transmission1999,transmission992
transmission1999_to_transmission3296_heat,#823740,LQ heat distribution,transmission,10000,0.99,20,transmission3296,transmission1999
transmission1999_to_transmission3296_electricity,#3186cc,LV electricity distribution,transmission,10000,0.99,20,transmission3296,transmission1999
transmission3296_to_transmission1268_heat,#823740,LQ heat distribution,transmission,10000,0.99,20,transmission1268,transmission3296
transmission3296_to_transmission1268_electricity,#3186cc,LV electricity distribution,transmission,10000,0.99,20,transmission1268,transmission3296
transmission1268_to_transmission2318_heat,#823740,LQ heat distribution,transmission,10000,0.99,20,transmission2318,transmission1268
transmission1268_to_transmission2318_electricity,#3186cc,LV electricity distribution,transmission,10000,0.99,20,transmission2318,transmission1268
transmission853_to_transmission1184_heat,#823740,LQ heat distribution,transmission,10000,0.99,20,transmission1184,transmission853
transmission853_to_transmission1184_electricity,#3186cc,LV electricity distribution,transmission,10000,0.99,20,transmission1184,transmission853
transmission1184_to_transmission2710_heat,#823740,LQ heat distribution,transmission,10000,0.99,20,transmission2710,transmission1184
transmission1184_to_transmission2710_electricity,#3186cc,LV electricity distribution,transmission,10000,0.99,20,transmission2710,transmission1184
transmission2710_to_transmission2902_heat,#823740,LQ heat distribution,transmission,10000,0.99,20,transmission2902,transmission2710
transmission2710_to_transmission2902_electricity,#3186cc,LV electricity distribution,transmission,10000,0.99,20,transmission2902,transmission2710
transmission2902_to_transmission2494_heat,#823740,LQ heat distribution,transmission,10000,0.99,20,transmission2494,transmission2902
transmission2902_to_transmission2494_electricity,#3186cc,LV electricity distribution,transmission,10000,0.99,20,transmission2494,transmission2902
transmission2494_to_transmission751_heat,#823740,LQ heat distribution,transmission,10000,0.99,20,transmission751,transmission2494
transmission2494_to_transmission751_electricity,#3186cc,LV electricity distribution,transmission,10000,0.99,20,transmission751,transmission2494
transmission751_to_transmission3284_heat,#823740,LQ heat distribution,transmission,10000,0.99,20,transmission3284,transmission751
transmission751_to_transmission3284_electricity,#3186cc,LV electricity distribution,transmission,10000,0.99,20,transmission3284,transmission751
transmission3284_to_transmission2773_heat,#823740,LQ heat distribution,transmission,10000,0.99,20,transmission2773,transmission3284
transmission3284_to_transmission2773_electricity,#3186cc,LV electricity distribution,transmission,10000,0.99,20,transmission2773,transmission3284
transmission2773_to_transmission2552_heat,#823740,LQ heat distribution,transmission,10000,0.99,20,transmission2552,transmission2773
transmission2773_to_transmission2552_electricity,#3186cc,LV electricity distribution,transmission,10000,0.99,20,transmission2552,transmission2773
transmission2552_to_transmission2042_heat,#823740,LQ heat distribution,transmission,10000,0.99,20,transmission2042,transmission2552
transmission2552_to_transmission2042_electricity,#3186cc,LV electricity distribution,transmission,10000,0.99,20,transmission2042,transmission2552
transmission2042_to_transmission826_heat,#823740,LQ heat distribution,transmission,10000,0.99,20,transmission826,transmission2042
transmission2042_to_transmission826_electricity,#3186cc,LV electricity distribution,transmission,10000,0.99,20,transmission826,transmission2042
transmission826_to_transmission2305_heat,#823740,LQ heat distribution,transmission,10000,0.99,20,transmission2305,transmission826
transmission826_to_transmission2305_electricity,#3186cc,LV electricity distribution,transmission,10000,0.99,20,transmission2305,transmission826
transmission2305_to_transmission2085_heat,#823740,LQ heat distribution,transmission,10000,0.99,20,transmission2085,transmission2305
transmission2305_to_transmission2085_electricity,#3186cc,LV electricity distribution,transmission,10000,0.99,20,transmission2085,transmission2305
transmission2085_to_transmission3432_heat,#823740,LQ heat distribution,transmission,10000,0.99,20,transmission3432,transmission2085
transmission2085_to_transmission3432_electricity,#3186cc,LV electricity distribution,transmission,10000,0.99,20,transmission3432,transmission2085
transmission3432_to_transmission2250_heat,#823740,LQ heat distribution,transmission,10000,0.99,20,transmission2250,transmission3432
transmission3432_to_transmission2250_electricity,#3186cc,LV electricity distribution,transmission,10000,0.99,20,transmission2250,transmission3432
transmission2250_to_transmission1762_heat,#823740,LQ heat distribution,transmission,10000,0.99,20,transmission1762,transmission2250
transmission2250_to_transmission1762_electricity,#3186cc,LV electricity distribution,transmission,10000,0.99,20,transmission1762,transmission2250
transmission1762_to_transmission544_heat,#823740,LQ heat distribution,transmission,10000,0.99,20,transmission544,transmission1762
transmission1762_to_transmission544_electricity,#3186cc,LV electricity distribution,transmission,10000,0.99,20,transmission544,transmission1762
transmission544_to_transmission2967_heat,#823740,LQ heat distribution,transmission,10000,0.99,20,transmission2967,transmission544
transmission544_to_transmission2967_electricity,#3186cc,LV electricity distribution,transmission,10000,0.99,20,transmission2967,transmission544
transmission2967_to_transmission1804_heat,#823740,LQ heat distribution,transmission,10000,0.99,20,transmission1804,transmission2967
transmission2967_to_transmission1804_electricity,#3186cc,LV electricity distribution,transmission,10000,0.99,20,transmission1804,transmission2967
transmission1804_to_transmission1267_heat,#823740,LQ heat distribution,transmission,10000,0.99,20,transmission1267,transmission1804
transmission1804_to_transmission1267_electricity,#3186cc,LV electricity distribution,transmission,10000,0.99,20,transmission1267,transmission1804
transmission2340_to_transmission2593_heat,#823740,LQ heat distribution,transmission,10000,0.99,20,transmission2593,transmission2340
transmission2340_to_transmission2593_electricity,#3186cc,LV electricity distribution,transmission,10000,0.99,20,transmission2593,transmission2340
transmission2593_to_transmission2909_heat,#823740,LQ heat distribution,transmission,10000,0.99,20,transmission2909,transmission2593
transmission2593_to_transmission2909_electricity,#3186cc,LV electricity distribution,transmission,10000,0.99,20,transmission2909,transmission2593
transmission2909_to_transmission853_heat,#823740,LQ heat distribution,transmission,10000,0.99,20,transmission853,transmission2909
transmission2909_to_transmission853_electricity,#3186cc,LV electricity distribution,transmission,10000,0.99,20,transmission853,transmission2909
transmission2577_to_transmission1227_heat,#823740,LQ heat distribution,transmission,10000,0.99,20,transmission1227,transmission2577
transmission2577_to_transmission1227_electricity,#3186cc,LV electricity distribution,transmission,10000,0.99,20,transmission1227,transmission2577
transmission1227_to_transmission2804_heat,#823740,LQ heat distribution,transmission,10000,0.99,20,transmission2804,transmission1227
transmission1227_to_transmission2804_electricity,#3186cc,LV electricity distribution,transmission,10000,0.99,20,transmission2804,transmission1227
transmission2804_to_transmission1140_heat,#823740,LQ heat distribution,transmission,10000,0.99,20,transmission1140,transmission2804
transmission2804_to_transmission1140_electricity,#3186cc,LV electricity distribution,transmission,10000,0.99,20,transmission1140,transmission2804
transmission947_to_transmission2134_heat,#823740,LQ heat distribution,transmission,10000,0.99,20,transmission2134,transmission947
transmission947_to_transmission2134_electricity,#3186cc,LV electricity distribution,transmission,10000,0.99,20,transmission2134,transmission947
transmission2134_to_transmission776_heat,#823740,LQ heat distribution,transmission,10000,0.99,20,transmission776,transmission2134
transmission2134_to_transmission776_electricity,#3186cc,LV electricity distribution,transmission,10000,0.99,20,transmission776,transmission2134
transmission776_to_transmission2302_heat,#823740,LQ heat distribution,transmission,10000,0.99,20,transmission2302,transmission776
transmission776_to_transmission2302_electricity,#3186cc,LV electricity distribution,transmission,10000,0.99,20,transmission2302,transmission776
transmission2302_to_transmission1283_heat,#823740,LQ heat distribution,transmission,10000,0.99,20,transmission1283,transmission2302
transmission2302_to_transmission1283_electricity,#3186cc,LV electricity distribution,transmission,10000,0.99,20,transmission1283,transmission2302
transmission1283_to_transmission2458_heat,#823740,LQ heat distribution,transmission,10000,0.99,20,transmission2458,transmission1283
transmission1283_to_transmission2458_electricity,#3186cc,LV electricity distribution,transmission,10000,0.99,20,transmission2458,transmission1283
transmission2458_to_transmission1748_heat,#823740,LQ heat distribution,transmission,10000,0.99,20,transmission1748,transmission2458
transmission2458_to_transmission1748_electricity,#3186cc,LV electricity distribution,transmission,10000,0.99,20,transmission1748,transmission2458
transmission1748_to_transmission893_heat,#823740,LQ heat distribution,transmission,10000,0.99,20,transmission893,transmission1748
transmission1748_to_transmission893_electricity,#3186cc,LV electricity distribution,transmission,10000,0.99,20,transmission893,transmission1748
transmission893_to_transmission1141_heat,#823740,LQ heat distribution,transmission,10000,0.99,20,transmission1141,transmission893
transmission893_to_transmission1141_electricity,#3186cc,LV electricity distribution,transmission,10000,0.99,20,transmission1141,transmission893
transmission1141_to_transmission1782_heat,#823740,LQ heat distribution,transmission,10000,0.99,20,transmission1782,transmission1141
transmission1141_to_transmission1782_electricity,#3186cc,LV electricity distribution,transmission,10000,0.99,20,transmission1782,transmission1141
transmission1782_to_transmission971_heat,#823740,LQ heat distribution,transmission,10000,0.99,20,transmission971,transmission1782
transmission1782_to_transmission971_electricity,#3186cc,LV electricity distribution,transmission,10000,0.99,20,transmission971,transmission1782
transmission971_to_transmission3132_heat,#823740,LQ heat distribution,transmission,10000,0.99,20,transmission3132,transmission971
transmission971_to_transmission3132_electricity,#3186cc,LV electricity distribution,transmission,10000,0.99,20,transmission3132,transmission971
transmission3132_to_transmission1851_heat,#823740,LQ heat distribution,transmission,10000,0.99,20,transmission1851,transmission3132
transmission3132_to_transmission1851_electricity,#3186cc,LV electricity distribution,transmission,10000,0.99,20,transmission1851,transmission3132
transmission1851_to_transmission2989_heat,#823740,LQ heat distribution,transmission,10000,0.99,20,transmission2989,transmission1851
transmission1851_to_transmission2989_electricity,#3186cc,LV electricity distribution,transmission,10000,0.99,20,transmission2989,transmission1851
transmission2989_to_transmission779_heat,#823740,LQ heat distribution,transmission,10000,0.99,20,transmission779,transmission2989
transmission2989_to_transmission779_electricity,#3186cc,LV electricity distribution,transmission,10000,0.99,20,transmission779,transmission2989
transmission779_to_transmission512_heat,#823740,LQ heat distribution,transmission,10000,0.99,20,transmission512,transmission779
transmission779_to_transmission512_electricity,#3186cc,LV electricity distribution,transmission,10000,0.99,20,transmission512,transmission779
transmission512_to_transmission1610_heat,#823740,LQ heat distribution,transmission,10000,0.99,20,transmission1610,transmission512
transmission512_to_transmission1610_electricity,#3186cc,LV electricity distribution,transmission,10000,0.99,20,transmission1610,transmission512
transmission1610_to_transmission880_heat,#823740,LQ heat distribution,transmission,10000,0.99,20,transmission880,transmission1610
transmission1610_to_transmission880_electricity,#3186cc,LV electricity distribution,transmission,10000,0.99,20,transmission880,transmission1610
transmission880_to_transmission2577_heat,#823740,LQ heat distribution,transmission,10000,0.99,20,transmission2577,transmission880
transmission880_to_transmission2577_electricity,#3186cc,LV electricity distribution,transmission,10000,0.99,20,transmission2577,transmission880
transmission2109_to_transmission2167_heat,#823740,LQ heat distribution,transmission,10000,0.99,20,transmission2167,transmission2109
transmission2109_to_transmission2167_electricity,#3186cc,LV electricity distribution,transmission,10000,0.99,20,transmission2167,transmission2109
transmission2167_to_transmission2454_heat,#823740,LQ heat distribution,transmission,10000,0.99,20,transmission2454,transmission2167
transmission2167_to_transmission2454_electricity,#3186cc,LV electricity distribution,transmission,10000,0.99,20,transmission2454,transmission2167
transmission2454_to_transmission2181_heat,#823740,LQ heat distribution,transmission,10000,0.99,20,transmission2181,transmission2454
transmission2454_to_transmission2181_electricity,#3186cc,LV electricity distribution,transmission,10000,0.99,20,transmission2181,transmission2454
transmission1267_to_transmission929_heat,#823740,LQ heat distribution,transmission,10000,0.99,20,transmission929,transmission1267
transmission1267_to_transmission929_electricity,#3186cc,LV electricity distribution,transmission,10000,0.99,20,transmission929,transmission1267
transmission929_to_transmission1276_heat,#823740,LQ heat distribution,transmission,10000,0.99,20,transmission1276,transmission929
transmission929_to_transmission1276_electricity,#3186cc,LV electricity distribution,transmission,10000,0.99,20,transmission1276,transmission929
transmission1276_to_transmission1914_heat,#823740,LQ heat distribution,transmission,10000,0.99,20,transmission1914,transmission1276
transmission1276_to_transmission1914_electricity,#3186cc,LV electricity distribution,transmission,10000,0.99,20,transmission1914,transmission1276
transmission1914_to_transmission2518_heat,#823740,LQ heat distribution,transmission,10000,0.99,20,transmission2518,transmission1914
transmission1914_to_transmission2518_electricity,#3186cc,LV electricity distribution,transmission,10000,0.99,20,transmission2518,transmission1914
transmission2518_to_transmission962_heat,#823740,LQ heat distribution,transmission,10000,0.99,20,transmission962,transmission2518
transmission2518_to_transmission962_electricity,#3186cc,LV electricity distribution,transmission,10000,0.99,20,transmission962,transmission2518
transmission962_to_transmission2152_heat,#823740,LQ heat distribution,transmission,10000,0.99,20,transmission2152,transmission962
transmission962_to_transmission2152_electricity,#3186cc,LV electricity distribution,transmission,10000,0.99,20,transmission2152,transmission962
transmission2152_to_transmission1509_heat,#823740,LQ heat distribution,transmission,10000,0.99,20,transmission1509,transmission2152
transmission2152_to_transmission1509_electricity,#3186cc,LV electricity distribution,transmission,10000,0.99,20,transmission1509,transmission2152
transmission1509_to_transmission1808_heat,#823740,LQ heat distribution,transmission,10000,0.99,20,transmission1808,transmission1509
transmission1509_to_transmission1808_electricity,#3186cc,LV electricity distribution,transmission,10000,0.99,20,transmission1808,transmission1509
transmission1808_to_transmission789_heat,#823740,LQ heat distribution,transmission,10000,0.99,20,transmission789,transmission1808
transmission1808_to_transmission789_electricity,#3186cc,LV electricity distribution,transmission,10000,0.99,20,transmission789,transmission1808
transmission789_to_transmission871_heat,#823740,LQ heat distribution,transmission,10000,0.99,20,transmission871,transmission789
transmission789_to_transmission871_electricity,#3186cc,LV electricity distribution,transmission,10000,0.99,20,transmission871,transmission789
transmission871_to_transmission1075_heat,#823740,LQ heat distribution,transmission,10000,0.99,20,transmission1075,transmission871
transmission871_to_transmission1075_electricity,#3186cc,LV electricity distribution,transmission,10000,0.99,20,transmission1075,transmission871
transmission1075_to_transmission659_heat,#823740,LQ heat distribution,transmission,10000,0.99,20,transmission659,transmission1075
transmission1075_to_transmission659_electricity,#3186cc,LV electricity distribution,transmission,10000,0.99,20,transmission659,transmission1075
transmission659_to_transmission2830_heat,#823740,LQ heat distribution,transmission,10000,0.99,20,transmission2830,transmission659
transmission659_to_transmission2830_electricity,#3186cc,LV electricity distribution,transmission,10000,0.99,20,transmission2830,transmission659
transmission2830_to_transmission2915_heat,#823740,LQ heat distribution,transmission,10000,0.99,20,transmission2915,transmission2830
transmission2830_to_transmission2915_electricity,#3186cc,LV electricity distribution,transmission,10000,0.99,20,transmission2915,transmission2830
transmission2915_to_transmission2177_heat,#823740,LQ heat distribution,transmission,10000,0.99,20,transmission2177,transmission2915
transmission2915_to_transmission2177_electricity,#3186cc,LV electricity distribution,transmission,10000,0.99,20,transmission2177,transmission2915
transmission2177_to_transmission1744_heat,#823740,LQ heat distribution,transmission,10000,0.99,20,transmission1744,transmission2177
transmission2177_to_transmission1744_electricity,#3186cc,LV electricity distribution,transmission,10000,0.99,20,transmission1744,transmission2177
transmission1744_to_transmission2585_heat,#823740,LQ heat distribution,transmission,10000,0.99,20,transmission2585,transmission1744
transmission1744_to_transmission2585_electricity,#3186cc,LV electricity distribution,transmission,10000,0.99,20,transmission2585,transmission1744
transmission2585_to_transmission1335_heat,#823740,LQ heat distribution,transmission,10000,0.99,20,transmission1335,transmission2585
transmission2585_to_transmission1335_electricity,#3186cc,LV electricity distribution,transmission,10000,0.99,20,transmission1335,transmission2585
transmission1335_to_transmission2153_heat,#823740,LQ heat distribution,transmission,10000,0.99,20,transmission2153,transmission1335
transmission1335_to_transmission2153_electricity,#3186cc,LV electricity distribution,transmission,10000,0.99,20,transmission2153,transmission1335
transmission2153_to_transmission1547_heat,#823740,LQ heat distribution,transmission,10000,0.99,20,transmission1547,transmission2153
transmission2153_to_transmission1547_electricity,#3186cc,LV electricity distribution,transmission,10000,0.99,20,transmission1547,transmission2153
transmission1547_to_transmission577_heat,#823740,LQ heat distribution,transmission,10000,0.99,20,transmission577,transmission1547
transmission1547_to_transmission577_electricity,#3186cc,LV electricity distribution,transmission,10000,0.99,20,transmission577,transmission1547
transmission577_to_transmission1789_heat,#823740,LQ heat distribution,transmission,10000,0.99,20,transmission1789,transmission577
transmission577_to_transmission1789_electricity,#3186cc,LV electricity distribution,transmission,10000,0.99,20,transmission1789,transmission577
transmission1207_to_transmission2885_heat,#823740,LQ heat distribution,transmission,10000,0.99,20,transmission2885,transmission1207
transmission1207_to_transmission2885_electricity,#3186cc,LV electricity distribution,transmission,10000,0.99,20,transmission2885,transmission1207
transmission2885_to_transmission3113_heat,#823740,LQ heat distribution,transmission,10000,0.99,20,transmission3113,transmission2885
transmission2885_to_transmission3113_electricity,#3186cc,LV electricity distribution,transmission,10000,0.99,20,transmission3113,transmission2885
transmission3113_to_transmission1911_heat,#823740,LQ heat distribution,transmission,10000,0.99,20,transmission1911,transmission3113
transmission3113_to_transmission1911_electricity,#3186cc,LV electricity distribution,transmission,10000,0.99,20,transmission1911,transmission3113
transmission1911_to_transmission3404_heat,#823740,LQ heat distribution,transmission,10000,0.99,20,transmission3404,transmission1911
transmission1911_to_transmission3404_electricity,#3186cc,LV electricity distribution,transmission,10000,0.99,20,transmission3404,transmission1911
transmission3404_to_transmission849_heat,#823740,LQ heat distribution,transmission,10000,0.99,20,transmission849,transmission3404
transmission3404_to_transmission849_electricity,#3186cc,LV electricity distribution,transmission,10000,0.99,20,transmission849,transmission3404
transmission849_to_transmission541_heat,#823740,LQ heat distribution,transmission,10000,0.99,20,transmission541,transmission849
transmission849_to_transmission541_electricity,#3186cc,LV electricity distribution,transmission,10000,0.99,20,transmission541,transmission849
transmission541_to_transmission2516_heat,#823740,LQ heat distribution,transmission,10000,0.99,20,transmission2516,transmission541
transmission541_to_transmission2516_electricity,#3186cc,LV electricity distribution,transmission,10000,0.99,20,transmission2516,transmission541
transmission2516_to_transmission1580_heat,#823740,LQ heat distribution,transmission,10000,0.99,20,transmission1580,transmission2516
transmission2516_to_transmission1580_electricity,#3186cc,LV electricity distribution,transmission,10000,0.99,20,transmission1580,transmission2516
transmission1580_to_transmission2330_heat,#823740,LQ heat distribution,transmission,10000,0.99,20,transmission2330,transmission1580
transmission1580_to_transmission2330_electricity,#3186cc,LV electricity distribution,transmission,10000,0.99,20,transmission2330,transmission1580
transmission2330_to_transmission1726_heat,#823740,LQ heat distribution,transmission,10000,0.99,20,transmission1726,transmission2330
transmission2330_to_transmission1726_electricity,#3186cc,LV electricity distribution,transmission,10000,0.99,20,transmission1726,transmission2330
transmission1726_to_transmission2971_heat,#823740,LQ heat distribution,transmission,10000,0.99,20,transmission2971,transmission1726
transmission1726_to_transmission2971_electricity,#3186cc,LV electricity distribution,transmission,10000,0.99,20,transmission2971,transmission1726
transmission2971_to_transmission3020_heat,#823740,LQ heat distribution,transmission,10000,0.99,20,transmission3020,transmission2971
transmission2971_to_transmission3020_electricity,#3186cc,LV electricity distribution,transmission,10000,0.99,20,transmission3020,transmission2971
transmission3020_to_transmission3014_heat,#823740,LQ heat distribution,transmission,10000,0.99,20,transmission3014,transmission3020
transmission3020_to_transmission3014_electricity,#3186cc,LV electricity distribution,transmission,10000,0.99,20,transmission3014,transmission3020
transmission3014_to_transmission2369_heat,#823740,LQ heat distribution,transmission,10000,0.99,20,transmission2369,transmission3014
transmission3014_to_transmission2369_electricity,#3186cc,LV electricity distribution,transmission,10000,0.99,20,transmission2369,transmission3014
transmission2369_to_transmission1152_heat,#823740,LQ heat distribution,transmission,10000,0.99,20,transmission1152,transmission2369
transmission2369_to_transmission1152_electricity,#3186cc,LV electricity distribution,transmission,10000,0.99,20,transmission1152,transmission2369
transmission1152_to_transmission3128_heat,#823740,LQ heat distribution,transmission,10000,0.99,20,transmission3128,transmission1152
transmission1152_to_transmission3128_electricity,#3186cc,LV electricity distribution,transmission,10000,0.99,20,transmission3128,transmission1152
transmission3128_to_transmission3430_heat,#823740,LQ heat distribution,transmission,10000,0.99,20,transmission3430,transmission3128
transmission3128_to_transmission3430_electricity,#3186cc,LV electricity distribution,transmission,10000,0.99,20,transmission3430,transmission3128
transmission3430_to_transmission2346_heat,#823740,LQ heat distribution,transmission,10000,0.99,20,transmission2346,transmission3430
transmission3430_to_transmission2346_electricity,#3186cc,LV electricity distribution,transmission,10000,0.99,20,transmission2346,transmission3430
transmission3314_to_transmission1542_heat,#823740,LQ heat distribution,transmission,10000,0.99,20,transmission1542,transmission3314
transmission3314_to_transmission1542_electricity,#3186cc,LV electricity distribution,transmission,10000,0.99,20,transmission1542,transmission3314
transmission1542_to_transmission2868_heat,#823740,LQ heat distribution,transmission,10000,0.99,20,transmission2868,transmission1542
transmission1542_to_transmission2868_electricity,#3186cc,LV electricity distribution,transmission,10000,0.99,20,transmission2868,transmission1542
transmission2868_to_transmission1929_heat,#823740,LQ heat distribution,transmission,10000,0.99,20,transmission1929,transmission2868
transmission2868_to_transmission1929_electricity,#3186cc,LV electricity distribution,transmission,10000,0.99,20,transmission1929,transmission2868
transmission1929_to_transmission1690_heat,#823740,LQ heat distribution,transmission,10000,0.99,20,transmission1690,transmission1929
transmission1929_to_transmission1690_electricity,#3186cc,LV electricity distribution,transmission,10000,0.99,20,transmission1690,transmission1929
transmission1690_to_transmission1354_heat,#823740,LQ heat distribution,transmission,10000,0.99,20,transmission1354,transmission1690
transmission1690_to_transmission1354_electricity,#3186cc,LV electricity distribution,transmission,10000,0.99,20,transmission1354,transmission1690
transmission1354_to_transmission3053_heat,#823740,LQ heat distribution,transmission,10000,0.99,20,transmission3053,transmission1354
transmission1354_to_transmission3053_electricity,#3186cc,LV electricity distribution,transmission,10000,0.99,20,transmission3053,transmission1354
transmission3053_to_transmission2074_heat,#823740,LQ heat distribution,transmission,10000,0.99,20,transmission2074,transmission3053
transmission3053_to_transmission2074_electricity,#3186cc,LV electricity distribution,transmission,10000,0.99,20,transmission2074,transmission3053
transmission2074_to_transmission1843_heat,#823740,LQ heat distribution,transmission,10000,0.99,20,transmission1843,transmission2074
transmission2074_to_transmission1843_electricity,#3186cc,LV electricity distribution,transmission,10000,0.99,20,transmission1843,transmission2074
transmission1843_to_transmission2597_heat,#823740,LQ heat distribution,transmission,10000,0.99,20,transmission2597,transmission1843
transmission1843_to_transmission2597_electricity,#3186cc,LV electricity distribution,transmission,10000,0.99,20,transmission2597,transmission1843
transmission2597_to_transmission912_heat,#823740,LQ heat distribution,transmission,10000,0.99,20,transmission912,transmission2597
transmission2597_to_transmission912_electricity,#3186cc,LV electricity distribution,transmission,10000,0.99,20,transmission912,transmission2597
transmission912_to_transmission1364_heat,#823740,LQ heat distribution,transmission,10000,0.99,20,transmission1364,transmission912
transmission912_to_transmission1364_electricity,#3186cc,LV electricity distribution,transmission,10000,0.99,20,transmission1364,transmission912
transmission1364_to_transmission3060_heat,#823740,LQ heat distribution,transmission,10000,0.99,20,transmission3060,transmission1364
transmission1364_to_transmission3060_electricity,#3186cc,LV electricity distribution,transmission,10000,0.99,20,transmission3060,transmission1364
transmission3060_to_transmission1846_heat,#823740,LQ heat distribution,transmission,10000,0.99,20,transmission1846,transmission3060
transmission3060_to_transmission1846_electricity,#3186cc,LV electricity distribution,transmission,10000,0.99,20,transmission1846,transmission3060
transmission1846_to_transmission2508_heat,#823740,LQ heat distribution,transmission,10000,0.99,20,transmission2508,transmission1846
transmission1846_to_transmission2508_electricity,#3186cc,LV electricity distribution,transmission,10000,0.99,20,transmission2508,transmission1846
transmission2508_to_transmission1185_heat,#823740,LQ heat distribution,transmission,10000,0.99,20,transmission1185,transmission2508
transmission2508_to_transmission1185_electricity,#3186cc,LV electricity distribution,transmission,10000,0.99,20,transmission1185,transmission2508
transmission1185_to_transmission922_heat,#823740,LQ heat distribution,transmission,10000,0.99,20,transmission922,transmission1185
transmission1185_to_transmission922_electricity,#3186cc,LV electricity distribution,transmission,10000,0.99,20,transmission922,transmission1185
transmission962_to_transmission741_heat,#823740,LQ heat distribution,transmission,10000,0.99,20,transmission741,transmission962
transmission962_to_transmission741_electricity,#3186cc,LV electricity distribution,transmission,10000,0.99,20,transmission741,transmission962
transmission741_to_transmission621_heat,#823740,LQ heat distribution,transmission,10000,0.99,20,transmission621,transmission741
transmission741_to_transmission621_electricity,#3186cc,LV electricity distribution,transmission,10000,0.99,20,transmission621,transmission741
transmission621_to_transmission746_heat,#823740,LQ heat distribution,transmission,10000,0.99,20,transmission746,transmission621
transmission621_to_transmission746_electricity,#3186cc,LV electricity distribution,transmission,10000,0.99,20,transmission746,transmission621
transmission746_to_transmission2018_heat,#823740,LQ heat distribution,transmission,10000,0.99,20,transmission2018,transmission746
transmission746_to_transmission2018_electricity,#3186cc,LV electricity distribution,transmission,10000,0.99,20,transmission2018,transmission746
transmission2018_to_transmission1459_heat,#823740,LQ heat distribution,transmission,10000,0.99,20,transmission1459,transmission2018
transmission2018_to_transmission1459_electricity,#3186cc,LV electricity distribution,transmission,10000,0.99,20,transmission1459,transmission2018
transmission1459_to_transmission579_heat,#823740,LQ heat distribution,transmission,10000,0.99,20,transmission579,transmission1459
transmission1459_to_transmission579_electricity,#3186cc,LV electricity distribution,transmission,10000,0.99,20,transmission579,transmission1459
transmission579_to_transmission3180_heat,#823740,LQ heat distribution,transmission,10000,0.99,20,transmission3180,transmission579
transmission579_to_transmission3180_electricity,#3186cc,LV electricity distribution,transmission,10000,0.99,20,transmission3180,transmission579
transmission3180_to_transmission1266_heat,#823740,LQ heat distribution,transmission,10000,0.99,20,transmission1266,transmission3180
transmission3180_to_transmission1266_electricity,#3186cc,LV electricity distribution,transmission,10000,0.99,20,transmission1266,transmission3180
transmission1266_to_transmission1330_heat,#823740,LQ heat distribution,transmission,10000,0.99,20,transmission1330,transmission1266
transmission1266_to_transmission1330_electricity,#3186cc,LV electricity distribution,transmission,10000,0.99,20,transmission1330,transmission1266
transmission1330_to_transmission1356_heat,#823740,LQ heat distribution,transmission,10000,0.99,20,transmission1356,transmission1330
transmission1330_to_transmission1356_electricity,#3186cc,LV electricity distribution,transmission,10000,0.99,20,transmission1356,transmission1330
transmission1356_to_transmission2288_heat,#823740,LQ heat distribution,transmission,10000,0.99,20,transmission2288,transmission1356
transmission1356_to_transmission2288_electricity,#3186cc,LV electricity distribution,transmission,10000,0.99,20,transmission2288,transmission1356
transmission2288_to_transmission2347_heat,#823740,LQ heat distribution,transmission,10000,0.99,20,transmission2347,transmission2288
transmission2288_to_transmission2347_electricity,#3186cc,LV electricity distribution,transmission,10000,0.99,20,transmission2347,transmission2288
transmission579_to_transmission3208_heat,#823740,LQ heat distribution,transmission,10000,0.99,20,transmission3208,transmission579
transmission579_to_transmission3208_electricity,#3186cc,LV electricity distribution,transmission,10000,0.99,20,transmission3208,transmission579
transmission3208_to_transmission1947_heat,#823740,LQ heat distribution,transmission,10000,0.99,20,transmission1947,transmission3208
transmission3208_to_transmission1947_electricity,#3186cc,LV electricity distribution,transmission,10000,0.99,20,transmission1947,transmission3208
transmission1947_to_transmission936_heat,#823740,LQ heat distribution,transmission,10000,0.99,20,transmission936,transmission1947
transmission1947_to_transmission936_electricity,#3186cc,LV electricity distribution,transmission,10000,0.99,20,transmission936,transmission1947
transmission936_to_transmission2534_heat,#823740,LQ heat distribution,transmission,10000,0.99,20,transmission2534,transmission936
transmission936_to_transmission2534_electricity,#3186cc,LV electricity distribution,transmission,10000,0.99,20,transmission2534,transmission936
transmission2534_to_transmission1555_heat,#823740,LQ heat distribution,transmission,10000,0.99,20,transmission1555,transmission2534
transmission2534_to_transmission1555_electricity,#3186cc,LV electricity distribution,transmission,10000,0.99,20,transmission1555,transmission2534
transmission1555_to_transmission1190_heat,#823740,LQ heat distribution,transmission,10000,0.99,20,transmission1190,transmission1555
transmission1555_to_transmission1190_electricity,#3186cc,LV electricity distribution,transmission,10000,0.99,20,transmission1190,transmission1555
transmission1190_to_transmission3086_heat,#823740,LQ heat distribution,transmission,10000,0.99,20,transmission3086,transmission1190
transmission1190_to_transmission3086_electricity,#3186cc,LV electricity distribution,transmission,10000,0.99,20,transmission3086,transmission1190
transmission3086_to_transmission927_heat,#823740,LQ heat distribution,transmission,10000,0.99,20,transmission927,transmission3086
transmission3086_to_transmission927_electricity,#3186cc,LV electricity distribution,transmission,10000,0.99,20,transmission927,transmission3086
transmission927_to_transmission2212_heat,#823740,LQ heat distribution,transmission,10000,0.99,20,transmission2212,transmission927
transmission927_to_transmission2212_electricity,#3186cc,LV electricity distribution,transmission,10000,0.99,20,transmission2212,transmission927
transmission2212_to_transmission1614_heat,#823740,LQ heat distribution,transmission,10000,0.99,20,transmission1614,transmission2212
transmission2212_to_transmission1614_electricity,#3186cc,LV electricity distribution,transmission,10000,0.99,20,transmission1614,transmission2212
transmission1614_to_transmission2836_heat,#823740,LQ heat distribution,transmission,10000,0.99,20,transmission2836,transmission1614
transmission1614_to_transmission2836_electricity,#3186cc,LV electricity distribution,transmission,10000,0.99,20,transmission2836,transmission1614
transmission2836_to_transmission1540_heat,#823740,LQ heat distribution,transmission,10000,0.99,20,transmission1540,transmission2836
transmission2836_to_transmission1540_electricity,#3186cc,LV electricity distribution,transmission,10000,0.99,20,transmission1540,transmission2836
transmission1797_to_transmission1907_heat,#823740,LQ heat distribution,transmission,10000,0.99,20,transmission1907,transmission1797
transmission1797_to_transmission1907_electricity,#3186cc,LV electricity distribution,transmission,10000,0.99,20,transmission1907,transmission1797
transmission1907_to_transmission2612_heat,#823740,LQ heat distribution,transmission,10000,0.99,20,transmission2612,transmission1907
transmission1907_to_transmission2612_electricity,#3186cc,LV electricity distribution,transmission,10000,0.99,20,transmission2612,transmission1907
transmission2612_to_transmission1440_heat,#823740,LQ heat distribution,transmission,10000,0.99,20,transmission1440,transmission2612
transmission2612_to_transmission1440_electricity,#3186cc,LV electricity distribution,transmission,10000,0.99,20,transmission1440,transmission2612
transmission1440_to_transmission1992_heat,#823740,LQ heat distribution,transmission,10000,0.99,20,transmission1992,transmission1440
transmission1440_to_transmission1992_electricity,#3186cc,LV electricity distribution,transmission,10000,0.99,20,transmission1992,transmission1440
transmission1992_to_transmission1739_heat,#823740,LQ heat distribution,transmission,10000,0.99,20,transmission1739,transmission1992
transmission1992_to_transmission1739_electricity,#3186cc,LV electricity distribution,transmission,10000,0.99,20,transmission1739,transmission1992
transmission1739_to_transmission2677_heat,#823740,LQ heat distribution,transmission,10000,0.99,20,transmission2677,transmission1739
transmission1739_to_transmission2677_electricity,#3186cc,LV electricity distribution,transmission,10000,0.99,20,transmission2677,transmission1739
transmission2677_to_transmission2591_heat,#823740,LQ heat distribution,transmission,10000,0.99,20,transmission2591,transmission2677
transmission2677_to_transmission2591_electricity,#3186cc,LV electricity distribution,transmission,10000,0.99,20,transmission2591,transmission2677
transmission2591_to_transmission1054_heat,#823740,LQ heat distribution,transmission,10000,0.99,20,transmission1054,transmission2591
transmission2591_to_transmission1054_electricity,#3186cc,LV electricity distribution,transmission,10000,0.99,20,transmission1054,transmission2591
transmission1054_to_transmission1404_heat,#823740,LQ heat distribution,transmission,10000,0.99,20,transmission1404,transmission1054
transmission1054_to_transmission1404_electricity,#3186cc,LV electricity distribution,transmission,10000,0.99,20,transmission1404,transmission1054
transmission1404_to_transmission2159_heat,#823740,LQ heat distribution,transmission,10000,0.99,20,transmission2159,transmission1404
transmission1404_to_transmission2159_electricity,#3186cc,LV electricity distribution,transmission,10000,0.99,20,transmission2159,transmission1404
transmission2159_to_transmission938_heat,#823740,LQ heat distribution,transmission,10000,0.99,20,transmission938,transmission2159
transmission2159_to_transmission938_electricity,#3186cc,LV electricity distribution,transmission,10000,0.99,20,transmission938,transmission2159
transmission938_to_transmission1504_heat,#823740,LQ heat distribution,transmission,10000,0.99,20,transmission1504,transmission938
transmission938_to_transmission1504_electricity,#3186cc,LV electricity distribution,transmission,10000,0.99,20,transmission1504,transmission938
transmission1504_to_transmission710_heat,#823740,LQ heat distribution,transmission,10000,0.99,20,transmission710,transmission1504
transmission1504_to_transmission710_electricity,#3186cc,LV electricity distribution,transmission,10000,0.99,20,transmission710,transmission1504
transmission710_to_transmission3264_heat,#823740,LQ heat distribution,transmission,10000,0.99,20,transmission3264,transmission710
transmission710_to_transmission3264_electricity,#3186cc,LV electricity distribution,transmission,10000,0.99,20,transmission3264,transmission710
transmission3264_to_transmission580_heat,#823740,LQ heat distribution,transmission,10000,0.99,20,transmission580,transmission3264
transmission3264_to_transmission580_electricity,#3186cc,LV electricity distribution,transmission,10000,0.99,20,transmission580,transmission3264
transmission580_to_transmission782_heat,#823740,LQ heat distribution,transmission,10000,0.99,20,transmission782,transmission580
transmission580_to_transmission782_electricity,#3186cc,LV electricity distribution,transmission,10000,0.99,20,transmission782,transmission580
transmission782_to_transmission2975_heat,#823740,LQ heat distribution,transmission,10000,0.99,20,transmission2975,transmission782
transmission782_to_transmission2975_electricity,#3186cc,LV electricity distribution,transmission,10000,0.99,20,transmission2975,transmission782
transmission2975_to_transmission644_heat,#823740,LQ heat distribution,transmission,10000,0.99,20,transmission644,transmission2975
transmission2975_to_transmission644_electricity,#3186cc,LV electricity distribution,transmission,10000,0.99,20,transmission644,transmission2975
transmission644_to_transmission2905_heat,#823740,LQ heat distribution,transmission,10000,0.99,20,transmission2905,transmission644
transmission644_to_transmission2905_electricity,#3186cc,LV electricity distribution,transmission,10000,0.99,20,transmission2905,transmission644
transmission2905_to_transmission809_heat,#823740,LQ heat distribution,transmission,10000,0.99,20,transmission809,transmission2905
transmission2905_to_transmission809_electricity,#3186cc,LV electricity distribution,transmission,10000,0.99,20,transmission809,transmission2905
transmission809_to_transmission1975_heat,#823740,LQ heat distribution,transmission,10000,0.99,20,transmission1975,transmission809
transmission809_to_transmission1975_electricity,#3186cc,LV electricity distribution,transmission,10000,0.99,20,transmission1975,transmission809
transmission1975_to_transmission3210_heat,#823740,LQ heat distribution,transmission,10000,0.99,20,transmission3210,transmission1975
transmission1975_to_transmission3210_electricity,#3186cc,LV electricity distribution,transmission,10000,0.99,20,transmission3210,transmission1975
transmission3210_to_transmission2077_heat,#823740,LQ heat distribution,transmission,10000,0.99,20,transmission2077,transmission3210
transmission3210_to_transmission2077_electricity,#3186cc,LV electricity distribution,transmission,10000,0.99,20,transmission2077,transmission3210
transmission2077_to_transmission1855_heat,#823740,LQ heat distribution,transmission,10000,0.99,20,transmission1855,transmission2077
transmission2077_to_transmission1855_electricity,#3186cc,LV electricity distribution,transmission,10000,0.99,20,transmission1855,transmission2077
transmission1855_to_transmission677_heat,#823740,LQ heat distribution,transmission,10000,0.99,20,transmission677,transmission1855
transmission1855_to_transmission677_electricity,#3186cc,LV electricity distribution,transmission,10000,0.99,20,transmission677,transmission1855
transmission677_to_transmission2307_heat,#823740,LQ heat distribution,transmission,10000,0.99,20,transmission2307,transmission677
transmission677_to_transmission2307_electricity,#3186cc,LV electricity distribution,transmission,10000,0.99,20,transmission2307,transmission677
transmission2307_to_transmission2479_heat,#823740,LQ heat distribution,transmission,10000,0.99,20,transmission2479,transmission2307
transmission2307_to_transmission2479_electricity,#3186cc,LV electricity distribution,transmission,10000,0.99,20,transmission2479,transmission2307
transmission2479_to_transmission3106_heat,#823740,LQ heat distribution,transmission,10000,0.99,20,transmission3106,transmission2479
transmission2479_to_transmission3106_electricity,#3186cc,LV electricity distribution,transmission,10000,0.99,20,transmission3106,transmission2479
transmission3106_to_transmission1866_heat,#823740,LQ heat distribution,transmission,10000,0.99,20,transmission1866,transmission3106
transmission3106_to_transmission1866_electricity,#3186cc,LV electricity distribution,transmission,10000,0.99,20,transmission1866,transmission3106
transmission1866_to_transmission1081_heat,#823740,LQ heat distribution,transmission,10000,0.99,20,transmission1081,transmission1866
transmission1866_to_transmission1081_electricity,#3186cc,LV electricity distribution,transmission,10000,0.99,20,transmission1081,transmission1866
transmission1081_to_transmission2880_heat,#823740,LQ heat distribution,transmission,10000,0.99,20,transmission2880,transmission1081
transmission1081_to_transmission2880_electricity,#3186cc,LV electricity distribution,transmission,10000,0.99,20,transmission2880,transmission1081
transmission2880_to_transmission2391_heat,#823740,LQ heat distribution,transmission,10000,0.99,20,transmission2391,transmission2880
transmission2880_to_transmission2391_electricity,#3186cc,LV electricity distribution,transmission,10000,0.99,20,transmission2391,transmission2880
transmission2434_to_transmission822_heat,#823740,LQ heat distribution,transmission,10000,0.99,20,transmission822,transmission2434
transmission2434_to_transmission822_electricity,#3186cc,LV electricity distribution,transmission,10000,0.99,20,transmission822,transmission2434
transmission822_to_transmission2527_heat,#823740,LQ heat distribution,transmission,10000,0.99,20,transmission2527,transmission822
transmission822_to_transmission2527_electricity,#3186cc,LV electricity distribution,transmission,10000,0.99,20,transmission2527,transmission822
transmission2527_to_transmission2897_heat,#823740,LQ heat distribution,transmission,10000,0.99,20,transmission2897,transmission2527
transmission2527_to_transmission2897_electricity,#3186cc,LV electricity distribution,transmission,10000,0.99,20,transmission2897,transmission2527
transmission2897_to_transmission1129_heat,#823740,LQ heat distribution,transmission,10000,0.99,20,transmission1129,transmission2897
transmission2897_to_transmission1129_electricity,#3186cc,LV electricity distribution,transmission,10000,0.99,20,transmission1129,transmission2897
transmission1129_to_transmission1699_heat,#823740,LQ heat distribution,transmission,10000,0.99,20,transmission1699,transmission1129
transmission1129_to_transmission1699_electricity,#3186cc,LV electricity distribution,transmission,10000,0.99,20,transmission1699,transmission1129
transmission1699_to_transmission2647_heat,#823740,LQ heat distribution,transmission,10000,0.99,20,transmission2647,transmission1699
transmission1699_to_transmission2647_electricity,#3186cc,LV electricity distribution,transmission,10000,0.99,20,transmission2647,transmission1699
transmission2647_to_transmission915_heat,#823740,LQ heat distribution,transmission,10000,0.99,20,transmission915,transmission2647
transmission2647_to_transmission915_electricity,#3186cc,LV electricity distribution,transmission,10000,0.99,20,transmission915,transmission2647
transmission3220_to_transmission1161_heat,#823740,LQ heat distribution,transmission,10000,0.99,20,transmission1161,transmission3220
transmission3220_to_transmission1161_electricity,#3186cc,LV electricity distribution,transmission,10000,0.99,20,transmission1161,transmission3220
transmission1161_to_transmission2072_heat,#823740,LQ heat distribution,transmission,10000,0.99,20,transmission2072,transmission1161
transmission1161_to_transmission2072_electricity,#3186cc,LV electricity distribution,transmission,10000,0.99,20,transmission2072,transmission1161
transmission2072_to_transmission1265_heat,#823740,LQ heat distribution,transmission,10000,0.99,20,transmission1265,transmission2072
transmission2072_to_transmission1265_electricity,#3186cc,LV electricity distribution,transmission,10000,0.99,20,transmission1265,transmission2072
transmission1265_to_transmission1964_heat,#823740,LQ heat distribution,transmission,10000,0.99,20,transmission1964,transmission1265
transmission1265_to_transmission1964_electricity,#3186cc,LV electricity distribution,transmission,10000,0.99,20,transmission1964,transmission1265
transmission1964_to_transmission3123_heat,#823740,LQ heat distribution,transmission,10000,0.99,20,transmission3123,transmission1964
transmission1964_to_transmission3123_electricity,#3186cc,LV electricity distribution,transmission,10000,0.99,20,transmission3123,transmission1964
transmission3123_to_transmission1751_heat,#823740,LQ heat distribution,transmission,10000,0.99,20,transmission1751,transmission3123
transmission3123_to_transmission1751_electricity,#3186cc,LV electricity distribution,transmission,10000,0.99,20,transmission1751,transmission3123
transmission1751_to_transmission1450_heat,#823740,LQ heat distribution,transmission,10000,0.99,20,transmission1450,transmission1751
transmission1751_to_transmission1450_electricity,#3186cc,LV electricity distribution,transmission,10000,0.99,20,transmission1450,transmission1751
transmission1450_to_transmission1385_heat,#823740,LQ heat distribution,transmission,10000,0.99,20,transmission1385,transmission1450
transmission1450_to_transmission1385_electricity,#3186cc,LV electricity distribution,transmission,10000,0.99,20,transmission1385,transmission1450
transmission1385_to_transmission3213_heat,#823740,LQ heat distribution,transmission,10000,0.99,20,transmission3213,transmission1385
transmission1385_to_transmission3213_electricity,#3186cc,LV electricity distribution,transmission,10000,0.99,20,transmission3213,transmission1385
transmission3213_to_transmission1148_heat,#823740,LQ heat distribution,transmission,10000,0.99,20,transmission1148,transmission3213
transmission3213_to_transmission1148_electricity,#3186cc,LV electricity distribution,transmission,10000,0.99,20,transmission1148,transmission3213
transmission1355_to_transmission3254_heat,#823740,LQ heat distribution,transmission,10000,0.99,20,transmission3254,transmission1355
transmission1355_to_transmission3254_electricity,#3186cc,LV electricity distribution,transmission,10000,0.99,20,transmission3254,transmission1355
transmission3254_to_transmission1321_heat,#823740,LQ heat distribution,transmission,10000,0.99,20,transmission1321,transmission3254
transmission3254_to_transmission1321_electricity,#3186cc,LV electricity distribution,transmission,10000,0.99,20,transmission1321,transmission3254
transmission1321_to_transmission2269_heat,#823740,LQ heat distribution,transmission,10000,0.99,20,transmission2269,transmission1321
transmission1321_to_transmission2269_electricity,#3186cc,LV electricity distribution,transmission,10000,0.99,20,transmission2269,transmission1321
transmission2269_to_transmission3232_heat,#823740,LQ heat distribution,transmission,10000,0.99,20,transmission3232,transmission2269
transmission2269_to_transmission3232_electricity,#3186cc,LV electricity distribution,transmission,10000,0.99,20,transmission3232,transmission2269
transmission3232_to_transmission1951_heat,#823740,LQ heat distribution,transmission,10000,0.99,20,transmission1951,transmission3232
transmission3232_to_transmission1951_electricity,#3186cc,LV electricity distribution,transmission,10000,0.99,20,transmission1951,transmission3232
transmission1951_to_transmission2916_heat,#823740,LQ heat distribution,transmission,10000,0.99,20,transmission2916,transmission1951
transmission1951_to_transmission2916_electricity,#3186cc,LV electricity distribution,transmission,10000,0.99,20,transmission2916,transmission1951
transmission2916_to_transmission928_heat,#823740,LQ heat distribution,transmission,10000,0.99,20,transmission928,transmission2916
transmission2916_to_transmission928_electricity,#3186cc,LV electricity distribution,transmission,10000,0.99,20,transmission928,transmission2916
transmission928_to_transmission2238_heat,#823740,LQ heat distribution,transmission,10000,0.99,20,transmission2238,transmission928
transmission928_to_transmission2238_electricity,#3186cc,LV electricity distribution,transmission,10000,0.99,20,transmission2238,transmission928
transmission2238_to_transmission3181_heat,#823740,LQ heat distribution,transmission,10000,0.99,20,transmission3181,transmission2238
transmission2238_to_transmission3181_electricity,#3186cc,LV electricity distribution,transmission,10000,0.99,20,transmission3181,transmission2238
transmission3181_to_transmission2185_heat,#823740,LQ heat distribution,transmission,10000,0.99,20,transmission2185,transmission3181
transmission3181_to_transmission2185_electricity,#3186cc,LV electricity distribution,transmission,10000,0.99,20,transmission2185,transmission3181
transmission2798_to_transmission3075_heat,#823740,LQ heat distribution,transmission,10000,0.99,20,transmission3075,transmission2798
transmission2798_to_transmission3075_electricity,#3186cc,LV electricity distribution,transmission,10000,0.99,20,transmission3075,transmission2798
transmission3075_to_transmission3078_heat,#823740,LQ heat distribution,transmission,10000,0.99,20,transmission3078,transmission3075
transmission3075_to_transmission3078_electricity,#3186cc,LV electricity distribution,transmission,10000,0.99,20,transmission3078,transmission3075
transmission3078_to_transmission2043_heat,#823740,LQ heat distribution,transmission,10000,0.99,20,transmission2043,transmission3078
transmission3078_to_transmission2043_electricity,#3186cc,LV electricity distribution,transmission,10000,0.99,20,transmission2043,transmission3078
transmission2043_to_transmission2631_heat,#823740,LQ heat distribution,transmission,10000,0.99,20,transmission2631,transmission2043
transmission2043_to_transmission2631_electricity,#3186cc,LV electricity distribution,transmission,10000,0.99,20,transmission2631,transmission2043
transmission2631_to_transmission2942_heat,#823740,LQ heat distribution,transmission,10000,0.99,20,transmission2942,transmission2631
transmission2631_to_transmission2942_electricity,#3186cc,LV electricity distribution,transmission,10000,0.99,20,transmission2942,transmission2631
transmission2942_to_transmission3215_heat,#823740,LQ heat distribution,transmission,10000,0.99,20,transmission3215,transmission2942
transmission2942_to_transmission3215_electricity,#3186cc,LV electricity distribution,transmission,10000,0.99,20,transmission3215,transmission2942
transmission3215_to_transmission3220_heat,#823740,LQ heat distribution,transmission,10000,0.99,20,transmission3220,transmission3215
transmission3215_to_transmission3220_electricity,#3186cc,LV electricity distribution,transmission,10000,0.99,20,transmission3220,transmission3215
transmission3220_to_transmission1180_heat,#823740,LQ heat distribution,transmission,10000,0.99,20,transmission1180,transmission3220
transmission3220_to_transmission1180_electricity,#3186cc,LV electricity distribution,transmission,10000,0.99,20,transmission1180,transmission3220
transmission1180_to_transmission2744_heat,#823740,LQ heat distribution,transmission,10000,0.99,20,transmission2744,transmission1180
transmission1180_to_transmission2744_electricity,#3186cc,LV electricity distribution,transmission,10000,0.99,20,transmission2744,transmission1180
transmission2744_to_transmission1355_heat,#823740,LQ heat distribution,transmission,10000,0.99,20,transmission1355,transmission2744
transmission2744_to_transmission1355_electricity,#3186cc,LV electricity distribution,transmission,10000,0.99,20,transmission1355,transmission2744
transmission1355_to_transmission1511_heat,#823740,LQ heat distribution,transmission,10000,0.99,20,transmission1511,transmission1355
transmission1355_to_transmission1511_electricity,#3186cc,LV electricity distribution,transmission,10000,0.99,20,transmission1511,transmission1355
transmission1511_to_transmission689_heat,#823740,LQ heat distribution,transmission,10000,0.99,20,transmission689,transmission1511
transmission1511_to_transmission689_electricity,#3186cc,LV electricity distribution,transmission,10000,0.99,20,transmission689,transmission1511
transmission689_to_transmission1108_heat,#823740,LQ heat distribution,transmission,10000,0.99,20,transmission1108,transmission689
transmission689_to_transmission1108_electricity,#3186cc,LV electricity distribution,transmission,10000,0.99,20,transmission1108,transmission689
transmission1108_to_transmission943_heat,#823740,LQ heat distribution,transmission,10000,0.99,20,transmission943,transmission1108
transmission1108_to_transmission943_electricity,#3186cc,LV electricity distribution,transmission,10000,0.99,20,transmission943,transmission1108
transmission943_to_transmission2062_heat,#823740,LQ heat distribution,transmission,10000,0.99,20,transmission2062,transmission943
transmission943_to_transmission2062_electricity,#3186cc,LV electricity distribution,transmission,10000,0.99,20,transmission2062,transmission943
transmission2062_to_transmission1900_heat,#823740,LQ heat distribution,transmission,10000,0.99,20,transmission1900,transmission2062
transmission2062_to_transmission1900_electricity,#3186cc,LV electricity distribution,transmission,10000,0.99,20,transmission1900,transmission2062
transmission2341_to_transmission2503_heat,#823740,LQ heat distribution,transmission,10000,0.99,20,transmission2503,transmission2341
transmission2341_to_transmission2503_electricity,#3186cc,LV electricity distribution,transmission,10000,0.99,20,transmission2503,transmission2341
transmission2503_to_transmission1574_heat,#823740,LQ heat distribution,transmission,10000,0.99,20,transmission1574,transmission2503
transmission2503_to_transmission1574_electricity,#3186cc,LV electricity distribution,transmission,10000,0.99,20,transmission1574,transmission2503
transmission1574_to_transmission1969_heat,#823740,LQ heat distribution,transmission,10000,0.99,20,transmission1969,transmission1574
transmission1574_to_transmission1969_electricity,#3186cc,LV electricity distribution,transmission,10000,0.99,20,transmission1969,transmission1574
transmission1969_to_transmission1926_heat,#823740,LQ heat distribution,transmission,10000,0.99,20,transmission1926,transmission1969
transmission1969_to_transmission1926_electricity,#3186cc,LV electricity distribution,transmission,10000,0.99,20,transmission1926,transmission1969
transmission3293_to_transmission2401_heat,#823740,LQ heat distribution,transmission,10000,0.99,20,transmission2401,transmission3293
transmission3293_to_transmission2401_electricity,#3186cc,LV electricity distribution,transmission,10000,0.99,20,transmission2401,transmission3293
transmission2401_to_transmission1400_heat,#823740,LQ heat distribution,transmission,10000,0.99,20,transmission1400,transmission2401
transmission2401_to_transmission1400_electricity,#3186cc,LV electricity distribution,transmission,10000,0.99,20,transmission1400,transmission2401
transmission1400_to_transmission2174_heat,#823740,LQ heat distribution,transmission,10000,0.99,20,transmission2174,transmission1400
transmission1400_to_transmission2174_electricity,#3186cc,LV electricity distribution,transmission,10000,0.99,20,transmission2174,transmission1400
transmission2174_to_transmission2316_heat,#823740,LQ heat distribution,transmission,10000,0.99,20,transmission2316,transmission2174
transmission2174_to_transmission2316_electricity,#3186cc,LV electricity distribution,transmission,10000,0.99,20,transmission2316,transmission2174
transmission2170_to_transmission3365_heat,#823740,LQ heat distribution,transmission,10000,0.99,20,transmission3365,transmission2170
transmission2170_to_transmission3365_electricity,#3186cc,LV electricity distribution,transmission,10000,0.99,20,transmission3365,transmission2170
transmission3365_to_transmission1636_heat,#823740,LQ heat distribution,transmission,10000,0.99,20,transmission1636,transmission3365
transmission3365_to_transmission1636_electricity,#3186cc,LV electricity distribution,transmission,10000,0.99,20,transmission1636,transmission3365
transmission1636_to_transmission1830_heat,#823740,LQ heat distribution,transmission,10000,0.99,20,transmission1830,transmission1636
transmission1636_to_transmission1830_electricity,#3186cc,LV electricity distribution,transmission,10000,0.99,20,transmission1830,transmission1636
transmission1830_to_transmission1475_heat,#823740,LQ heat distribution,transmission,10000,0.99,20,transmission1475,transmission1830
transmission1830_to_transmission1475_electricity,#3186cc,LV electricity distribution,transmission,10000,0.99,20,transmission1475,transmission1830
transmission1475_to_transmission2605_heat,#823740,LQ heat distribution,transmission,10000,0.99,20,transmission2605,transmission1475
transmission1475_to_transmission2605_electricity,#3186cc,LV electricity distribution,transmission,10000,0.99,20,transmission2605,transmission1475
transmission2170_to_transmission989_heat,#823740,LQ heat distribution,transmission,10000,0.99,20,transmission989,transmission2170
transmission2170_to_transmission989_electricity,#3186cc,LV electricity distribution,transmission,10000,0.99,20,transmission989,transmission2170
transmission989_to_transmission3202_heat,#823740,LQ heat distribution,transmission,10000,0.99,20,transmission3202,transmission989
transmission989_to_transmission3202_electricity,#3186cc,LV electricity distribution,transmission,10000,0.99,20,transmission3202,transmission989
transmission3202_to_transmission2691_heat,#823740,LQ heat distribution,transmission,10000,0.99,20,transmission2691,transmission3202
transmission3202_to_transmission2691_electricity,#3186cc,LV electricity distribution,transmission,10000,0.99,20,transmission2691,transmission3202
transmission2691_to_transmission2013_heat,#823740,LQ heat distribution,transmission,10000,0.99,20,transmission2013,transmission2691
transmission2691_to_transmission2013_electricity,#3186cc,LV electricity distribution,transmission,10000,0.99,20,transmission2013,transmission2691
transmission2013_to_transmission3372_heat,#823740,LQ heat distribution,transmission,10000,0.99,20,transmission3372,transmission2013
transmission2013_to_transmission3372_electricity,#3186cc,LV electricity distribution,transmission,10000,0.99,20,transmission3372,transmission2013
transmission3372_to_transmission3386_heat,#823740,LQ heat distribution,transmission,10000,0.99,20,transmission3386,transmission3372
transmission3372_to_transmission3386_electricity,#3186cc,LV electricity distribution,transmission,10000,0.99,20,transmission3386,transmission3372
transmission3386_to_transmission849_heat,#823740,LQ heat distribution,transmission,10000,0.99,20,transmission849,transmission3386
transmission3386_to_transmission849_electricity,#3186cc,LV electricity distribution,transmission,10000,0.99,20,transmission849,transmission3386
transmission989_to_transmission1216_heat,#823740,LQ heat distribution,transmission,10000,0.99,20,transmission1216,transmission989
transmission989_to_transmission1216_electricity,#3186cc,LV electricity distribution,transmission,10000,0.99,20,transmission1216,transmission989
transmission1216_to_transmission1135_heat,#823740,LQ heat distribution,transmission,10000,0.99,20,transmission1135,transmission1216
transmission1216_to_transmission1135_electricity,#3186cc,LV electricity distribution,transmission,10000,0.99,20,transmission1135,transmission1216
transmission1135_to_transmission1760_heat,#823740,LQ heat distribution,transmission,10000,0.99,20,transmission1760,transmission1135
transmission1135_to_transmission1760_electricity,#3186cc,LV electricity distribution,transmission,10000,0.99,20,transmission1760,transmission1135
transmission1760_to_transmission1624_heat,#823740,LQ heat distribution,transmission,10000,0.99,20,transmission1624,transmission1760
transmission1760_to_transmission1624_electricity,#3186cc,LV electricity distribution,transmission,10000,0.99,20,transmission1624,transmission1760
transmission1624_to_transmission1525_heat,#823740,LQ heat distribution,transmission,10000,0.99,20,transmission1525,transmission1624
transmission1624_to_transmission1525_electricity,#3186cc,LV electricity distribution,transmission,10000,0.99,20,transmission1525,transmission1624
transmission1525_to_transmission1463_heat,#823740,LQ heat distribution,transmission,10000,0.99,20,transmission1463,transmission1525
transmission1525_to_transmission1463_electricity,#3186cc,LV electricity distribution,transmission,10000,0.99,20,transmission1463,transmission1525
transmission1463_to_transmission2299_heat,#823740,LQ heat distribution,transmission,10000,0.99,20,transmission2299,transmission1463
transmission1463_to_transmission2299_electricity,#3186cc,LV electricity distribution,transmission,10000,0.99,20,transmission2299,transmission1463
transmission2327_to_transmission526_heat,#823740,LQ heat distribution,transmission,10000,0.99,20,transmission526,transmission2327
transmission2327_to_transmission526_electricity,#3186cc,LV electricity distribution,transmission,10000,0.99,20,transmission526,transmission2327
transmission526_to_transmission1883_heat,#823740,LQ heat distribution,transmission,10000,0.99,20,transmission1883,transmission526
transmission526_to_transmission1883_electricity,#3186cc,LV electricity distribution,transmission,10000,0.99,20,transmission1883,transmission526
transmission1883_to_transmission3341_heat,#823740,LQ heat distribution,transmission,10000,0.99,20,transmission3341,transmission1883
transmission1883_to_transmission3341_electricity,#3186cc,LV electricity distribution,transmission,10000,0.99,20,transmission3341,transmission1883
transmission3341_to_transmission2547_heat,#823740,LQ heat distribution,transmission,10000,0.99,20,transmission2547,transmission3341
transmission3341_to_transmission2547_electricity,#3186cc,LV electricity distribution,transmission,10000,0.99,20,transmission2547,transmission3341
transmission2547_to_transmission3410_heat,#823740,LQ heat distribution,transmission,10000,0.99,20,transmission3410,transmission2547
transmission2547_to_transmission3410_electricity,#3186cc,LV electricity distribution,transmission,10000,0.99,20,transmission3410,transmission2547
transmission3410_to_transmission655_heat,#823740,LQ heat distribution,transmission,10000,0.99,20,transmission655,transmission3410
transmission3410_to_transmission655_electricity,#3186cc,LV electricity distribution,transmission,10000,0.99,20,transmission655,transmission3410
transmission655_to_transmission2150_heat,#823740,LQ heat distribution,transmission,10000,0.99,20,transmission2150,transmission655
transmission655_to_transmission2150_electricity,#3186cc,LV electricity distribution,transmission,10000,0.99,20,transmission2150,transmission655
transmission2150_to_transmission2309_heat,#823740,LQ heat distribution,transmission,10000,0.99,20,transmission2309,transmission2150
transmission2150_to_transmission2309_electricity,#3186cc,LV electricity distribution,transmission,10000,0.99,20,transmission2309,transmission2150
transmission2309_to_transmission2236_heat,#823740,LQ heat distribution,transmission,10000,0.99,20,transmission2236,transmission2309
transmission2309_to_transmission2236_electricity,#3186cc,LV electricity distribution,transmission,10000,0.99,20,transmission2236,transmission2309
transmission2236_to_transmission3017_heat,#823740,LQ heat distribution,transmission,10000,0.99,20,transmission3017,transmission2236
transmission2236_to_transmission3017_electricity,#3186cc,LV electricity distribution,transmission,10000,0.99,20,transmission3017,transmission2236
transmission3017_to_transmission955_heat,#823740,LQ heat distribution,transmission,10000,0.99,20,transmission955,transmission3017
transmission3017_to_transmission955_electricity,#3186cc,LV electricity distribution,transmission,10000,0.99,20,transmission955,transmission3017
transmission955_to_transmission3375_heat,#823740,LQ heat distribution,transmission,10000,0.99,20,transmission3375,transmission955
transmission955_to_transmission3375_electricity,#3186cc,LV electricity distribution,transmission,10000,0.99,20,transmission3375,transmission955
transmission3375_to_transmission1705_heat,#823740,LQ heat distribution,transmission,10000,0.99,20,transmission1705,transmission3375
transmission3375_to_transmission1705_electricity,#3186cc,LV electricity distribution,transmission,10000,0.99,20,transmission1705,transmission3375
transmission1705_to_transmission1191_heat,#823740,LQ heat distribution,transmission,10000,0.99,20,transmission1191,transmission1705
transmission1705_to_transmission1191_electricity,#3186cc,LV electricity distribution,transmission,10000,0.99,20,transmission1191,transmission1705
transmission1191_to_transmission2960_heat,#823740,LQ heat distribution,transmission,10000,0.99,20,transmission2960,transmission1191
transmission1191_to_transmission2960_electricity,#3186cc,LV electricity distribution,transmission,10000,0.99,20,transmission2960,transmission1191
transmission2960_to_transmission3412_heat,#823740,LQ heat distribution,transmission,10000,0.99,20,transmission3412,transmission2960
transmission2960_to_transmission3412_electricity,#3186cc,LV electricity distribution,transmission,10000,0.99,20,transmission3412,transmission2960
transmission3412_to_transmission867_heat,#823740,LQ heat distribution,transmission,10000,0.99,20,transmission867,transmission3412
transmission3412_to_transmission867_electricity,#3186cc,LV electricity distribution,transmission,10000,0.99,20,transmission867,transmission3412
transmission867_to_transmission614_heat,#823740,LQ heat distribution,transmission,10000,0.99,20,transmission614,transmission867
transmission867_to_transmission614_electricity,#3186cc,LV electricity distribution,transmission,10000,0.99,20,transmission614,transmission867
transmission2138_to_transmission1130_heat,#823740,LQ heat distribution,transmission,10000,0.99,20,transmission1130,transmission2138
transmission2138_to_transmission1130_electricity,#3186cc,LV electricity distribution,transmission,10000,0.99,20,transmission1130,transmission2138
transmission1130_to_transmission1839_heat,#823740,LQ heat distribution,transmission,10000,0.99,20,transmission1839,transmission1130
transmission1130_to_transmission1839_electricity,#3186cc,LV electricity distribution,transmission,10000,0.99,20,transmission1839,transmission1130
transmission1839_to_transmission2922_heat,#823740,LQ heat distribution,transmission,10000,0.99,20,transmission2922,transmission1839
transmission1839_to_transmission2922_electricity,#3186cc,LV electricity distribution,transmission,10000,0.99,20,transmission2922,transmission1839
transmission2922_to_transmission1798_heat,#823740,LQ heat distribution,transmission,10000,0.99,20,transmission1798,transmission2922
transmission2922_to_transmission1798_electricity,#3186cc,LV electricity distribution,transmission,10000,0.99,20,transmission1798,transmission2922
transmission1798_to_transmission1248_heat,#823740,LQ heat distribution,transmission,10000,0.99,20,transmission1248,transmission1798
transmission1798_to_transmission1248_electricity,#3186cc,LV electricity distribution,transmission,10000,0.99,20,transmission1248,transmission1798
transmission1248_to_transmission2138_heat,#823740,LQ heat distribution,transmission,10000,0.99,20,transmission2138,transmission1248
transmission1248_to_transmission2138_electricity,#3186cc,LV electricity distribution,transmission,10000,0.99,20,transmission2138,transmission1248
transmission2932_to_transmission1490_heat,#823740,LQ heat distribution,transmission,10000,0.99,20,transmission1490,transmission2932
transmission2932_to_transmission1490_electricity,#3186cc,LV electricity distribution,transmission,10000,0.99,20,transmission1490,transmission2932
transmission1490_to_transmission3110_heat,#823740,LQ heat distribution,transmission,10000,0.99,20,transmission3110,transmission1490
transmission1490_to_transmission3110_electricity,#3186cc,LV electricity distribution,transmission,10000,0.99,20,transmission3110,transmission1490
transmission3110_to_transmission3178_heat,#823740,LQ heat distribution,transmission,10000,0.99,20,transmission3178,transmission3110
transmission3110_to_transmission3178_electricity,#3186cc,LV electricity distribution,transmission,10000,0.99,20,transmission3178,transmission3110
transmission3178_to_transmission2884_heat,#823740,LQ heat distribution,transmission,10000,0.99,20,transmission2884,transmission3178
transmission3178_to_transmission2884_electricity,#3186cc,LV electricity distribution,transmission,10000,0.99,20,transmission2884,transmission3178
transmission2884_to_transmission1087_heat,#823740,LQ heat distribution,transmission,10000,0.99,20,transmission1087,transmission2884
transmission2884_to_transmission1087_electricity,#3186cc,LV electricity distribution,transmission,10000,0.99,20,transmission1087,transmission2884
transmission1087_to_transmission635_heat,#823740,LQ heat distribution,transmission,10000,0.99,20,transmission635,transmission1087
transmission1087_to_transmission635_electricity,#3186cc,LV electricity distribution,transmission,10000,0.99,20,transmission635,transmission1087
transmission635_to_transmission536_heat,#823740,LQ heat distribution,transmission,10000,0.99,20,transmission536,transmission635
transmission635_to_transmission536_electricity,#3186cc,LV electricity distribution,transmission,10000,0.99,20,transmission536,transmission635
transmission536_to_transmission792_heat,#823740,LQ heat distribution,transmission,10000,0.99,20,transmission792,transmission536
transmission536_to_transmission792_electricity,#3186cc,LV electricity distribution,transmission,10000,0.99,20,transmission792,transmission536
transmission792_to_transmission683_heat,#823740,LQ heat distribution,transmission,10000,0.99,20,transmission683,transmission792
transmission792_to_transmission683_electricity,#3186cc,LV electricity distribution,transmission,10000,0.99,20,transmission683,transmission792
transmission683_to_transmission2310_heat,#823740,LQ heat distribution,transmission,10000,0.99,20,transmission2310,transmission683
transmission683_to_transmission2310_electricity,#3186cc,LV electricity distribution,transmission,10000,0.99,20,transmission2310,transmission683
transmission2310_to_transmission1829_heat,#823740,LQ heat distribution,transmission,10000,0.99,20,transmission1829,transmission2310
transmission2310_to_transmission1829_electricity,#3186cc,LV electricity distribution,transmission,10000,0.99,20,transmission1829,transmission2310
transmission1829_to_transmission2774_heat,#823740,LQ heat distribution,transmission,10000,0.99,20,transmission2774,transmission1829
transmission1829_to_transmission2774_electricity,#3186cc,LV electricity distribution,transmission,10000,0.99,20,transmission2774,transmission1829
transmission2774_to_transmission2065_heat,#823740,LQ heat distribution,transmission,10000,0.99,20,transmission2065,transmission2774
transmission2774_to_transmission2065_electricity,#3186cc,LV electricity distribution,transmission,10000,0.99,20,transmission2065,transmission2774
transmission2065_to_transmission1981_heat,#823740,LQ heat distribution,transmission,10000,0.99,20,transmission1981,transmission2065
transmission2065_to_transmission1981_electricity,#3186cc,LV electricity distribution,transmission,10000,0.99,20,transmission1981,transmission2065
transmission1981_to_transmission2853_heat,#823740,LQ heat distribution,transmission,10000,0.99,20,transmission2853,transmission1981
transmission1981_to_transmission2853_electricity,#3186cc,LV electricity distribution,transmission,10000,0.99,20,transmission2853,transmission1981
transmission2853_to_transmission2107_heat,#823740,LQ heat distribution,transmission,10000,0.99,20,transmission2107,transmission2853
transmission2853_to_transmission2107_electricity,#3186cc,LV electricity distribution,transmission,10000,0.99,20,transmission2107,transmission2853
transmission2107_to_transmission2615_heat,#823740,LQ heat distribution,transmission,10000,0.99,20,transmission2615,transmission2107
transmission2107_to_transmission2615_electricity,#3186cc,LV electricity distribution,transmission,10000,0.99,20,transmission2615,transmission2107
transmission2615_to_transmission991_heat,#823740,LQ heat distribution,transmission,10000,0.99,20,transmission991,transmission2615
transmission2615_to_transmission991_electricity,#3186cc,LV electricity distribution,transmission,10000,0.99,20,transmission991,transmission2615
transmission991_to_transmission1109_heat,#823740,LQ heat distribution,transmission,10000,0.99,20,transmission1109,transmission991
transmission991_to_transmission1109_electricity,#3186cc,LV electricity distribution,transmission,10000,0.99,20,transmission1109,transmission991
transmission1109_to_transmission1316_heat,#823740,LQ heat distribution,transmission,10000,0.99,20,transmission1316,transmission1109
transmission1109_to_transmission1316_electricity,#3186cc,LV electricity distribution,transmission,10000,0.99,20,transmission1316,transmission1109
transmission1316_to_transmission1455_heat,#823740,LQ heat distribution,transmission,10000,0.99,20,transmission1455,transmission1316
transmission1316_to_transmission1455_electricity,#3186cc,LV electricity distribution,transmission,10000,0.99,20,transmission1455,transmission1316
transmission1455_to_transmission1553_heat,#823740,LQ heat distribution,transmission,10000,0.99,20,transmission1553,transmission1455
transmission1455_to_transmission1553_electricity,#3186cc,LV electricity distribution,transmission,10000,0.99,20,transmission1553,transmission1455
transmission1553_to_transmission1807_heat,#823740,LQ heat distribution,transmission,10000,0.99,20,transmission1807,transmission1553
transmission1553_to_transmission1807_electricity,#3186cc,LV electricity distribution,transmission,10000,0.99,20,transmission1807,transmission1553
transmission1807_to_transmission2537_heat,#823740,LQ heat distribution,transmission,10000,0.99,20,transmission2537,transmission1807
transmission1807_to_transmission2537_electricity,#3186cc,LV electricity distribution,transmission,10000,0.99,20,transmission2537,transmission1807
transmission2537_to_transmission2367_heat,#823740,LQ heat distribution,transmission,10000,0.99,20,transmission2367,transmission2537
transmission2537_to_transmission2367_electricity,#3186cc,LV electricity distribution,transmission,10000,0.99,20,transmission2367,transmission2537
transmission2367_to_transmission2198_heat,#823740,LQ heat distribution,transmission,10000,0.99,20,transmission2198,transmission2367
transmission2367_to_transmission2198_electricity,#3186cc,LV electricity distribution,transmission,10000,0.99,20,transmission2198,transmission2367
transmission2198_to_transmission2304_heat,#823740,LQ heat distribution,transmission,10000,0.99,20,transmission2304,transmission2198
transmission2198_to_transmission2304_electricity,#3186cc,LV electricity distribution,transmission,10000,0.99,20,transmission2304,transmission2198
transmission2304_to_transmission2839_heat,#823740,LQ heat distribution,transmission,10000,0.99,20,transmission2839,transmission2304
transmission2304_to_transmission2839_electricity,#3186cc,LV electricity distribution,transmission,10000,0.99,20,transmission2839,transmission2304
transmission2839_to_transmission1044_heat,#823740,LQ heat distribution,transmission,10000,0.99,20,transmission1044,transmission2839
transmission2839_to_transmission1044_electricity,#3186cc,LV electricity distribution,transmission,10000,0.99,20,transmission1044,transmission2839
transmission1044_to_transmission3138_heat,#823740,LQ heat distribution,transmission,10000,0.99,20,transmission3138,transmission1044
transmission1044_to_transmission3138_electricity,#3186cc,LV electricity distribution,transmission,10000,0.99,20,transmission3138,transmission1044
transmission3138_to_transmission1007_heat,#823740,LQ heat distribution,transmission,10000,0.99,20,transmission1007,transmission3138
transmission3138_to_transmission1007_electricity,#3186cc,LV electricity distribution,transmission,10000,0.99,20,transmission1007,transmission3138
transmission1007_to_transmission1119_heat,#823740,LQ heat distribution,transmission,10000,0.99,20,transmission1119,transmission1007
transmission1007_to_transmission1119_electricity,#3186cc,LV electricity distribution,transmission,10000,0.99,20,transmission1119,transmission1007
transmission1119_to_transmission3207_heat,#823740,LQ heat distribution,transmission,10000,0.99,20,transmission3207,transmission1119
transmission1119_to_transmission3207_electricity,#3186cc,LV electricity distribution,transmission,10000,0.99,20,transmission3207,transmission1119
transmission559_to_transmission2239_heat,#823740,LQ heat distribution,transmission,10000,0.99,20,transmission2239,transmission559
transmission559_to_transmission2239_electricity,#3186cc,LV electricity distribution,transmission,10000,0.99,20,transmission2239,transmission559
transmission2239_to_transmission2777_heat,#823740,LQ heat distribution,transmission,10000,0.99,20,transmission2777,transmission2239
transmission2239_to_transmission2777_electricity,#3186cc,LV electricity distribution,transmission,10000,0.99,20,transmission2777,transmission2239
transmission2777_to_transmission2971_heat,#823740,LQ heat distribution,transmission,10000,0.99,20,transmission2971,transmission2777
transmission2777_to_transmission2971_electricity,#3186cc,LV electricity distribution,transmission,10000,0.99,20,transmission2971,transmission2777
transmission2299_to_transmission1823_heat,#823740,LQ heat distribution,transmission,10000,0.99,20,transmission1823,transmission2299
transmission2299_to_transmission1823_electricity,#3186cc,LV electricity distribution,transmission,10000,0.99,20,transmission1823,transmission2299
transmission1823_to_transmission2531_heat,#823740,LQ heat distribution,transmission,10000,0.99,20,transmission2531,transmission1823
transmission1823_to_transmission2531_electricity,#3186cc,LV electricity distribution,transmission,10000,0.99,20,transmission2531,transmission1823
transmission2531_to_transmission1612_heat,#823740,LQ heat distribution,transmission,10000,0.99,20,transmission1612,transmission2531
transmission2531_to_transmission1612_electricity,#3186cc,LV electricity distribution,transmission,10000,0.99,20,transmission1612,transmission2531
transmission1612_to_transmission559_heat,#823740,LQ heat distribution,transmission,10000,0.99,20,transmission559,transmission1612
transmission1612_to_transmission559_electricity,#3186cc,LV electricity distribution,transmission,10000,0.99,20,transmission559,transmission1612
transmission559_to_transmission3087_heat,#823740,LQ heat distribution,transmission,10000,0.99,20,transmission3087,transmission559
transmission559_to_transmission3087_electricity,#3186cc,LV electricity distribution,transmission,10000,0.99,20,transmission3087,transmission559
transmission3087_to_transmission581_heat,#823740,LQ heat distribution,transmission,10000,0.99,20,transmission581,transmission3087
transmission3087_to_transmission581_electricity,#3186cc,LV electricity distribution,transmission,10000,0.99,20,transmission581,transmission3087
transmission581_to_transmission599_heat,#823740,LQ heat distribution,transmission,10000,0.99,20,transmission599,transmission581
transmission581_to_transmission599_electricity,#3186cc,LV electricity distribution,transmission,10000,0.99,20,transmission599,transmission581
transmission599_to_transmission1995_heat,#823740,LQ heat distribution,transmission,10000,0.99,20,transmission1995,transmission599
transmission599_to_transmission1995_electricity,#3186cc,LV electricity distribution,transmission,10000,0.99,20,transmission1995,transmission599
transmission1995_to_transmission1255_heat,#823740,LQ heat distribution,transmission,10000,0.99,20,transmission1255,transmission1995
transmission1995_to_transmission1255_electricity,#3186cc,LV electricity distribution,transmission,10000,0.99,20,transmission1255,transmission1995
transmission3296_to_transmission2946_heat,#823740,LQ heat distribution,transmission,10000,0.99,20,transmission2946,transmission3296
transmission3296_to_transmission2946_electricity,#3186cc,LV electricity distribution,transmission,10000,0.99,20,transmission2946,transmission3296
transmission2946_to_transmission3418_heat,#823740,LQ heat distribution,transmission,10000,0.99,20,transmission3418,transmission2946
transmission2946_to_transmission3418_electricity,#3186cc,LV electricity distribution,transmission,10000,0.99,20,transmission3418,transmission2946
transmission3418_to_transmission3062_heat,#823740,LQ heat distribution,transmission,10000,0.99,20,transmission3062,transmission3418
transmission3418_to_transmission3062_electricity,#3186cc,LV electricity distribution,transmission,10000,0.99,20,transmission3062,transmission3418
transmission3062_to_transmission3006_heat,#823740,LQ heat distribution,transmission,10000,0.99,20,transmission3006,transmission3062
transmission3062_to_transmission3006_electricity,#3186cc,LV electricity distribution,transmission,10000,0.99,20,transmission3006,transmission3062
transmission3006_to_transmission1299_heat,#823740,LQ heat distribution,transmission,10000,0.99,20,transmission1299,transmission3006
transmission3006_to_transmission1299_electricity,#3186cc,LV electricity distribution,transmission,10000,0.99,20,transmission1299,transmission3006
transmission1299_to_transmission1053_heat,#823740,LQ heat distribution,transmission,10000,0.99,20,transmission1053,transmission1299
transmission1299_to_transmission1053_electricity,#3186cc,LV electricity distribution,transmission,10000,0.99,20,transmission1053,transmission1299
transmission1053_to_transmission2351_heat,#823740,LQ heat distribution,transmission,10000,0.99,20,transmission2351,transmission1053
transmission1053_to_transmission2351_electricity,#3186cc,LV electricity distribution,transmission,10000,0.99,20,transmission2351,transmission1053
transmission2351_to_transmission1599_heat,#823740,LQ heat distribution,transmission,10000,0.99,20,transmission1599,transmission2351
transmission2351_to_transmission1599_electricity,#3186cc,LV electricity distribution,transmission,10000,0.99,20,transmission1599,transmission2351
transmission1599_to_transmission2943_heat,#823740,LQ heat distribution,transmission,10000,0.99,20,transmission2943,transmission1599
transmission1599_to_transmission2943_electricity,#3186cc,LV electricity distribution,transmission,10000,0.99,20,transmission2943,transmission1599
transmission2943_to_transmission1533_heat,#823740,LQ heat distribution,transmission,10000,0.99,20,transmission1533,transmission2943
transmission2943_to_transmission1533_electricity,#3186cc,LV electricity distribution,transmission,10000,0.99,20,transmission1533,transmission2943
transmission1533_to_transmission1264_heat,#823740,LQ heat distribution,transmission,10000,0.99,20,transmission1264,transmission1533
transmission1533_to_transmission1264_electricity,#3186cc,LV electricity distribution,transmission,10000,0.99,20,transmission1264,transmission1533
transmission1264_to_transmission1126_heat,#823740,LQ heat distribution,transmission,10000,0.99,20,transmission1126,transmission1264
transmission1264_to_transmission1126_electricity,#3186cc,LV electricity distribution,transmission,10000,0.99,20,transmission1126,transmission1264
transmission1126_to_transmission2742_heat,#823740,LQ heat distribution,transmission,10000,0.99,20,transmission2742,transmission1126
transmission1126_to_transmission2742_electricity,#3186cc,LV electricity distribution,transmission,10000,0.99,20,transmission2742,transmission1126
transmission2742_to_transmission3321_heat,#823740,LQ heat distribution,transmission,10000,0.99,20,transmission3321,transmission2742
transmission2742_to_transmission3321_electricity,#3186cc,LV electricity distribution,transmission,10000,0.99,20,transmission3321,transmission2742
transmission3321_to_transmission2276_heat,#823740,LQ heat distribution,transmission,10000,0.99,20,transmission2276,transmission3321
transmission3321_to_transmission2276_electricity,#3186cc,LV electricity distribution,transmission,10000,0.99,20,transmission2276,transmission3321
transmission1053_to_transmission794_heat,#823740,LQ heat distribution,transmission,10000,0.99,20,transmission794,transmission1053
transmission1053_to_transmission794_electricity,#3186cc,LV electricity distribution,transmission,10000,0.99,20,transmission794,transmission1053
transmission794_to_transmission3214_heat,#823740,LQ heat distribution,transmission,10000,0.99,20,transmission3214,transmission794
transmission794_to_transmission3214_electricity,#3186cc,LV electricity distribution,transmission,10000,0.99,20,transmission3214,transmission794
transmission3214_to_transmission2812_heat,#823740,LQ heat distribution,transmission,10000,0.99,20,transmission2812,transmission3214
transmission3214_to_transmission2812_electricity,#3186cc,LV electricity distribution,transmission,10000,0.99,20,transmission2812,transmission3214
transmission2812_to_transmission1652_heat,#823740,LQ heat distribution,transmission,10000,0.99,20,transmission1652,transmission2812
transmission2812_to_transmission1652_electricity,#3186cc,LV electricity distribution,transmission,10000,0.99,20,transmission1652,transmission2812
transmission1652_to_transmission2280_heat,#823740,LQ heat distribution,transmission,10000,0.99,20,transmission2280,transmission1652
transmission1652_to_transmission2280_electricity,#3186cc,LV electricity distribution,transmission,10000,0.99,20,transmission2280,transmission1652
transmission2280_to_transmission2736_heat,#823740,LQ heat distribution,transmission,10000,0.99,20,transmission2736,transmission2280
transmission2280_to_transmission2736_electricity,#3186cc,LV electricity distribution,transmission,10000,0.99,20,transmission2736,transmission2280
transmission2736_to_transmission748_heat,#823740,LQ heat distribution,transmission,10000,0.99,20,transmission748,transmission2736
transmission2736_to_transmission748_electricity,#3186cc,LV electricity distribution,transmission,10000,0.99,20,transmission748,transmission2736
transmission748_to_transmission1864_heat,#823740,LQ heat distribution,transmission,10000,0.99,20,transmission1864,transmission748
transmission748_to_transmission1864_electricity,#3186cc,LV electricity distribution,transmission,10000,0.99,20,transmission1864,transmission748
transmission1864_to_transmission1418_heat,#823740,LQ heat distribution,transmission,10000,0.99,20,transmission1418,transmission1864
transmission1864_to_transmission1418_electricity,#3186cc,LV electricity distribution,transmission,10000,0.99,20,transmission1418,transmission1864
transmission1418_to_transmission2892_heat,#823740,LQ heat distribution,transmission,10000,0.99,20,transmission2892,transmission1418
transmission1418_to_transmission2892_electricity,#3186cc,LV electricity distribution,transmission,10000,0.99,20,transmission2892,transmission1418
transmission2293_to_transmission2639_heat,#823740,LQ heat distribution,transmission,10000,0.99,20,transmission2639,transmission2293
transmission2293_to_transmission2639_electricity,#3186cc,LV electricity distribution,transmission,10000,0.99,20,transmission2639,transmission2293
transmission2639_to_transmission2410_heat,#823740,LQ heat distribution,transmission,10000,0.99,20,transmission2410,transmission2639
transmission2639_to_transmission2410_electricity,#3186cc,LV electricity distribution,transmission,10000,0.99,20,transmission2410,transmission2639
transmission2410_to_transmission1655_heat,#823740,LQ heat distribution,transmission,10000,0.99,20,transmission1655,transmission2410
transmission2410_to_transmission1655_electricity,#3186cc,LV electricity distribution,transmission,10000,0.99,20,transmission1655,transmission2410
transmission1655_to_transmission3191_heat,#823740,LQ heat distribution,transmission,10000,0.99,20,transmission3191,transmission1655
transmission1655_to_transmission3191_electricity,#3186cc,LV electricity distribution,transmission,10000,0.99,20,transmission3191,transmission1655
transmission3191_to_transmission2480_heat,#823740,LQ heat distribution,transmission,10000,0.99,20,transmission2480,transmission3191
transmission3191_to_transmission2480_electricity,#3186cc,LV electricity distribution,transmission,10000,0.99,20,transmission2480,transmission3191
transmission2480_to_transmission2676_heat,#823740,LQ heat distribution,transmission,10000,0.99,20,transmission2676,transmission2480
transmission2480_to_transmission2676_electricity,#3186cc,LV electricity distribution,transmission,10000,0.99,20,transmission2676,transmission2480
transmission2676_to_transmission733_heat,#823740,LQ heat distribution,transmission,10000,0.99,20,transmission733,transmission2676
transmission2676_to_transmission733_electricity,#3186cc,LV electricity distribution,transmission,10000,0.99,20,transmission733,transmission2676
transmission733_to_transmission1251_heat,#823740,LQ heat distribution,transmission,10000,0.99,20,transmission1251,transmission733
transmission733_to_transmission1251_electricity,#3186cc,LV electricity distribution,transmission,10000,0.99,20,transmission1251,transmission733
transmission1251_to_transmission3389_heat,#823740,LQ heat distribution,transmission,10000,0.99,20,transmission3389,transmission1251
transmission1251_to_transmission3389_electricity,#3186cc,LV electricity distribution,transmission,10000,0.99,20,transmission3389,transmission1251
transmission3389_to_transmission2197_heat,#823740,LQ heat distribution,transmission,10000,0.99,20,transmission2197,transmission3389
transmission3389_to_transmission2197_electricity,#3186cc,LV electricity distribution,transmission,10000,0.99,20,transmission2197,transmission3389
transmission2197_to_transmission1456_heat,#823740,LQ heat distribution,transmission,10000,0.99,20,transmission1456,transmission2197
transmission2197_to_transmission1456_electricity,#3186cc,LV electricity distribution,transmission,10000,0.99,20,transmission1456,transmission2197
transmission1456_to_transmission2849_heat,#823740,LQ heat distribution,transmission,10000,0.99,20,transmission2849,transmission1456
transmission1456_to_transmission2849_electricity,#3186cc,LV electricity distribution,transmission,10000,0.99,20,transmission2849,transmission1456
transmission2849_to_transmission2641_heat,#823740,LQ heat distribution,transmission,10000,0.99,20,transmission2641,transmission2849
transmission2849_to_transmission2641_electricity,#3186cc,LV electricity distribution,transmission,10000,0.99,20,transmission2641,transmission2849
transmission2641_to_transmission906_heat,#823740,LQ heat distribution,transmission,10000,0.99,20,transmission906,transmission2641
transmission2641_to_transmission906_electricity,#3186cc,LV electricity distribution,transmission,10000,0.99,20,transmission906,transmission2641
transmission733_to_transmission3363_heat,#823740,LQ heat distribution,transmission,10000,0.99,20,transmission3363,transmission733
transmission733_to_transmission3363_electricity,#3186cc,LV electricity distribution,transmission,10000,0.99,20,transmission3363,transmission733
transmission3363_to_transmission2395_heat,#823740,LQ heat distribution,transmission,10000,0.99,20,transmission2395,transmission3363
transmission3363_to_transmission2395_electricity,#3186cc,LV electricity distribution,transmission,10000,0.99,20,transmission2395,transmission3363
transmission2395_to_transmission1701_heat,#823740,LQ heat distribution,transmission,10000,0.99,20,transmission1701,transmission2395
transmission2395_to_transmission1701_electricity,#3186cc,LV electricity distribution,transmission,10000,0.99,20,transmission1701,transmission2395
transmission1701_to_transmission2029_heat,#823740,LQ heat distribution,transmission,10000,0.99,20,transmission2029,transmission1701
transmission1701_to_transmission2029_electricity,#3186cc,LV electricity distribution,transmission,10000,0.99,20,transmission2029,transmission1701
transmission2029_to_transmission3229_heat,#823740,LQ heat distribution,transmission,10000,0.99,20,transmission3229,transmission2029
transmission2029_to_transmission3229_electricity,#3186cc,LV electricity distribution,transmission,10000,0.99,20,transmission3229,transmission2029
transmission3229_to_transmission2652_heat,#823740,LQ heat distribution,transmission,10000,0.99,20,transmission2652,transmission3229
transmission3229_to_transmission2652_electricity,#3186cc,LV electricity distribution,transmission,10000,0.99,20,transmission2652,transmission3229
transmission2652_to_transmission1938_heat,#823740,LQ heat distribution,transmission,10000,0.99,20,transmission1938,transmission2652
transmission2652_to_transmission1938_electricity,#3186cc,LV electricity distribution,transmission,10000,0.99,20,transmission1938,transmission2652
transmission1938_to_transmission2253_heat,#823740,LQ heat distribution,transmission,10000,0.99,20,transmission2253,transmission1938
transmission1938_to_transmission2253_electricity,#3186cc,LV electricity distribution,transmission,10000,0.99,20,transmission2253,transmission1938
transmission2253_to_transmission537_heat,#823740,LQ heat distribution,transmission,10000,0.99,20,transmission537,transmission2253
transmission2253_to_transmission537_electricity,#3186cc,LV electricity distribution,transmission,10000,0.99,20,transmission537,transmission2253
transmission537_to_transmission1494_heat,#823740,LQ heat distribution,transmission,10000,0.99,20,transmission1494,transmission537
transmission537_to_transmission1494_electricity,#3186cc,LV electricity distribution,transmission,10000,0.99,20,transmission1494,transmission537
transmission1494_to_transmission1149_heat,#823740,LQ heat distribution,transmission,10000,0.99,20,transmission1149,transmission1494
transmission1494_to_transmission1149_electricity,#3186cc,LV electricity distribution,transmission,10000,0.99,20,transmission1149,transmission1494
transmission1149_to_transmission3026_heat,#823740,LQ heat distribution,transmission,10000,0.99,20,transmission3026,transmission1149
transmission1149_to_transmission3026_electricity,#3186cc,LV electricity distribution,transmission,10000,0.99,20,transmission3026,transmission1149
transmission3026_to_transmission3311_heat,#823740,LQ heat distribution,transmission,10000,0.99,20,transmission3311,transmission3026
transmission3026_to_transmission3311_electricity,#3186cc,LV electricity distribution,transmission,10000,0.99,20,transmission3311,transmission3026
transmission3311_to_transmission2778_heat,#823740,LQ heat distribution,transmission,10000,0.99,20,transmission2778,transmission3311
transmission3311_to_transmission2778_electricity,#3186cc,LV electricity distribution,transmission,10000,0.99,20,transmission2778,transmission3311
transmission2778_to_transmission1042_heat,#823740,LQ heat distribution,transmission,10000,0.99,20,transmission1042,transmission2778
transmission2778_to_transmission1042_electricity,#3186cc,LV electricity distribution,transmission,10000,0.99,20,transmission1042,transmission2778
transmission1042_to_transmission1401_heat,#823740,LQ heat distribution,transmission,10000,0.99,20,transmission1401,transmission1042
transmission1042_to_transmission1401_electricity,#3186cc,LV electricity distribution,transmission,10000,0.99,20,transmission1401,transmission1042
transmission1401_to_transmission637_heat,#823740,LQ heat distribution,transmission,10000,0.99,20,transmission637,transmission1401
transmission1401_to_transmission637_electricity,#3186cc,LV electricity distribution,transmission,10000,0.99,20,transmission637,transmission1401
transmission637_to_transmission728_heat,#823740,LQ heat distribution,transmission,10000,0.99,20,transmission728,transmission637
transmission637_to_transmission728_electricity,#3186cc,LV electricity distribution,transmission,10000,0.99,20,transmission728,transmission637
transmission728_to_transmission1721_heat,#823740,LQ heat distribution,transmission,10000,0.99,20,transmission1721,transmission728
transmission728_to_transmission1721_electricity,#3186cc,LV electricity distribution,transmission,10000,0.99,20,transmission1721,transmission728
transmission1721_to_transmission1031_heat,#823740,LQ heat distribution,transmission,10000,0.99,20,transmission1031,transmission1721
transmission1721_to_transmission1031_electricity,#3186cc,LV electricity distribution,transmission,10000,0.99,20,transmission1031,transmission1721
transmission1031_to_transmission890_heat,#823740,LQ heat distribution,transmission,10000,0.99,20,transmission890,transmission1031
transmission1031_to_transmission890_electricity,#3186cc,LV electricity distribution,transmission,10000,0.99,20,transmission890,transmission1031
transmission890_to_transmission1171_heat,#823740,LQ heat distribution,transmission,10000,0.99,20,transmission1171,transmission890
transmission890_to_transmission1171_electricity,#3186cc,LV electricity distribution,transmission,10000,0.99,20,transmission1171,transmission890
transmission1171_to_transmission2450_heat,#823740,LQ heat distribution,transmission,10000,0.99,20,transmission2450,transmission1171
transmission1171_to_transmission2450_electricity,#3186cc,LV electricity distribution,transmission,10000,0.99,20,transmission2450,transmission1171
transmission2450_to_transmission1065_heat,#823740,LQ heat distribution,transmission,10000,0.99,20,transmission1065,transmission2450
transmission2450_to_transmission1065_electricity,#3186cc,LV electricity distribution,transmission,10000,0.99,20,transmission1065,transmission2450
transmission1721_to_transmission1845_heat,#823740,LQ heat distribution,transmission,10000,0.99,20,transmission1845,transmission1721
transmission1721_to_transmission1845_electricity,#3186cc,LV electricity distribution,transmission,10000,0.99,20,transmission1845,transmission1721
transmission1845_to_transmission1986_heat,#823740,LQ heat distribution,transmission,10000,0.99,20,transmission1986,transmission1845
transmission1845_to_transmission1986_electricity,#3186cc,LV electricity distribution,transmission,10000,0.99,20,transmission1986,transmission1845
transmission1986_to_transmission2075_heat,#823740,LQ heat distribution,transmission,10000,0.99,20,transmission2075,transmission1986
transmission1986_to_transmission2075_electricity,#3186cc,LV electricity distribution,transmission,10000,0.99,20,transmission2075,transmission1986
transmission2075_to_transmission1564_heat,#823740,LQ heat distribution,transmission,10000,0.99,20,transmission1564,transmission2075
transmission2075_to_transmission1564_electricity,#3186cc,LV electricity distribution,transmission,10000,0.99,20,transmission1564,transmission2075
transmission1564_to_transmission1908_heat,#823740,LQ heat distribution,transmission,10000,0.99,20,transmission1908,transmission1564
transmission1564_to_transmission1908_electricity,#3186cc,LV electricity distribution,transmission,10000,0.99,20,transmission1908,transmission1564
transmission1908_to_transmission968_heat,#823740,LQ heat distribution,transmission,10000,0.99,20,transmission968,transmission1908
transmission1908_to_transmission968_electricity,#3186cc,LV electricity distribution,transmission,10000,0.99,20,transmission968,transmission1908
transmission968_to_transmission1919_heat,#823740,LQ heat distribution,transmission,10000,0.99,20,transmission1919,transmission968
transmission968_to_transmission1919_electricity,#3186cc,LV electricity distribution,transmission,10000,0.99,20,transmission1919,transmission968
transmission1919_to_transmission1966_heat,#823740,LQ heat distribution,transmission,10000,0.99,20,transmission1966,transmission1919
transmission1919_to_transmission1966_electricity,#3186cc,LV electricity distribution,transmission,10000,0.99,20,transmission1966,transmission1919
transmission1966_to_transmission1347_heat,#823740,LQ heat distribution,transmission,10000,0.99,20,transmission1347,transmission1966
transmission1966_to_transmission1347_electricity,#3186cc,LV electricity distribution,transmission,10000,0.99,20,transmission1347,transmission1966
transmission1347_to_transmission759_heat,#823740,LQ heat distribution,transmission,10000,0.99,20,transmission759,transmission1347
transmission1347_to_transmission759_electricity,#3186cc,LV electricity distribution,transmission,10000,0.99,20,transmission759,transmission1347
transmission759_to_transmission1562_heat,#823740,LQ heat distribution,transmission,10000,0.99,20,transmission1562,transmission759
transmission759_to_transmission1562_electricity,#3186cc,LV electricity distribution,transmission,10000,0.99,20,transmission1562,transmission759
transmission1562_to_transmission907_heat,#823740,LQ heat distribution,transmission,10000,0.99,20,transmission907,transmission1562
transmission1562_to_transmission907_electricity,#3186cc,LV electricity distribution,transmission,10000,0.99,20,transmission907,transmission1562
transmission2075_to_transmission1677_heat,#823740,LQ heat distribution,transmission,10000,0.99,20,transmission1677,transmission2075
transmission2075_to_transmission1677_electricity,#3186cc,LV electricity distribution,transmission,10000,0.99,20,transmission1677,transmission2075
transmission1677_to_transmission3182_heat,#823740,LQ heat distribution,transmission,10000,0.99,20,transmission3182,transmission1677
transmission1677_to_transmission3182_electricity,#3186cc,LV electricity distribution,transmission,10000,0.99,20,transmission3182,transmission1677
transmission3182_to_transmission1545_heat,#823740,LQ heat distribution,transmission,10000,0.99,20,transmission1545,transmission3182
transmission3182_to_transmission1545_electricity,#3186cc,LV electricity distribution,transmission,10000,0.99,20,transmission1545,transmission3182
transmission1545_to_transmission866_heat,#823740,LQ heat distribution,transmission,10000,0.99,20,transmission866,transmission1545
transmission1545_to_transmission866_electricity,#3186cc,LV electricity distribution,transmission,10000,0.99,20,transmission866,transmission1545
transmission866_to_transmission3152_heat,#823740,LQ heat distribution,transmission,10000,0.99,20,transmission3152,transmission866
transmission866_to_transmission3152_electricity,#3186cc,LV electricity distribution,transmission,10000,0.99,20,transmission3152,transmission866
transmission3152_to_transmission2824_heat,#823740,LQ heat distribution,transmission,10000,0.99,20,transmission2824,transmission3152
transmission3152_to_transmission2824_electricity,#3186cc,LV electricity distribution,transmission,10000,0.99,20,transmission2824,transmission3152
transmission2824_to_transmission1956_heat,#823740,LQ heat distribution,transmission,10000,0.99,20,transmission1956,transmission2824
transmission2824_to_transmission1956_electricity,#3186cc,LV electricity distribution,transmission,10000,0.99,20,transmission1956,transmission2824
transmission1956_to_transmission1622_heat,#823740,LQ heat distribution,transmission,10000,0.99,20,transmission1622,transmission1956
transmission1956_to_transmission1622_electricity,#3186cc,LV electricity distribution,transmission,10000,0.99,20,transmission1622,transmission1956
transmission1622_to_transmission611_heat,#823740,LQ heat distribution,transmission,10000,0.99,20,transmission611,transmission1622
transmission1622_to_transmission611_electricity,#3186cc,LV electricity distribution,transmission,10000,0.99,20,transmission611,transmission1622
transmission637_to_transmission2249_heat,#823740,LQ heat distribution,transmission,10000,0.99,20,transmission2249,transmission637
transmission637_to_transmission2249_electricity,#3186cc,LV electricity distribution,transmission,10000,0.99,20,transmission2249,transmission637
transmission2249_to_transmission3312_heat,#823740,LQ heat distribution,transmission,10000,0.99,20,transmission3312,transmission2249
transmission2249_to_transmission3312_electricity,#3186cc,LV electricity distribution,transmission,10000,0.99,20,transmission3312,transmission2249
transmission3312_to_transmission1970_heat,#823740,LQ heat distribution,transmission,10000,0.99,20,transmission1970,transmission3312
transmission3312_to_transmission1970_electricity,#3186cc,LV electricity distribution,transmission,10000,0.99,20,transmission1970,transmission3312
transmission1970_to_transmission1545_heat,#823740,LQ heat distribution,transmission,10000,0.99,20,transmission1545,transmission1970
transmission1970_to_transmission1545_electricity,#3186cc,LV electricity distribution,transmission,10000,0.99,20,transmission1545,transmission1970
transmission3169_to_transmission2016_heat,#823740,LQ heat distribution,transmission,10000,0.99,20,transmission2016,transmission3169
transmission3169_to_transmission2016_electricity,#3186cc,LV electricity distribution,transmission,10000,0.99,20,transmission2016,transmission3169
transmission2016_to_transmission631_heat,#823740,LQ heat distribution,transmission,10000,0.99,20,transmission631,transmission2016
transmission2016_to_transmission631_electricity,#3186cc,LV electricity distribution,transmission,10000,0.99,20,transmission631,transmission2016
transmission631_to_transmission2972_heat,#823740,LQ heat distribution,transmission,10000,0.99,20,transmission2972,transmission631
transmission631_to_transmission2972_electricity,#3186cc,LV electricity distribution,transmission,10000,0.99,20,transmission2972,transmission631
transmission2972_to_transmission882_heat,#823740,LQ heat distribution,transmission,10000,0.99,20,transmission882,transmission2972
transmission2972_to_transmission882_electricity,#3186cc,LV electricity distribution,transmission,10000,0.99,20,transmission882,transmission2972
transmission882_to_transmission2945_heat,#823740,LQ heat distribution,transmission,10000,0.99,20,transmission2945,transmission882
transmission882_to_transmission2945_electricity,#3186cc,LV electricity distribution,transmission,10000,0.99,20,transmission2945,transmission882
transmission2945_to_transmission1679_heat,#823740,LQ heat distribution,transmission,10000,0.99,20,transmission1679,transmission2945
transmission2945_to_transmission1679_electricity,#3186cc,LV electricity distribution,transmission,10000,0.99,20,transmission1679,transmission2945
transmission1679_to_transmission1785_heat,#823740,LQ heat distribution,transmission,10000,0.99,20,transmission1785,transmission1679
transmission1679_to_transmission1785_electricity,#3186cc,LV electricity distribution,transmission,10000,0.99,20,transmission1785,transmission1679
transmission1785_to_transmission1209_heat,#823740,LQ heat distribution,transmission,10000,0.99,20,transmission1209,transmission1785
transmission1785_to_transmission1209_electricity,#3186cc,LV electricity distribution,transmission,10000,0.99,20,transmission1209,transmission1785
transmission1209_to_transmission1063_heat,#823740,LQ heat distribution,transmission,10000,0.99,20,transmission1063,transmission1209
transmission1209_to_transmission1063_electricity,#3186cc,LV electricity distribution,transmission,10000,0.99,20,transmission1063,transmission1209
transmission1063_to_transmission1874_heat,#823740,LQ heat distribution,transmission,10000,0.99,20,transmission1874,transmission1063
transmission1063_to_transmission1874_electricity,#3186cc,LV electricity distribution,transmission,10000,0.99,20,transmission1874,transmission1063
transmission1874_to_transmission1303_heat,#823740,LQ heat distribution,transmission,10000,0.99,20,transmission1303,transmission1874
transmission1874_to_transmission1303_electricity,#3186cc,LV electricity distribution,transmission,10000,0.99,20,transmission1303,transmission1874
transmission1303_to_transmission1961_heat,#823740,LQ heat distribution,transmission,10000,0.99,20,transmission1961,transmission1303
transmission1303_to_transmission1961_electricity,#3186cc,LV electricity distribution,transmission,10000,0.99,20,transmission1961,transmission1303
transmission1961_to_transmission2759_heat,#823740,LQ heat distribution,transmission,10000,0.99,20,transmission2759,transmission1961
transmission1961_to_transmission2759_electricity,#3186cc,LV electricity distribution,transmission,10000,0.99,20,transmission2759,transmission1961
transmission2759_to_transmission1950_heat,#823740,LQ heat distribution,transmission,10000,0.99,20,transmission1950,transmission2759
transmission2759_to_transmission1950_electricity,#3186cc,LV electricity distribution,transmission,10000,0.99,20,transmission1950,transmission2759
transmission1950_to_transmission2049_heat,#823740,LQ heat distribution,transmission,10000,0.99,20,transmission2049,transmission1950
transmission1950_to_transmission2049_electricity,#3186cc,LV electricity distribution,transmission,10000,0.99,20,transmission2049,transmission1950
transmission2049_to_transmission1502_heat,#823740,LQ heat distribution,transmission,10000,0.99,20,transmission1502,transmission2049
transmission2049_to_transmission1502_electricity,#3186cc,LV electricity distribution,transmission,10000,0.99,20,transmission1502,transmission2049
transmission1502_to_transmission2636_heat,#823740,LQ heat distribution,transmission,10000,0.99,20,transmission2636,transmission1502
transmission1502_to_transmission2636_electricity,#3186cc,LV electricity distribution,transmission,10000,0.99,20,transmission2636,transmission1502
transmission2636_to_transmission1439_heat,#823740,LQ heat distribution,transmission,10000,0.99,20,transmission1439,transmission2636
transmission2636_to_transmission1439_electricity,#3186cc,LV electricity distribution,transmission,10000,0.99,20,transmission1439,transmission2636
transmission1439_to_transmission1755_heat,#823740,LQ heat distribution,transmission,10000,0.99,20,transmission1755,transmission1439
transmission1439_to_transmission1755_electricity,#3186cc,LV electricity distribution,transmission,10000,0.99,20,transmission1755,transmission1439
transmission2687_to_transmission2536_heat,#823740,LQ heat distribution,transmission,10000,0.99,20,transmission2536,transmission2687
transmission2687_to_transmission2536_electricity,#3186cc,LV electricity distribution,transmission,10000,0.99,20,transmission2536,transmission2687
transmission2536_to_transmission2291_heat,#823740,LQ heat distribution,transmission,10000,0.99,20,transmission2291,transmission2536
transmission2536_to_transmission2291_electricity,#3186cc,LV electricity distribution,transmission,10000,0.99,20,transmission2291,transmission2536
transmission2291_to_transmission2951_heat,#823740,LQ heat distribution,transmission,10000,0.99,20,transmission2951,transmission2291
transmission2291_to_transmission2951_electricity,#3186cc,LV electricity distribution,transmission,10000,0.99,20,transmission2951,transmission2291
transmission2951_to_transmission3141_heat,#823740,LQ heat distribution,transmission,10000,0.99,20,transmission3141,transmission2951
transmission2951_to_transmission3141_electricity,#3186cc,LV electricity distribution,transmission,10000,0.99,20,transmission3141,transmission2951
transmission3141_to_transmission1576_heat,#823740,LQ heat distribution,transmission,10000,0.99,20,transmission1576,transmission3141
transmission3141_to_transmission1576_electricity,#3186cc,LV electricity distribution,transmission,10000,0.99,20,transmission1576,transmission3141
transmission1576_to_transmission1928_heat,#823740,LQ heat distribution,transmission,10000,0.99,20,transmission1928,transmission1576
transmission1576_to_transmission1928_electricity,#3186cc,LV electricity distribution,transmission,10000,0.99,20,transmission1928,transmission1576
transmission1928_to_transmission3032_heat,#823740,LQ heat distribution,transmission,10000,0.99,20,transmission3032,transmission1928
transmission1928_to_transmission3032_electricity,#3186cc,LV electricity distribution,transmission,10000,0.99,20,transmission3032,transmission1928
transmission3032_to_transmission2461_heat,#823740,LQ heat distribution,transmission,10000,0.99,20,transmission2461,transmission3032
transmission3032_to_transmission2461_electricity,#3186cc,LV electricity distribution,transmission,10000,0.99,20,transmission2461,transmission3032
transmission2461_to_transmission976_heat,#823740,LQ heat distribution,transmission,10000,0.99,20,transmission976,transmission2461
transmission2461_to_transmission976_electricity,#3186cc,LV electricity distribution,transmission,10000,0.99,20,transmission976,transmission2461
transmission976_to_transmission3027_heat,#823740,LQ heat distribution,transmission,10000,0.99,20,transmission3027,transmission976
transmission976_to_transmission3027_electricity,#3186cc,LV electricity distribution,transmission,10000,0.99,20,transmission3027,transmission976
transmission3027_to_transmission1922_heat,#823740,LQ heat distribution,transmission,10000,0.99,20,transmission1922,transmission3027
transmission3027_to_transmission1922_electricity,#3186cc,LV electricity distribution,transmission,10000,0.99,20,transmission1922,transmission3027
transmission1922_to_transmission2352_heat,#823740,LQ heat distribution,transmission,10000,0.99,20,transmission2352,transmission1922
transmission1922_to_transmission2352_electricity,#3186cc,LV electricity distribution,transmission,10000,0.99,20,transmission2352,transmission1922
transmission2352_to_transmission2147_heat,#823740,LQ heat distribution,transmission,10000,0.99,20,transmission2147,transmission2352
transmission2352_to_transmission2147_electricity,#3186cc,LV electricity distribution,transmission,10000,0.99,20,transmission2147,transmission2352
transmission2147_to_transmission625_heat,#823740,LQ heat distribution,transmission,10000,0.99,20,transmission625,transmission2147
transmission2147_to_transmission625_electricity,#3186cc,LV electricity distribution,transmission,10000,0.99,20,transmission625,transmission2147
transmission625_to_transmission1492_heat,#823740,LQ heat distribution,transmission,10000,0.99,20,transmission1492,transmission625
transmission625_to_transmission1492_electricity,#3186cc,LV electricity distribution,transmission,10000,0.99,20,transmission1492,transmission625
transmission1492_to_transmission1598_heat,#823740,LQ heat distribution,transmission,10000,0.99,20,transmission1598,transmission1492
transmission1492_to_transmission1598_electricity,#3186cc,LV electricity distribution,transmission,10000,0.99,20,transmission1598,transmission1492
transmission1598_to_transmission2039_heat,#823740,LQ heat distribution,transmission,10000,0.99,20,transmission2039,transmission1598
transmission1598_to_transmission2039_electricity,#3186cc,LV electricity distribution,transmission,10000,0.99,20,transmission2039,transmission1598
transmission2039_to_transmission1841_heat,#823740,LQ heat distribution,transmission,10000,0.99,20,transmission1841,transmission2039
transmission2039_to_transmission1841_electricity,#3186cc,LV electricity distribution,transmission,10000,0.99,20,transmission1841,transmission2039
transmission1841_to_transmission3217_heat,#823740,LQ heat distribution,transmission,10000,0.99,20,transmission3217,transmission1841
transmission1841_to_transmission3217_electricity,#3186cc,LV electricity distribution,transmission,10000,0.99,20,transmission3217,transmission1841
transmission3217_to_transmission788_heat,#823740,LQ heat distribution,transmission,10000,0.99,20,transmission788,transmission3217
transmission3217_to_transmission788_electricity,#3186cc,LV electricity distribution,transmission,10000,0.99,20,transmission788,transmission3217
transmission788_to_transmission2895_heat,#823740,LQ heat distribution,transmission,10000,0.99,20,transmission2895,transmission788
transmission788_to_transmission2895_electricity,#3186cc,LV electricity distribution,transmission,10000,0.99,20,transmission2895,transmission788
transmission2895_to_transmission1842_heat,#823740,LQ heat distribution,transmission,10000,0.99,20,transmission1842,transmission2895
transmission2895_to_transmission1842_electricity,#3186cc,LV electricity distribution,transmission,10000,0.99,20,transmission1842,transmission2895
transmission1842_to_transmission674_heat,#823740,LQ heat distribution,transmission,10000,0.99,20,transmission674,transmission1842
transmission1842_to_transmission674_electricity,#3186cc,LV electricity distribution,transmission,10000,0.99,20,transmission674,transmission1842
transmission674_to_transmission1198_heat,#823740,LQ heat distribution,transmission,10000,0.99,20,transmission1198,transmission674
transmission674_to_transmission1198_electricity,#3186cc,LV electricity distribution,transmission,10000,0.99,20,transmission1198,transmission674
transmission1198_to_transmission2000_heat,#823740,LQ heat distribution,transmission,10000,0.99,20,transmission2000,transmission1198
transmission1198_to_transmission2000_electricity,#3186cc,LV electricity distribution,transmission,10000,0.99,20,transmission2000,transmission1198
transmission2000_to_transmission657_heat,#823740,LQ heat distribution,transmission,10000,0.99,20,transmission657,transmission2000
transmission2000_to_transmission657_electricity,#3186cc,LV electricity distribution,transmission,10000,0.99,20,transmission657,transmission2000
transmission657_to_transmission2820_heat,#823740,LQ heat distribution,transmission,10000,0.99,20,transmission2820,transmission657
transmission657_to_transmission2820_electricity,#3186cc,LV electricity distribution,transmission,10000,0.99,20,transmission2820,transmission657
transmission2820_to_transmission2430_heat,#823740,LQ heat distribution,transmission,10000,0.99,20,transmission2430,transmission2820
transmission2820_to_transmission2430_electricity,#3186cc,LV electricity distribution,transmission,10000,0.99,20,transmission2430,transmission2820
transmission2430_to_transmission1691_heat,#823740,LQ heat distribution,transmission,10000,0.99,20,transmission1691,transmission2430
transmission2430_to_transmission1691_electricity,#3186cc,LV electricity distribution,transmission,10000,0.99,20,transmission1691,transmission2430
transmission1691_to_transmission1927_heat,#823740,LQ heat distribution,transmission,10000,0.99,20,transmission1927,transmission1691
transmission1691_to_transmission1927_electricity,#3186cc,LV electricity distribution,transmission,10000,0.99,20,transmission1927,transmission1691
transmission1927_to_transmission3366_heat,#823740,LQ heat distribution,transmission,10000,0.99,20,transmission3366,transmission1927
transmission1927_to_transmission3366_electricity,#3186cc,LV electricity distribution,transmission,10000,0.99,20,transmission3366,transmission1927
transmission3366_to_transmission2617_heat,#823740,LQ heat distribution,transmission,10000,0.99,20,transmission2617,transmission3366
transmission3366_to_transmission2617_electricity,#3186cc,LV electricity distribution,transmission,10000,0.99,20,transmission2617,transmission3366
transmission2617_to_transmission2844_heat,#823740,LQ heat distribution,transmission,10000,0.99,20,transmission2844,transmission2617
transmission2617_to_transmission2844_electricity,#3186cc,LV electricity distribution,transmission,10000,0.99,20,transmission2844,transmission2617
transmission2844_to_transmission832_heat,#823740,LQ heat distribution,transmission,10000,0.99,20,transmission832,transmission2844
transmission2844_to_transmission832_electricity,#3186cc,LV electricity distribution,transmission,10000,0.99,20,transmission832,transmission2844
transmission832_to_transmission1224_heat,#823740,LQ heat distribution,transmission,10000,0.99,20,transmission1224,transmission832
transmission832_to_transmission1224_electricity,#3186cc,LV electricity distribution,transmission,10000,0.99,20,transmission1224,transmission832
transmission1224_to_transmission1233_heat,#823740,LQ heat distribution,transmission,10000,0.99,20,transmission1233,transmission1224
transmission1224_to_transmission1233_electricity,#3186cc,LV electricity distribution,transmission,10000,0.99,20,transmission1233,transmission1224
transmission1233_to_transmission2811_heat,#823740,LQ heat distribution,transmission,10000,0.99,20,transmission2811,transmission1233
transmission1233_to_transmission2811_electricity,#3186cc,LV electricity distribution,transmission,10000,0.99,20,transmission2811,transmission1233
transmission2811_to_transmission3169_heat,#823740,LQ heat distribution,transmission,10000,0.99,20,transmission3169,transmission2811
transmission2811_to_transmission3169_electricity,#3186cc,LV electricity distribution,transmission,10000,0.99,20,transmission3169,transmission2811
transmission2649_to_transmission605_heat,#823740,LQ heat distribution,transmission,10000,0.99,20,transmission605,transmission2649
transmission2649_to_transmission605_electricity,#3186cc,LV electricity distribution,transmission,10000,0.99,20,transmission605,transmission2649
transmission605_to_transmission3046_heat,#823740,LQ heat distribution,transmission,10000,0.99,20,transmission3046,transmission605
transmission605_to_transmission3046_electricity,#3186cc,LV electricity distribution,transmission,10000,0.99,20,transmission3046,transmission605
transmission3046_to_transmission1508_heat,#823740,LQ heat distribution,transmission,10000,0.99,20,transmission1508,transmission3046
transmission3046_to_transmission1508_electricity,#3186cc,LV electricity distribution,transmission,10000,0.99,20,transmission1508,transmission3046
transmission1508_to_transmission632_heat,#823740,LQ heat distribution,transmission,10000,0.99,20,transmission632,transmission1508
transmission1508_to_transmission632_electricity,#3186cc,LV electricity distribution,transmission,10000,0.99,20,transmission632,transmission1508
transmission632_to_transmission554_heat,#823740,LQ heat distribution,transmission,10000,0.99,20,transmission554,transmission632
transmission632_to_transmission554_electricity,#3186cc,LV electricity distribution,transmission,10000,0.99,20,transmission554,transmission632
transmission554_to_transmission2027_heat,#823740,LQ heat distribution,transmission,10000,0.99,20,transmission2027,transmission554
transmission554_to_transmission2027_electricity,#3186cc,LV electricity distribution,transmission,10000,0.99,20,transmission2027,transmission554
transmission2027_to_transmission2449_heat,#823740,LQ heat distribution,transmission,10000,0.99,20,transmission2449,transmission2027
transmission2027_to_transmission2449_electricity,#3186cc,LV electricity distribution,transmission,10000,0.99,20,transmission2449,transmission2027
transmission2449_to_transmission1390_heat,#823740,LQ heat distribution,transmission,10000,0.99,20,transmission1390,transmission2449
transmission2449_to_transmission1390_electricity,#3186cc,LV electricity distribution,transmission,10000,0.99,20,transmission1390,transmission2449
transmission1390_to_transmission516_heat,#823740,LQ heat distribution,transmission,10000,0.99,20,transmission516,transmission1390
transmission1390_to_transmission516_electricity,#3186cc,LV electricity distribution,transmission,10000,0.99,20,transmission516,transmission1390
transmission516_to_transmission1996_heat,#823740,LQ heat distribution,transmission,10000,0.99,20,transmission1996,transmission516
transmission516_to_transmission1996_electricity,#3186cc,LV electricity distribution,transmission,10000,0.99,20,transmission1996,transmission516
transmission1996_to_transmission2822_heat,#823740,LQ heat distribution,transmission,10000,0.99,20,transmission2822,transmission1996
transmission1996_to_transmission2822_electricity,#3186cc,LV electricity distribution,transmission,10000,0.99,20,transmission2822,transmission1996
transmission2822_to_transmission1346_heat,#823740,LQ heat distribution,transmission,10000,0.99,20,transmission1346,transmission2822
transmission2822_to_transmission1346_electricity,#3186cc,LV electricity distribution,transmission,10000,0.99,20,transmission1346,transmission2822
transmission1346_to_transmission2223_heat,#823740,LQ heat distribution,transmission,10000,0.99,20,transmission2223,transmission1346
transmission1346_to_transmission2223_electricity,#3186cc,LV electricity distribution,transmission,10000,0.99,20,transmission2223,transmission1346
transmission2223_to_transmission3023_heat,#823740,LQ heat distribution,transmission,10000,0.99,20,transmission3023,transmission2223
transmission2223_to_transmission3023_electricity,#3186cc,LV electricity distribution,transmission,10000,0.99,20,transmission3023,transmission2223
transmission3023_to_transmission1941_heat,#823740,LQ heat distribution,transmission,10000,0.99,20,transmission1941,transmission3023
transmission3023_to_transmission1941_electricity,#3186cc,LV electricity distribution,transmission,10000,0.99,20,transmission1941,transmission3023
transmission567_to_transmission1530_heat,#823740,LQ heat distribution,transmission,10000,0.99,20,transmission1530,transmission567
transmission567_to_transmission1530_electricity,#3186cc,LV electricity distribution,transmission,10000,0.99,20,transmission1530,transmission567
transmission1530_to_transmission1433_heat,#823740,LQ heat distribution,transmission,10000,0.99,20,transmission1433,transmission1530
transmission1530_to_transmission1433_electricity,#3186cc,LV electricity distribution,transmission,10000,0.99,20,transmission1433,transmission1530
transmission1433_to_transmission1923_heat,#823740,LQ heat distribution,transmission,10000,0.99,20,transmission1923,transmission1433
transmission1433_to_transmission1923_electricity,#3186cc,LV electricity distribution,transmission,10000,0.99,20,transmission1923,transmission1433
transmission1923_to_transmission959_heat,#823740,LQ heat distribution,transmission,10000,0.99,20,transmission959,transmission1923
transmission1923_to_transmission959_electricity,#3186cc,LV electricity distribution,transmission,10000,0.99,20,transmission959,transmission1923
transmission959_to_transmission3394_heat,#823740,LQ heat distribution,transmission,10000,0.99,20,transmission3394,transmission959
transmission959_to_transmission3394_electricity,#3186cc,LV electricity distribution,transmission,10000,0.99,20,transmission3394,transmission959
transmission3394_to_transmission1374_heat,#823740,LQ heat distribution,transmission,10000,0.99,20,transmission1374,transmission3394
transmission3394_to_transmission1374_electricity,#3186cc,LV electricity distribution,transmission,10000,0.99,20,transmission1374,transmission3394
transmission1374_to_transmission884_heat,#823740,LQ heat distribution,transmission,10000,0.99,20,transmission884,transmission1374
transmission1374_to_transmission884_electricity,#3186cc,LV electricity distribution,transmission,10000,0.99,20,transmission884,transmission1374
transmission884_to_transmission1828_heat,#823740,LQ heat distribution,transmission,10000,0.99,20,transmission1828,transmission884
transmission884_to_transmission1828_electricity,#3186cc,LV electricity distribution,transmission,10000,0.99,20,transmission1828,transmission884
transmission1828_to_transmission2356_heat,#823740,LQ heat distribution,transmission,10000,0.99,20,transmission2356,transmission1828
transmission1828_to_transmission2356_electricity,#3186cc,LV electricity distribution,transmission,10000,0.99,20,transmission2356,transmission1828
transmission2356_to_transmission2843_heat,#823740,LQ heat distribution,transmission,10000,0.99,20,transmission2843,transmission2356
transmission2356_to_transmission2843_electricity,#3186cc,LV electricity distribution,transmission,10000,0.99,20,transmission2843,transmission2356
transmission2843_to_transmission2756_heat,#823740,LQ heat distribution,transmission,10000,0.99,20,transmission2756,transmission2843
transmission2843_to_transmission2756_electricity,#3186cc,LV electricity distribution,transmission,10000,0.99,20,transmission2756,transmission2843
transmission2756_to_transmission1780_heat,#823740,LQ heat distribution,transmission,10000,0.99,20,transmission1780,transmission2756
transmission2756_to_transmission1780_electricity,#3186cc,LV electricity distribution,transmission,10000,0.99,20,transmission1780,transmission2756
transmission1231_to_transmission3324_heat,#823740,LQ heat distribution,transmission,10000,0.99,20,transmission3324,transmission1231
transmission1231_to_transmission3324_electricity,#3186cc,LV electricity distribution,transmission,10000,0.99,20,transmission3324,transmission1231
transmission3324_to_transmission1067_heat,#823740,LQ heat distribution,transmission,10000,0.99,20,transmission1067,transmission3324
transmission3324_to_transmission1067_electricity,#3186cc,LV electricity distribution,transmission,10000,0.99,20,transmission1067,transmission3324
transmission1067_to_transmission2584_heat,#823740,LQ heat distribution,transmission,10000,0.99,20,transmission2584,transmission1067
transmission1067_to_transmission2584_electricity,#3186cc,LV electricity distribution,transmission,10000,0.99,20,transmission2584,transmission1067
transmission2584_to_transmission567_heat,#823740,LQ heat distribution,transmission,10000,0.99,20,transmission567,transmission2584
transmission2584_to_transmission567_electricity,#3186cc,LV electricity distribution,transmission,10000,0.99,20,transmission567,transmission2584
transmission567_to_transmission1512_heat,#823740,LQ heat distribution,transmission,10000,0.99,20,transmission1512,transmission567
transmission567_to_transmission1512_electricity,#3186cc,LV electricity distribution,transmission,10000,0.99,20,transmission1512,transmission567
transmission1512_to_transmission1162_heat,#823740,LQ heat distribution,transmission,10000,0.99,20,transmission1162,transmission1512
transmission1512_to_transmission1162_electricity,#3186cc,LV electricity distribution,transmission,10000,0.99,20,transmission1162,transmission1512
transmission1162_to_transmission1346_heat,#823740,LQ heat distribution,transmission,10000,0.99,20,transmission1346,transmission1162
transmission1162_to_transmission1346_electricity,#3186cc,LV electricity distribution,transmission,10000,0.99,20,transmission1346,transmission1162
transmission714_to_transmission1685_heat,#823740,LQ heat distribution,transmission,10000,0.99,20,transmission1685,transmission714
transmission714_to_transmission1685_electricity,#3186cc,LV electricity distribution,transmission,10000,0.99,20,transmission1685,transmission714
transmission1685_to_transmission2010_heat,#823740,LQ heat distribution,transmission,10000,0.99,20,transmission2010,transmission1685
transmission1685_to_transmission2010_electricity,#3186cc,LV electricity distribution,transmission,10000,0.99,20,transmission2010,transmission1685
transmission2010_to_transmission1000_heat,#823740,LQ heat distribution,transmission,10000,0.99,20,transmission1000,transmission2010
transmission2010_to_transmission1000_electricity,#3186cc,LV electricity distribution,transmission,10000,0.99,20,transmission1000,transmission2010
transmission1000_to_transmission1420_heat,#823740,LQ heat distribution,transmission,10000,0.99,20,transmission1420,transmission1000
transmission1000_to_transmission1420_electricity,#3186cc,LV electricity distribution,transmission,10000,0.99,20,transmission1420,transmission1000
transmission1420_to_transmission769_heat,#823740,LQ heat distribution,transmission,10000,0.99,20,transmission769,transmission1420
transmission1420_to_transmission769_electricity,#3186cc,LV electricity distribution,transmission,10000,0.99,20,transmission769,transmission1420
transmission769_to_transmission1157_heat,#823740,LQ heat distribution,transmission,10000,0.99,20,transmission1157,transmission769
transmission769_to_transmission1157_electricity,#3186cc,LV electricity distribution,transmission,10000,0.99,20,transmission1157,transmission769
transmission1157_to_transmission504_heat,#823740,LQ heat distribution,transmission,10000,0.99,20,transmission504,transmission1157
transmission1157_to_transmission504_electricity,#3186cc,LV electricity distribution,transmission,10000,0.99,20,transmission504,transmission1157
transmission504_to_transmission910_heat,#823740,LQ heat distribution,transmission,10000,0.99,20,transmission910,transmission504
transmission504_to_transmission910_electricity,#3186cc,LV electricity distribution,transmission,10000,0.99,20,transmission910,transmission504
transmission910_to_transmission2852_heat,#823740,LQ heat distribution,transmission,10000,0.99,20,transmission2852,transmission910
transmission910_to_transmission2852_electricity,#3186cc,LV electricity distribution,transmission,10000,0.99,20,transmission2852,transmission910
transmission2852_to_transmission2870_heat,#823740,LQ heat distribution,transmission,10000,0.99,20,transmission2870,transmission2852
transmission2852_to_transmission2870_electricity,#3186cc,LV electricity distribution,transmission,10000,0.99,20,transmission2870,transmission2852
transmission2870_to_transmission1884_heat,#823740,LQ heat distribution,transmission,10000,0.99,20,transmission1884,transmission2870
transmission2870_to_transmission1884_electricity,#3186cc,LV electricity distribution,transmission,10000,0.99,20,transmission1884,transmission2870
transmission1884_to_transmission1231_heat,#823740,LQ heat distribution,transmission,10000,0.99,20,transmission1231,transmission1884
transmission1884_to_transmission1231_electricity,#3186cc,LV electricity distribution,transmission,10000,0.99,20,transmission1231,transmission1884
transmission1231_to_transmission2117_heat,#823740,LQ heat distribution,transmission,10000,0.99,20,transmission2117,transmission1231
transmission1231_to_transmission2117_electricity,#3186cc,LV electricity distribution,transmission,10000,0.99,20,transmission2117,transmission1231
transmission2117_to_transmission2670_heat,#823740,LQ heat distribution,transmission,10000,0.99,20,transmission2670,transmission2117
transmission2117_to_transmission2670_electricity,#3186cc,LV electricity distribution,transmission,10000,0.99,20,transmission2670,transmission2117
transmission2670_to_transmission3042_heat,#823740,LQ heat distribution,transmission,10000,0.99,20,transmission3042,transmission2670
transmission2670_to_transmission3042_electricity,#3186cc,LV electricity distribution,transmission,10000,0.99,20,transmission3042,transmission2670
transmission3042_to_transmission1920_heat,#823740,LQ heat distribution,transmission,10000,0.99,20,transmission1920,transmission3042
transmission3042_to_transmission1920_electricity,#3186cc,LV electricity distribution,transmission,10000,0.99,20,transmission1920,transmission3042
transmission1920_to_transmission2222_heat,#823740,LQ heat distribution,transmission,10000,0.99,20,transmission2222,transmission1920
transmission1920_to_transmission2222_electricity,#3186cc,LV electricity distribution,transmission,10000,0.99,20,transmission2222,transmission1920
transmission2222_to_transmission703_heat,#823740,LQ heat distribution,transmission,10000,0.99,20,transmission703,transmission2222
transmission2222_to_transmission703_electricity,#3186cc,LV electricity distribution,transmission,10000,0.99,20,transmission703,transmission2222
transmission703_to_transmission1028_heat,#823740,LQ heat distribution,transmission,10000,0.99,20,transmission1028,transmission703
transmission703_to_transmission1028_electricity,#3186cc,LV electricity distribution,transmission,10000,0.99,20,transmission1028,transmission703
transmission1028_to_transmission3091_heat,#823740,LQ heat distribution,transmission,10000,0.99,20,transmission3091,transmission1028
transmission1028_to_transmission3091_electricity,#3186cc,LV electricity distribution,transmission,10000,0.99,20,transmission3091,transmission1028
transmission3091_to_transmission2498_heat,#823740,LQ heat distribution,transmission,10000,0.99,20,transmission2498,transmission3091
transmission3091_to_transmission2498_electricity,#3186cc,LV electricity distribution,transmission,10000,0.99,20,transmission2498,transmission3091
transmission2498_to_transmission1941_heat,#823740,LQ heat distribution,transmission,10000,0.99,20,transmission1941,transmission2498
transmission2498_to_transmission1941_electricity,#3186cc,LV electricity distribution,transmission,10000,0.99,20,transmission1941,transmission2498
transmission1941_to_transmission2685_heat,#823740,LQ heat distribution,transmission,10000,0.99,20,transmission2685,transmission1941
transmission1941_to_transmission2685_electricity,#3186cc,LV electricity distribution,transmission,10000,0.99,20,transmission2685,transmission1941
transmission2685_to_transmission1912_heat,#823740,LQ heat distribution,transmission,10000,0.99,20,transmission1912,transmission2685
transmission2685_to_transmission1912_electricity,#3186cc,LV electricity distribution,transmission,10000,0.99,20,transmission1912,transmission2685
transmission1912_to_transmission2094_heat,#823740,LQ heat distribution,transmission,10000,0.99,20,transmission2094,transmission1912
transmission1912_to_transmission2094_electricity,#3186cc,LV electricity distribution,transmission,10000,0.99,20,transmission2094,transmission1912
transmission2094_to_transmission1334_heat,#823740,LQ heat distribution,transmission,10000,0.99,20,transmission1334,transmission2094
transmission2094_to_transmission1334_electricity,#3186cc,LV electricity distribution,transmission,10000,0.99,20,transmission1334,transmission2094
transmission1334_to_transmission1313_heat,#823740,LQ heat distribution,transmission,10000,0.99,20,transmission1313,transmission1334
transmission1334_to_transmission1313_electricity,#3186cc,LV electricity distribution,transmission,10000,0.99,20,transmission1313,transmission1334
transmission2655_to_transmission2785_heat,#823740,LQ heat distribution,transmission,10000,0.99,20,transmission2785,transmission2655
transmission2655_to_transmission2785_electricity,#3186cc,LV electricity distribution,transmission,10000,0.99,20,transmission2785,transmission2655
transmission2785_to_transmission939_heat,#823740,LQ heat distribution,transmission,10000,0.99,20,transmission939,transmission2785
transmission2785_to_transmission939_electricity,#3186cc,LV electricity distribution,transmission,10000,0.99,20,transmission939,transmission2785
transmission939_to_transmission2036_heat,#823740,LQ heat distribution,transmission,10000,0.99,20,transmission2036,transmission939
transmission939_to_transmission2036_electricity,#3186cc,LV electricity distribution,transmission,10000,0.99,20,transmission2036,transmission939
transmission2036_to_transmission1885_heat,#823740,LQ heat distribution,transmission,10000,0.99,20,transmission1885,transmission2036
transmission2036_to_transmission1885_electricity,#3186cc,LV electricity distribution,transmission,10000,0.99,20,transmission1885,transmission2036
transmission1885_to_transmission973_heat,#823740,LQ heat distribution,transmission,10000,0.99,20,transmission973,transmission1885
transmission1885_to_transmission973_electricity,#3186cc,LV electricity distribution,transmission,10000,0.99,20,transmission973,transmission1885
transmission973_to_transmission2673_heat,#823740,LQ heat distribution,transmission,10000,0.99,20,transmission2673,transmission973
transmission973_to_transmission2673_electricity,#3186cc,LV electricity distribution,transmission,10000,0.99,20,transmission2673,transmission973
transmission2673_to_transmission1496_heat,#823740,LQ heat distribution,transmission,10000,0.99,20,transmission1496,transmission2673
transmission2673_to_transmission1496_electricity,#3186cc,LV electricity distribution,transmission,10000,0.99,20,transmission1496,transmission2673
transmission1496_to_transmission1643_heat,#823740,LQ heat distribution,transmission,10000,0.99,20,transmission1643,transmission1496
transmission1496_to_transmission1643_electricity,#3186cc,LV electricity distribution,transmission,10000,0.99,20,transmission1643,transmission1496
transmission1643_to_transmission2692_heat,#823740,LQ heat distribution,transmission,10000,0.99,20,transmission2692,transmission1643
transmission1643_to_transmission2692_electricity,#3186cc,LV electricity distribution,transmission,10000,0.99,20,transmission2692,transmission1643
transmission2692_to_transmission839_heat,#823740,LQ heat distribution,transmission,10000,0.99,20,transmission839,transmission2692
transmission2692_to_transmission839_electricity,#3186cc,LV electricity distribution,transmission,10000,0.99,20,transmission839,transmission2692
transmission839_to_transmission2653_heat,#823740,LQ heat distribution,transmission,10000,0.99,20,transmission2653,transmission839
transmission839_to_transmission2653_electricity,#3186cc,LV electricity distribution,transmission,10000,0.99,20,transmission2653,transmission839
transmission2653_to_transmission802_heat,#823740,LQ heat distribution,transmission,10000,0.99,20,transmission802,transmission2653
transmission2653_to_transmission802_electricity,#3186cc,LV electricity distribution,transmission,10000,0.99,20,transmission802,transmission2653
transmission1860_to_transmission988_heat,#823740,LQ heat distribution,transmission,10000,0.99,20,transmission988,transmission1860
transmission1860_to_transmission988_electricity,#3186cc,LV electricity distribution,transmission,10000,0.99,20,transmission988,transmission1860
transmission988_to_transmission2993_heat,#823740,LQ heat distribution,transmission,10000,0.99,20,transmission2993,transmission988
transmission988_to_transmission2993_electricity,#3186cc,LV electricity distribution,transmission,10000,0.99,20,transmission2993,transmission988
transmission2993_to_transmission2785_heat,#823740,LQ heat distribution,transmission,10000,0.99,20,transmission2785,transmission2993
transmission2993_to_transmission2785_electricity,#3186cc,LV electricity distribution,transmission,10000,0.99,20,transmission2785,transmission2993
transmission1914_to_transmission3390_heat,#823740,LQ heat distribution,transmission,10000,0.99,20,transmission3390,transmission1914
transmission1914_to_transmission3390_electricity,#3186cc,LV electricity distribution,transmission,10000,0.99,20,transmission3390,transmission1914
transmission3390_to_transmission2255_heat,#823740,LQ heat distribution,transmission,10000,0.99,20,transmission2255,transmission3390
transmission3390_to_transmission2255_electricity,#3186cc,LV electricity distribution,transmission,10000,0.99,20,transmission2255,transmission3390
transmission2255_to_transmission1406_heat,#823740,LQ heat distribution,transmission,10000,0.99,20,transmission1406,transmission2255
transmission2255_to_transmission1406_electricity,#3186cc,LV electricity distribution,transmission,10000,0.99,20,transmission1406,transmission2255
transmission1406_to_transmission783_heat,#823740,LQ heat distribution,transmission,10000,0.99,20,transmission783,transmission1406
transmission1406_to_transmission783_electricity,#3186cc,LV electricity distribution,transmission,10000,0.99,20,transmission783,transmission1406
transmission783_to_transmission2829_heat,#823740,LQ heat distribution,transmission,10000,0.99,20,transmission2829,transmission783
transmission783_to_transmission2829_electricity,#3186cc,LV electricity distribution,transmission,10000,0.99,20,transmission2829,transmission783
transmission2829_to_transmission1137_heat,#823740,LQ heat distribution,transmission,10000,0.99,20,transmission1137,transmission2829
transmission2829_to_transmission1137_electricity,#3186cc,LV electricity distribution,transmission,10000,0.99,20,transmission1137,transmission2829
transmission1137_to_transmission3248_heat,#823740,LQ heat distribution,transmission,10000,0.99,20,transmission3248,transmission1137
transmission1137_to_transmission3248_electricity,#3186cc,LV electricity distribution,transmission,10000,0.99,20,transmission3248,transmission1137
transmission3248_to_transmission2376_heat,#823740,LQ heat distribution,transmission,10000,0.99,20,transmission2376,transmission3248
transmission3248_to_transmission2376_electricity,#3186cc,LV electricity distribution,transmission,10000,0.99,20,transmission2376,transmission3248
transmission2376_to_transmission2206_heat,#823740,LQ heat distribution,transmission,10000,0.99,20,transmission2206,transmission2376
transmission2376_to_transmission2206_electricity,#3186cc,LV electricity distribution,transmission,10000,0.99,20,transmission2206,transmission2376
transmission2206_to_transmission1339_heat,#823740,LQ heat distribution,transmission,10000,0.99,20,transmission1339,transmission2206
transmission2206_to_transmission1339_electricity,#3186cc,LV electricity distribution,transmission,10000,0.99,20,transmission1339,transmission2206
transmission1339_to_transmission1127_heat,#823740,LQ heat distribution,transmission,10000,0.99,20,transmission1127,transmission1339
transmission1339_to_transmission1127_electricity,#3186cc,LV electricity distribution,transmission,10000,0.99,20,transmission1127,transmission1339
transmission1127_to_transmission1018_heat,#823740,LQ heat distribution,transmission,10000,0.99,20,transmission1018,transmission1127
transmission1127_to_transmission1018_electricity,#3186cc,LV electricity distribution,transmission,10000,0.99,20,transmission1018,transmission1127
transmission1018_to_transmission772_heat,#823740,LQ heat distribution,transmission,10000,0.99,20,transmission772,transmission1018
transmission1018_to_transmission772_electricity,#3186cc,LV electricity distribution,transmission,10000,0.99,20,transmission772,transmission1018
transmission772_to_transmission3422_heat,#823740,LQ heat distribution,transmission,10000,0.99,20,transmission3422,transmission772
transmission772_to_transmission3422_electricity,#3186cc,LV electricity distribution,transmission,10000,0.99,20,transmission3422,transmission772
transmission3422_to_transmission933_heat,#823740,LQ heat distribution,transmission,10000,0.99,20,transmission933,transmission3422
transmission3422_to_transmission933_electricity,#3186cc,LV electricity distribution,transmission,10000,0.99,20,transmission933,transmission3422
transmission933_to_transmission2678_heat,#823740,LQ heat distribution,transmission,10000,0.99,20,transmission2678,transmission933
transmission933_to_transmission2678_electricity,#3186cc,LV electricity distribution,transmission,10000,0.99,20,transmission2678,transmission933
transmission2678_to_transmission1139_heat,#823740,LQ heat distribution,transmission,10000,0.99,20,transmission1139,transmission2678
transmission2678_to_transmission1139_electricity,#3186cc,LV electricity distribution,transmission,10000,0.99,20,transmission1139,transmission2678
transmission1139_to_transmission2840_heat,#823740,LQ heat distribution,transmission,10000,0.99,20,transmission2840,transmission1139
transmission1139_to_transmission2840_electricity,#3186cc,LV electricity distribution,transmission,10000,0.99,20,transmission2840,transmission1139
transmission2840_to_transmission1326_heat,#823740,LQ heat distribution,transmission,10000,0.99,20,transmission1326,transmission2840
transmission2840_to_transmission1326_electricity,#3186cc,LV electricity distribution,transmission,10000,0.99,20,transmission1326,transmission2840
transmission1326_to_transmission3048_heat,#823740,LQ heat distribution,transmission,10000,0.99,20,transmission3048,transmission1326
transmission1326_to_transmission3048_electricity,#3186cc,LV electricity distribution,transmission,10000,0.99,20,transmission3048,transmission1326
transmission3048_to_transmission538_heat,#823740,LQ heat distribution,transmission,10000,0.99,20,transmission538,transmission3048
transmission3048_to_transmission538_electricity,#3186cc,LV electricity distribution,transmission,10000,0.99,20,transmission538,transmission3048
transmission538_to_transmission1294_heat,#823740,LQ heat distribution,transmission,10000,0.99,20,transmission1294,transmission538
transmission538_to_transmission1294_electricity,#3186cc,LV electricity distribution,transmission,10000,0.99,20,transmission1294,transmission538
transmission1294_to_transmission760_heat,#823740,LQ heat distribution,transmission,10000,0.99,20,transmission760,transmission1294
transmission1294_to_transmission760_electricity,#3186cc,LV electricity distribution,transmission,10000,0.99,20,transmission760,transmission1294
transmission760_to_transmission1485_heat,#823740,LQ heat distribution,transmission,10000,0.99,20,transmission1485,transmission760
transmission760_to_transmission1485_electricity,#3186cc,LV electricity distribution,transmission,10000,0.99,20,transmission1485,transmission760
transmission1485_to_transmission920_heat,#823740,LQ heat distribution,transmission,10000,0.99,20,transmission920,transmission1485
transmission1485_to_transmission920_electricity,#3186cc,LV electricity distribution,transmission,10000,0.99,20,transmission920,transmission1485
transmission920_to_transmission1692_heat,#823740,LQ heat distribution,transmission,10000,0.99,20,transmission1692,transmission920
transmission920_to_transmission1692_electricity,#3186cc,LV electricity distribution,transmission,10000,0.99,20,transmission1692,transmission920
transmission1692_to_transmission3088_heat,#823740,LQ heat distribution,transmission,10000,0.99,20,transmission3088,transmission1692
transmission1692_to_transmission3088_electricity,#3186cc,LV electricity distribution,transmission,10000,0.99,20,transmission3088,transmission1692
transmission3088_to_transmission1860_heat,#823740,LQ heat distribution,transmission,10000,0.99,20,transmission1860,transmission3088
transmission3088_to_transmission1860_electricity,#3186cc,LV electricity distribution,transmission,10000,0.99,20,transmission1860,transmission3088
transmission1860_to_transmission2854_heat,#823740,LQ heat distribution,transmission,10000,0.99,20,transmission2854,transmission1860
transmission1860_to_transmission2854_electricity,#3186cc,LV electricity distribution,transmission,10000,0.99,20,transmission2854,transmission1860
transmission2854_to_transmission3233_heat,#823740,LQ heat distribution,transmission,10000,0.99,20,transmission3233,transmission2854
transmission2854_to_transmission3233_electricity,#3186cc,LV electricity distribution,transmission,10000,0.99,20,transmission3233,transmission2854
transmission3233_to_transmission1649_heat,#823740,LQ heat distribution,transmission,10000,0.99,20,transmission1649,transmission3233
transmission3233_to_transmission1649_electricity,#3186cc,LV electricity distribution,transmission,10000,0.99,20,transmission1649,transmission3233
transmission1649_to_transmission3318_heat,#823740,LQ heat distribution,transmission,10000,0.99,20,transmission3318,transmission1649
transmission1649_to_transmission3318_electricity,#3186cc,LV electricity distribution,transmission,10000,0.99,20,transmission3318,transmission1649
transmission3318_to_transmission796_heat,#823740,LQ heat distribution,transmission,10000,0.99,20,transmission796,transmission3318
transmission3318_to_transmission796_electricity,#3186cc,LV electricity distribution,transmission,10000,0.99,20,transmission796,transmission3318
transmission796_to_transmission2112_heat,#823740,LQ heat distribution,transmission,10000,0.99,20,transmission2112,transmission796
transmission796_to_transmission2112_electricity,#3186cc,LV electricity distribution,transmission,10000,0.99,20,transmission2112,transmission796
transmission2112_to_transmission1974_heat,#823740,LQ heat distribution,transmission,10000,0.99,20,transmission1974,transmission2112
transmission2112_to_transmission1974_electricity,#3186cc,LV electricity distribution,transmission,10000,0.99,20,transmission1974,transmission2112
transmission1974_to_transmission1212_heat,#823740,LQ heat distribution,transmission,10000,0.99,20,transmission1212,transmission1974
transmission1974_to_transmission1212_electricity,#3186cc,LV electricity distribution,transmission,10000,0.99,20,transmission1212,transmission1974
transmission1212_to_transmission3052_heat,#823740,LQ heat distribution,transmission,10000,0.99,20,transmission3052,transmission1212
transmission1212_to_transmission3052_electricity,#3186cc,LV electricity distribution,transmission,10000,0.99,20,transmission3052,transmission1212
transmission3052_to_transmission1320_heat,#823740,LQ heat distribution,transmission,10000,0.99,20,transmission1320,transmission3052
transmission3052_to_transmission1320_electricity,#3186cc,LV electricity distribution,transmission,10000,0.99,20,transmission1320,transmission3052
transmission1320_to_transmission509_heat,#823740,LQ heat distribution,transmission,10000,0.99,20,transmission509,transmission1320
transmission1320_to_transmission509_electricity,#3186cc,LV electricity distribution,transmission,10000,0.99,20,transmission509,transmission1320
transmission509_to_transmission1215_heat,#823740,LQ heat distribution,transmission,10000,0.99,20,transmission1215,transmission509
transmission509_to_transmission1215_electricity,#3186cc,LV electricity distribution,transmission,10000,0.99,20,transmission1215,transmission509
transmission1215_to_transmission813_heat,#823740,LQ heat distribution,transmission,10000,0.99,20,transmission813,transmission1215
transmission1215_to_transmission813_electricity,#3186cc,LV electricity distribution,transmission,10000,0.99,20,transmission813,transmission1215
transmission813_to_transmission2700_heat,#823740,LQ heat distribution,transmission,10000,0.99,20,transmission2700,transmission813
transmission813_to_transmission2700_electricity,#3186cc,LV electricity distribution,transmission,10000,0.99,20,transmission2700,transmission813
transmission2700_to_transmission1965_heat,#823740,LQ heat distribution,transmission,10000,0.99,20,transmission1965,transmission2700
transmission2700_to_transmission1965_electricity,#3186cc,LV electricity distribution,transmission,10000,0.99,20,transmission1965,transmission2700
transmission1965_to_transmission2402_heat,#823740,LQ heat distribution,transmission,10000,0.99,20,transmission2402,transmission1965
transmission1965_to_transmission2402_electricity,#3186cc,LV electricity distribution,transmission,10000,0.99,20,transmission2402,transmission1965
transmission2402_to_transmission2326_heat,#823740,LQ heat distribution,transmission,10000,0.99,20,transmission2326,transmission2402
transmission2402_to_transmission2326_electricity,#3186cc,LV electricity distribution,transmission,10000,0.99,20,transmission2326,transmission2402
transmission1817_to_transmission1443_heat,#823740,LQ heat distribution,transmission,10000,0.99,20,transmission1443,transmission1817
transmission1817_to_transmission1443_electricity,#3186cc,LV electricity distribution,transmission,10000,0.99,20,transmission1443,transmission1817
transmission1443_to_transmission713_heat,#823740,LQ heat distribution,transmission,10000,0.99,20,transmission713,transmission1443
transmission1443_to_transmission713_electricity,#3186cc,LV electricity distribution,transmission,10000,0.99,20,transmission713,transmission1443
transmission713_to_transmission1669_heat,#823740,LQ heat distribution,transmission,10000,0.99,20,transmission1669,transmission713
transmission713_to_transmission1669_electricity,#3186cc,LV electricity distribution,transmission,10000,0.99,20,transmission1669,transmission713
transmission1669_to_transmission1605_heat,#823740,LQ heat distribution,transmission,10000,0.99,20,transmission1605,transmission1669
transmission1669_to_transmission1605_electricity,#3186cc,LV electricity distribution,transmission,10000,0.99,20,transmission1605,transmission1669
transmission1605_to_transmission583_heat,#823740,LQ heat distribution,transmission,10000,0.99,20,transmission583,transmission1605
transmission1605_to_transmission583_electricity,#3186cc,LV electricity distribution,transmission,10000,0.99,20,transmission583,transmission1605
transmission583_to_transmission2448_heat,#823740,LQ heat distribution,transmission,10000,0.99,20,transmission2448,transmission583
transmission583_to_transmission2448_electricity,#3186cc,LV electricity distribution,transmission,10000,0.99,20,transmission2448,transmission583
transmission2448_to_transmission1136_heat,#823740,LQ heat distribution,transmission,10000,0.99,20,transmission1136,transmission2448
transmission2448_to_transmission1136_electricity,#3186cc,LV electricity distribution,transmission,10000,0.99,20,transmission1136,transmission2448
transmission1136_to_transmission1618_heat,#823740,LQ heat distribution,transmission,10000,0.99,20,transmission1618,transmission1136
transmission1136_to_transmission1618_electricity,#3186cc,LV electricity distribution,transmission,10000,0.99,20,transmission1618,transmission1136
transmission3139_to_transmission3310_heat,#823740,LQ heat distribution,transmission,10000,0.99,20,transmission3310,transmission3139
transmission3139_to_transmission3310_electricity,#3186cc,LV electricity distribution,transmission,10000,0.99,20,transmission3310,transmission3139
transmission3310_to_transmission638_heat,#823740,LQ heat distribution,transmission,10000,0.99,20,transmission638,transmission3310
transmission3310_to_transmission638_electricity,#3186cc,LV electricity distribution,transmission,10000,0.99,20,transmission638,transmission3310
transmission638_to_transmission2241_heat,#823740,LQ heat distribution,transmission,10000,0.99,20,transmission2241,transmission638
transmission638_to_transmission2241_electricity,#3186cc,LV electricity distribution,transmission,10000,0.99,20,transmission2241,transmission638
transmission2241_to_transmission2393_heat,#823740,LQ heat distribution,transmission,10000,0.99,20,transmission2393,transmission2241
transmission2241_to_transmission2393_electricity,#3186cc,LV electricity distribution,transmission,10000,0.99,20,transmission2393,transmission2241
transmission2393_to_transmission3056_heat,#823740,LQ heat distribution,transmission,10000,0.99,20,transmission3056,transmission2393
transmission2393_to_transmission3056_electricity,#3186cc,LV electricity distribution,transmission,10000,0.99,20,transmission3056,transmission2393
transmission3056_to_transmission1817_heat,#823740,LQ heat distribution,transmission,10000,0.99,20,transmission1817,transmission3056
transmission3056_to_transmission1817_electricity,#3186cc,LV electricity distribution,transmission,10000,0.99,20,transmission1817,transmission3056
transmission1796_to_transmission515_heat,#823740,LQ heat distribution,transmission,10000,0.99,20,transmission515,transmission1796
transmission1796_to_transmission515_electricity,#3186cc,LV electricity distribution,transmission,10000,0.99,20,transmission515,transmission1796
transmission515_to_transmission3120_heat,#823740,LQ heat distribution,transmission,10000,0.99,20,transmission3120,transmission515
transmission515_to_transmission3120_electricity,#3186cc,LV electricity distribution,transmission,10000,0.99,20,transmission3120,transmission515
transmission3120_to_transmission1060_heat,#823740,LQ heat distribution,transmission,10000,0.99,20,transmission1060,transmission3120
transmission3120_to_transmission1060_electricity,#3186cc,LV electricity distribution,transmission,10000,0.99,20,transmission1060,transmission3120
transmission1060_to_transmission684_heat,#823740,LQ heat distribution,transmission,10000,0.99,20,transmission684,transmission1060
transmission1060_to_transmission684_electricity,#3186cc,LV electricity distribution,transmission,10000,0.99,20,transmission684,transmission1060
transmission684_to_transmission2863_heat,#823740,LQ heat distribution,transmission,10000,0.99,20,transmission2863,transmission684
transmission684_to_transmission2863_electricity,#3186cc,LV electricity distribution,transmission,10000,0.99,20,transmission2863,transmission684
transmission2863_to_transmission1637_heat,#823740,LQ heat distribution,transmission,10000,0.99,20,transmission1637,transmission2863
transmission2863_to_transmission1637_electricity,#3186cc,LV electricity distribution,transmission,10000,0.99,20,transmission1637,transmission2863
transmission1637_to_transmission1712_heat,#823740,LQ heat distribution,transmission,10000,0.99,20,transmission1712,transmission1637
transmission1637_to_transmission1712_electricity,#3186cc,LV electricity distribution,transmission,10000,0.99,20,transmission1712,transmission1637
transmission1712_to_transmission2344_heat,#823740,LQ heat distribution,transmission,10000,0.99,20,transmission2344,transmission1712
transmission1712_to_transmission2344_electricity,#3186cc,LV electricity distribution,transmission,10000,0.99,20,transmission2344,transmission1712
transmission2344_to_transmission2196_heat,#823740,LQ heat distribution,transmission,10000,0.99,20,transmission2196,transmission2344
transmission2344_to_transmission2196_electricity,#3186cc,LV electricity distribution,transmission,10000,0.99,20,transmission2196,transmission2344
transmission2196_to_transmission847_heat,#823740,LQ heat distribution,transmission,10000,0.99,20,transmission847,transmission2196
transmission2196_to_transmission847_electricity,#3186cc,LV electricity distribution,transmission,10000,0.99,20,transmission847,transmission2196
transmission847_to_transmission2783_heat,#823740,LQ heat distribution,transmission,10000,0.99,20,transmission2783,transmission847
transmission847_to_transmission2783_electricity,#3186cc,LV electricity distribution,transmission,10000,0.99,20,transmission2783,transmission847
transmission2783_to_transmission1422_heat,#823740,LQ heat distribution,transmission,10000,0.99,20,transmission1422,transmission2783
transmission2783_to_transmission1422_electricity,#3186cc,LV electricity distribution,transmission,10000,0.99,20,transmission1422,transmission2783
transmission2058_to_transmission1123_heat,#823740,LQ heat distribution,transmission,10000,0.99,20,transmission1123,transmission2058
transmission2058_to_transmission1123_electricity,#3186cc,LV electricity distribution,transmission,10000,0.99,20,transmission1123,transmission2058
transmission1123_to_transmission2866_heat,#823740,LQ heat distribution,transmission,10000,0.99,20,transmission2866,transmission1123
transmission1123_to_transmission2866_electricity,#3186cc,LV electricity distribution,transmission,10000,0.99,20,transmission2866,transmission1123
transmission2866_to_transmission3405_heat,#823740,LQ heat distribution,transmission,10000,0.99,20,transmission3405,transmission2866
transmission2866_to_transmission3405_electricity,#3186cc,LV electricity distribution,transmission,10000,0.99,20,transmission3405,transmission2866
transmission3405_to_transmission2427_heat,#823740,LQ heat distribution,transmission,10000,0.99,20,transmission2427,transmission3405
transmission3405_to_transmission2427_electricity,#3186cc,LV electricity distribution,transmission,10000,0.99,20,transmission2427,transmission3405
transmission2427_to_transmission1541_heat,#823740,LQ heat distribution,transmission,10000,0.99,20,transmission1541,transmission2427
transmission2427_to_transmission1541_electricity,#3186cc,LV electricity distribution,transmission,10000,0.99,20,transmission1541,transmission2427
transmission1541_to_transmission803_heat,#823740,LQ heat distribution,transmission,10000,0.99,20,transmission803,transmission1541
transmission1541_to_transmission803_electricity,#3186cc,LV electricity distribution,transmission,10000,0.99,20,transmission803,transmission1541
transmission803_to_transmission956_heat,#823740,LQ heat distribution,transmission,10000,0.99,20,transmission956,transmission803
transmission803_to_transmission956_electricity,#3186cc,LV electricity distribution,transmission,10000,0.99,20,transmission956,transmission803
transmission956_to_transmission3353_heat,#823740,LQ heat distribution,transmission,10000,0.99,20,transmission3353,transmission956
transmission956_to_transmission3353_electricity,#3186cc,LV electricity distribution,transmission,10000,0.99,20,transmission3353,transmission956
transmission3353_to_transmission1767_heat,#823740,LQ heat distribution,transmission,10000,0.99,20,transmission1767,transmission3353
transmission3353_to_transmission1767_electricity,#3186cc,LV electricity distribution,transmission,10000,0.99,20,transmission1767,transmission3353
transmission1767_to_transmission1300_heat,#823740,LQ heat distribution,transmission,10000,0.99,20,transmission1300,transmission1767
transmission1767_to_transmission1300_electricity,#3186cc,LV electricity distribution,transmission,10000,0.99,20,transmission1300,transmission1767
transmission1300_to_transmission982_heat,#823740,LQ heat distribution,transmission,10000,0.99,20,transmission982,transmission1300
transmission1300_to_transmission982_electricity,#3186cc,LV electricity distribution,transmission,10000,0.99,20,transmission982,transmission1300
transmission587_to_transmission2861_heat,#823740,LQ heat distribution,transmission,10000,0.99,20,transmission2861,transmission587
transmission587_to_transmission2861_electricity,#3186cc,LV electricity distribution,transmission,10000,0.99,20,transmission2861,transmission587
transmission2861_to_transmission2900_heat,#823740,LQ heat distribution,transmission,10000,0.99,20,transmission2900,transmission2861
transmission2861_to_transmission2900_electricity,#3186cc,LV electricity distribution,transmission,10000,0.99,20,transmission2900,transmission2861
transmission2900_to_transmission1932_heat,#823740,LQ heat distribution,transmission,10000,0.99,20,transmission1932,transmission2900
transmission2900_to_transmission1932_electricity,#3186cc,LV electricity distribution,transmission,10000,0.99,20,transmission1932,transmission2900
transmission1932_to_transmission1220_heat,#823740,LQ heat distribution,transmission,10000,0.99,20,transmission1220,transmission1932
transmission1932_to_transmission1220_electricity,#3186cc,LV electricity distribution,transmission,10000,0.99,20,transmission1220,transmission1932
transmission1220_to_transmission2711_heat,#823740,LQ heat distribution,transmission,10000,0.99,20,transmission2711,transmission1220
transmission1220_to_transmission2711_electricity,#3186cc,LV electricity distribution,transmission,10000,0.99,20,transmission2711,transmission1220
transmission2711_to_transmission3118_heat,#823740,LQ heat distribution,transmission,10000,0.99,20,transmission3118,transmission2711
transmission2711_to_transmission3118_electricity,#3186cc,LV electricity distribution,transmission,10000,0.99,20,transmission3118,transmission2711
transmission3118_to_transmission2135_heat,#823740,LQ heat distribution,transmission,10000,0.99,20,transmission2135,transmission3118
transmission3118_to_transmission2135_electricity,#3186cc,LV electricity distribution,transmission,10000,0.99,20,transmission2135,transmission3118
transmission2135_to_transmission3376_heat,#823740,LQ heat distribution,transmission,10000,0.99,20,transmission3376,transmission2135
transmission2135_to_transmission3376_electricity,#3186cc,LV electricity distribution,transmission,10000,0.99,20,transmission3376,transmission2135
transmission3376_to_transmission2674_heat,#823740,LQ heat distribution,transmission,10000,0.99,20,transmission2674,transmission3376
transmission3376_to_transmission2674_electricity,#3186cc,LV electricity distribution,transmission,10000,0.99,20,transmission2674,transmission3376
transmission2674_to_transmission1997_heat,#823740,LQ heat distribution,transmission,10000,0.99,20,transmission1997,transmission2674
transmission2674_to_transmission1997_electricity,#3186cc,LV electricity distribution,transmission,10000,0.99,20,transmission1997,transmission2674
transmission1651_to_transmission1577_heat,#823740,LQ heat distribution,transmission,10000,0.99,20,transmission1577,transmission1651
transmission1651_to_transmission1577_electricity,#3186cc,LV electricity distribution,transmission,10000,0.99,20,transmission1577,transmission1651
transmission1577_to_transmission2020_heat,#823740,LQ heat distribution,transmission,10000,0.99,20,transmission2020,transmission1577
transmission1577_to_transmission2020_electricity,#3186cc,LV electricity distribution,transmission,10000,0.99,20,transmission2020,transmission1577
transmission2020_to_transmission681_heat,#823740,LQ heat distribution,transmission,10000,0.99,20,transmission681,transmission2020
transmission2020_to_transmission681_electricity,#3186cc,LV electricity distribution,transmission,10000,0.99,20,transmission681,transmission2020
transmission681_to_transmission2835_heat,#823740,LQ heat distribution,transmission,10000,0.99,20,transmission2835,transmission681
transmission681_to_transmission2835_electricity,#3186cc,LV electricity distribution,transmission,10000,0.99,20,transmission2835,transmission681
transmission2835_to_transmission800_heat,#823740,LQ heat distribution,transmission,10000,0.99,20,transmission800,transmission2835
transmission2835_to_transmission800_electricity,#3186cc,LV electricity distribution,transmission,10000,0.99,20,transmission800,transmission2835
transmission800_to_transmission2409_heat,#823740,LQ heat distribution,transmission,10000,0.99,20,transmission2409,transmission800
transmission800_to_transmission2409_electricity,#3186cc,LV electricity distribution,transmission,10000,0.99,20,transmission2409,transmission800
transmission2409_to_transmission2859_heat,#823740,LQ heat distribution,transmission,10000,0.99,20,transmission2859,transmission2409
transmission2409_to_transmission2859_electricity,#3186cc,LV electricity distribution,transmission,10000,0.99,20,transmission2859,transmission2409
transmission2859_to_transmission2525_heat,#823740,LQ heat distribution,transmission,10000,0.99,20,transmission2525,transmission2859
transmission2859_to_transmission2525_electricity,#3186cc,LV electricity distribution,transmission,10000,0.99,20,transmission2525,transmission2859
transmission2525_to_transmission801_heat,#823740,LQ heat distribution,transmission,10000,0.99,20,transmission801,transmission2525
transmission2525_to_transmission801_electricity,#3186cc,LV electricity distribution,transmission,10000,0.99,20,transmission801,transmission2525
transmission801_to_transmission1700_heat,#823740,LQ heat distribution,transmission,10000,0.99,20,transmission1700,transmission801
transmission801_to_transmission1700_electricity,#3186cc,LV electricity distribution,transmission,10000,0.99,20,transmission1700,transmission801
transmission1700_to_transmission2888_heat,#823740,LQ heat distribution,transmission,10000,0.99,20,transmission2888,transmission1700
transmission1700_to_transmission2888_electricity,#3186cc,LV electricity distribution,transmission,10000,0.99,20,transmission2888,transmission1700
transmission2888_to_transmission1096_heat,#823740,LQ heat distribution,transmission,10000,0.99,20,transmission1096,transmission2888
transmission2888_to_transmission1096_electricity,#3186cc,LV electricity distribution,transmission,10000,0.99,20,transmission1096,transmission2888
transmission1096_to_transmission2968_heat,#823740,LQ heat distribution,transmission,10000,0.99,20,transmission2968,transmission1096
transmission1096_to_transmission2968_electricity,#3186cc,LV electricity distribution,transmission,10000,0.99,20,transmission2968,transmission1096
transmission2968_to_transmission2808_heat,#823740,LQ heat distribution,transmission,10000,0.99,20,transmission2808,transmission2968
transmission2968_to_transmission2808_electricity,#3186cc,LV electricity distribution,transmission,10000,0.99,20,transmission2808,transmission2968
transmission2808_to_transmission2877_heat,#823740,LQ heat distribution,transmission,10000,0.99,20,transmission2877,transmission2808
transmission2808_to_transmission2877_electricity,#3186cc,LV electricity distribution,transmission,10000,0.99,20,transmission2877,transmission2808
transmission2877_to_transmission608_heat,#823740,LQ heat distribution,transmission,10000,0.99,20,transmission608,transmission2877
transmission2877_to_transmission608_electricity,#3186cc,LV electricity distribution,transmission,10000,0.99,20,transmission608,transmission2877
transmission608_to_transmission1654_heat,#823740,LQ heat distribution,transmission,10000,0.99,20,transmission1654,transmission608
transmission608_to_transmission1654_electricity,#3186cc,LV electricity distribution,transmission,10000,0.99,20,transmission1654,transmission608
transmission1654_to_transmission2106_heat,#823740,LQ heat distribution,transmission,10000,0.99,20,transmission2106,transmission1654
transmission1654_to_transmission2106_electricity,#3186cc,LV electricity distribution,transmission,10000,0.99,20,transmission2106,transmission1654
transmission3252_to_transmission1943_heat,#823740,LQ heat distribution,transmission,10000,0.99,20,transmission1943,transmission3252
transmission3252_to_transmission1943_electricity,#3186cc,LV electricity distribution,transmission,10000,0.99,20,transmission1943,transmission3252
transmission1943_to_transmission1515_heat,#823740,LQ heat distribution,transmission,10000,0.99,20,transmission1515,transmission1943
transmission1943_to_transmission1515_electricity,#3186cc,LV electricity distribution,transmission,10000,0.99,20,transmission1515,transmission1943
transmission1515_to_transmission1880_heat,#823740,LQ heat distribution,transmission,10000,0.99,20,transmission1880,transmission1515
transmission1515_to_transmission1880_electricity,#3186cc,LV electricity distribution,transmission,10000,0.99,20,transmission1880,transmission1515
transmission2966_to_transmission2032_heat,#823740,LQ heat distribution,transmission,10000,0.99,20,transmission2032,transmission2966
transmission2966_to_transmission2032_electricity,#3186cc,LV electricity distribution,transmission,10000,0.99,20,transmission2032,transmission2966
transmission2032_to_transmission3281_heat,#823740,LQ heat distribution,transmission,10000,0.99,20,transmission3281,transmission2032
transmission2032_to_transmission3281_electricity,#3186cc,LV electricity distribution,transmission,10000,0.99,20,transmission3281,transmission2032
transmission3281_to_transmission1383_heat,#823740,LQ heat distribution,transmission,10000,0.99,20,transmission1383,transmission3281
transmission3281_to_transmission1383_electricity,#3186cc,LV electricity distribution,transmission,10000,0.99,20,transmission1383,transmission3281
transmission1383_to_transmission2618_heat,#823740,LQ heat distribution,transmission,10000,0.99,20,transmission2618,transmission1383
transmission1383_to_transmission2618_electricity,#3186cc,LV electricity distribution,transmission,10000,0.99,20,transmission2618,transmission1383
transmission2618_to_transmission1681_heat,#823740,LQ heat distribution,transmission,10000,0.99,20,transmission1681,transmission2618
transmission2618_to_transmission1681_electricity,#3186cc,LV electricity distribution,transmission,10000,0.99,20,transmission1681,transmission2618
transmission1681_to_transmission2047_heat,#823740,LQ heat distribution,transmission,10000,0.99,20,transmission2047,transmission1681
transmission1681_to_transmission2047_electricity,#3186cc,LV electricity distribution,transmission,10000,0.99,20,transmission2047,transmission1681
transmission2047_to_transmission1062_heat,#823740,LQ heat distribution,transmission,10000,0.99,20,transmission1062,transmission2047
transmission2047_to_transmission1062_electricity,#3186cc,LV electricity distribution,transmission,10000,0.99,20,transmission1062,transmission2047
transmission1062_to_transmission1407_heat,#823740,LQ heat distribution,transmission,10000,0.99,20,transmission1407,transmission1062
transmission1062_to_transmission1407_electricity,#3186cc,LV electricity distribution,transmission,10000,0.99,20,transmission1407,transmission1062
transmission1407_to_transmission1873_heat,#823740,LQ heat distribution,transmission,10000,0.99,20,transmission1873,transmission1407
transmission1407_to_transmission1873_electricity,#3186cc,LV electricity distribution,transmission,10000,0.99,20,transmission1873,transmission1407
transmission1873_to_transmission3114_heat,#823740,LQ heat distribution,transmission,10000,0.99,20,transmission3114,transmission1873
transmission1873_to_transmission3114_electricity,#3186cc,LV electricity distribution,transmission,10000,0.99,20,transmission3114,transmission1873
transmission3114_to_transmission1210_heat,#823740,LQ heat distribution,transmission,10000,0.99,20,transmission1210,transmission3114
transmission3114_to_transmission1210_electricity,#3186cc,LV electricity distribution,transmission,10000,0.99,20,transmission1210,transmission3114
transmission1210_to_transmission3143_heat,#823740,LQ heat distribution,transmission,10000,0.99,20,transmission3143,transmission1210
transmission1210_to_transmission3143_electricity,#3186cc,LV electricity distribution,transmission,10000,0.99,20,transmission3143,transmission1210
transmission3143_to_transmission1557_heat,#823740,LQ heat distribution,transmission,10000,0.99,20,transmission1557,transmission3143
transmission3143_to_transmission1557_electricity,#3186cc,LV electricity distribution,transmission,10000,0.99,20,transmission1557,transmission3143
transmission1557_to_transmission3226_heat,#823740,LQ heat distribution,transmission,10000,0.99,20,transmission3226,transmission1557
transmission1557_to_transmission3226_electricity,#3186cc,LV electricity distribution,transmission,10000,0.99,20,transmission3226,transmission1557
transmission3226_to_transmission1848_heat,#823740,LQ heat distribution,transmission,10000,0.99,20,transmission1848,transmission3226
transmission3226_to_transmission1848_electricity,#3186cc,LV electricity distribution,transmission,10000,0.99,20,transmission1848,transmission3226
transmission1848_to_transmission1405_heat,#823740,LQ heat distribution,transmission,10000,0.99,20,transmission1405,transmission1848
transmission1848_to_transmission1405_electricity,#3186cc,LV electricity distribution,transmission,10000,0.99,20,transmission1405,transmission1848
transmission1405_to_transmission1590_heat,#823740,LQ heat distribution,transmission,10000,0.99,20,transmission1590,transmission1405
transmission1405_to_transmission1590_electricity,#3186cc,LV electricity distribution,transmission,10000,0.99,20,transmission1590,transmission1405
transmission1590_to_transmission2400_heat,#823740,LQ heat distribution,transmission,10000,0.99,20,transmission2400,transmission1590
transmission1590_to_transmission2400_electricity,#3186cc,LV electricity distribution,transmission,10000,0.99,20,transmission2400,transmission1590
transmission1029_to_transmission1309_heat,#823740,LQ heat distribution,transmission,10000,0.99,20,transmission1309,transmission1029
transmission1029_to_transmission1309_electricity,#3186cc,LV electricity distribution,transmission,10000,0.99,20,transmission1309,transmission1029
transmission1309_to_transmission1838_heat,#823740,LQ heat distribution,transmission,10000,0.99,20,transmission1838,transmission1309
transmission1309_to_transmission1838_electricity,#3186cc,LV electricity distribution,transmission,10000,0.99,20,transmission1838,transmission1309
transmission2526_to_transmission2739_heat,#823740,LQ heat distribution,transmission,10000,0.99,20,transmission2739,transmission2526
transmission2526_to_transmission2739_electricity,#3186cc,LV electricity distribution,transmission,10000,0.99,20,transmission2739,transmission2526
transmission2739_to_transmission3121_heat,#823740,LQ heat distribution,transmission,10000,0.99,20,transmission3121,transmission2739
transmission2739_to_transmission3121_electricity,#3186cc,LV electricity distribution,transmission,10000,0.99,20,transmission3121,transmission2739
transmission3121_to_transmission2640_heat,#823740,LQ heat distribution,transmission,10000,0.99,20,transmission2640,transmission3121
transmission3121_to_transmission2640_electricity,#3186cc,LV electricity distribution,transmission,10000,0.99,20,transmission2640,transmission3121
transmission2640_to_transmission2070_heat,#823740,LQ heat distribution,transmission,10000,0.99,20,transmission2070,transmission2640
transmission2640_to_transmission2070_electricity,#3186cc,LV electricity distribution,transmission,10000,0.99,20,transmission2070,transmission2640
transmission2989_to_transmission1085_heat,#823740,LQ heat distribution,transmission,10000,0.99,20,transmission1085,transmission2989
transmission2989_to_transmission1085_electricity,#3186cc,LV electricity distribution,transmission,10000,0.99,20,transmission1085,transmission2989
transmission1547_to_transmission2831_heat,#823740,LQ heat distribution,transmission,10000,0.99,20,transmission2831,transmission1547
transmission1547_to_transmission2831_electricity,#3186cc,LV electricity distribution,transmission,10000,0.99,20,transmission2831,transmission1547
transmission2831_to_transmission1952_heat,#823740,LQ heat distribution,transmission,10000,0.99,20,transmission1952,transmission2831
transmission2831_to_transmission1952_electricity,#3186cc,LV electricity distribution,transmission,10000,0.99,20,transmission1952,transmission2831
transmission1952_to_transmission698_heat,#823740,LQ heat distribution,transmission,10000,0.99,20,transmission698,transmission1952
transmission1952_to_transmission698_electricity,#3186cc,LV electricity distribution,transmission,10000,0.99,20,transmission698,transmission1952
transmission698_to_transmission1043_heat,#823740,LQ heat distribution,transmission,10000,0.99,20,transmission1043,transmission698
transmission698_to_transmission1043_electricity,#3186cc,LV electricity distribution,transmission,10000,0.99,20,transmission1043,transmission698
transmission1043_to_transmission859_heat,#823740,LQ heat distribution,transmission,10000,0.99,20,transmission859,transmission1043
transmission1043_to_transmission859_electricity,#3186cc,LV electricity distribution,transmission,10000,0.99,20,transmission859,transmission1043
transmission859_to_transmission2871_heat,#823740,LQ heat distribution,transmission,10000,0.99,20,transmission2871,transmission859
transmission859_to_transmission2871_electricity,#3186cc,LV electricity distribution,transmission,10000,0.99,20,transmission2871,transmission859
transmission2871_to_transmission3246_heat,#823740,LQ heat distribution,transmission,10000,0.99,20,transmission3246,transmission2871
transmission2871_to_transmission3246_electricity,#3186cc,LV electricity distribution,transmission,10000,0.99,20,transmission3246,transmission2871
transmission3246_to_transmission2827_heat,#823740,LQ heat distribution,transmission,10000,0.99,20,transmission2827,transmission3246
transmission3246_to_transmission2827_electricity,#3186cc,LV electricity distribution,transmission,10000,0.99,20,transmission2827,transmission3246
transmission2827_to_transmission2936_heat,#823740,LQ heat distribution,transmission,10000,0.99,20,transmission2936,transmission2827
transmission2827_to_transmission2936_electricity,#3186cc,LV electricity distribution,transmission,10000,0.99,20,transmission2936,transmission2827
transmission2936_to_transmission2156_heat,#823740,LQ heat distribution,transmission,10000,0.99,20,transmission2156,transmission2936
transmission2936_to_transmission2156_electricity,#3186cc,LV electricity distribution,transmission,10000,0.99,20,transmission2156,transmission2936
transmission2156_to_transmission2934_heat,#823740,LQ heat distribution,transmission,10000,0.99,20,transmission2934,transmission2156
transmission2156_to_transmission2934_electricity,#3186cc,LV electricity distribution,transmission,10000,0.99,20,transmission2934,transmission2156
transmission2934_to_transmission1111_heat,#823740,LQ heat distribution,transmission,10000,0.99,20,transmission1111,transmission2934
transmission2934_to_transmission1111_electricity,#3186cc,LV electricity distribution,transmission,10000,0.99,20,transmission1111,transmission2934
transmission1070_to_transmission1239_heat,#823740,LQ heat distribution,transmission,10000,0.99,20,transmission1239,transmission1070
transmission1070_to_transmission1239_electricity,#3186cc,LV electricity distribution,transmission,10000,0.99,20,transmission1239,transmission1070
transmission1239_to_transmission2470_heat,#823740,LQ heat distribution,transmission,10000,0.99,20,transmission2470,transmission1239
transmission1239_to_transmission2470_electricity,#3186cc,LV electricity distribution,transmission,10000,0.99,20,transmission2470,transmission1239
transmission2470_to_transmission1675_heat,#823740,LQ heat distribution,transmission,10000,0.99,20,transmission1675,transmission2470
transmission2470_to_transmission1675_electricity,#3186cc,LV electricity distribution,transmission,10000,0.99,20,transmission1675,transmission2470
transmission1675_to_transmission3288_heat,#823740,LQ heat distribution,transmission,10000,0.99,20,transmission3288,transmission1675
transmission1675_to_transmission3288_electricity,#3186cc,LV electricity distribution,transmission,10000,0.99,20,transmission3288,transmission1675
transmission3288_to_transmission2126_heat,#823740,LQ heat distribution,transmission,10000,0.99,20,transmission2126,transmission3288
transmission3288_to_transmission2126_electricity,#3186cc,LV electricity distribution,transmission,10000,0.99,20,transmission2126,transmission3288
transmission2126_to_transmission2511_heat,#823740,LQ heat distribution,transmission,10000,0.99,20,transmission2511,transmission2126
transmission2126_to_transmission2511_electricity,#3186cc,LV electricity distribution,transmission,10000,0.99,20,transmission2511,transmission2126
transmission2511_to_transmission3224_heat,#823740,LQ heat distribution,transmission,10000,0.99,20,transmission3224,transmission2511
transmission2511_to_transmission3224_electricity,#3186cc,LV electricity distribution,transmission,10000,0.99,20,transmission3224,transmission2511
transmission3224_to_transmission2963_heat,#823740,LQ heat distribution,transmission,10000,0.99,20,transmission2963,transmission3224
transmission3224_to_transmission2963_electricity,#3186cc,LV electricity distribution,transmission,10000,0.99,20,transmission2963,transmission3224
transmission2963_to_transmission3104_heat,#823740,LQ heat distribution,transmission,10000,0.99,20,transmission3104,transmission2963
transmission2963_to_transmission3104_electricity,#3186cc,LV electricity distribution,transmission,10000,0.99,20,transmission3104,transmission2963
transmission3104_to_transmission1548_heat,#823740,LQ heat distribution,transmission,10000,0.99,20,transmission1548,transmission3104
transmission3104_to_transmission1548_electricity,#3186cc,LV electricity distribution,transmission,10000,0.99,20,transmission1548,transmission3104
transmission1548_to_transmission3246_heat,#823740,LQ heat distribution,transmission,10000,0.99,20,transmission3246,transmission1548
transmission1548_to_transmission3246_electricity,#3186cc,LV electricity distribution,transmission,10000,0.99,20,transmission3246,transmission1548
transmission789_to_transmission2379_heat,#823740,LQ heat distribution,transmission,10000,0.99,20,transmission2379,transmission789
transmission789_to_transmission2379_electricity,#3186cc,LV electricity distribution,transmission,10000,0.99,20,transmission2379,transmission789
transmission2379_to_transmission753_heat,#823740,LQ heat distribution,transmission,10000,0.99,20,transmission753,transmission2379
transmission2379_to_transmission753_electricity,#3186cc,LV electricity distribution,transmission,10000,0.99,20,transmission753,transmission2379
transmission753_to_transmission1933_heat,#823740,LQ heat distribution,transmission,10000,0.99,20,transmission1933,transmission753
transmission753_to_transmission1933_electricity,#3186cc,LV electricity distribution,transmission,10000,0.99,20,transmission1933,transmission753
transmission1933_to_transmission2558_heat,#823740,LQ heat distribution,transmission,10000,0.99,20,transmission2558,transmission1933
transmission1933_to_transmission2558_electricity,#3186cc,LV electricity distribution,transmission,10000,0.99,20,transmission2558,transmission1933
transmission2558_to_transmission1549_heat,#823740,LQ heat distribution,transmission,10000,0.99,20,transmission1549,transmission2558
transmission2558_to_transmission1549_electricity,#3186cc,LV electricity distribution,transmission,10000,0.99,20,transmission1549,transmission2558
transmission1549_to_transmission3108_heat,#823740,LQ heat distribution,transmission,10000,0.99,20,transmission3108,transmission1549
transmission1549_to_transmission3108_electricity,#3186cc,LV electricity distribution,transmission,10000,0.99,20,transmission3108,transmission1549
transmission3108_to_transmission1070_heat,#823740,LQ heat distribution,transmission,10000,0.99,20,transmission1070,transmission3108
transmission3108_to_transmission1070_electricity,#3186cc,LV electricity distribution,transmission,10000,0.99,20,transmission1070,transmission3108
transmission1070_to_transmission2821_heat,#823740,LQ heat distribution,transmission,10000,0.99,20,transmission2821,transmission1070
transmission1070_to_transmission2821_electricity,#3186cc,LV electricity distribution,transmission,10000,0.99,20,transmission2821,transmission1070
transmission2821_to_transmission3219_heat,#823740,LQ heat distribution,transmission,10000,0.99,20,transmission3219,transmission2821
transmission2821_to_transmission3219_electricity,#3186cc,LV electricity distribution,transmission,10000,0.99,20,transmission3219,transmission2821
transmission3219_to_transmission3090_heat,#823740,LQ heat distribution,transmission,10000,0.99,20,transmission3090,transmission3219
transmission3219_to_transmission3090_electricity,#3186cc,LV electricity distribution,transmission,10000,0.99,20,transmission3090,transmission3219
transmission3090_to_transmission1987_heat,#823740,LQ heat distribution,transmission,10000,0.99,20,transmission1987,transmission3090
transmission3090_to_transmission1987_electricity,#3186cc,LV electricity distribution,transmission,10000,0.99,20,transmission1987,transmission3090
transmission1987_to_transmission1719_heat,#823740,LQ heat distribution,transmission,10000,0.99,20,transmission1719,transmission1987
transmission1987_to_transmission1719_electricity,#3186cc,LV electricity distribution,transmission,10000,0.99,20,transmission1719,transmission1987
transmission2560_to_transmission2308_heat,#823740,LQ heat distribution,transmission,10000,0.99,20,transmission2308,transmission2560
transmission2560_to_transmission2308_electricity,#3186cc,LV electricity distribution,transmission,10000,0.99,20,transmission2308,transmission2560
transmission2308_to_transmission3008_heat,#823740,LQ heat distribution,transmission,10000,0.99,20,transmission3008,transmission2308
transmission2308_to_transmission3008_electricity,#3186cc,LV electricity distribution,transmission,10000,0.99,20,transmission3008,transmission2308
transmission3008_to_transmission2155_heat,#823740,LQ heat distribution,transmission,10000,0.99,20,transmission2155,transmission3008
transmission3008_to_transmission2155_electricity,#3186cc,LV electricity distribution,transmission,10000,0.99,20,transmission2155,transmission3008
transmission2155_to_transmission1396_heat,#823740,LQ heat distribution,transmission,10000,0.99,20,transmission1396,transmission2155
transmission2155_to_transmission1396_electricity,#3186cc,LV electricity distribution,transmission,10000,0.99,20,transmission1396,transmission2155
transmission2139_to_transmission1352_heat,#823740,LQ heat distribution,transmission,10000,0.99,20,transmission1352,transmission2139
transmission2139_to_transmission1352_electricity,#3186cc,LV electricity distribution,transmission,10000,0.99,20,transmission1352,transmission2139
transmission1352_to_transmission3165_heat,#823740,LQ heat distribution,transmission,10000,0.99,20,transmission3165,transmission1352
transmission1352_to_transmission3165_electricity,#3186cc,LV electricity distribution,transmission,10000,0.99,20,transmission3165,transmission1352
transmission3165_to_transmission2417_heat,#823740,LQ heat distribution,transmission,10000,0.99,20,transmission2417,transmission3165
transmission3165_to_transmission2417_electricity,#3186cc,LV electricity distribution,transmission,10000,0.99,20,transmission2417,transmission3165
transmission2417_to_transmission1089_heat,#823740,LQ heat distribution,transmission,10000,0.99,20,transmission1089,transmission2417
transmission2417_to_transmission1089_electricity,#3186cc,LV electricity distribution,transmission,10000,0.99,20,transmission1089,transmission2417
transmission1089_to_transmission712_heat,#823740,LQ heat distribution,transmission,10000,0.99,20,transmission712,transmission1089
transmission1089_to_transmission712_electricity,#3186cc,LV electricity distribution,transmission,10000,0.99,20,transmission712,transmission1089
transmission712_to_transmission2373_heat,#823740,LQ heat distribution,transmission,10000,0.99,20,transmission2373,transmission712
transmission712_to_transmission2373_electricity,#3186cc,LV electricity distribution,transmission,10000,0.99,20,transmission2373,transmission712
transmission2373_to_transmission1155_heat,#823740,LQ heat distribution,transmission,10000,0.99,20,transmission1155,transmission2373
transmission2373_to_transmission1155_electricity,#3186cc,LV electricity distribution,transmission,10000,0.99,20,transmission1155,transmission2373
transmission1155_to_transmission974_heat,#823740,LQ heat distribution,transmission,10000,0.99,20,transmission974,transmission1155
transmission1155_to_transmission974_electricity,#3186cc,LV electricity distribution,transmission,10000,0.99,20,transmission974,transmission1155
transmission974_to_transmission908_heat,#823740,LQ heat distribution,transmission,10000,0.99,20,transmission908,transmission974
transmission974_to_transmission908_electricity,#3186cc,LV electricity distribution,transmission,10000,0.99,20,transmission908,transmission974
transmission908_to_transmission2164_heat,#823740,LQ heat distribution,transmission,10000,0.99,20,transmission2164,transmission908
transmission908_to_transmission2164_electricity,#3186cc,LV electricity distribution,transmission,10000,0.99,20,transmission2164,transmission908
transmission2543_to_transmission517_heat,#823740,LQ heat distribution,transmission,10000,0.99,20,transmission517,transmission2543
transmission2543_to_transmission517_electricity,#3186cc,LV electricity distribution,transmission,10000,0.99,20,transmission517,transmission2543
transmission517_to_transmission1175_heat,#823740,LQ heat distribution,transmission,10000,0.99,20,transmission1175,transmission517
transmission517_to_transmission1175_electricity,#3186cc,LV electricity distribution,transmission,10000,0.99,20,transmission1175,transmission517
transmission1175_to_transmission2522_heat,#823740,LQ heat distribution,transmission,10000,0.99,20,transmission2522,transmission1175
transmission1175_to_transmission2522_electricity,#3186cc,LV electricity distribution,transmission,10000,0.99,20,transmission2522,transmission1175
transmission2522_to_transmission964_heat,#823740,LQ heat distribution,transmission,10000,0.99,20,transmission964,transmission2522
transmission2522_to_transmission964_electricity,#3186cc,LV electricity distribution,transmission,10000,0.99,20,transmission964,transmission2522
transmission964_to_transmission1019_heat,#823740,LQ heat distribution,transmission,10000,0.99,20,transmission1019,transmission964
transmission964_to_transmission1019_electricity,#3186cc,LV electricity distribution,transmission,10000,0.99,20,transmission1019,transmission964
transmission852_to_transmission1554_heat,#823740,LQ heat distribution,transmission,10000,0.99,20,transmission1554,transmission852
transmission852_to_transmission1554_electricity,#3186cc,LV electricity distribution,transmission,10000,0.99,20,transmission1554,transmission852
transmission1554_to_transmission804_heat,#823740,LQ heat distribution,transmission,10000,0.99,20,transmission804,transmission1554
transmission1554_to_transmission804_electricity,#3186cc,LV electricity distribution,transmission,10000,0.99,20,transmission804,transmission1554
transmission804_to_transmission790_heat,#823740,LQ heat distribution,transmission,10000,0.99,20,transmission790,transmission804
transmission804_to_transmission790_electricity,#3186cc,LV electricity distribution,transmission,10000,0.99,20,transmission790,transmission804
transmission790_to_transmission2137_heat,#823740,LQ heat distribution,transmission,10000,0.99,20,transmission2137,transmission790
transmission790_to_transmission2137_electricity,#3186cc,LV electricity distribution,transmission,10000,0.99,20,transmission2137,transmission790
transmission2137_to_transmission2754_heat,#823740,LQ heat distribution,transmission,10000,0.99,20,transmission2754,transmission2137
transmission2137_to_transmission2754_electricity,#3186cc,LV electricity distribution,transmission,10000,0.99,20,transmission2754,transmission2137
transmission2754_to_transmission1537_heat,#823740,LQ heat distribution,transmission,10000,0.99,20,transmission1537,transmission2754
transmission2754_to_transmission1537_electricity,#3186cc,LV electricity distribution,transmission,10000,0.99,20,transmission1537,transmission2754
transmission1537_to_transmission1173_heat,#823740,LQ heat distribution,transmission,10000,0.99,20,transmission1173,transmission1537
transmission1537_to_transmission1173_electricity,#3186cc,LV electricity distribution,transmission,10000,0.99,20,transmission1173,transmission1537
transmission1173_to_transmission3395_heat,#823740,LQ heat distribution,transmission,10000,0.99,20,transmission3395,transmission1173
transmission1173_to_transmission3395_electricity,#3186cc,LV electricity distribution,transmission,10000,0.99,20,transmission3395,transmission1173
transmission3395_to_transmission2543_heat,#823740,LQ heat distribution,transmission,10000,0.99,20,transmission2543,transmission3395
transmission3395_to_transmission2543_electricity,#3186cc,LV electricity distribution,transmission,10000,0.99,20,transmission2543,transmission3395
transmission2543_to_transmission2513_heat,#823740,LQ heat distribution,transmission,10000,0.99,20,transmission2513,transmission2543
transmission2543_to_transmission2513_electricity,#3186cc,LV electricity distribution,transmission,10000,0.99,20,transmission2513,transmission2543
transmission2513_to_transmission716_heat,#823740,LQ heat distribution,transmission,10000,0.99,20,transmission716,transmission2513
transmission2513_to_transmission716_electricity,#3186cc,LV electricity distribution,transmission,10000,0.99,20,transmission716,transmission2513
transmission2034_to_transmission1878_heat,#823740,LQ heat distribution,transmission,10000,0.99,20,transmission1878,transmission2034
transmission2034_to_transmission1878_electricity,#3186cc,LV electricity distribution,transmission,10000,0.99,20,transmission1878,transmission2034
transmission1878_to_transmission3204_heat,#823740,LQ heat distribution,transmission,10000,0.99,20,transmission3204,transmission1878
transmission1878_to_transmission3204_electricity,#3186cc,LV electricity distribution,transmission,10000,0.99,20,transmission3204,transmission1878
transmission3204_to_transmission2582_heat,#823740,LQ heat distribution,transmission,10000,0.99,20,transmission2582,transmission3204
transmission3204_to_transmission2582_electricity,#3186cc,LV electricity distribution,transmission,10000,0.99,20,transmission2582,transmission3204
transmission2582_to_transmission990_heat,#823740,LQ heat distribution,transmission,10000,0.99,20,transmission990,transmission2582
transmission2582_to_transmission990_electricity,#3186cc,LV electricity distribution,transmission,10000,0.99,20,transmission990,transmission2582
transmission990_to_transmission852_heat,#823740,LQ heat distribution,transmission,10000,0.99,20,transmission852,transmission990
transmission990_to_transmission852_electricity,#3186cc,LV electricity distribution,transmission,10000,0.99,20,transmission852,transmission990
transmission852_to_transmission1174_heat,#823740,LQ heat distribution,transmission,10000,0.99,20,transmission1174,transmission852
transmission852_to_transmission1174_electricity,#3186cc,LV electricity distribution,transmission,10000,0.99,20,transmission1174,transmission852
transmission1174_to_transmission2317_heat,#823740,LQ heat distribution,transmission,10000,0.99,20,transmission2317,transmission1174
transmission1174_to_transmission2317_electricity,#3186cc,LV electricity distribution,transmission,10000,0.99,20,transmission2317,transmission1174
transmission2317_to_transmission2412_heat,#823740,LQ heat distribution,transmission,10000,0.99,20,transmission2412,transmission2317
transmission2317_to_transmission2412_electricity,#3186cc,LV electricity distribution,transmission,10000,0.99,20,transmission2412,transmission2317
transmission2412_to_transmission1143_heat,#823740,LQ heat distribution,transmission,10000,0.99,20,transmission1143,transmission2412
transmission2412_to_transmission1143_electricity,#3186cc,LV electricity distribution,transmission,10000,0.99,20,transmission1143,transmission2412
transmission1143_to_transmission1945_heat,#823740,LQ heat distribution,transmission,10000,0.99,20,transmission1945,transmission1143
transmission1143_to_transmission1945_electricity,#3186cc,LV electricity distribution,transmission,10000,0.99,20,transmission1945,transmission1143
transmission1945_to_transmission2659_heat,#823740,LQ heat distribution,transmission,10000,0.99,20,transmission2659,transmission1945
transmission1945_to_transmission2659_electricity,#3186cc,LV electricity distribution,transmission,10000,0.99,20,transmission2659,transmission1945
transmission2659_to_transmission2025_heat,#823740,LQ heat distribution,transmission,10000,0.99,20,transmission2025,transmission2659
transmission2659_to_transmission2025_electricity,#3186cc,LV electricity distribution,transmission,10000,0.99,20,transmission2025,transmission2659
transmission1789_to_transmission874_heat,#823740,LQ heat distribution,transmission,10000,0.99,20,transmission874,transmission1789
transmission1789_to_transmission874_electricity,#3186cc,LV electricity distribution,transmission,10000,0.99,20,transmission874,transmission1789
transmission874_to_transmission663_heat,#823740,LQ heat distribution,transmission,10000,0.99,20,transmission663,transmission874
transmission874_to_transmission663_electricity,#3186cc,LV electricity distribution,transmission,10000,0.99,20,transmission663,transmission874
transmission663_to_transmission3002_heat,#823740,LQ heat distribution,transmission,10000,0.99,20,transmission3002,transmission663
transmission663_to_transmission3002_electricity,#3186cc,LV electricity distribution,transmission,10000,0.99,20,transmission3002,transmission663
transmission3002_to_transmission2757_heat,#823740,LQ heat distribution,transmission,10000,0.99,20,transmission2757,transmission3002
transmission3002_to_transmission2757_electricity,#3186cc,LV electricity distribution,transmission,10000,0.99,20,transmission2757,transmission3002
transmission2757_to_transmission2568_heat,#823740,LQ heat distribution,transmission,10000,0.99,20,transmission2568,transmission2757
transmission2757_to_transmission2568_electricity,#3186cc,LV electricity distribution,transmission,10000,0.99,20,transmission2568,transmission2757
transmission2568_to_transmission1460_heat,#823740,LQ heat distribution,transmission,10000,0.99,20,transmission1460,transmission2568
transmission2568_to_transmission1460_electricity,#3186cc,LV electricity distribution,transmission,10000,0.99,20,transmission1460,transmission2568
transmission1460_to_transmission2890_heat,#823740,LQ heat distribution,transmission,10000,0.99,20,transmission2890,transmission1460
transmission1460_to_transmission2890_electricity,#3186cc,LV electricity distribution,transmission,10000,0.99,20,transmission2890,transmission1460
transmission2890_to_transmission665_heat,#823740,LQ heat distribution,transmission,10000,0.99,20,transmission665,transmission2890
transmission2890_to_transmission665_electricity,#3186cc,LV electricity distribution,transmission,10000,0.99,20,transmission665,transmission2890
transmission665_to_transmission993_heat,#823740,LQ heat distribution,transmission,10000,0.99,20,transmission993,transmission665
transmission665_to_transmission993_electricity,#3186cc,LV electricity distribution,transmission,10000,0.99,20,transmission993,transmission665
transmission993_to_transmission2837_heat,#823740,LQ heat distribution,transmission,10000,0.99,20,transmission2837,transmission993
transmission993_to_transmission2837_electricity,#3186cc,LV electricity distribution,transmission,10000,0.99,20,transmission2837,transmission993
transmission2837_to_transmission2908_heat,#823740,LQ heat distribution,transmission,10000,0.99,20,transmission2908,transmission2837
transmission2837_to_transmission2908_electricity,#3186cc,LV electricity distribution,transmission,10000,0.99,20,transmission2908,transmission2837
transmission2908_to_transmission1444_heat,#823740,LQ heat distribution,transmission,10000,0.99,20,transmission1444,transmission2908
transmission2908_to_transmission1444_electricity,#3186cc,LV electricity distribution,transmission,10000,0.99,20,transmission1444,transmission2908
transmission2499_to_transmission2006_heat,#823740,LQ heat distribution,transmission,10000,0.99,20,transmission2006,transmission2499
transmission2499_to_transmission2006_electricity,#3186cc,LV electricity distribution,transmission,10000,0.99,20,transmission2006,transmission2499
transmission2006_to_transmission2184_heat,#823740,LQ heat distribution,transmission,10000,0.99,20,transmission2184,transmission2006
transmission2006_to_transmission2184_electricity,#3186cc,LV electricity distribution,transmission,10000,0.99,20,transmission2184,transmission2006
transmission2184_to_transmission1968_heat,#823740,LQ heat distribution,transmission,10000,0.99,20,transmission1968,transmission2184
transmission2184_to_transmission1968_electricity,#3186cc,LV electricity distribution,transmission,10000,0.99,20,transmission1968,transmission2184
transmission1968_to_transmission1460_heat,#823740,LQ heat distribution,transmission,10000,0.99,20,transmission1460,transmission1968
transmission1968_to_transmission1460_electricity,#3186cc,LV electricity distribution,transmission,10000,0.99,20,transmission1460,transmission1968
transmission2202_to_transmission2528_heat,#823740,LQ heat distribution,transmission,10000,0.99,20,transmission2528,transmission2202
transmission2202_to_transmission2528_electricity,#3186cc,LV electricity distribution,transmission,10000,0.99,20,transmission2528,transmission2202
transmission2528_to_transmission3131_heat,#823740,LQ heat distribution,transmission,10000,0.99,20,transmission3131,transmission2528
transmission2528_to_transmission3131_electricity,#3186cc,LV electricity distribution,transmission,10000,0.99,20,transmission3131,transmission2528
transmission3131_to_transmission2753_heat,#823740,LQ heat distribution,transmission,10000,0.99,20,transmission2753,transmission3131
transmission3131_to_transmission2753_electricity,#3186cc,LV electricity distribution,transmission,10000,0.99,20,transmission2753,transmission3131
transmission2753_to_transmission2733_heat,#823740,LQ heat distribution,transmission,10000,0.99,20,transmission2733,transmission2753
transmission2753_to_transmission2733_electricity,#3186cc,LV electricity distribution,transmission,10000,0.99,20,transmission2733,transmission2753
transmission2733_to_transmission1834_heat,#823740,LQ heat distribution,transmission,10000,0.99,20,transmission1834,transmission2733
transmission2733_to_transmission1834_electricity,#3186cc,LV electricity distribution,transmission,10000,0.99,20,transmission1834,transmission2733
transmission1834_to_transmission696_heat,#823740,LQ heat distribution,transmission,10000,0.99,20,transmission696,transmission1834
transmission1834_to_transmission696_electricity,#3186cc,LV electricity distribution,transmission,10000,0.99,20,transmission696,transmission1834
transmission696_to_transmission1412_heat,#823740,LQ heat distribution,transmission,10000,0.99,20,transmission1412,transmission696
transmission696_to_transmission1412_electricity,#3186cc,LV electricity distribution,transmission,10000,0.99,20,transmission1412,transmission696
transmission1412_to_transmission2646_heat,#823740,LQ heat distribution,transmission,10000,0.99,20,transmission2646,transmission1412
transmission1412_to_transmission2646_electricity,#3186cc,LV electricity distribution,transmission,10000,0.99,20,transmission2646,transmission1412
transmission2646_to_transmission3266_heat,#823740,LQ heat distribution,transmission,10000,0.99,20,transmission3266,transmission2646
transmission2646_to_transmission3266_electricity,#3186cc,LV electricity distribution,transmission,10000,0.99,20,transmission3266,transmission2646
transmission3266_to_transmission2232_heat,#823740,LQ heat distribution,transmission,10000,0.99,20,transmission2232,transmission3266
transmission3266_to_transmission2232_electricity,#3186cc,LV electricity distribution,transmission,10000,0.99,20,transmission2232,transmission3266
transmission2232_to_transmission3200_heat,#823740,LQ heat distribution,transmission,10000,0.99,20,transmission3200,transmission2232
transmission2232_to_transmission3200_electricity,#3186cc,LV electricity distribution,transmission,10000,0.99,20,transmission3200,transmission2232
transmission3200_to_transmission2468_heat,#823740,LQ heat distribution,transmission,10000,0.99,20,transmission2468,transmission3200
transmission3200_to_transmission2468_electricity,#3186cc,LV electricity distribution,transmission,10000,0.99,20,transmission2468,transmission3200
transmission3059_to_transmission3253_heat,#823740,LQ heat distribution,transmission,10000,0.99,20,transmission3253,transmission3059
transmission3059_to_transmission3253_electricity,#3186cc,LV electricity distribution,transmission,10000,0.99,20,transmission3253,transmission3059
transmission3253_to_transmission1120_heat,#823740,LQ heat distribution,transmission,10000,0.99,20,transmission1120,transmission3253
transmission3253_to_transmission1120_electricity,#3186cc,LV electricity distribution,transmission,10000,0.99,20,transmission1120,transmission3253
transmission1120_to_transmission658_heat,#823740,LQ heat distribution,transmission,10000,0.99,20,transmission658,transmission1120
transmission1120_to_transmission658_electricity,#3186cc,LV electricity distribution,transmission,10000,0.99,20,transmission658,transmission1120
transmission658_to_transmission1186_heat,#823740,LQ heat distribution,transmission,10000,0.99,20,transmission1186,transmission658
transmission658_to_transmission1186_electricity,#3186cc,LV electricity distribution,transmission,10000,0.99,20,transmission1186,transmission658
transmission1186_to_transmission1671_heat,#823740,LQ heat distribution,transmission,10000,0.99,20,transmission1671,transmission1186
transmission1186_to_transmission1671_electricity,#3186cc,LV electricity distribution,transmission,10000,0.99,20,transmission1671,transmission1186
transmission1671_to_transmission1540_heat,#823740,LQ heat distribution,transmission,10000,0.99,20,transmission1540,transmission1671
transmission1671_to_transmission1540_electricity,#3186cc,LV electricity distribution,transmission,10000,0.99,20,transmission1540,transmission1671
transmission1540_to_transmission1522_heat,#823740,LQ heat distribution,transmission,10000,0.99,20,transmission1522,transmission1540
transmission1540_to_transmission1522_electricity,#3186cc,LV electricity distribution,transmission,10000,0.99,20,transmission1522,transmission1540
transmission1522_to_transmission1724_heat,#823740,LQ heat distribution,transmission,10000,0.99,20,transmission1724,transmission1522
transmission1522_to_transmission1724_electricity,#3186cc,LV electricity distribution,transmission,10000,0.99,20,transmission1724,transmission1522
transmission1724_to_transmission2545_heat,#823740,LQ heat distribution,transmission,10000,0.99,20,transmission2545,transmission1724
transmission1724_to_transmission2545_electricity,#3186cc,LV electricity distribution,transmission,10000,0.99,20,transmission2545,transmission1724
transmission2545_to_transmission2507_heat,#823740,LQ heat distribution,transmission,10000,0.99,20,transmission2507,transmission2545
transmission2545_to_transmission2507_electricity,#3186cc,LV electricity distribution,transmission,10000,0.99,20,transmission2507,transmission2545
transmission2507_to_transmission3429_heat,#823740,LQ heat distribution,transmission,10000,0.99,20,transmission3429,transmission2507
transmission2507_to_transmission3429_electricity,#3186cc,LV electricity distribution,transmission,10000,0.99,20,transmission3429,transmission2507
transmission3429_to_transmission1744_heat,#823740,LQ heat distribution,transmission,10000,0.99,20,transmission1744,transmission3429
transmission3429_to_transmission1744_electricity,#3186cc,LV electricity distribution,transmission,10000,0.99,20,transmission1744,transmission3429
transmission2911_to_transmission761_heat,#823740,LQ heat distribution,transmission,10000,0.99,20,transmission761,transmission2911
transmission2911_to_transmission761_electricity,#3186cc,LV electricity distribution,transmission,10000,0.99,20,transmission761,transmission2911
transmission761_to_transmission2718_heat,#823740,LQ heat distribution,transmission,10000,0.99,20,transmission2718,transmission761
transmission761_to_transmission2718_electricity,#3186cc,LV electricity distribution,transmission,10000,0.99,20,transmission2718,transmission761
transmission2718_to_transmission3329_heat,#823740,LQ heat distribution,transmission,10000,0.99,20,transmission3329,transmission2718
transmission2718_to_transmission3329_electricity,#3186cc,LV electricity distribution,transmission,10000,0.99,20,transmission3329,transmission2718
transmission3329_to_transmission1142_heat,#823740,LQ heat distribution,transmission,10000,0.99,20,transmission1142,transmission3329
transmission3329_to_transmission1142_electricity,#3186cc,LV electricity distribution,transmission,10000,0.99,20,transmission1142,transmission3329
transmission1142_to_transmission2097_heat,#823740,LQ heat distribution,transmission,10000,0.99,20,transmission2097,transmission1142
transmission1142_to_transmission2097_electricity,#3186cc,LV electricity distribution,transmission,10000,0.99,20,transmission2097,transmission1142
transmission2097_to_transmission1519_heat,#823740,LQ heat distribution,transmission,10000,0.99,20,transmission1519,transmission2097
transmission2097_to_transmission1519_electricity,#3186cc,LV electricity distribution,transmission,10000,0.99,20,transmission1519,transmission2097
transmission1519_to_transmission553_heat,#823740,LQ heat distribution,transmission,10000,0.99,20,transmission553,transmission1519
transmission1519_to_transmission553_electricity,#3186cc,LV electricity distribution,transmission,10000,0.99,20,transmission553,transmission1519
transmission553_to_transmission2833_heat,#823740,LQ heat distribution,transmission,10000,0.99,20,transmission2833,transmission553
transmission553_to_transmission2833_electricity,#3186cc,LV electricity distribution,transmission,10000,0.99,20,transmission2833,transmission553
transmission2833_to_transmission1904_heat,#823740,LQ heat distribution,transmission,10000,0.99,20,transmission1904,transmission2833
transmission2833_to_transmission1904_electricity,#3186cc,LV electricity distribution,transmission,10000,0.99,20,transmission1904,transmission2833
transmission1904_to_transmission1322_heat,#823740,LQ heat distribution,transmission,10000,0.99,20,transmission1322,transmission1904
transmission1904_to_transmission1322_electricity,#3186cc,LV electricity distribution,transmission,10000,0.99,20,transmission1322,transmission1904
transmission1322_to_transmission2514_heat,#823740,LQ heat distribution,transmission,10000,0.99,20,transmission2514,transmission1322
transmission1322_to_transmission2514_electricity,#3186cc,LV electricity distribution,transmission,10000,0.99,20,transmission2514,transmission1322
transmission2514_to_transmission2914_heat,#823740,LQ heat distribution,transmission,10000,0.99,20,transmission2914,transmission2514
transmission2514_to_transmission2914_electricity,#3186cc,LV electricity distribution,transmission,10000,0.99,20,transmission2914,transmission2514
transmission2914_to_transmission1818_heat,#823740,LQ heat distribution,transmission,10000,0.99,20,transmission1818,transmission2914
transmission2914_to_transmission1818_electricity,#3186cc,LV electricity distribution,transmission,10000,0.99,20,transmission1818,transmission2914
transmission1818_to_transmission593_heat,#823740,LQ heat distribution,transmission,10000,0.99,20,transmission593,transmission1818
transmission1818_to_transmission593_electricity,#3186cc,LV electricity distribution,transmission,10000,0.99,20,transmission593,transmission1818
transmission2350_to_transmission568_heat,#823740,LQ heat distribution,transmission,10000,0.99,20,transmission568,transmission2350
transmission2350_to_transmission568_electricity,#3186cc,LV electricity distribution,transmission,10000,0.99,20,transmission568,transmission2350
transmission568_to_transmission932_heat,#823740,LQ heat distribution,transmission,10000,0.99,20,transmission932,transmission568
transmission568_to_transmission932_electricity,#3186cc,LV electricity distribution,transmission,10000,0.99,20,transmission932,transmission568
transmission932_to_transmission2403_heat,#823740,LQ heat distribution,transmission,10000,0.99,20,transmission2403,transmission932
transmission932_to_transmission2403_electricity,#3186cc,LV electricity distribution,transmission,10000,0.99,20,transmission2403,transmission932
transmission2403_to_transmission2726_heat,#823740,LQ heat distribution,transmission,10000,0.99,20,transmission2726,transmission2403
transmission2403_to_transmission2726_electricity,#3186cc,LV electricity distribution,transmission,10000,0.99,20,transmission2726,transmission2403
transmission2726_to_transmission2701_heat,#823740,LQ heat distribution,transmission,10000,0.99,20,transmission2701,transmission2726
transmission2726_to_transmission2701_electricity,#3186cc,LV electricity distribution,transmission,10000,0.99,20,transmission2701,transmission2726
transmission2701_to_transmission1623_heat,#823740,LQ heat distribution,transmission,10000,0.99,20,transmission1623,transmission2701
transmission2701_to_transmission1623_electricity,#3186cc,LV electricity distribution,transmission,10000,0.99,20,transmission1623,transmission2701
transmission1623_to_transmission1665_heat,#823740,LQ heat distribution,transmission,10000,0.99,20,transmission1665,transmission1623
transmission1623_to_transmission1665_electricity,#3186cc,LV electricity distribution,transmission,10000,0.99,20,transmission1665,transmission1623
transmission1236_to_transmission2187_heat,#823740,LQ heat distribution,transmission,10000,0.99,20,transmission2187,transmission1236
transmission1236_to_transmission2187_electricity,#3186cc,LV electricity distribution,transmission,10000,0.99,20,transmission2187,transmission1236
transmission2187_to_transmission2031_heat,#823740,LQ heat distribution,transmission,10000,0.99,20,transmission2031,transmission2187
transmission2187_to_transmission2031_electricity,#3186cc,LV electricity distribution,transmission,10000,0.99,20,transmission2031,transmission2187
transmission2031_to_transmission2224_heat,#823740,LQ heat distribution,transmission,10000,0.99,20,transmission2224,transmission2031
transmission2031_to_transmission2224_electricity,#3186cc,LV electricity distribution,transmission,10000,0.99,20,transmission2224,transmission2031
transmission2059_to_transmission1066_heat,#823740,LQ heat distribution,transmission,10000,0.99,20,transmission1066,transmission2059
transmission2059_to_transmission1066_electricity,#3186cc,LV electricity distribution,transmission,10000,0.99,20,transmission1066,transmission2059
transmission3144_to_transmission2959_heat,#823740,LQ heat distribution,transmission,10000,0.99,20,transmission2959,transmission3144
transmission3144_to_transmission2959_electricity,#3186cc,LV electricity distribution,transmission,10000,0.99,20,transmission2959,transmission3144
transmission2210_to_transmission2227_heat,#823740,LQ heat distribution,transmission,10000,0.99,20,transmission2227,transmission2210
transmission2210_to_transmission2227_electricity,#3186cc,LV electricity distribution,transmission,10000,0.99,20,transmission2227,transmission2210
transmission2227_to_transmission2557_heat,#823740,LQ heat distribution,transmission,10000,0.99,20,transmission2557,transmission2227
transmission2227_to_transmission2557_electricity,#3186cc,LV electricity distribution,transmission,10000,0.99,20,transmission2557,transmission2227
transmission2557_to_transmission1428_heat,#823740,LQ heat distribution,transmission,10000,0.99,20,transmission1428,transmission2557
transmission2557_to_transmission1428_electricity,#3186cc,LV electricity distribution,transmission,10000,0.99,20,transmission1428,transmission2557
transmission1428_to_transmission600_heat,#823740,LQ heat distribution,transmission,10000,0.99,20,transmission600,transmission1428
transmission1428_to_transmission600_electricity,#3186cc,LV electricity distribution,transmission,10000,0.99,20,transmission600,transmission1428
transmission600_to_transmission1125_heat,#823740,LQ heat distribution,transmission,10000,0.99,20,transmission1125,transmission600
transmission600_to_transmission1125_electricity,#3186cc,LV electricity distribution,transmission,10000,0.99,20,transmission1125,transmission600
transmission1125_to_transmission979_heat,#823740,LQ heat distribution,transmission,10000,0.99,20,transmission979,transmission1125
transmission1125_to_transmission979_electricity,#3186cc,LV electricity distribution,transmission,10000,0.99,20,transmission979,transmission1125
transmission979_to_transmission3144_heat,#823740,LQ heat distribution,transmission,10000,0.99,20,transmission3144,transmission979
transmission979_to_transmission3144_electricity,#3186cc,LV electricity distribution,transmission,10000,0.99,20,transmission3144,transmission979
transmission3144_to_transmission762_heat,#823740,LQ heat distribution,transmission,10000,0.99,20,transmission762,transmission3144
transmission3144_to_transmission762_electricity,#3186cc,LV electricity distribution,transmission,10000,0.99,20,transmission762,transmission3144
transmission762_to_transmission2274_heat,#823740,LQ heat distribution,transmission,10000,0.99,20,transmission2274,transmission762
transmission762_to_transmission2274_electricity,#3186cc,LV electricity distribution,transmission,10000,0.99,20,transmission2274,transmission762
transmission2274_to_transmission2335_heat,#823740,LQ heat distribution,transmission,10000,0.99,20,transmission2335,transmission2274
transmission2274_to_transmission2335_electricity,#3186cc,LV electricity distribution,transmission,10000,0.99,20,transmission2335,transmission2274
transmission2335_to_transmission2600_heat,#823740,LQ heat distribution,transmission,10000,0.99,20,transmission2600,transmission2335
transmission2335_to_transmission2600_electricity,#3186cc,LV electricity distribution,transmission,10000,0.99,20,transmission2600,transmission2335
transmission2600_to_transmission1066_heat,#823740,LQ heat distribution,transmission,10000,0.99,20,transmission1066,transmission2600
transmission2600_to_transmission1066_electricity,#3186cc,LV electricity distribution,transmission,10000,0.99,20,transmission1066,transmission2600
transmission1066_to_transmission3140_heat,#823740,LQ heat distribution,transmission,10000,0.99,20,transmission3140,transmission1066
transmission1066_to_transmission3140_electricity,#3186cc,LV electricity distribution,transmission,10000,0.99,20,transmission3140,transmission1066
transmission3140_to_transmission2780_heat,#823740,LQ heat distribution,transmission,10000,0.99,20,transmission2780,transmission3140
transmission3140_to_transmission2780_electricity,#3186cc,LV electricity distribution,transmission,10000,0.99,20,transmission2780,transmission3140
transmission2780_to_transmission2211_heat,#823740,LQ heat distribution,transmission,10000,0.99,20,transmission2211,transmission2780
transmission2780_to_transmission2211_electricity,#3186cc,LV electricity distribution,transmission,10000,0.99,20,transmission2211,transmission2780
transmission2211_to_transmission2014_heat,#823740,LQ heat distribution,transmission,10000,0.99,20,transmission2014,transmission2211
transmission2211_to_transmission2014_electricity,#3186cc,LV electricity distribution,transmission,10000,0.99,20,transmission2014,transmission2211
transmission2014_to_transmission740_heat,#823740,LQ heat distribution,transmission,10000,0.99,20,transmission740,transmission2014
transmission2014_to_transmission740_electricity,#3186cc,LV electricity distribution,transmission,10000,0.99,20,transmission740,transmission2014
transmission740_to_transmission1916_heat,#823740,LQ heat distribution,transmission,10000,0.99,20,transmission1916,transmission740
transmission740_to_transmission1916_electricity,#3186cc,LV electricity distribution,transmission,10000,0.99,20,transmission1916,transmission740
transmission1916_to_transmission2210_heat,#823740,LQ heat distribution,transmission,10000,0.99,20,transmission2210,transmission1916
transmission1916_to_transmission2210_electricity,#3186cc,LV electricity distribution,transmission,10000,0.99,20,transmission2210,transmission1916
transmission3304_to_transmission735_heat,#823740,LQ heat distribution,transmission,10000,0.99,20,transmission735,transmission3304
transmission3304_to_transmission735_electricity,#3186cc,LV electricity distribution,transmission,10000,0.99,20,transmission735,transmission3304
transmission735_to_transmission2970_heat,#823740,LQ heat distribution,transmission,10000,0.99,20,transmission2970,transmission735
transmission735_to_transmission2970_electricity,#3186cc,LV electricity distribution,transmission,10000,0.99,20,transmission2970,transmission735
transmission2970_to_transmission2979_heat,#823740,LQ heat distribution,transmission,10000,0.99,20,transmission2979,transmission2970
transmission2970_to_transmission2979_electricity,#3186cc,LV electricity distribution,transmission,10000,0.99,20,transmission2979,transmission2970
transmission2979_to_transmission1482_heat,#823740,LQ heat distribution,transmission,10000,0.99,20,transmission1482,transmission2979
transmission2979_to_transmission1482_electricity,#3186cc,LV electricity distribution,transmission,10000,0.99,20,transmission1482,transmission2979
transmission1482_to_transmission1473_heat,#823740,LQ heat distribution,transmission,10000,0.99,20,transmission1473,transmission1482
transmission1482_to_transmission1473_electricity,#3186cc,LV electricity distribution,transmission,10000,0.99,20,transmission1473,transmission1482
transmission1473_to_transmission2088_heat,#823740,LQ heat distribution,transmission,10000,0.99,20,transmission2088,transmission1473
transmission1473_to_transmission2088_electricity,#3186cc,LV electricity distribution,transmission,10000,0.99,20,transmission2088,transmission1473
transmission2088_to_transmission542_heat,#823740,LQ heat distribution,transmission,10000,0.99,20,transmission542,transmission2088
transmission2088_to_transmission542_electricity,#3186cc,LV electricity distribution,transmission,10000,0.99,20,transmission542,transmission2088
transmission542_to_transmission558_heat,#823740,LQ heat distribution,transmission,10000,0.99,20,transmission558,transmission542
transmission542_to_transmission558_electricity,#3186cc,LV electricity distribution,transmission,10000,0.99,20,transmission558,transmission542
transmission558_to_transmission820_heat,#823740,LQ heat distribution,transmission,10000,0.99,20,transmission820,transmission558
transmission558_to_transmission820_electricity,#3186cc,LV electricity distribution,transmission,10000,0.99,20,transmission820,transmission558
transmission820_to_transmission1583_heat,#823740,LQ heat distribution,transmission,10000,0.99,20,transmission1583,transmission820
transmission820_to_transmission1583_electricity,#3186cc,LV electricity distribution,transmission,10000,0.99,20,transmission1583,transmission820
transmission1583_to_transmission2848_heat,#823740,LQ heat distribution,transmission,10000,0.99,20,transmission2848,transmission1583
transmission1583_to_transmission2848_electricity,#3186cc,LV electricity distribution,transmission,10000,0.99,20,transmission2848,transmission1583
transmission2848_to_transmission1890_heat,#823740,LQ heat distribution,transmission,10000,0.99,20,transmission1890,transmission2848
transmission2848_to_transmission1890_electricity,#3186cc,LV electricity distribution,transmission,10000,0.99,20,transmission1890,transmission2848
transmission1890_to_transmission578_heat,#823740,LQ heat distribution,transmission,10000,0.99,20,transmission578,transmission1890
transmission1890_to_transmission578_electricity,#3186cc,LV electricity distribution,transmission,10000,0.99,20,transmission578,transmission1890
transmission578_to_transmission1342_heat,#823740,LQ heat distribution,transmission,10000,0.99,20,transmission1342,transmission578
transmission578_to_transmission1342_electricity,#3186cc,LV electricity distribution,transmission,10000,0.99,20,transmission1342,transmission578
transmission1342_to_transmission582_heat,#823740,LQ heat distribution,transmission,10000,0.99,20,transmission582,transmission1342
transmission1342_to_transmission582_electricity,#3186cc,LV electricity distribution,transmission,10000,0.99,20,transmission582,transmission1342
transmission582_to_transmission1351_heat,#823740,LQ heat distribution,transmission,10000,0.99,20,transmission1351,transmission582
transmission582_to_transmission1351_electricity,#3186cc,LV electricity distribution,transmission,10000,0.99,20,transmission1351,transmission582
transmission1351_to_transmission2002_heat,#823740,LQ heat distribution,transmission,10000,0.99,20,transmission2002,transmission1351
transmission1351_to_transmission2002_electricity,#3186cc,LV electricity distribution,transmission,10000,0.99,20,transmission2002,transmission1351
transmission2002_to_transmission2444_heat,#823740,LQ heat distribution,transmission,10000,0.99,20,transmission2444,transmission2002
transmission2002_to_transmission2444_electricity,#3186cc,LV electricity distribution,transmission,10000,0.99,20,transmission2444,transmission2002
transmission2444_to_transmission1513_heat,#823740,LQ heat distribution,transmission,10000,0.99,20,transmission1513,transmission2444
transmission2444_to_transmission1513_electricity,#3186cc,LV electricity distribution,transmission,10000,0.99,20,transmission1513,transmission2444
transmission1513_to_transmission2643_heat,#823740,LQ heat distribution,transmission,10000,0.99,20,transmission2643,transmission1513
transmission1513_to_transmission2643_electricity,#3186cc,LV electricity distribution,transmission,10000,0.99,20,transmission2643,transmission1513
transmission2643_to_transmission2896_heat,#823740,LQ heat distribution,transmission,10000,0.99,20,transmission2896,transmission2643
transmission2643_to_transmission2896_electricity,#3186cc,LV electricity distribution,transmission,10000,0.99,20,transmission2896,transmission2643
transmission2896_to_transmission2472_heat,#823740,LQ heat distribution,transmission,10000,0.99,20,transmission2472,transmission2896
transmission2896_to_transmission2472_electricity,#3186cc,LV electricity distribution,transmission,10000,0.99,20,transmission2472,transmission2896
transmission2472_to_transmission3290_heat,#823740,LQ heat distribution,transmission,10000,0.99,20,transmission3290,transmission2472
transmission2472_to_transmission3290_electricity,#3186cc,LV electricity distribution,transmission,10000,0.99,20,transmission3290,transmission2472
transmission3290_to_transmission634_heat,#823740,LQ heat distribution,transmission,10000,0.99,20,transmission634,transmission3290
transmission3290_to_transmission634_electricity,#3186cc,LV electricity distribution,transmission,10000,0.99,20,transmission634,transmission3290
transmission634_to_transmission2428_heat,#823740,LQ heat distribution,transmission,10000,0.99,20,transmission2428,transmission634
transmission634_to_transmission2428_electricity,#3186cc,LV electricity distribution,transmission,10000,0.99,20,transmission2428,transmission634
transmission2428_to_transmission628_heat,#823740,LQ heat distribution,transmission,10000,0.99,20,transmission628,transmission2428
transmission2428_to_transmission628_electricity,#3186cc,LV electricity distribution,transmission,10000,0.99,20,transmission628,transmission2428
transmission628_to_transmission2059_heat,#823740,LQ heat distribution,transmission,10000,0.99,20,transmission2059,transmission628
transmission628_to_transmission2059_electricity,#3186cc,LV electricity distribution,transmission,10000,0.99,20,transmission2059,transmission628
transmission2059_to_transmission3055_heat,#823740,LQ heat distribution,transmission,10000,0.99,20,transmission3055,transmission2059
transmission2059_to_transmission3055_electricity,#3186cc,LV electricity distribution,transmission,10000,0.99,20,transmission3055,transmission2059
transmission3055_to_transmission1813_heat,#823740,LQ heat distribution,transmission,10000,0.99,20,transmission1813,transmission3055
transmission3055_to_transmission1813_electricity,#3186cc,LV electricity distribution,transmission,10000,0.99,20,transmission1813,transmission3055
transmission1813_to_transmission2387_heat,#823740,LQ heat distribution,transmission,10000,0.99,20,transmission2387,transmission1813
transmission1813_to_transmission2387_electricity,#3186cc,LV electricity distribution,transmission,10000,0.99,20,transmission2387,transmission1813
transmission2387_to_transmission3167_heat,#823740,LQ heat distribution,transmission,10000,0.99,20,transmission3167,transmission2387
transmission2387_to_transmission3167_electricity,#3186cc,LV electricity distribution,transmission,10000,0.99,20,transmission3167,transmission2387
transmission3167_to_transmission1497_heat,#823740,LQ heat distribution,transmission,10000,0.99,20,transmission1497,transmission3167
transmission3167_to_transmission1497_electricity,#3186cc,LV electricity distribution,transmission,10000,0.99,20,transmission1497,transmission3167
transmission1497_to_transmission2855_heat,#823740,LQ heat distribution,transmission,10000,0.99,20,transmission2855,transmission1497
transmission1497_to_transmission2855_electricity,#3186cc,LV electricity distribution,transmission,10000,0.99,20,transmission2855,transmission1497
transmission2855_to_transmission1110_heat,#823740,LQ heat distribution,transmission,10000,0.99,20,transmission1110,transmission2855
transmission2855_to_transmission1110_electricity,#3186cc,LV electricity distribution,transmission,10000,0.99,20,transmission1110,transmission2855
transmission1110_to_transmission1539_heat,#823740,LQ heat distribution,transmission,10000,0.99,20,transmission1539,transmission1110
transmission1110_to_transmission1539_electricity,#3186cc,LV electricity distribution,transmission,10000,0.99,20,transmission1539,transmission1110
transmission1756_to_transmission1728_heat,#823740,LQ heat distribution,transmission,10000,0.99,20,transmission1728,transmission1756
transmission1756_to_transmission1728_electricity,#3186cc,LV electricity distribution,transmission,10000,0.99,20,transmission1728,transmission1756
transmission1728_to_transmission3272_heat,#823740,LQ heat distribution,transmission,10000,0.99,20,transmission3272,transmission1728
transmission1728_to_transmission3272_electricity,#3186cc,LV electricity distribution,transmission,10000,0.99,20,transmission3272,transmission1728
transmission3272_to_transmission2643_heat,#823740,LQ heat distribution,transmission,10000,0.99,20,transmission2643,transmission3272
transmission3272_to_transmission2643_electricity,#3186cc,LV electricity distribution,transmission,10000,0.99,20,transmission2643,transmission3272
transmission1647_to_transmission1856_heat,#823740,LQ heat distribution,transmission,10000,0.99,20,transmission1856,transmission1647
transmission1647_to_transmission1856_electricity,#3186cc,LV electricity distribution,transmission,10000,0.99,20,transmission1856,transmission1647
transmission1856_to_transmission2939_heat,#823740,LQ heat distribution,transmission,10000,0.99,20,transmission2939,transmission1856
transmission1856_to_transmission2939_electricity,#3186cc,LV electricity distribution,transmission,10000,0.99,20,transmission2939,transmission1856
transmission2939_to_transmission1752_heat,#823740,LQ heat distribution,transmission,10000,0.99,20,transmission1752,transmission2939
transmission2939_to_transmission1752_electricity,#3186cc,LV electricity distribution,transmission,10000,0.99,20,transmission1752,transmission2939
transmission848_to_transmission2983_heat,#823740,LQ heat distribution,transmission,10000,0.99,20,transmission2983,transmission848
transmission848_to_transmission2983_electricity,#3186cc,LV electricity distribution,transmission,10000,0.99,20,transmission2983,transmission848
transmission2983_to_transmission770_heat,#823740,LQ heat distribution,transmission,10000,0.99,20,transmission770,transmission2983
transmission2983_to_transmission770_electricity,#3186cc,LV electricity distribution,transmission,10000,0.99,20,transmission770,transmission2983
transmission770_to_transmission3173_heat,#823740,LQ heat distribution,transmission,10000,0.99,20,transmission3173,transmission770
transmission770_to_transmission3173_electricity,#3186cc,LV electricity distribution,transmission,10000,0.99,20,transmission3173,transmission770
transmission3173_to_transmission642_heat,#823740,LQ heat distribution,transmission,10000,0.99,20,transmission642,transmission3173
transmission3173_to_transmission642_electricity,#3186cc,LV electricity distribution,transmission,10000,0.99,20,transmission642,transmission3173
transmission642_to_transmission1647_heat,#823740,LQ heat distribution,transmission,10000,0.99,20,transmission1647,transmission642
transmission642_to_transmission1647_electricity,#3186cc,LV electricity distribution,transmission,10000,0.99,20,transmission1647,transmission642
transmission1647_to_transmission3238_heat,#823740,LQ heat distribution,transmission,10000,0.99,20,transmission3238,transmission1647
transmission1647_to_transmission3238_electricity,#3186cc,LV electricity distribution,transmission,10000,0.99,20,transmission3238,transmission1647
transmission3238_to_transmission2456_heat,#823740,LQ heat distribution,transmission,10000,0.99,20,transmission2456,transmission3238
transmission3238_to_transmission2456_electricity,#3186cc,LV electricity distribution,transmission,10000,0.99,20,transmission2456,transmission3238
transmission2456_to_transmission2818_heat,#823740,LQ heat distribution,transmission,10000,0.99,20,transmission2818,transmission2456
transmission2456_to_transmission2818_electricity,#3186cc,LV electricity distribution,transmission,10000,0.99,20,transmission2818,transmission2456
transmission2818_to_transmission3349_heat,#823740,LQ heat distribution,transmission,10000,0.99,20,transmission3349,transmission2818
transmission2818_to_transmission3349_electricity,#3186cc,LV electricity distribution,transmission,10000,0.99,20,transmission3349,transmission2818
transmission3349_to_transmission3126_heat,#823740,LQ heat distribution,transmission,10000,0.99,20,transmission3126,transmission3349
transmission3349_to_transmission3126_electricity,#3186cc,LV electricity distribution,transmission,10000,0.99,20,transmission3126,transmission3349
transmission3126_to_transmission848_heat,#823740,LQ heat distribution,transmission,10000,0.99,20,transmission848,transmission3126
transmission3126_to_transmission848_electricity,#3186cc,LV electricity distribution,transmission,10000,0.99,20,transmission848,transmission3126
transmission739_to_transmission2858_heat,#823740,LQ heat distribution,transmission,10000,0.99,20,transmission2858,transmission739
transmission739_to_transmission2858_electricity,#3186cc,LV electricity distribution,transmission,10000,0.99,20,transmission2858,transmission739
transmission2858_to_transmission1386_heat,#823740,LQ heat distribution,transmission,10000,0.99,20,transmission1386,transmission2858
transmission2858_to_transmission1386_electricity,#3186cc,LV electricity distribution,transmission,10000,0.99,20,transmission1386,transmission2858
transmission1386_to_transmission547_heat,#823740,LQ heat distribution,transmission,10000,0.99,20,transmission547,transmission1386
transmission1386_to_transmission547_electricity,#3186cc,LV electricity distribution,transmission,10000,0.99,20,transmission547,transmission1386
transmission547_to_transmission2694_heat,#823740,LQ heat distribution,transmission,10000,0.99,20,transmission2694,transmission547
transmission547_to_transmission2694_electricity,#3186cc,LV electricity distribution,transmission,10000,0.99,20,transmission2694,transmission547
transmission2694_to_transmission1304_heat,#823740,LQ heat distribution,transmission,10000,0.99,20,transmission1304,transmission2694
transmission2694_to_transmission1304_electricity,#3186cc,LV electricity distribution,transmission,10000,0.99,20,transmission1304,transmission2694
transmission1304_to_transmission3406_heat,#823740,LQ heat distribution,transmission,10000,0.99,20,transmission3406,transmission1304
transmission1304_to_transmission3406_electricity,#3186cc,LV electricity distribution,transmission,10000,0.99,20,transmission3406,transmission1304
transmission3406_to_transmission2623_heat,#823740,LQ heat distribution,transmission,10000,0.99,20,transmission2623,transmission3406
transmission3406_to_transmission2623_electricity,#3186cc,LV electricity distribution,transmission,10000,0.99,20,transmission2623,transmission3406
transmission2623_to_transmission1430_heat,#823740,LQ heat distribution,transmission,10000,0.99,20,transmission1430,transmission2623
transmission2623_to_transmission1430_electricity,#3186cc,LV electricity distribution,transmission,10000,0.99,20,transmission1430,transmission2623
transmission1430_to_transmission2887_heat,#823740,LQ heat distribution,transmission,10000,0.99,20,transmission2887,transmission1430
transmission1430_to_transmission2887_electricity,#3186cc,LV electricity distribution,transmission,10000,0.99,20,transmission2887,transmission1430
transmission2887_to_transmission2113_heat,#823740,LQ heat distribution,transmission,10000,0.99,20,transmission2113,transmission2887
transmission2887_to_transmission2113_electricity,#3186cc,LV electricity distribution,transmission,10000,0.99,20,transmission2113,transmission2887
transmission2113_to_transmission1343_heat,#823740,LQ heat distribution,transmission,10000,0.99,20,transmission1343,transmission2113
transmission2113_to_transmission1343_electricity,#3186cc,LV electricity distribution,transmission,10000,0.99,20,transmission1343,transmission2113
transmission1343_to_transmission510_heat,#823740,LQ heat distribution,transmission,10000,0.99,20,transmission510,transmission1343
transmission1343_to_transmission510_electricity,#3186cc,LV electricity distribution,transmission,10000,0.99,20,transmission510,transmission1343
transmission510_to_transmission2657_heat,#823740,LQ heat distribution,transmission,10000,0.99,20,transmission2657,transmission510
transmission510_to_transmission2657_electricity,#3186cc,LV electricity distribution,transmission,10000,0.99,20,transmission2657,transmission510
transmission2657_to_transmission1232_heat,#823740,LQ heat distribution,transmission,10000,0.99,20,transmission1232,transmission2657
transmission2657_to_transmission1232_electricity,#3186cc,LV electricity distribution,transmission,10000,0.99,20,transmission1232,transmission2657
transmission1232_to_transmission2920_heat,#823740,LQ heat distribution,transmission,10000,0.99,20,transmission2920,transmission1232
transmission1232_to_transmission2920_electricity,#3186cc,LV electricity distribution,transmission,10000,0.99,20,transmission2920,transmission1232
transmission2920_to_transmission1357_heat,#823740,LQ heat distribution,transmission,10000,0.99,20,transmission1357,transmission2920
transmission2920_to_transmission1357_electricity,#3186cc,LV electricity distribution,transmission,10000,0.99,20,transmission1357,transmission2920
transmission1357_to_transmission1213_heat,#823740,LQ heat distribution,transmission,10000,0.99,20,transmission1213,transmission1357
transmission1357_to_transmission1213_electricity,#3186cc,LV electricity distribution,transmission,10000,0.99,20,transmission1213,transmission1357
transmission1213_to_transmission569_heat,#823740,LQ heat distribution,transmission,10000,0.99,20,transmission569,transmission1213
transmission1213_to_transmission569_electricity,#3186cc,LV electricity distribution,transmission,10000,0.99,20,transmission569,transmission1213
transmission569_to_transmission3109_heat,#823740,LQ heat distribution,transmission,10000,0.99,20,transmission3109,transmission569
transmission569_to_transmission3109_electricity,#3186cc,LV electricity distribution,transmission,10000,0.99,20,transmission3109,transmission569
transmission3109_to_transmission1514_heat,#823740,LQ heat distribution,transmission,10000,0.99,20,transmission1514,transmission3109
transmission3109_to_transmission1514_electricity,#3186cc,LV electricity distribution,transmission,10000,0.99,20,transmission1514,transmission3109
transmission1514_to_transmission2414_heat,#823740,LQ heat distribution,transmission,10000,0.99,20,transmission2414,transmission1514
transmission1514_to_transmission2414_electricity,#3186cc,LV electricity distribution,transmission,10000,0.99,20,transmission2414,transmission1514
transmission2414_to_transmission2737_heat,#823740,LQ heat distribution,transmission,10000,0.99,20,transmission2737,transmission2414
transmission2414_to_transmission2737_electricity,#3186cc,LV electricity distribution,transmission,10000,0.99,20,transmission2737,transmission2414
transmission3109_to_transmission2333_heat,#823740,LQ heat distribution,transmission,10000,0.99,20,transmission2333,transmission3109
transmission3109_to_transmission2333_electricity,#3186cc,LV electricity distribution,transmission,10000,0.99,20,transmission2333,transmission3109
transmission2333_to_transmission1658_heat,#823740,LQ heat distribution,transmission,10000,0.99,20,transmission1658,transmission2333
transmission2333_to_transmission1658_electricity,#3186cc,LV electricity distribution,transmission,10000,0.99,20,transmission1658,transmission2333
transmission1658_to_transmission2342_heat,#823740,LQ heat distribution,transmission,10000,0.99,20,transmission2342,transmission1658
transmission1658_to_transmission2342_electricity,#3186cc,LV electricity distribution,transmission,10000,0.99,20,transmission2342,transmission1658
transmission2342_to_transmission1990_heat,#823740,LQ heat distribution,transmission,10000,0.99,20,transmission1990,transmission2342
transmission2342_to_transmission1990_electricity,#3186cc,LV electricity distribution,transmission,10000,0.99,20,transmission1990,transmission2342
transmission1990_to_transmission2090_heat,#823740,LQ heat distribution,transmission,10000,0.99,20,transmission2090,transmission1990
transmission1990_to_transmission2090_electricity,#3186cc,LV electricity distribution,transmission,10000,0.99,20,transmission2090,transmission1990
transmission2090_to_transmission1730_heat,#823740,LQ heat distribution,transmission,10000,0.99,20,transmission1730,transmission2090
transmission2090_to_transmission1730_electricity,#3186cc,LV electricity distribution,transmission,10000,0.99,20,transmission1730,transmission2090
transmission1730_to_transmission560_heat,#823740,LQ heat distribution,transmission,10000,0.99,20,transmission560,transmission1730
transmission1730_to_transmission560_electricity,#3186cc,LV electricity distribution,transmission,10000,0.99,20,transmission560,transmission1730
transmission560_to_transmission1009_heat,#823740,LQ heat distribution,transmission,10000,0.99,20,transmission1009,transmission560
transmission560_to_transmission1009_electricity,#3186cc,LV electricity distribution,transmission,10000,0.99,20,transmission1009,transmission560
transmission1009_to_transmission3197_heat,#823740,LQ heat distribution,transmission,10000,0.99,20,transmission3197,transmission1009
transmission1009_to_transmission3197_electricity,#3186cc,LV electricity distribution,transmission,10000,0.99,20,transmission3197,transmission1009
transmission3197_to_transmission699_heat,#823740,LQ heat distribution,transmission,10000,0.99,20,transmission699,transmission3197
transmission3197_to_transmission699_electricity,#3186cc,LV electricity distribution,transmission,10000,0.99,20,transmission699,transmission3197
transmission699_to_transmission1307_heat,#823740,LQ heat distribution,transmission,10000,0.99,20,transmission1307,transmission699
transmission699_to_transmission1307_electricity,#3186cc,LV electricity distribution,transmission,10000,0.99,20,transmission1307,transmission699
transmission1307_to_transmission1895_heat,#823740,LQ heat distribution,transmission,10000,0.99,20,transmission1895,transmission1307
transmission1307_to_transmission1895_electricity,#3186cc,LV electricity distribution,transmission,10000,0.99,20,transmission1895,transmission1307
transmission1895_to_transmission1318_heat,#823740,LQ heat distribution,transmission,10000,0.99,20,transmission1318,transmission1895
transmission1895_to_transmission1318_electricity,#3186cc,LV electricity distribution,transmission,10000,0.99,20,transmission1318,transmission1895
transmission1318_to_transmission1905_heat,#823740,LQ heat distribution,transmission,10000,0.99,20,transmission1905,transmission1318
transmission1318_to_transmission1905_electricity,#3186cc,LV electricity distribution,transmission,10000,0.99,20,transmission1905,transmission1318
transmission1905_to_transmission2596_heat,#823740,LQ heat distribution,transmission,10000,0.99,20,transmission2596,transmission1905
transmission1905_to_transmission2596_electricity,#3186cc,LV electricity distribution,transmission,10000,0.99,20,transmission2596,transmission1905
transmission755_to_transmission3011_heat,#823740,LQ heat distribution,transmission,10000,0.99,20,transmission3011,transmission755
transmission755_to_transmission3011_electricity,#3186cc,LV electricity distribution,transmission,10000,0.99,20,transmission3011,transmission755
transmission3011_to_transmission2378_heat,#823740,LQ heat distribution,transmission,10000,0.99,20,transmission2378,transmission3011
transmission3011_to_transmission2378_electricity,#3186cc,LV electricity distribution,transmission,10000,0.99,20,transmission2378,transmission3011
transmission1104_to_transmission3205_heat,#823740,LQ heat distribution,transmission,10000,0.99,20,transmission3205,transmission1104
transmission1104_to_transmission3205_electricity,#3186cc,LV electricity distribution,transmission,10000,0.99,20,transmission3205,transmission1104
transmission3205_to_transmission1946_heat,#823740,LQ heat distribution,transmission,10000,0.99,20,transmission1946,transmission3205
transmission3205_to_transmission1946_electricity,#3186cc,LV electricity distribution,transmission,10000,0.99,20,transmission1946,transmission3205
transmission1946_to_transmission2489_heat,#823740,LQ heat distribution,transmission,10000,0.99,20,transmission2489,transmission1946
transmission1946_to_transmission2489_electricity,#3186cc,LV electricity distribution,transmission,10000,0.99,20,transmission2489,transmission1946
transmission2489_to_transmission3294_heat,#823740,LQ heat distribution,transmission,10000,0.99,20,transmission3294,transmission2489
transmission2489_to_transmission3294_electricity,#3186cc,LV electricity distribution,transmission,10000,0.99,20,transmission3294,transmission2489
transmission3294_to_transmission1348_heat,#823740,LQ heat distribution,transmission,10000,0.99,20,transmission1348,transmission3294
transmission3294_to_transmission1348_electricity,#3186cc,LV electricity distribution,transmission,10000,0.99,20,transmission1348,transmission3294
transmission1348_to_transmission2556_heat,#823740,LQ heat distribution,transmission,10000,0.99,20,transmission2556,transmission1348
transmission1348_to_transmission2556_electricity,#3186cc,LV electricity distribution,transmission,10000,0.99,20,transmission2556,transmission1348
transmission2556_to_transmission2834_heat,#823740,LQ heat distribution,transmission,10000,0.99,20,transmission2834,transmission2556
transmission2556_to_transmission2834_electricity,#3186cc,LV electricity distribution,transmission,10000,0.99,20,transmission2834,transmission2556
transmission2834_to_transmission675_heat,#823740,LQ heat distribution,transmission,10000,0.99,20,transmission675,transmission2834
transmission2834_to_transmission675_electricity,#3186cc,LV electricity distribution,transmission,10000,0.99,20,transmission675,transmission2834
transmission675_to_transmission2378_heat,#823740,LQ heat distribution,transmission,10000,0.99,20,transmission2378,transmission675
transmission675_to_transmission2378_electricity,#3186cc,LV electricity distribution,transmission,10000,0.99,20,transmission2378,transmission675
transmission2378_to_transmission2419_heat,#823740,LQ heat distribution,transmission,10000,0.99,20,transmission2419,transmission2378
transmission2378_to_transmission2419_electricity,#3186cc,LV electricity distribution,transmission,10000,0.99,20,transmission2419,transmission2378
transmission2419_to_transmission1461_heat,#823740,LQ heat distribution,transmission,10000,0.99,20,transmission1461,transmission2419
transmission2419_to_transmission1461_electricity,#3186cc,LV electricity distribution,transmission,10000,0.99,20,transmission1461,transmission2419
transmission1461_to_transmission1245_heat,#823740,LQ heat distribution,transmission,10000,0.99,20,transmission1245,transmission1461
transmission1461_to_transmission1245_electricity,#3186cc,LV electricity distribution,transmission,10000,0.99,20,transmission1245,transmission1461
transmission1245_to_transmission1163_heat,#823740,LQ heat distribution,transmission,10000,0.99,20,transmission1163,transmission1245
transmission1245_to_transmission1163_electricity,#3186cc,LV electricity distribution,transmission,10000,0.99,20,transmission1163,transmission1245
transmission1163_to_transmission2717_heat,#823740,LQ heat distribution,transmission,10000,0.99,20,transmission2717,transmission1163
transmission1163_to_transmission2717_electricity,#3186cc,LV electricity distribution,transmission,10000,0.99,20,transmission2717,transmission1163
transmission2717_to_transmission1252_heat,#823740,LQ heat distribution,transmission,10000,0.99,20,transmission1252,transmission2717
transmission2717_to_transmission1252_electricity,#3186cc,LV electricity distribution,transmission,10000,0.99,20,transmission1252,transmission2717
transmission1252_to_transmission1104_heat,#823740,LQ heat distribution,transmission,10000,0.99,20,transmission1104,transmission1252
transmission1252_to_transmission1104_electricity,#3186cc,LV electricity distribution,transmission,10000,0.99,20,transmission1104,transmission1252
transmission2575_to_transmission2183_heat,#823740,LQ heat distribution,transmission,10000,0.99,20,transmission2183,transmission2575
transmission2575_to_transmission2183_electricity,#3186cc,LV electricity distribution,transmission,10000,0.99,20,transmission2183,transmission2575
transmission2183_to_transmission878_heat,#823740,LQ heat distribution,transmission,10000,0.99,20,transmission878,transmission2183
transmission2183_to_transmission878_electricity,#3186cc,LV electricity distribution,transmission,10000,0.99,20,transmission878,transmission2183
transmission2856_to_transmission2886_heat,#823740,LQ heat distribution,transmission,10000,0.99,20,transmission2886,transmission2856
transmission2856_to_transmission2886_electricity,#3186cc,LV electricity distribution,transmission,10000,0.99,20,transmission2886,transmission2856
transmission2886_to_transmission1002_heat,#823740,LQ heat distribution,transmission,10000,0.99,20,transmission1002,transmission2886
transmission2886_to_transmission1002_electricity,#3186cc,LV electricity distribution,transmission,10000,0.99,20,transmission1002,transmission2886
transmission3259_to_transmission2282_heat,#823740,LQ heat distribution,transmission,10000,0.99,20,transmission2282,transmission3259
transmission3259_to_transmission2282_electricity,#3186cc,LV electricity distribution,transmission,10000,0.99,20,transmission2282,transmission3259
transmission2282_to_transmission865_heat,#823740,LQ heat distribution,transmission,10000,0.99,20,transmission865,transmission2282
transmission2282_to_transmission865_electricity,#3186cc,LV electricity distribution,transmission,10000,0.99,20,transmission865,transmission2282
transmission865_to_transmission1577_heat,#823740,LQ heat distribution,transmission,10000,0.99,20,transmission1577,transmission865
transmission865_to_transmission1577_electricity,#3186cc,LV electricity distribution,transmission,10000,0.99,20,transmission1577,transmission865
transmission1789_to_transmission3396_heat,#823740,LQ heat distribution,transmission,10000,0.99,20,transmission3396,transmission1789
transmission1789_to_transmission3396_electricity,#3186cc,LV electricity distribution,transmission,10000,0.99,20,transmission3396,transmission1789
transmission3396_to_transmission1832_heat,#823740,LQ heat distribution,transmission,10000,0.99,20,transmission1832,transmission3396
transmission3396_to_transmission1832_electricity,#3186cc,LV electricity distribution,transmission,10000,0.99,20,transmission1832,transmission3396
transmission1832_to_transmission3119_heat,#823740,LQ heat distribution,transmission,10000,0.99,20,transmission3119,transmission1832
transmission1832_to_transmission3119_electricity,#3186cc,LV electricity distribution,transmission,10000,0.99,20,transmission3119,transmission1832
transmission3119_to_transmission1892_heat,#823740,LQ heat distribution,transmission,10000,0.99,20,transmission1892,transmission3119
transmission3119_to_transmission1892_electricity,#3186cc,LV electricity distribution,transmission,10000,0.99,20,transmission1892,transmission3119
transmission1892_to_transmission691_heat,#823740,LQ heat distribution,transmission,10000,0.99,20,transmission691,transmission1892
transmission1892_to_transmission691_electricity,#3186cc,LV electricity distribution,transmission,10000,0.99,20,transmission691,transmission1892
transmission691_to_transmission1026_heat,#823740,LQ heat distribution,transmission,10000,0.99,20,transmission1026,transmission691
transmission691_to_transmission1026_electricity,#3186cc,LV electricity distribution,transmission,10000,0.99,20,transmission1026,transmission691
transmission1026_to_transmission1392_heat,#823740,LQ heat distribution,transmission,10000,0.99,20,transmission1392,transmission1026
transmission1026_to_transmission1392_electricity,#3186cc,LV electricity distribution,transmission,10000,0.99,20,transmission1392,transmission1026
transmission1392_to_transmission850_heat,#823740,LQ heat distribution,transmission,10000,0.99,20,transmission850,transmission1392
transmission1392_to_transmission850_electricity,#3186cc,LV electricity distribution,transmission,10000,0.99,20,transmission850,transmission1392
transmission850_to_transmission2579_heat,#823740,LQ heat distribution,transmission,10000,0.99,20,transmission2579,transmission850
transmission850_to_transmission2579_electricity,#3186cc,LV electricity distribution,transmission,10000,0.99,20,transmission2579,transmission850
transmission2579_to_transmission1391_heat,#823740,LQ heat distribution,transmission,10000,0.99,20,transmission1391,transmission2579
transmission2579_to_transmission1391_electricity,#3186cc,LV electricity distribution,transmission,10000,0.99,20,transmission1391,transmission2579
transmission1391_to_transmission2825_heat,#823740,LQ heat distribution,transmission,10000,0.99,20,transmission2825,transmission1391
transmission1391_to_transmission2825_electricity,#3186cc,LV electricity distribution,transmission,10000,0.99,20,transmission2825,transmission1391
transmission2825_to_transmission623_heat,#823740,LQ heat distribution,transmission,10000,0.99,20,transmission623,transmission2825
transmission2825_to_transmission623_electricity,#3186cc,LV electricity distribution,transmission,10000,0.99,20,transmission623,transmission2825
transmission623_to_transmission2109_heat,#823740,LQ heat distribution,transmission,10000,0.99,20,transmission2109,transmission623
transmission623_to_transmission2109_electricity,#3186cc,LV electricity distribution,transmission,10000,0.99,20,transmission2109,transmission623
transmission1710_to_transmission2671_heat,#823740,LQ heat distribution,transmission,10000,0.99,20,transmission2671,transmission1710
transmission1710_to_transmission2671_electricity,#3186cc,LV electricity distribution,transmission,10000,0.99,20,transmission2671,transmission1710
transmission2671_to_transmission705_heat,#823740,LQ heat distribution,transmission,10000,0.99,20,transmission705,transmission2671
transmission2671_to_transmission705_electricity,#3186cc,LV electricity distribution,transmission,10000,0.99,20,transmission705,transmission2671
transmission705_to_transmission2719_heat,#823740,LQ heat distribution,transmission,10000,0.99,20,transmission2719,transmission705
transmission705_to_transmission2719_electricity,#3186cc,LV electricity distribution,transmission,10000,0.99,20,transmission2719,transmission705
transmission2719_to_transmission817_heat,#823740,LQ heat distribution,transmission,10000,0.99,20,transmission817,transmission2719
transmission2719_to_transmission817_electricity,#3186cc,LV electricity distribution,transmission,10000,0.99,20,transmission817,transmission2719
transmission817_to_transmission707_heat,#823740,LQ heat distribution,transmission,10000,0.99,20,transmission707,transmission817
transmission817_to_transmission707_electricity,#3186cc,LV electricity distribution,transmission,10000,0.99,20,transmission707,transmission817
transmission707_to_transmission1725_heat,#823740,LQ heat distribution,transmission,10000,0.99,20,transmission1725,transmission707
transmission707_to_transmission1725_electricity,#3186cc,LV electricity distribution,transmission,10000,0.99,20,transmission1725,transmission707
transmission1725_to_transmission1055_heat,#823740,LQ heat distribution,transmission,10000,0.99,20,transmission1055,transmission1725
transmission1725_to_transmission1055_electricity,#3186cc,LV electricity distribution,transmission,10000,0.99,20,transmission1055,transmission1725
transmission1055_to_transmission1819_heat,#823740,LQ heat distribution,transmission,10000,0.99,20,transmission1819,transmission1055
transmission1055_to_transmission1819_electricity,#3186cc,LV electricity distribution,transmission,10000,0.99,20,transmission1819,transmission1055
transmission1819_to_transmission2688_heat,#823740,LQ heat distribution,transmission,10000,0.99,20,transmission2688,transmission1819
transmission1819_to_transmission2688_electricity,#3186cc,LV electricity distribution,transmission,10000,0.99,20,transmission2688,transmission1819
transmission2688_to_transmission2271_heat,#823740,LQ heat distribution,transmission,10000,0.99,20,transmission2271,transmission2688
transmission2688_to_transmission2271_electricity,#3186cc,LV electricity distribution,transmission,10000,0.99,20,transmission2271,transmission2688
transmission2271_to_transmission555_heat,#823740,LQ heat distribution,transmission,10000,0.99,20,transmission555,transmission2271
transmission2271_to_transmission555_electricity,#3186cc,LV electricity distribution,transmission,10000,0.99,20,transmission555,transmission2271
transmission555_to_transmission3269_heat,#823740,LQ heat distribution,transmission,10000,0.99,20,transmission3269,transmission555
transmission555_to_transmission3269_electricity,#3186cc,LV electricity distribution,transmission,10000,0.99,20,transmission3269,transmission555
transmission3269_to_transmission2999_heat,#823740,LQ heat distribution,transmission,10000,0.99,20,transmission2999,transmission3269
transmission3269_to_transmission2999_electricity,#3186cc,LV electricity distribution,transmission,10000,0.99,20,transmission2999,transmission3269
transmission2999_to_transmission931_heat,#823740,LQ heat distribution,transmission,10000,0.99,20,transmission931,transmission2999
transmission2999_to_transmission931_electricity,#3186cc,LV electricity distribution,transmission,10000,0.99,20,transmission931,transmission2999
transmission931_to_transmission2178_heat,#823740,LQ heat distribution,transmission,10000,0.99,20,transmission2178,transmission931
transmission931_to_transmission2178_electricity,#3186cc,LV electricity distribution,transmission,10000,0.99,20,transmission2178,transmission931
transmission2178_to_transmission3307_heat,#823740,LQ heat distribution,transmission,10000,0.99,20,transmission3307,transmission2178
transmission2178_to_transmission3307_electricity,#3186cc,LV electricity distribution,transmission,10000,0.99,20,transmission3307,transmission2178
transmission3307_to_transmission3209_heat,#823740,LQ heat distribution,transmission,10000,0.99,20,transmission3209,transmission3307
transmission3307_to_transmission3209_electricity,#3186cc,LV electricity distribution,transmission,10000,0.99,20,transmission3209,transmission3307
transmission3209_to_transmission1556_heat,#823740,LQ heat distribution,transmission,10000,0.99,20,transmission1556,transmission3209
transmission3209_to_transmission1556_electricity,#3186cc,LV electricity distribution,transmission,10000,0.99,20,transmission1556,transmission3209
transmission1556_to_transmission2371_heat,#823740,LQ heat distribution,transmission,10000,0.99,20,transmission2371,transmission1556
transmission1556_to_transmission2371_electricity,#3186cc,LV electricity distribution,transmission,10000,0.99,20,transmission2371,transmission1556
transmission1773_to_transmission1254_heat,#823740,LQ heat distribution,transmission,10000,0.99,20,transmission1254,transmission1773
transmission1773_to_transmission1254_electricity,#3186cc,LV electricity distribution,transmission,10000,0.99,20,transmission1254,transmission1773
transmission1254_to_transmission3392_heat,#823740,LQ heat distribution,transmission,10000,0.99,20,transmission3392,transmission1254
transmission1254_to_transmission3392_electricity,#3186cc,LV electricity distribution,transmission,10000,0.99,20,transmission3392,transmission1254
transmission3392_to_transmission2538_heat,#823740,LQ heat distribution,transmission,10000,0.99,20,transmission2538,transmission3392
transmission3392_to_transmission2538_electricity,#3186cc,LV electricity distribution,transmission,10000,0.99,20,transmission2538,transmission3392
transmission2538_to_transmission1824_heat,#823740,LQ heat distribution,transmission,10000,0.99,20,transmission1824,transmission2538
transmission2538_to_transmission1824_electricity,#3186cc,LV electricity distribution,transmission,10000,0.99,20,transmission1824,transmission2538
transmission1824_to_transmission2060_heat,#823740,LQ heat distribution,transmission,10000,0.99,20,transmission2060,transmission1824
transmission1824_to_transmission2060_electricity,#3186cc,LV electricity distribution,transmission,10000,0.99,20,transmission2060,transmission1824
transmission2060_to_transmission1226_heat,#823740,LQ heat distribution,transmission,10000,0.99,20,transmission1226,transmission2060
transmission2060_to_transmission1226_electricity,#3186cc,LV electricity distribution,transmission,10000,0.99,20,transmission1226,transmission2060
transmission1226_to_transmission2145_heat,#823740,LQ heat distribution,transmission,10000,0.99,20,transmission2145,transmission1226
transmission1226_to_transmission2145_electricity,#3186cc,LV electricity distribution,transmission,10000,0.99,20,transmission2145,transmission1226
transmission2145_to_transmission1897_heat,#823740,LQ heat distribution,transmission,10000,0.99,20,transmission1897,transmission2145
transmission2145_to_transmission1897_electricity,#3186cc,LV electricity distribution,transmission,10000,0.99,20,transmission1897,transmission2145
transmission1897_to_transmission2474_heat,#823740,LQ heat distribution,transmission,10000,0.99,20,transmission2474,transmission1897
transmission1897_to_transmission2474_electricity,#3186cc,LV electricity distribution,transmission,10000,0.99,20,transmission2474,transmission1897
transmission2474_to_transmission1672_heat,#823740,LQ heat distribution,transmission,10000,0.99,20,transmission1672,transmission2474
transmission2474_to_transmission1672_electricity,#3186cc,LV electricity distribution,transmission,10000,0.99,20,transmission1672,transmission2474
transmission1672_to_transmission3081_heat,#823740,LQ heat distribution,transmission,10000,0.99,20,transmission3081,transmission1672
transmission1672_to_transmission3081_electricity,#3186cc,LV electricity distribution,transmission,10000,0.99,20,transmission3081,transmission1672
transmission2060_to_transmission921_heat,#823740,LQ heat distribution,transmission,10000,0.99,20,transmission921,transmission2060
transmission2060_to_transmission921_electricity,#3186cc,LV electricity distribution,transmission,10000,0.99,20,transmission921,transmission2060
transmission921_to_transmission1746_heat,#823740,LQ heat distribution,transmission,10000,0.99,20,transmission1746,transmission921
transmission921_to_transmission1746_electricity,#3186cc,LV electricity distribution,transmission,10000,0.99,20,transmission1746,transmission921
transmission1746_to_transmission2553_heat,#823740,LQ heat distribution,transmission,10000,0.99,20,transmission2553,transmission1746
transmission1746_to_transmission2553_electricity,#3186cc,LV electricity distribution,transmission,10000,0.99,20,transmission2553,transmission1746
transmission2553_to_transmission3416_heat,#823740,LQ heat distribution,transmission,10000,0.99,20,transmission3416,transmission2553
transmission2553_to_transmission3416_electricity,#3186cc,LV electricity distribution,transmission,10000,0.99,20,transmission3416,transmission2553
transmission3416_to_transmission2708_heat,#823740,LQ heat distribution,transmission,10000,0.99,20,transmission2708,transmission3416
transmission3416_to_transmission2708_electricity,#3186cc,LV electricity distribution,transmission,10000,0.99,20,transmission2708,transmission3416
transmission2708_to_transmission557_heat,#823740,LQ heat distribution,transmission,10000,0.99,20,transmission557,transmission2708
transmission2708_to_transmission557_electricity,#3186cc,LV electricity distribution,transmission,10000,0.99,20,transmission557,transmission2708
transmission557_to_transmission1008_heat,#823740,LQ heat distribution,transmission,10000,0.99,20,transmission1008,transmission557
transmission557_to_transmission1008_electricity,#3186cc,LV electricity distribution,transmission,10000,0.99,20,transmission1008,transmission557
transmission1008_to_transmission2544_heat,#823740,LQ heat distribution,transmission,10000,0.99,20,transmission2544,transmission1008
transmission1008_to_transmission2544_electricity,#3186cc,LV electricity distribution,transmission,10000,0.99,20,transmission2544,transmission1008
transmission2544_to_transmission3303_heat,#823740,LQ heat distribution,transmission,10000,0.99,20,transmission3303,transmission2544
transmission2544_to_transmission3303_electricity,#3186cc,LV electricity distribution,transmission,10000,0.99,20,transmission3303,transmission2544
transmission3303_to_transmission1340_heat,#823740,LQ heat distribution,transmission,10000,0.99,20,transmission1340,transmission3303
transmission3303_to_transmission1340_electricity,#3186cc,LV electricity distribution,transmission,10000,0.99,20,transmission1340,transmission3303
transmission1340_to_transmission2377_heat,#823740,LQ heat distribution,transmission,10000,0.99,20,transmission2377,transmission1340
transmission1340_to_transmission2377_electricity,#3186cc,LV electricity distribution,transmission,10000,0.99,20,transmission2377,transmission1340
transmission3309_to_transmission3424_heat,#823740,LQ heat distribution,transmission,10000,0.99,20,transmission3424,transmission3309
transmission3309_to_transmission3424_electricity,#3186cc,LV electricity distribution,transmission,10000,0.99,20,transmission3424,transmission3309
transmission3424_to_transmission586_heat,#823740,LQ heat distribution,transmission,10000,0.99,20,transmission586,transmission3424
transmission3424_to_transmission586_electricity,#3186cc,LV electricity distribution,transmission,10000,0.99,20,transmission586,transmission3424
transmission586_to_transmission678_heat,#823740,LQ heat distribution,transmission,10000,0.99,20,transmission678,transmission586
transmission586_to_transmission678_electricity,#3186cc,LV electricity distribution,transmission,10000,0.99,20,transmission678,transmission586
transmission678_to_transmission2949_heat,#823740,LQ heat distribution,transmission,10000,0.99,20,transmission2949,transmission678
transmission678_to_transmission2949_electricity,#3186cc,LV electricity distribution,transmission,10000,0.99,20,transmission2949,transmission678
transmission2949_to_transmission2377_heat,#823740,LQ heat distribution,transmission,10000,0.99,20,transmission2377,transmission2949
transmission2949_to_transmission2377_electricity,#3186cc,LV electricity distribution,transmission,10000,0.99,20,transmission2377,transmission2949
transmission2377_to_transmission3166_heat,#823740,LQ heat distribution,transmission,10000,0.99,20,transmission3166,transmission2377
transmission2377_to_transmission3166_electricity,#3186cc,LV electricity distribution,transmission,10000,0.99,20,transmission3166,transmission2377
transmission3166_to_transmission1917_heat,#823740,LQ heat distribution,transmission,10000,0.99,20,transmission1917,transmission3166
transmission3166_to_transmission1917_electricity,#3186cc,LV electricity distribution,transmission,10000,0.99,20,transmission1917,transmission3166
transmission1917_to_transmission3103_heat,#823740,LQ heat distribution,transmission,10000,0.99,20,transmission3103,transmission1917
transmission1917_to_transmission3103_electricity,#3186cc,LV electricity distribution,transmission,10000,0.99,20,transmission3103,transmission1917
transmission3103_to_transmission656_heat,#823740,LQ heat distribution,transmission,10000,0.99,20,transmission656,transmission3103
transmission3103_to_transmission656_electricity,#3186cc,LV electricity distribution,transmission,10000,0.99,20,transmission656,transmission3103
transmission656_to_transmission749_heat,#823740,LQ heat distribution,transmission,10000,0.99,20,transmission749,transmission656
transmission656_to_transmission749_electricity,#3186cc,LV electricity distribution,transmission,10000,0.99,20,transmission749,transmission656
transmission749_to_transmission1666_heat,#823740,LQ heat distribution,transmission,10000,0.99,20,transmission1666,transmission749
transmission749_to_transmission1666_electricity,#3186cc,LV electricity distribution,transmission,10000,0.99,20,transmission1666,transmission749
transmission1666_to_transmission3298_heat,#823740,LQ heat distribution,transmission,10000,0.99,20,transmission3298,transmission1666
transmission1666_to_transmission3298_electricity,#3186cc,LV electricity distribution,transmission,10000,0.99,20,transmission3298,transmission1666
transmission2405_to_transmission2714_heat,#823740,LQ heat distribution,transmission,10000,0.99,20,transmission2714,transmission2405
transmission2405_to_transmission2714_electricity,#3186cc,LV electricity distribution,transmission,10000,0.99,20,transmission2714,transmission2405
transmission2714_to_transmission1768_heat,#823740,LQ heat distribution,transmission,10000,0.99,20,transmission1768,transmission2714
transmission2714_to_transmission1768_electricity,#3186cc,LV electricity distribution,transmission,10000,0.99,20,transmission1768,transmission2714
transmission1768_to_transmission815_heat,#823740,LQ heat distribution,transmission,10000,0.99,20,transmission815,transmission1768
transmission1768_to_transmission815_electricity,#3186cc,LV electricity distribution,transmission,10000,0.99,20,transmission815,transmission1768
transmission815_to_transmission2752_heat,#823740,LQ heat distribution,transmission,10000,0.99,20,transmission2752,transmission815
transmission815_to_transmission2752_electricity,#3186cc,LV electricity distribution,transmission,10000,0.99,20,transmission2752,transmission815
transmission2752_to_transmission3081_heat,#823740,LQ heat distribution,transmission,10000,0.99,20,transmission3081,transmission2752
transmission2752_to_transmission3081_electricity,#3186cc,LV electricity distribution,transmission,10000,0.99,20,transmission3081,transmission2752
transmission3081_to_transmission1684_heat,#823740,LQ heat distribution,transmission,10000,0.99,20,transmission1684,transmission3081
transmission3081_to_transmission1684_electricity,#3186cc,LV electricity distribution,transmission,10000,0.99,20,transmission1684,transmission3081
transmission1684_to_transmission1488_heat,#823740,LQ heat distribution,transmission,10000,0.99,20,transmission1488,transmission1684
transmission1684_to_transmission1488_electricity,#3186cc,LV electricity distribution,transmission,10000,0.99,20,transmission1488,transmission1684
transmission1488_to_transmission1835_heat,#823740,LQ heat distribution,transmission,10000,0.99,20,transmission1835,transmission1488
transmission1488_to_transmission1835_electricity,#3186cc,LV electricity distribution,transmission,10000,0.99,20,transmission1835,transmission1488
transmission1835_to_transmission2287_heat,#823740,LQ heat distribution,transmission,10000,0.99,20,transmission2287,transmission1835
transmission1835_to_transmission2287_electricity,#3186cc,LV electricity distribution,transmission,10000,0.99,20,transmission2287,transmission1835
transmission2287_to_transmission2044_heat,#823740,LQ heat distribution,transmission,10000,0.99,20,transmission2044,transmission2287
transmission2287_to_transmission2044_electricity,#3186cc,LV electricity distribution,transmission,10000,0.99,20,transmission2044,transmission2287
transmission2044_to_transmission2815_heat,#823740,LQ heat distribution,transmission,10000,0.99,20,transmission2815,transmission2044
transmission2044_to_transmission2815_electricity,#3186cc,LV electricity distribution,transmission,10000,0.99,20,transmission2815,transmission2044
transmission2815_to_transmission2875_heat,#823740,LQ heat distribution,transmission,10000,0.99,20,transmission2875,transmission2815
transmission2815_to_transmission2875_electricity,#3186cc,LV electricity distribution,transmission,10000,0.99,20,transmission2875,transmission2815
transmission2875_to_transmission2958_heat,#823740,LQ heat distribution,transmission,10000,0.99,20,transmission2958,transmission2875
transmission2875_to_transmission2958_electricity,#3186cc,LV electricity distribution,transmission,10000,0.99,20,transmission2958,transmission2875
transmission2958_to_transmission1566_heat,#823740,LQ heat distribution,transmission,10000,0.99,20,transmission1566,transmission2958
transmission2958_to_transmission1566_electricity,#3186cc,LV electricity distribution,transmission,10000,0.99,20,transmission1566,transmission2958
transmission1566_to_transmission1628_heat,#823740,LQ heat distribution,transmission,10000,0.99,20,transmission1628,transmission1566
transmission1566_to_transmission1628_electricity,#3186cc,LV electricity distribution,transmission,10000,0.99,20,transmission1628,transmission1566
transmission1628_to_transmission749_heat,#823740,LQ heat distribution,transmission,10000,0.99,20,transmission749,transmission1628
transmission1628_to_transmission749_electricity,#3186cc,LV electricity distribution,transmission,10000,0.99,20,transmission749,transmission1628
transmission3347_to_transmission2355_heat,#823740,LQ heat distribution,transmission,10000,0.99,20,transmission2355,transmission3347
transmission3347_to_transmission2355_electricity,#3186cc,LV electricity distribution,transmission,10000,0.99,20,transmission2355,transmission3347
transmission2355_to_transmission3256_heat,#823740,LQ heat distribution,transmission,10000,0.99,20,transmission3256,transmission2355
transmission2355_to_transmission3256_electricity,#3186cc,LV electricity distribution,transmission,10000,0.99,20,transmission3256,transmission2355
transmission3256_to_transmission2465_heat,#823740,LQ heat distribution,transmission,10000,0.99,20,transmission2465,transmission3256
transmission3256_to_transmission2465_electricity,#3186cc,LV electricity distribution,transmission,10000,0.99,20,transmission2465,transmission3256
transmission2465_to_transmission2399_heat,#823740,LQ heat distribution,transmission,10000,0.99,20,transmission2399,transmission2465
transmission2465_to_transmission2399_electricity,#3186cc,LV electricity distribution,transmission,10000,0.99,20,transmission2399,transmission2465
transmission2399_to_transmission2935_heat,#823740,LQ heat distribution,transmission,10000,0.99,20,transmission2935,transmission2399
transmission2399_to_transmission2935_electricity,#3186cc,LV electricity distribution,transmission,10000,0.99,20,transmission2935,transmission2399
transmission2935_to_transmission3147_heat,#823740,LQ heat distribution,transmission,10000,0.99,20,transmission3147,transmission2935
transmission2935_to_transmission3147_electricity,#3186cc,LV electricity distribution,transmission,10000,0.99,20,transmission3147,transmission2935
transmission3147_to_transmission837_heat,#823740,LQ heat distribution,transmission,10000,0.99,20,transmission837,transmission3147
transmission3147_to_transmission837_electricity,#3186cc,LV electricity distribution,transmission,10000,0.99,20,transmission837,transmission3147
transmission837_to_transmission2931_heat,#823740,LQ heat distribution,transmission,10000,0.99,20,transmission2931,transmission837
transmission837_to_transmission2931_electricity,#3186cc,LV electricity distribution,transmission,10000,0.99,20,transmission2931,transmission837
transmission2931_to_transmission877_heat,#823740,LQ heat distribution,transmission,10000,0.99,20,transmission877,transmission2931
transmission2931_to_transmission877_electricity,#3186cc,LV electricity distribution,transmission,10000,0.99,20,transmission877,transmission2931
transmission877_to_transmission888_heat,#823740,LQ heat distribution,transmission,10000,0.99,20,transmission888,transmission877
transmission877_to_transmission888_electricity,#3186cc,LV electricity distribution,transmission,10000,0.99,20,transmission888,transmission877
transmission888_to_transmission2296_heat,#823740,LQ heat distribution,transmission,10000,0.99,20,transmission2296,transmission888
transmission888_to_transmission2296_electricity,#3186cc,LV electricity distribution,transmission,10000,0.99,20,transmission2296,transmission888
transmission2296_to_transmission2435_heat,#823740,LQ heat distribution,transmission,10000,0.99,20,transmission2435,transmission2296
transmission2296_to_transmission2435_electricity,#3186cc,LV electricity distribution,transmission,10000,0.99,20,transmission2435,transmission2296
transmission2435_to_transmission1016_heat,#823740,LQ heat distribution,transmission,10000,0.99,20,transmission1016,transmission2435
transmission2435_to_transmission1016_electricity,#3186cc,LV electricity distribution,transmission,10000,0.99,20,transmission1016,transmission2435
transmission1016_to_transmission1187_heat,#823740,LQ heat distribution,transmission,10000,0.99,20,transmission1187,transmission1016
transmission1016_to_transmission1187_electricity,#3186cc,LV electricity distribution,transmission,10000,0.99,20,transmission1187,transmission1016
transmission1187_to_transmission1852_heat,#823740,LQ heat distribution,transmission,10000,0.99,20,transmission1852,transmission1187
transmission1187_to_transmission1852_electricity,#3186cc,LV electricity distribution,transmission,10000,0.99,20,transmission1852,transmission1187
transmission1852_to_transmission2328_heat,#823740,LQ heat distribution,transmission,10000,0.99,20,transmission2328,transmission1852
transmission1852_to_transmission2328_electricity,#3186cc,LV electricity distribution,transmission,10000,0.99,20,transmission2328,transmission1852
transmission2328_to_transmission3430_heat,#823740,LQ heat distribution,transmission,10000,0.99,20,transmission3430,transmission2328
transmission2328_to_transmission3430_electricity,#3186cc,LV electricity distribution,transmission,10000,0.99,20,transmission3430,transmission2328
transmission3225_to_transmission2477_heat,#823740,LQ heat distribution,transmission,10000,0.99,20,transmission2477,transmission3225
transmission3225_to_transmission2477_electricity,#3186cc,LV electricity distribution,transmission,10000,0.99,20,transmission2477,transmission3225
transmission2477_to_transmission3206_heat,#823740,LQ heat distribution,transmission,10000,0.99,20,transmission3206,transmission2477
transmission2477_to_transmission3206_electricity,#3186cc,LV electricity distribution,transmission,10000,0.99,20,transmission3206,transmission2477
transmission3206_to_transmission1112_heat,#823740,LQ heat distribution,transmission,10000,0.99,20,transmission1112,transmission3206
transmission3206_to_transmission1112_electricity,#3186cc,LV electricity distribution,transmission,10000,0.99,20,transmission1112,transmission3206
transmission1112_to_transmission2429_heat,#823740,LQ heat distribution,transmission,10000,0.99,20,transmission2429,transmission1112
transmission1112_to_transmission2429_electricity,#3186cc,LV electricity distribution,transmission,10000,0.99,20,transmission2429,transmission1112
transmission2429_to_transmission2182_heat,#823740,LQ heat distribution,transmission,10000,0.99,20,transmission2182,transmission2429
transmission2429_to_transmission2182_electricity,#3186cc,LV electricity distribution,transmission,10000,0.99,20,transmission2182,transmission2429
transmission2182_to_transmission895_heat,#823740,LQ heat distribution,transmission,10000,0.99,20,transmission895,transmission2182
transmission2182_to_transmission895_electricity,#3186cc,LV electricity distribution,transmission,10000,0.99,20,transmission895,transmission2182
transmission895_to_transmission3249_heat,#823740,LQ heat distribution,transmission,10000,0.99,20,transmission3249,transmission895
transmission895_to_transmission3249_electricity,#3186cc,LV electricity distribution,transmission,10000,0.99,20,transmission3249,transmission895
transmission3249_to_transmission1667_heat,#823740,LQ heat distribution,transmission,10000,0.99,20,transmission1667,transmission3249
transmission3249_to_transmission1667_electricity,#3186cc,LV electricity distribution,transmission,10000,0.99,20,transmission1667,transmission3249
transmission1667_to_transmission3402_heat,#823740,LQ heat distribution,transmission,10000,0.99,20,transmission3402,transmission1667
transmission1667_to_transmission3402_electricity,#3186cc,LV electricity distribution,transmission,10000,0.99,20,transmission3402,transmission1667
transmission3402_to_transmission3009_heat,#823740,LQ heat distribution,transmission,10000,0.99,20,transmission3009,transmission3402
transmission3402_to_transmission3009_electricity,#3186cc,LV electricity distribution,transmission,10000,0.99,20,transmission3009,transmission3402
transmission3009_to_transmission717_heat,#823740,LQ heat distribution,transmission,10000,0.99,20,transmission717,transmission3009
transmission3009_to_transmission717_electricity,#3186cc,LV electricity distribution,transmission,10000,0.99,20,transmission717,transmission3009
transmission717_to_transmission1046_heat,#823740,LQ heat distribution,transmission,10000,0.99,20,transmission1046,transmission717
transmission717_to_transmission1046_electricity,#3186cc,LV electricity distribution,transmission,10000,0.99,20,transmission1046,transmission717
transmission1046_to_transmission3342_heat,#823740,LQ heat distribution,transmission,10000,0.99,20,transmission3342,transmission1046
transmission1046_to_transmission3342_electricity,#3186cc,LV electricity distribution,transmission,10000,0.99,20,transmission3342,transmission1046
transmission3342_to_transmission3076_heat,#823740,LQ heat distribution,transmission,10000,0.99,20,transmission3076,transmission3342
transmission3342_to_transmission3076_electricity,#3186cc,LV electricity distribution,transmission,10000,0.99,20,transmission3076,transmission3342
transmission3076_to_transmission3384_heat,#823740,LQ heat distribution,transmission,10000,0.99,20,transmission3384,transmission3076
transmission3076_to_transmission3384_electricity,#3186cc,LV electricity distribution,transmission,10000,0.99,20,transmission3384,transmission3076
transmission3384_to_transmission2838_heat,#823740,LQ heat distribution,transmission,10000,0.99,20,transmission2838,transmission3384
transmission3384_to_transmission2838_electricity,#3186cc,LV electricity distribution,transmission,10000,0.99,20,transmission2838,transmission3384
transmission2838_to_transmission907_heat,#823740,LQ heat distribution,transmission,10000,0.99,20,transmission907,transmission2838
transmission2838_to_transmission907_electricity,#3186cc,LV electricity distribution,transmission,10000,0.99,20,transmission907,transmission2838
transmission907_to_transmission2189_heat,#823740,LQ heat distribution,transmission,10000,0.99,20,transmission2189,transmission907
transmission907_to_transmission2189_electricity,#3186cc,LV electricity distribution,transmission,10000,0.99,20,transmission2189,transmission907
transmission2189_to_transmission3377_heat,#823740,LQ heat distribution,transmission,10000,0.99,20,transmission3377,transmission2189
transmission2189_to_transmission3377_electricity,#3186cc,LV electricity distribution,transmission,10000,0.99,20,transmission3377,transmission2189
transmission3377_to_transmission1749_heat,#823740,LQ heat distribution,transmission,10000,0.99,20,transmission1749,transmission3377
transmission3377_to_transmission1749_electricity,#3186cc,LV electricity distribution,transmission,10000,0.99,20,transmission1749,transmission3377
transmission1749_to_transmission2954_heat,#823740,LQ heat distribution,transmission,10000,0.99,20,transmission2954,transmission1749
transmission1749_to_transmission2954_electricity,#3186cc,LV electricity distribution,transmission,10000,0.99,20,transmission2954,transmission1749
transmission2954_to_transmission960_heat,#823740,LQ heat distribution,transmission,10000,0.99,20,transmission960,transmission2954
transmission2954_to_transmission960_electricity,#3186cc,LV electricity distribution,transmission,10000,0.99,20,transmission960,transmission2954
transmission960_to_transmission2846_heat,#823740,LQ heat distribution,transmission,10000,0.99,20,transmission2846,transmission960
transmission960_to_transmission2846_electricity,#3186cc,LV electricity distribution,transmission,10000,0.99,20,transmission2846,transmission960
transmission1854_to_transmission2722_heat,#823740,LQ heat distribution,transmission,10000,0.99,20,transmission2722,transmission1854
transmission1854_to_transmission2722_electricity,#3186cc,LV electricity distribution,transmission,10000,0.99,20,transmission2722,transmission1854
transmission2722_to_transmission2331_heat,#823740,LQ heat distribution,transmission,10000,0.99,20,transmission2331,transmission2722
transmission2722_to_transmission2331_electricity,#3186cc,LV electricity distribution,transmission,10000,0.99,20,transmission2331,transmission2722
transmission2331_to_transmission1688_heat,#823740,LQ heat distribution,transmission,10000,0.99,20,transmission1688,transmission2331
transmission2331_to_transmission1688_electricity,#3186cc,LV electricity distribution,transmission,10000,0.99,20,transmission1688,transmission2331
transmission1688_to_transmission3251_heat,#823740,LQ heat distribution,transmission,10000,0.99,20,transmission3251,transmission1688
transmission1688_to_transmission3251_electricity,#3186cc,LV electricity distribution,transmission,10000,0.99,20,transmission3251,transmission1688
transmission3251_to_transmission916_heat,#823740,LQ heat distribution,transmission,10000,0.99,20,transmission916,transmission3251
transmission3251_to_transmission916_electricity,#3186cc,LV electricity distribution,transmission,10000,0.99,20,transmission916,transmission3251
transmission916_to_transmission1194_heat,#823740,LQ heat distribution,transmission,10000,0.99,20,transmission1194,transmission916
transmission916_to_transmission1194_electricity,#3186cc,LV electricity distribution,transmission,10000,0.99,20,transmission1194,transmission916
transmission1194_to_transmission3089_heat,#823740,LQ heat distribution,transmission,10000,0.99,20,transmission3089,transmission1194
transmission1194_to_transmission3089_electricity,#3186cc,LV electricity distribution,transmission,10000,0.99,20,transmission3089,transmission1194
transmission3089_to_transmission3063_heat,#823740,LQ heat distribution,transmission,10000,0.99,20,transmission3063,transmission3089
transmission3089_to_transmission3063_electricity,#3186cc,LV electricity distribution,transmission,10000,0.99,20,transmission3063,transmission3089
transmission3063_to_transmission3419_heat,#823740,LQ heat distribution,transmission,10000,0.99,20,transmission3419,transmission3063
transmission3063_to_transmission3419_electricity,#3186cc,LV electricity distribution,transmission,10000,0.99,20,transmission3419,transmission3063
transmission3419_to_transmission940_heat,#823740,LQ heat distribution,transmission,10000,0.99,20,transmission940,transmission3419
transmission3419_to_transmission940_electricity,#3186cc,LV electricity distribution,transmission,10000,0.99,20,transmission940,transmission3419
transmission940_to_transmission3137_heat,#823740,LQ heat distribution,transmission,10000,0.99,20,transmission3137,transmission940
transmission940_to_transmission3137_electricity,#3186cc,LV electricity distribution,transmission,10000,0.99,20,transmission3137,transmission940
transmission3137_to_transmission584_heat,#823740,LQ heat distribution,transmission,10000,0.99,20,transmission584,transmission3137
transmission3137_to_transmission584_electricity,#3186cc,LV electricity distribution,transmission,10000,0.99,20,transmission584,transmission3137
transmission584_to_transmission3005_heat,#823740,LQ heat distribution,transmission,10000,0.99,20,transmission3005,transmission584
transmission584_to_transmission3005_electricity,#3186cc,LV electricity distribution,transmission,10000,0.99,20,transmission3005,transmission584
transmission3005_to_transmission1791_heat,#823740,LQ heat distribution,transmission,10000,0.99,20,transmission1791,transmission3005
transmission3005_to_transmission1791_electricity,#3186cc,LV electricity distribution,transmission,10000,0.99,20,transmission1791,transmission3005
transmission1791_to_transmission1253_heat,#823740,LQ heat distribution,transmission,10000,0.99,20,transmission1253,transmission1791
transmission1791_to_transmission1253_electricity,#3186cc,LV electricity distribution,transmission,10000,0.99,20,transmission1253,transmission1791
transmission1253_to_transmission1918_heat,#823740,LQ heat distribution,transmission,10000,0.99,20,transmission1918,transmission1253
transmission1253_to_transmission1918_electricity,#3186cc,LV electricity distribution,transmission,10000,0.99,20,transmission1918,transmission1253
transmission1918_to_transmission1560_heat,#823740,LQ heat distribution,transmission,10000,0.99,20,transmission1560,transmission1918
transmission1918_to_transmission1560_electricity,#3186cc,LV electricity distribution,transmission,10000,0.99,20,transmission1560,transmission1918
transmission1560_to_transmission2436_heat,#823740,LQ heat distribution,transmission,10000,0.99,20,transmission2436,transmission1560
transmission1560_to_transmission2436_electricity,#3186cc,LV electricity distribution,transmission,10000,0.99,20,transmission2436,transmission1560
transmission2436_to_transmission1686_heat,#823740,LQ heat distribution,transmission,10000,0.99,20,transmission1686,transmission2436
transmission2436_to_transmission1686_electricity,#3186cc,LV electricity distribution,transmission,10000,0.99,20,transmission1686,transmission2436
transmission1686_to_transmission1595_heat,#823740,LQ heat distribution,transmission,10000,0.99,20,transmission1595,transmission1686
transmission1686_to_transmission1595_electricity,#3186cc,LV electricity distribution,transmission,10000,0.99,20,transmission1595,transmission1686
transmission1595_to_transmission2143_heat,#823740,LQ heat distribution,transmission,10000,0.99,20,transmission2143,transmission1595
transmission1595_to_transmission2143_electricity,#3186cc,LV electricity distribution,transmission,10000,0.99,20,transmission2143,transmission1595
transmission2143_to_transmission3003_heat,#823740,LQ heat distribution,transmission,10000,0.99,20,transmission3003,transmission2143
transmission2143_to_transmission3003_electricity,#3186cc,LV electricity distribution,transmission,10000,0.99,20,transmission3003,transmission2143
transmission3003_to_transmission1310_heat,#823740,LQ heat distribution,transmission,10000,0.99,20,transmission1310,transmission3003
transmission3003_to_transmission1310_electricity,#3186cc,LV electricity distribution,transmission,10000,0.99,20,transmission1310,transmission3003
transmission1310_to_transmission2819_heat,#823740,LQ heat distribution,transmission,10000,0.99,20,transmission2819,transmission1310
transmission1310_to_transmission2819_electricity,#3186cc,LV electricity distribution,transmission,10000,0.99,20,transmission2819,transmission1310
transmission2819_to_transmission2506_heat,#823740,LQ heat distribution,transmission,10000,0.99,20,transmission2506,transmission2819
transmission2819_to_transmission2506_electricity,#3186cc,LV electricity distribution,transmission,10000,0.99,20,transmission2506,transmission2819
transmission2506_to_transmission1388_heat,#823740,LQ heat distribution,transmission,10000,0.99,20,transmission1388,transmission2506
transmission2506_to_transmission1388_electricity,#3186cc,LV electricity distribution,transmission,10000,0.99,20,transmission1388,transmission2506
transmission1388_to_transmission2595_heat,#823740,LQ heat distribution,transmission,10000,0.99,20,transmission2595,transmission1388
transmission1388_to_transmission2595_electricity,#3186cc,LV electricity distribution,transmission,10000,0.99,20,transmission2595,transmission1388
transmission2595_to_transmission1192_heat,#823740,LQ heat distribution,transmission,10000,0.99,20,transmission1192,transmission2595
transmission2595_to_transmission1192_electricity,#3186cc,LV electricity distribution,transmission,10000,0.99,20,transmission1192,transmission2595
transmission1192_to_transmission2484_heat,#823740,LQ heat distribution,transmission,10000,0.99,20,transmission2484,transmission1192
transmission1192_to_transmission2484_electricity,#3186cc,LV electricity distribution,transmission,10000,0.99,20,transmission2484,transmission1192
transmission2484_to_transmission2057_heat,#823740,LQ heat distribution,transmission,10000,0.99,20,transmission2057,transmission2484
transmission2484_to_transmission2057_electricity,#3186cc,LV electricity distribution,transmission,10000,0.99,20,transmission2057,transmission2484
transmission2057_to_transmission1061_heat,#823740,LQ heat distribution,transmission,10000,0.99,20,transmission1061,transmission2057
transmission2057_to_transmission1061_electricity,#3186cc,LV electricity distribution,transmission,10000,0.99,20,transmission1061,transmission2057
transmission1061_to_transmission2654_heat,#823740,LQ heat distribution,transmission,10000,0.99,20,transmission2654,transmission1061
transmission1061_to_transmission2654_electricity,#3186cc,LV electricity distribution,transmission,10000,0.99,20,transmission2654,transmission1061
transmission1194_to_transmission2205_heat,#823740,LQ heat distribution,transmission,10000,0.99,20,transmission2205,transmission1194
transmission1194_to_transmission2205_electricity,#3186cc,LV electricity distribution,transmission,10000,0.99,20,transmission2205,transmission1194
transmission2205_to_transmission524_heat,#823740,LQ heat distribution,transmission,10000,0.99,20,transmission524,transmission2205
transmission2205_to_transmission524_electricity,#3186cc,LV electricity distribution,transmission,10000,0.99,20,transmission524,transmission2205
transmission524_to_transmission2186_heat,#823740,LQ heat distribution,transmission,10000,0.99,20,transmission2186,transmission524
transmission524_to_transmission2186_electricity,#3186cc,LV electricity distribution,transmission,10000,0.99,20,transmission2186,transmission524
transmission2186_to_transmission2478_heat,#823740,LQ heat distribution,transmission,10000,0.99,20,transmission2478,transmission2186
transmission2186_to_transmission2478_electricity,#3186cc,LV electricity distribution,transmission,10000,0.99,20,transmission2478,transmission2186
transmission2478_to_transmission3428_heat,#823740,LQ heat distribution,transmission,10000,0.99,20,transmission3428,transmission2478
transmission2478_to_transmission3428_electricity,#3186cc,LV electricity distribution,transmission,10000,0.99,20,transmission3428,transmission2478
transmission3428_to_transmission2194_heat,#823740,LQ heat distribution,transmission,10000,0.99,20,transmission2194,transmission3428
transmission3428_to_transmission2194_electricity,#3186cc,LV electricity distribution,transmission,10000,0.99,20,transmission2194,transmission3428
transmission2194_to_transmission514_heat,#823740,LQ heat distribution,transmission,10000,0.99,20,transmission514,transmission2194
transmission2194_to_transmission514_electricity,#3186cc,LV electricity distribution,transmission,10000,0.99,20,transmission514,transmission2194
transmission514_to_transmission806_heat,#823740,LQ heat distribution,transmission,10000,0.99,20,transmission806,transmission514
transmission514_to_transmission806_electricity,#3186cc,LV electricity distribution,transmission,10000,0.99,20,transmission806,transmission514
transmission806_to_transmission2162_heat,#823740,LQ heat distribution,transmission,10000,0.99,20,transmission2162,transmission806
transmission806_to_transmission2162_electricity,#3186cc,LV electricity distribution,transmission,10000,0.99,20,transmission2162,transmission806
transmission2162_to_transmission1192_heat,#823740,LQ heat distribution,transmission,10000,0.99,20,transmission1192,transmission2162
transmission2162_to_transmission1192_electricity,#3186cc,LV electricity distribution,transmission,10000,0.99,20,transmission1192,transmission2162
transmission1112_to_transmission797_heat,#823740,LQ heat distribution,transmission,10000,0.99,20,transmission797,transmission1112
transmission1112_to_transmission797_electricity,#3186cc,LV electricity distribution,transmission,10000,0.99,20,transmission797,transmission1112
transmission797_to_transmission2809_heat,#823740,LQ heat distribution,transmission,10000,0.99,20,transmission2809,transmission797
transmission797_to_transmission2809_electricity,#3186cc,LV electricity distribution,transmission,10000,0.99,20,transmission2809,transmission797
transmission2809_to_transmission1103_heat,#823740,LQ heat distribution,transmission,10000,0.99,20,transmission1103,transmission2809
transmission2809_to_transmission1103_electricity,#3186cc,LV electricity distribution,transmission,10000,0.99,20,transmission1103,transmission2809
transmission1103_to_transmission2766_heat,#823740,LQ heat distribution,transmission,10000,0.99,20,transmission2766,transmission1103
transmission1103_to_transmission2766_electricity,#3186cc,LV electricity distribution,transmission,10000,0.99,20,transmission2766,transmission1103
transmission2766_to_transmission2786_heat,#823740,LQ heat distribution,transmission,10000,0.99,20,transmission2786,transmission2766
transmission2766_to_transmission2786_electricity,#3186cc,LV electricity distribution,transmission,10000,0.99,20,transmission2786,transmission2766
transmission2786_to_transmission1164_heat,#823740,LQ heat distribution,transmission,10000,0.99,20,transmission1164,transmission2786
transmission2786_to_transmission1164_electricity,#3186cc,LV electricity distribution,transmission,10000,0.99,20,transmission1164,transmission2786
transmission1164_to_transmission1394_heat,#823740,LQ heat distribution,transmission,10000,0.99,20,transmission1394,transmission1164
transmission1164_to_transmission1394_electricity,#3186cc,LV electricity distribution,transmission,10000,0.99,20,transmission1394,transmission1164
transmission1394_to_transmission750_heat,#823740,LQ heat distribution,transmission,10000,0.99,20,transmission750,transmission1394
transmission1394_to_transmission750_electricity,#3186cc,LV electricity distribution,transmission,10000,0.99,20,transmission750,transmission1394
transmission1126_to_transmission1288_heat,#823740,LQ heat distribution,transmission,10000,0.99,20,transmission1288,transmission1126
transmission1126_to_transmission1288_electricity,#3186cc,LV electricity distribution,transmission,10000,0.99,20,transmission1288,transmission1126
transmission1288_to_transmission3261_heat,#823740,LQ heat distribution,transmission,10000,0.99,20,transmission3261,transmission1288
transmission1288_to_transmission3261_electricity,#3186cc,LV electricity distribution,transmission,10000,0.99,20,transmission3261,transmission1288
transmission3261_to_transmission2734_heat,#823740,LQ heat distribution,transmission,10000,0.99,20,transmission2734,transmission3261
transmission3261_to_transmission2734_electricity,#3186cc,LV electricity distribution,transmission,10000,0.99,20,transmission2734,transmission3261
transmission2734_to_transmission2312_heat,#823740,LQ heat distribution,transmission,10000,0.99,20,transmission2312,transmission2734
transmission2734_to_transmission2312_electricity,#3186cc,LV electricity distribution,transmission,10000,0.99,20,transmission2312,transmission2734
transmission2312_to_transmission1144_heat,#823740,LQ heat distribution,transmission,10000,0.99,20,transmission1144,transmission2312
transmission2312_to_transmission1144_electricity,#3186cc,LV electricity distribution,transmission,10000,0.99,20,transmission1144,transmission2312
transmission1144_to_transmission844_heat,#823740,LQ heat distribution,transmission,10000,0.99,20,transmission844,transmission1144
transmission1144_to_transmission844_electricity,#3186cc,LV electricity distribution,transmission,10000,0.99,20,transmission844,transmission1144
transmission844_to_transmission1275_heat,#823740,LQ heat distribution,transmission,10000,0.99,20,transmission1275,transmission844
transmission844_to_transmission1275_electricity,#3186cc,LV electricity distribution,transmission,10000,0.99,20,transmission1275,transmission844
transmission1275_to_transmission2492_heat,#823740,LQ heat distribution,transmission,10000,0.99,20,transmission2492,transmission1275
transmission1275_to_transmission2492_electricity,#3186cc,LV electricity distribution,transmission,10000,0.99,20,transmission2492,transmission1275
transmission2492_to_transmission1535_heat,#823740,LQ heat distribution,transmission,10000,0.99,20,transmission1535,transmission2492
transmission2492_to_transmission1535_electricity,#3186cc,LV electricity distribution,transmission,10000,0.99,20,transmission1535,transmission2492
transmission1535_to_transmission1225_heat,#823740,LQ heat distribution,transmission,10000,0.99,20,transmission1225,transmission1535
transmission1535_to_transmission1225_electricity,#3186cc,LV electricity distribution,transmission,10000,0.99,20,transmission1225,transmission1535
transmission1225_to_transmission2725_heat,#823740,LQ heat distribution,transmission,10000,0.99,20,transmission2725,transmission1225
transmission1225_to_transmission2725_electricity,#3186cc,LV electricity distribution,transmission,10000,0.99,20,transmission2725,transmission1225
transmission3102_to_transmission1193_heat,#823740,LQ heat distribution,transmission,10000,0.99,20,transmission1193,transmission3102
transmission3102_to_transmission1193_electricity,#3186cc,LV electricity distribution,transmission,10000,0.99,20,transmission1193,transmission3102
transmission1193_to_transmission2115_heat,#823740,LQ heat distribution,transmission,10000,0.99,20,transmission2115,transmission1193
transmission1193_to_transmission2115_electricity,#3186cc,LV electricity distribution,transmission,10000,0.99,20,transmission2115,transmission1193
transmission2115_to_transmission2977_heat,#823740,LQ heat distribution,transmission,10000,0.99,20,transmission2977,transmission2115
transmission2115_to_transmission2977_electricity,#3186cc,LV electricity distribution,transmission,10000,0.99,20,transmission2977,transmission2115
transmission2977_to_transmission2071_heat,#823740,LQ heat distribution,transmission,10000,0.99,20,transmission2071,transmission2977
transmission2977_to_transmission2071_electricity,#3186cc,LV electricity distribution,transmission,10000,0.99,20,transmission2071,transmission2977
transmission2071_to_transmission3065_heat,#823740,LQ heat distribution,transmission,10000,0.99,20,transmission3065,transmission2071
transmission2071_to_transmission3065_electricity,#3186cc,LV electricity distribution,transmission,10000,0.99,20,transmission3065,transmission2071
transmission3065_to_transmission1413_heat,#823740,LQ heat distribution,transmission,10000,0.99,20,transmission1413,transmission3065
transmission3065_to_transmission1413_electricity,#3186cc,LV electricity distribution,transmission,10000,0.99,20,transmission1413,transmission3065
transmission1413_to_transmission1980_heat,#823740,LQ heat distribution,transmission,10000,0.99,20,transmission1980,transmission1413
transmission1413_to_transmission1980_electricity,#3186cc,LV electricity distribution,transmission,10000,0.99,20,transmission1980,transmission1413
transmission1980_to_transmission981_heat,#823740,LQ heat distribution,transmission,10000,0.99,20,transmission981,transmission1980
transmission1980_to_transmission981_electricity,#3186cc,LV electricity distribution,transmission,10000,0.99,20,transmission981,transmission1980
transmission981_to_transmission2281_heat,#823740,LQ heat distribution,transmission,10000,0.99,20,transmission2281,transmission981
transmission981_to_transmission2281_electricity,#3186cc,LV electricity distribution,transmission,10000,0.99,20,transmission2281,transmission981
transmission2281_to_transmission913_heat,#823740,LQ heat distribution,transmission,10000,0.99,20,transmission913,transmission2281
transmission2281_to_transmission913_electricity,#3186cc,LV electricity distribution,transmission,10000,0.99,20,transmission913,transmission2281
transmission913_to_transmission1165_heat,#823740,LQ heat distribution,transmission,10000,0.99,20,transmission1165,transmission913
transmission913_to_transmission1165_electricity,#3186cc,LV electricity distribution,transmission,10000,0.99,20,transmission1165,transmission913
transmission1165_to_transmission1602_heat,#823740,LQ heat distribution,transmission,10000,0.99,20,transmission1602,transmission1165
transmission1165_to_transmission1602_electricity,#3186cc,LV electricity distribution,transmission,10000,0.99,20,transmission1602,transmission1165
transmission1602_to_transmission1714_heat,#823740,LQ heat distribution,transmission,10000,0.99,20,transmission1714,transmission1602
transmission1602_to_transmission1714_electricity,#3186cc,LV electricity distribution,transmission,10000,0.99,20,transmission1714,transmission1602
transmission1714_to_transmission2382_heat,#823740,LQ heat distribution,transmission,10000,0.99,20,transmission2382,transmission1714
transmission1714_to_transmission2382_electricity,#3186cc,LV electricity distribution,transmission,10000,0.99,20,transmission2382,transmission1714
transmission2382_to_transmission2104_heat,#823740,LQ heat distribution,transmission,10000,0.99,20,transmission2104,transmission2382
transmission2382_to_transmission2104_electricity,#3186cc,LV electricity distribution,transmission,10000,0.99,20,transmission2104,transmission2382
transmission2104_to_transmission3148_heat,#823740,LQ heat distribution,transmission,10000,0.99,20,transmission3148,transmission2104
transmission2104_to_transmission3148_electricity,#3186cc,LV electricity distribution,transmission,10000,0.99,20,transmission3148,transmission2104
